Long,Lat,SoilMark
68.3,23.9,1.5
68.3,24.0,1.5
68.4,23.6,1.0
68.4,23.7,1.0
68.4,23.8,1.5
68.4,23.9,1.5
68.4,24.0,1.5
68.5,23.6,1.0
68.5,23.7,1.5
68.5,23.8,1.5
68.5,23.9,1.5
68.5,24.0,1.5
68.6,23.6,1.5
68.6,23.7,1.5
68.6,23.8,1.5
68.6,23.9,1.5
68.6,24.0,1.5
68.7,23.4,1.0
68.7,23.5,1.5
68.7,23.6,1.5
68.7,23.7,1.5
68.7,23.8,1.5
68.7,23.9,1.5
68.7,24.0,1.5
68.8,23.3,1.5
68.8,23.4,1.5
68.8,23.5,1.5
68.8,23.6,1.5
68.8,23.7,1.5
68.8,23.8,1.5
68.8,23.9,1.5
68.8,24.0,1.5
68.9,23.2,1.5
68.9,23.3,1.5
68.9,23.4,1.5
68.9,23.5,1.5
68.9,23.6,1.5
68.9,23.7,1.5
68.9,23.8,1.5
68.9,23.9,1.15
68.9,24.0,1.15
68.9,24.1,1.5
68.9,24.2,1.5
68.9,24.3,1.5
69.0,23.1,1.5
69.0,23.2,1.5
69.0,23.3,1.5
69.0,23.4,1.5
69.0,23.5,1.5
69.0,23.6,1.5
69.0,23.7,1.5
69.0,23.8,1.15
69.0,23.9,1.15
69.0,24.0,1.15
69.0,24.1,1.5
69.0,24.2,1.5
69.0,24.3,1.5
69.1,22.3,1.5
69.1,22.4,1.5
69.1,22.5,1.5
69.1,23.0,1.0
69.1,23.1,1.5
69.1,23.2,1.5
69.1,23.3,1.5
69.1,23.4,1.5
69.1,23.5,1.5
69.1,23.6,1.5
69.1,23.7,1.15
69.1,23.8,1.15
69.1,23.9,1.15
69.1,24.0,1.5
69.1,24.1,1.5
69.1,24.2,1.5
69.2,22.2,1.5
69.2,22.3,1.5
69.2,22.4,1.5
69.2,23.0,1.5
69.2,23.1,1.5
69.2,23.2,1.5
69.2,23.3,1.5
69.2,23.4,1.5
69.2,23.5,1.5
69.2,23.6,1.15
69.2,23.7,1.15
69.2,23.8,1.15
69.2,23.9,1.15
69.2,24.0,1.5
69.2,24.1,1.5
69.2,24.2,1.5
69.3,22.1,1.5
69.3,22.2,1.5
69.3,22.3,1.5
69.3,22.4,1.0
69.3,23.0,1.5
69.3,23.1,1.5
69.3,23.2,1.5
69.3,23.3,1.5
69.3,23.4,1.5
69.3,23.5,1.5
69.3,23.6,1.15
69.3,23.7,1.15
69.3,23.8,1.15
69.3,23.9,1.15
69.3,24.0,1.15
69.3,24.1,1.5
69.3,24.2,1.5
69.4,22.0,1.5
69.4,22.1,1.5
69.4,22.2,1.0
69.4,22.3,1.0
69.4,22.4,1.0
69.4,22.9,1.0
69.4,23.0,1.5
69.4,23.1,1.5
69.4,23.2,1.5
69.4,23.3,1.15
69.4,23.4,1.15
69.4,23.5,1.15
69.4,23.6,1.15
69.4,23.7,1.15
69.4,23.8,1.15
69.4,23.9,1.15
69.4,24.0,1.5
69.4,24.1,1.5
69.4,24.2,1.5
69.4,24.3,1.5
69.5,21.9,1.5
69.5,22.0,1.0
69.5,22.1,1.0
69.5,22.2,1.0
69.5,22.3,1.0
69.5,22.4,1.0
69.5,22.9,1.0
69.5,23.0,1.5
69.5,23.1,1.5
69.5,23.2,1.5
69.5,23.3,1.15
69.5,23.4,1.15
69.5,23.5,1.15
69.5,23.6,1.15
69.5,23.7,1.15
69.5,23.8,1.15
69.5,23.9,1.5
69.5,24.0,1.5
69.5,24.1,1.5
69.5,24.2,1.5
69.5,24.3,1.5
69.5,26.8,1.5
69.5,26.9,1.5
69.5,27.0,1.5
69.5,27.1,1.5
69.5,27.2,1.5
69.6,21.8,1.5
69.6,21.9,1.5
69.6,22.0,1.0
69.6,22.1,1.0
69.6,22.2,1.0
69.6,22.3,1.0
69.6,22.4,1.0
69.6,22.5,1.0
69.6,22.8,1.0
69.6,22.9,1.5
69.6,23.0,1.5
69.6,23.1,1.5
69.6,23.2,1.15
69.6,23.3,1.15
69.6,23.4,1.15
69.6,23.5,1.15
69.6,23.6,1.15
69.6,23.7,1.15
69.6,23.8,1.15
69.6,23.9,1.5
69.6,24.0,1.5
69.6,24.1,1.5
69.6,24.2,1.5
69.6,24.3,1.5
69.6,26.8,1.5
69.6,26.9,1.5
69.6,27.0,1.5
69.6,27.1,1.5
69.6,27.2,1.5
69.6,27.3,1.5
69.7,21.7,1.5
69.7,21.8,1.5
69.7,21.9,1.5
69.7,22.0,1.0
69.7,22.1,1.0
69.7,22.2,1.0
69.7,22.3,1.0
69.7,22.4,1.0
69.7,22.5,1.0
69.7,22.8,1.0
69.7,22.9,1.5
69.7,23.0,1.5
69.7,23.1,1.15
69.7,23.2,1.15
69.7,23.3,1.15
69.7,23.4,1.15
69.7,23.5,1.15
69.7,23.6,1.15
69.7,23.7,1.15
69.7,23.8,1.15
69.7,23.9,1.5
69.7,24.0,1.5
69.7,24.1,1.5
69.7,24.2,1.5
69.7,26.7,1.5
69.7,26.8,1.5
69.7,26.9,1.5
69.7,27.0,1.5
69.7,27.1,1.5
69.7,27.2,1.5
69.7,27.3,1.5
69.8,21.6,1.5
69.8,21.7,1.5
69.8,21.8,1.5
69.8,21.9,1.5
69.8,22.0,1.0
69.8,22.1,1.0
69.8,22.2,1.0
69.8,22.3,1.0
69.8,22.4,1.0
69.8,22.5,1.0
69.8,22.8,1.0
69.8,22.9,1.0
69.8,23.0,1.5
69.8,23.1,1.15
69.8,23.2,1.15
69.8,23.3,1.15
69.8,23.4,1.15
69.8,23.5,1.15
69.8,23.6,1.15
69.8,23.7,1.15
69.8,23.8,1.5
69.8,23.9,1.5
69.8,24.0,1.5
69.8,24.1,1.5
69.8,24.2,1.5
69.8,26.7,1.5
69.8,26.8,1.5
69.8,26.9,1.5
69.8,27.0,1.5
69.8,27.1,1.5
69.8,27.2,1.5
69.8,27.3,1.5
69.8,27.4,1.5
69.9,21.5,1.5
69.9,21.6,1.5
69.9,21.7,1.5
69.9,21.8,1.5
69.9,21.9,1.5
69.9,22.0,1.0
69.9,22.1,1.0
69.9,22.2,1.0
69.9,22.3,1.0
69.9,22.4,1.0
69.9,22.5,1.0
69.9,22.6,1.0
69.9,22.9,1.0
69.9,23.0,1.5
69.9,23.1,1.15
69.9,23.2,1.15
69.9,23.3,1.15
69.9,23.4,1.15
69.9,23.5,1.15
69.9,23.6,1.15
69.9,23.7,1.15
69.9,23.8,1.5
69.9,23.9,1.5
69.9,24.0,1.5
69.9,24.1,1.5
69.9,24.2,1.5
69.9,26.6,1.0
69.9,26.7,1.5
69.9,26.8,1.5
69.9,26.9,1.5
69.9,27.0,1.5
69.9,27.1,1.5
69.9,27.2,1.5
69.9,27.3,1.5
69.9,27.4,1.5
69.9,27.5,1.5
70.0,21.4,1.5
70.0,21.5,1.5
70.0,21.6,1.5
70.0,21.7,1.5
70.0,21.8,1.0
70.0,21.9,1.5
70.0,22.0,1.0
70.0,22.1,1.0
70.0,22.2,1.0
70.0,22.3,1.0
70.0,22.4,1.0
70.0,22.5,1.0
70.0,22.6,1.0
70.0,22.9,1.0
70.0,23.0,1.5
70.0,23.1,1.15
70.0,23.2,1.15
70.0,23.3,1.15
70.0,23.4,1.15
70.0,23.5,1.15
70.0,23.6,1.15
70.0,23.7,1.5
70.0,23.8,1.5
70.0,23.9,1.5
70.0,24.0,1.5
70.0,24.1,1.5
70.0,24.2,1.5
70.0,26.6,1.5
70.0,26.7,1.5
70.0,26.8,1.5
70.0,26.9,1.5
70.0,27.0,1.5
70.0,27.1,1.5
70.0,27.2,1.5
70.0,27.3,1.5
70.0,27.4,1.5
70.0,27.5,1.5
70.0,27.6,1.5
70.0,27.7,1.5
70.1,21.3,1.5
70.1,21.4,1.5
70.1,21.5,1.5
70.1,21.6,1.0
70.1,21.7,1.0
70.1,21.8,1.0
70.1,21.9,1.0
70.1,22.0,1.0
70.1,22.1,1.0
70.1,22.2,1.0
70.1,22.3,1.0
70.1,22.4,1.0
70.1,22.5,1.0
70.1,22.6,1.0
70.1,22.9,1.0
70.1,23.0,1.0
70.1,23.1,1.15
70.1,23.2,1.15
70.1,23.3,1.15
70.1,23.4,1.15
70.1,23.5,1.15
70.1,23.6,1.15
70.1,23.7,1.5
70.1,23.8,1.5
70.1,23.9,1.5
70.1,24.0,1.5
70.1,24.1,1.5
70.1,24.2,1.5
70.1,26.0,1.5
70.1,26.1,1.5
70.1,26.2,1.5
70.1,26.6,1.5
70.1,26.7,1.5
70.1,26.8,1.5
70.1,26.9,1.5
70.1,27.0,1.5
70.1,27.1,1.5
70.1,27.2,1.5
70.1,27.3,1.5
70.1,27.4,1.5
70.1,27.5,1.5
70.1,27.6,1.5
70.1,27.7,1.5
70.1,27.8,1.5
70.1,27.9,1.5
70.2,21.1,1.5
70.2,21.2,1.5
70.2,21.3,1.5
70.2,21.4,1.0
70.2,21.5,1.0
70.2,21.6,1.0
70.2,21.7,1.0
70.2,21.8,1.0
70.2,21.9,1.0
70.2,22.0,1.0
70.2,22.1,1.0
70.2,22.2,1.0
70.2,22.3,1.0
70.2,22.4,1.0
70.2,22.5,1.0
70.2,22.6,1.0
70.2,22.7,1.0
70.2,22.9,1.0
70.2,23.0,1.0
70.2,23.1,1.15
70.2,23.2,1.15
70.2,23.3,1.15
70.2,23.4,1.15
70.2,23.5,1.15
70.2,23.6,1.15
70.2,23.7,1.5
70.2,23.8,1.5
70.2,23.9,1.5
70.2,24.0,1.5
70.2,24.1,1.5
70.2,24.2,1.5
70.2,24.3,1.5
70.2,25.8,1.5
70.2,25.9,1.5
70.2,26.0,1.5
70.2,26.1,1.5
70.2,26.2,1.5
70.2,26.3,1.5
70.2,26.4,1.5
70.2,26.5,1.5
70.2,26.6,1.5
70.2,26.7,1.5
70.2,26.8,1.5
70.2,26.9,1.5
70.2,27.0,1.5
70.2,27.1,1.5
70.2,27.2,1.5
70.2,27.3,1.5
70.2,27.4,1.5
70.2,27.5,1.5
70.2,27.6,1.5
70.2,27.7,1.5
70.2,27.8,1.5
70.2,27.9,1.5
70.3,21.1,1.5
70.3,21.2,1.5
70.3,21.3,1.0
70.3,21.4,1.0
70.3,21.5,1.0
70.3,21.6,1.0
70.3,21.7,1.0
70.3,21.8,1.0
70.3,21.9,1.0
70.3,22.0,1.0
70.3,22.1,1.0
70.3,22.2,1.0
70.3,22.3,1.0
70.3,22.4,1.0
70.3,22.5,1.0
70.3,22.6,1.0
70.3,22.7,1.0
70.3,23.0,1.0
70.3,23.1,1.15
70.3,23.2,1.15
70.3,23.3,1.15
70.3,23.4,1.15
70.3,23.5,1.15
70.3,23.6,1.5
70.3,23.7,1.5
70.3,23.8,1.5
70.3,23.9,1.5
70.3,24.0,1.5
70.3,24.1,1.5
70.3,24.2,1.5
70.3,24.3,1.5
70.3,25.8,1.5
70.3,25.9,1.5
70.3,26.0,1.5
70.3,26.1,1.5
70.3,26.2,1.5
70.3,26.3,1.5
70.3,26.4,1.5
70.3,26.5,1.5
70.3,26.6,1.5
70.3,26.7,1.5
70.3,26.8,1.5
70.3,26.9,1.5
70.3,27.0,1.5
70.3,27.1,1.5
70.3,27.2,1.5
70.3,27.3,1.5
70.3,27.4,1.5
70.3,27.5,1.5
70.3,27.6,1.5
70.3,27.7,1.5
70.3,27.8,1.5
70.3,27.9,1.5
70.3,28.0,1.5
70.4,21.0,1.5
70.4,21.1,1.5
70.4,21.2,1.0
70.4,21.3,1.0
70.4,21.4,1.0
70.4,21.5,1.0
70.4,21.6,1.0
70.4,21.7,1.0
70.4,21.8,1.0
70.4,21.9,1.0
70.4,22.0,1.0
70.4,22.1,1.0
70.4,22.2,1.0
70.4,22.3,1.0
70.4,22.4,1.0
70.4,22.5,1.0
70.4,22.6,1.0
70.4,22.7,1.0
70.4,22.8,1.0
70.4,23.0,1.0
70.4,23.1,1.0
70.4,23.2,1.15
70.4,23.3,1.15
70.4,23.4,1.15
70.4,23.5,1.15
70.4,23.6,1.5
70.4,23.7,1.5
70.4,23.8,1.5
70.4,23.9,1.5
70.4,24.0,1.5
70.4,24.1,1.5
70.4,24.2,1.5
70.4,24.3,1.5
70.4,25.8,1.5
70.4,25.9,1.5
70.4,26.0,1.5
70.4,26.1,1.5
70.4,26.2,1.5
70.4,26.3,1.5
70.4,26.4,1.5
70.4,26.5,1.5
70.4,26.6,1.5
70.4,26.7,1.5
70.4,26.8,1.5
70.4,26.9,1.5
70.4,27.0,1.5
70.4,27.1,1.5
70.4,27.2,1.5
70.4,27.3,1.5
70.4,27.4,1.5
70.4,27.5,1.5
70.4,27.6,1.5
70.4,27.7,1.5
70.4,27.8,1.5
70.4,27.9,1.5
70.4,28.0,1.5
70.5,20.9,1.5
70.5,21.0,1.5
70.5,21.1,1.0
70.5,21.2,1.0
70.5,21.3,1.0
70.5,21.4,1.0
70.5,21.5,1.0
70.5,21.6,1.0
70.5,21.7,1.0
70.5,21.8,1.0
70.5,21.9,1.0
70.5,22.0,1.0
70.5,22.1,1.0
70.5,22.2,1.0
70.5,22.3,1.0
70.5,22.4,1.0
70.5,22.5,1.0
70.5,22.6,1.0
70.5,22.7,1.0
70.5,22.8,1.0
70.5,22.9,1.5
70.5,23.0,1.0
70.5,23.1,1.0
70.5,23.2,1.0
70.5,23.3,1.15
70.5,23.4,1.15
70.5,23.5,1.15
70.5,23.6,1.5
70.5,23.7,1.5
70.5,23.8,1.5
70.5,23.9,1.5
70.5,24.0,1.5
70.5,24.1,1.5
70.5,24.2,1.5
70.5,24.3,1.5
70.5,24.4,1.5
70.5,25.7,1.0
70.5,25.8,1.5
70.5,25.9,1.5
70.5,26.0,1.5
70.5,26.1,1.5
70.5,26.2,1.5
70.5,26.3,1.5
70.5,26.4,1.5
70.5,26.5,1.5
70.5,26.6,1.5
70.5,26.7,1.5
70.5,26.8,1.5
70.5,26.9,1.5
70.5,27.0,1.5
70.5,27.1,1.5
70.5,27.2,1.5
70.5,27.3,1.5
70.5,27.4,1.5
70.5,27.5,1.5
70.5,27.6,1.5
70.5,27.7,1.5
70.5,27.8,1.5
70.5,27.9,1.5
70.6,20.8,1.5
70.6,20.9,1.5
70.6,21.0,1.5
70.6,21.1,1.0
70.6,21.2,1.0
70.6,21.3,1.0
70.6,21.4,1.0
70.6,21.5,1.0
70.6,21.6,1.0
70.6,21.7,1.0
70.6,21.8,1.0
70.6,21.9,1.0
70.6,22.0,1.0
70.6,22.1,1.0
70.6,22.2,1.0
70.6,22.3,1.0
70.6,22.4,1.0
70.6,22.5,1.0
70.6,22.6,1.0
70.6,22.7,1.0
70.6,22.8,1.0
70.6,22.9,1.0
70.6,23.0,1.5
70.6,23.1,1.0
70.6,23.2,1.0
70.6,23.3,1.5
70.6,23.4,1.15
70.6,23.5,1.15
70.6,23.6,1.5
70.6,23.7,1.5
70.6,23.8,1.5
70.6,23.9,1.5
70.6,24.0,1.5
70.6,24.1,1.5
70.6,24.2,1.5
70.6,24.3,1.5
70.6,24.4,1.5
70.6,25.7,1.0
70.6,25.8,1.5
70.6,25.9,1.5
70.6,26.0,1.5
70.6,26.1,1.5
70.6,26.2,1.5
70.6,26.3,1.5
70.6,26.4,1.5
70.6,26.5,1.5
70.6,26.6,1.5
70.6,26.7,1.5
70.6,26.8,1.5
70.6,26.9,1.5
70.6,27.0,1.5
70.6,27.1,1.5
70.6,27.2,1.5
70.6,27.3,1.5
70.6,27.4,1.5
70.6,27.5,1.5
70.6,27.6,1.5
70.6,27.7,1.5
70.6,27.8,1.0
70.6,27.9,1.0
70.7,20.8,1.5
70.7,20.9,1.5
70.7,21.0,1.5
70.7,21.1,1.0
70.7,21.2,1.0
70.7,21.3,1.0
70.7,21.4,1.0
70.7,21.5,1.0
70.7,21.6,1.0
70.7,21.7,1.0
70.7,21.8,1.0
70.7,21.9,1.0
70.7,22.0,1.0
70.7,22.1,1.0
70.7,22.2,1.0
70.7,22.3,1.0
70.7,22.4,1.0
70.7,22.5,1.0
70.7,22.6,1.0
70.7,22.7,1.0
70.7,22.8,1.0
70.7,22.9,1.0
70.7,23.0,1.5
70.7,23.1,1.5
70.7,23.2,1.0
70.7,23.3,1.5
70.7,23.4,1.5
70.7,23.5,1.15
70.7,23.6,1.5
70.7,23.7,1.5
70.7,23.8,1.5
70.7,23.9,1.5
70.7,24.0,1.5
70.7,24.1,1.5
70.7,24.2,1.5
70.7,24.3,1.0
70.7,25.4,1.5
70.7,25.5,1.5
70.7,25.6,1.5
70.7,25.7,1.5
70.7,25.8,1.5
70.7,25.9,1.5
70.7,26.0,1.5
70.7,26.1,1.5
70.7,26.2,1.5
70.7,26.3,1.5
70.7,26.4,1.5
70.7,26.5,1.5
70.7,26.6,1.5
70.7,26.7,1.5
70.7,26.8,1.5
70.7,26.9,1.5
70.7,27.0,1.5
70.7,27.1,1.5
70.7,27.2,1.5
70.7,27.3,1.5
70.7,27.4,1.5
70.7,27.5,1.5
70.7,27.6,1.5
70.7,27.7,1.0
70.7,27.8,1.0
70.7,27.9,1.0
70.8,20.8,1.5
70.8,20.9,1.5
70.8,21.0,1.5
70.8,21.1,1.0
70.8,21.2,1.0
70.8,21.3,1.0
70.8,21.4,1.0
70.8,21.5,1.0
70.8,21.6,1.0
70.8,21.7,1.0
70.8,21.8,1.0
70.8,21.9,1.0
70.8,22.0,1.0
70.8,22.1,1.0
70.8,22.2,1.0
70.8,22.3,1.0
70.8,22.4,1.0
70.8,22.5,1.0
70.8,22.6,1.0
70.8,22.7,1.0
70.8,22.8,1.0
70.8,22.9,1.0
70.8,23.0,1.5
70.8,23.1,1.5
70.8,23.2,1.5
70.8,23.3,1.5
70.8,23.4,1.5
70.8,23.5,1.5
70.8,23.6,1.5
70.8,23.7,1.5
70.8,23.8,1.5
70.8,23.9,1.5
70.8,24.0,1.5
70.8,24.1,1.5
70.8,24.2,1.5
70.8,25.3,1.5
70.8,25.4,1.5
70.8,25.5,1.5
70.8,25.6,1.5
70.8,25.7,1.5
70.8,25.8,1.5
70.8,25.9,1.5
70.8,26.0,1.5
70.8,26.1,1.5
70.8,26.2,1.5
70.8,26.3,1.5
70.8,26.4,1.5
70.8,26.5,1.5
70.8,26.6,1.5
70.8,26.7,1.5
70.8,26.8,1.5
70.8,26.9,1.5
70.8,27.0,1.5
70.8,27.1,1.5
70.8,27.2,1.5
70.8,27.3,1.5
70.8,27.4,1.5
70.8,27.5,1.5
70.8,27.6,1.5
70.8,27.7,1.0
70.8,27.8,1.0
70.8,27.9,1.0
70.9,20.8,1.5
70.9,20.9,1.5
70.9,21.0,1.5
70.9,21.1,1.0
70.9,21.2,1.0
70.9,21.3,1.0
70.9,21.4,1.0
70.9,21.5,1.0
70.9,21.6,1.0
70.9,21.7,1.0
70.9,21.8,1.0
70.9,21.9,1.0
70.9,22.0,1.0
70.9,22.1,1.0
70.9,22.2,1.0
70.9,22.3,1.0
70.9,22.4,1.0
70.9,22.5,1.0
70.9,22.6,1.0
70.9,22.7,1.0
70.9,22.8,1.15
70.9,22.9,1.0
70.9,23.0,1.0
70.9,23.1,1.5
70.9,23.2,1.5
70.9,23.3,1.5
70.9,23.4,1.5
70.9,23.5,1.5
70.9,23.6,1.5
70.9,23.7,1.5
70.9,23.8,1.5
70.9,23.9,1.5
70.9,24.0,1.5
70.9,24.1,1.5
70.9,24.2,1.5
70.9,25.1,1.5
70.9,25.2,1.5
70.9,25.3,1.5
70.9,25.4,1.5
70.9,25.5,1.5
70.9,25.6,1.5
70.9,25.7,1.5
70.9,25.8,1.5
70.9,25.9,1.5
70.9,26.0,1.5
70.9,26.1,1.5
70.9,26.2,1.5
70.9,26.3,1.5
70.9,26.4,1.5
70.9,26.5,1.5
70.9,26.6,1.5
70.9,26.7,1.5
70.9,26.8,1.5
70.9,26.9,1.5
70.9,27.0,1.15
70.9,27.1,1.15
70.9,27.2,1.15
70.9,27.3,1.15
70.9,27.4,1.5
70.9,27.5,1.5
70.9,27.6,1.5
70.9,27.7,1.5
70.9,27.8,1.0
71.0,20.7,1.0
71.0,20.8,1.5
71.0,20.9,1.5
71.0,21.0,1.5
71.0,21.1,1.0
71.0,21.2,1.0
71.0,21.3,1.0
71.0,21.4,1.0
71.0,21.5,1.0
71.0,21.6,1.0
71.0,21.7,1.0
71.0,21.8,1.0
71.0,21.9,1.0
71.0,22.0,1.0
71.0,22.1,1.0
71.0,22.2,1.0
71.0,22.3,1.0
71.0,22.4,1.0
71.0,22.5,1.0
71.0,22.6,1.0
71.0,22.7,1.15
71.0,22.8,1.15
71.0,22.9,1.15
71.0,23.0,1.15
71.0,23.1,1.5
71.0,23.2,1.5
71.0,23.3,1.5
71.0,23.4,1.5
71.0,23.5,1.5
71.0,23.6,1.5
71.0,23.7,1.5
71.0,23.8,1.5
71.0,23.9,1.5
71.0,24.0,1.5
71.0,24.1,1.5
71.0,24.2,1.5
71.0,24.3,1.5
71.0,24.5,1.5
71.0,24.6,1.5
71.0,24.9,1.5
71.0,25.0,1.5
71.0,25.1,1.5
71.0,25.2,1.5
71.0,25.3,1.5
71.0,25.4,1.5
71.0,25.5,1.5
71.0,25.6,1.5
71.0,25.7,1.5
71.0,25.8,1.5
71.0,25.9,1.5
71.0,26.0,1.5
71.0,26.1,1.5
71.0,26.2,1.5
71.0,26.3,1.5
71.0,26.4,1.5
71.0,26.5,1.5
71.0,26.6,1.5
71.0,26.7,1.5
71.0,26.8,1.5
71.0,26.9,1.15
71.0,27.0,1.15
71.0,27.1,1.15
71.0,27.2,1.15
71.0,27.3,1.15
71.0,27.4,1.15
71.0,27.5,1.5
71.0,27.6,1.5
71.0,27.7,1.5
71.1,20.7,1.0
71.1,20.8,1.5
71.1,20.9,1.5
71.1,21.0,1.0
71.1,21.1,1.0
71.1,21.2,1.0
71.1,21.3,1.0
71.1,21.4,1.0
71.1,21.5,1.0
71.1,21.6,1.0
71.1,21.7,1.0
71.1,21.8,1.0
71.1,21.9,1.0
71.1,22.0,1.0
71.1,22.1,1.0
71.1,22.2,1.0
71.1,22.3,1.0
71.1,22.4,1.0
71.1,22.5,1.0
71.1,22.6,1.15
71.1,22.7,1.15
71.1,22.8,1.15
71.1,22.9,1.15
71.1,23.0,1.15
71.1,23.1,1.5
71.1,23.2,1.5
71.1,23.3,1.5
71.1,23.4,1.5
71.1,23.5,1.5
71.1,23.6,1.5
71.1,23.7,1.5
71.1,23.8,1.5
71.1,23.9,1.5
71.1,24.0,1.5
71.1,24.1,1.5
71.1,24.2,1.5
71.1,24.3,1.5
71.1,24.4,1.5
71.1,24.5,1.5
71.1,24.6,1.5
71.1,24.7,1.5
71.1,24.8,1.5
71.1,24.9,1.5
71.1,25.0,1.5
71.1,25.1,1.5
71.1,25.2,1.5
71.1,25.3,1.5
71.1,25.4,1.5
71.1,25.5,1.5
71.1,25.6,1.5
71.1,25.7,1.5
71.1,25.8,1.5
71.1,25.9,1.5
71.1,26.0,1.5
71.1,26.1,1.5
71.1,26.2,1.5
71.1,26.3,1.5
71.1,26.4,1.5
71.1,26.5,1.5
71.1,26.6,1.5
71.1,26.7,1.5
71.1,26.8,1.15
71.1,26.9,1.15
71.1,27.0,1.15
71.1,27.1,1.15
71.1,27.2,1.15
71.1,27.3,1.15
71.1,27.4,1.15
71.1,27.5,1.5
71.1,27.6,1.5
71.1,27.7,1.5
71.1,27.8,1.5
71.2,20.8,1.5
71.2,20.9,1.5
71.2,21.0,1.5
71.2,21.1,1.0
71.2,21.2,1.0
71.2,21.3,1.0
71.2,21.4,1.0
71.2,21.5,1.0
71.2,21.6,1.0
71.2,21.7,1.0
71.2,21.8,1.0
71.2,21.9,1.0
71.2,22.0,1.0
71.2,22.1,1.0
71.2,22.2,1.0
71.2,22.3,1.0
71.2,22.4,1.0
71.2,22.5,1.15
71.2,22.6,1.15
71.2,22.7,1.15
71.2,22.8,1.15
71.2,22.9,1.15
71.2,23.0,1.15
71.2,23.1,1.5
71.2,23.2,1.5
71.2,23.3,1.5
71.2,23.4,1.5
71.2,23.5,1.5
71.2,23.6,1.5
71.2,23.7,1.5
71.2,23.8,1.5
71.2,23.9,1.5
71.2,24.0,1.5
71.2,24.1,1.5
71.2,24.2,1.5
71.2,24.3,1.5
71.2,24.4,1.5
71.2,24.5,1.5
71.2,24.6,1.5
71.2,24.7,1.5
71.2,24.8,1.5
71.2,24.9,1.5
71.2,25.0,1.5
71.2,25.1,1.5
71.2,25.2,1.5
71.2,25.3,1.5
71.2,25.4,1.5
71.2,25.5,1.5
71.2,25.6,1.5
71.2,25.7,1.5
71.2,25.8,1.5
71.2,25.9,1.5
71.2,26.0,1.5
71.2,26.1,1.5
71.2,26.2,1.5
71.2,26.3,1.5
71.2,26.4,1.5
71.2,26.5,1.5
71.2,26.6,1.5
71.2,26.7,1.5
71.2,26.8,1.15
71.2,26.9,1.15
71.2,27.0,1.15
71.2,27.1,1.15
71.2,27.2,1.15
71.2,27.3,1.15
71.2,27.4,1.5
71.2,27.5,1.5
71.2,27.6,1.5
71.2,27.7,1.5
71.2,27.8,1.5
71.3,20.8,1.0
71.3,20.9,1.5
71.3,21.0,1.5
71.3,21.1,1.0
71.3,21.2,1.0
71.3,21.3,1.0
71.3,21.4,1.0
71.3,21.5,1.0
71.3,21.6,1.0
71.3,21.7,1.0
71.3,21.8,1.0
71.3,21.9,1.0
71.3,22.0,1.0
71.3,22.1,1.0
71.3,22.2,1.0
71.3,22.3,1.0
71.3,22.4,1.0
71.3,22.5,1.5
71.3,22.6,1.15
71.3,22.7,1.15
71.3,22.8,1.15
71.3,22.9,1.15
71.3,23.0,1.15
71.3,23.1,1.5
71.3,23.2,1.5
71.3,23.3,1.5
71.3,23.4,1.5
71.3,23.5,1.5
71.3,23.6,1.5
71.3,23.7,1.5
71.3,23.8,1.5
71.3,23.9,1.5
71.3,24.0,1.5
71.3,24.1,1.5
71.3,24.2,1.5
71.3,24.3,1.5
71.3,24.4,1.5
71.3,24.5,1.5
71.3,24.6,1.5
71.3,24.7,1.5
71.3,24.8,1.5
71.3,24.9,1.5
71.3,25.0,1.5
71.3,25.1,1.5
71.3,25.2,1.5
71.3,25.3,1.5
71.3,25.4,1.5
71.3,25.5,1.5
71.3,25.6,1.5
71.3,25.7,1.5
71.3,25.8,1.5
71.3,25.9,1.5
71.3,26.0,1.5
71.3,26.1,1.5
71.3,26.2,1.5
71.3,26.3,1.5
71.3,26.4,1.5
71.3,26.5,1.5
71.3,26.6,1.5
71.3,26.7,1.15
71.3,26.8,1.15
71.3,26.9,1.15
71.3,27.0,1.15
71.3,27.1,1.15
71.3,27.2,1.15
71.3,27.3,1.15
71.3,27.4,1.5
71.3,27.5,1.5
71.3,27.6,1.5
71.3,27.7,1.5
71.3,27.8,1.5
71.4,20.9,1.5
71.4,21.0,1.5
71.4,21.1,1.0
71.4,21.2,1.0
71.4,21.3,1.0
71.4,21.4,1.0
71.4,21.5,1.0
71.4,21.6,1.0
71.4,21.7,1.0
71.4,21.8,1.0
71.4,21.9,1.0
71.4,22.0,1.0
71.4,22.1,1.0
71.4,22.2,1.0
71.4,22.3,1.0
71.4,22.4,1.0
71.4,22.5,1.0
71.4,22.6,1.0
71.4,22.7,1.0
71.4,22.8,1.5
71.4,22.9,1.5
71.4,23.0,1.5
71.4,23.1,1.5
71.4,23.2,1.5
71.4,23.3,1.5
71.4,23.4,1.5
71.4,23.5,1.5
71.4,23.6,1.5
71.4,23.7,1.5
71.4,23.8,1.5
71.4,23.9,1.5
71.4,24.0,1.5
71.4,24.1,1.5
71.4,24.2,1.5
71.4,24.3,1.5
71.4,24.4,1.5
71.4,24.5,1.5
71.4,24.6,1.5
71.4,24.7,1.5
71.4,24.8,1.5
71.4,24.9,1.5
71.4,25.0,1.5
71.4,25.1,1.5
71.4,25.2,1.5
71.4,25.3,1.5
71.4,25.4,1.5
71.4,25.5,1.5
71.4,25.6,1.5
71.4,25.7,1.5
71.4,25.8,1.5
71.4,25.9,1.5
71.4,26.0,1.5
71.4,26.1,1.5
71.4,26.2,1.5
71.4,26.3,1.5
71.4,26.4,1.5
71.4,26.5,1.5
71.4,26.6,1.15
71.4,26.7,1.15
71.4,26.8,1.15
71.4,26.9,1.15
71.4,27.0,1.15
71.4,27.1,1.15
71.4,27.2,1.15
71.4,27.3,1.5
71.4,27.4,1.5
71.4,27.5,1.5
71.4,27.6,1.5
71.4,27.7,1.5
71.4,27.8,1.5
71.5,20.9,1.0
71.5,21.0,1.5
71.5,21.1,1.5
71.5,21.2,1.0
71.5,21.3,1.0
71.5,21.4,1.0
71.5,21.5,1.0
71.5,21.6,1.0
71.5,21.7,1.0
71.5,21.8,1.0
71.5,21.9,1.0
71.5,22.0,1.0
71.5,22.1,1.0
71.5,22.2,1.0
71.5,22.3,1.0
71.5,22.4,1.0
71.5,22.5,1.0
71.5,22.6,1.0
71.5,22.7,1.0
71.5,22.8,1.0
71.5,22.9,1.5
71.5,23.0,1.5
71.5,23.1,1.5
71.5,23.2,1.5
71.5,23.3,1.5
71.5,23.4,1.5
71.5,23.5,1.5
71.5,23.6,1.5
71.5,23.7,1.5
71.5,23.8,1.5
71.5,23.9,1.5
71.5,24.0,1.5
71.5,24.1,1.5
71.5,24.2,1.5
71.5,24.3,1.5
71.5,24.4,1.5
71.5,24.5,1.5
71.5,24.6,1.5
71.5,24.7,1.5
71.5,24.8,1.5
71.5,24.9,1.5
71.5,25.0,1.5
71.5,25.1,1.5
71.5,25.2,1.5
71.5,25.3,1.5
71.5,25.4,1.5
71.5,25.5,1.5
71.5,25.6,1.5
71.5,25.7,1.5
71.5,25.8,1.5
71.5,25.9,1.5
71.5,26.0,1.5
71.5,26.1,1.5
71.5,26.2,1.5
71.5,26.3,1.5
71.5,26.4,1.5
71.5,26.5,1.5
71.5,26.6,1.5
71.5,26.7,1.15
71.5,26.8,1.15
71.5,26.9,1.15
71.5,27.0,1.15
71.5,27.1,1.15
71.5,27.2,1.15
71.5,27.3,1.5
71.5,27.4,1.5
71.5,27.5,1.5
71.5,27.6,1.5
71.5,27.7,1.5
71.5,27.8,1.5
71.6,12.3,1.0
71.6,21.0,1.5
71.6,21.1,1.5
71.6,21.2,1.5
71.6,21.3,1.0
71.6,21.4,1.0
71.6,21.5,1.0
71.6,21.6,1.0
71.6,21.7,1.0
71.6,21.8,1.0
71.6,21.9,1.0
71.6,22.0,1.0
71.6,22.1,1.0
71.6,22.2,1.0
71.6,22.3,1.0
71.6,22.4,1.0
71.6,22.5,1.0
71.6,22.6,1.0
71.6,22.7,1.0
71.6,22.8,1.5
71.6,22.9,1.5
71.6,23.0,1.5
71.6,23.1,1.5
71.6,23.2,1.5
71.6,23.3,1.5
71.6,23.4,1.5
71.6,23.5,1.5
71.6,23.6,1.5
71.6,23.7,1.5
71.6,23.8,1.5
71.6,23.9,1.5
71.6,24.0,1.5
71.6,24.1,1.5
71.6,24.2,1.5
71.6,24.3,1.5
71.6,24.4,1.5
71.6,24.5,1.5
71.6,24.6,1.5
71.6,24.7,1.5
71.6,24.8,1.5
71.6,24.9,1.5
71.6,25.0,1.5
71.6,25.1,1.5
71.6,25.2,1.5
71.6,25.3,1.5
71.6,25.4,1.5
71.6,25.5,1.5
71.6,25.6,1.5
71.6,25.7,1.5
71.6,25.8,1.5
71.6,25.9,1.5
71.6,26.0,1.5
71.6,26.1,1.5
71.6,26.2,1.5
71.6,26.3,1.5
71.6,26.4,1.5
71.6,26.5,1.5
71.6,26.6,1.5
71.6,26.7,1.5
71.6,26.8,1.5
71.6,26.9,1.15
71.6,27.0,1.15
71.6,27.1,1.15
71.6,27.2,1.5
71.6,27.3,1.5
71.6,27.4,1.5
71.6,27.5,1.5
71.6,27.6,1.5
71.6,27.7,1.5
71.6,27.8,1.5
71.7,12.2,1.0
71.7,12.3,1.0
71.7,21.0,1.5
71.7,21.1,1.5
71.7,21.2,1.5
71.7,21.3,1.0
71.7,21.4,1.0
71.7,21.5,1.0
71.7,21.6,1.0
71.7,21.7,1.0
71.7,21.8,1.0
71.7,21.9,1.5
71.7,22.0,1.5
71.7,22.1,1.5
71.7,22.2,1.0
71.7,22.3,1.0
71.7,22.4,1.0
71.7,22.5,1.0
71.7,22.6,1.5
71.7,22.7,1.5
71.7,22.8,1.5
71.7,22.9,1.5
71.7,23.0,1.5
71.7,23.1,1.5
71.7,23.2,1.5
71.7,23.3,1.5
71.7,23.4,1.5
71.7,23.5,1.5
71.7,23.6,1.5
71.7,23.7,1.5
71.7,23.8,1.5
71.7,23.9,1.5
71.7,24.0,1.5
71.7,24.1,1.5
71.7,24.2,1.5
71.7,24.3,1.5
71.7,24.4,1.5
71.7,24.5,1.5
71.7,24.6,1.5
71.7,24.7,1.5
71.7,24.8,1.5
71.7,24.9,1.5
71.7,25.0,1.5
71.7,25.1,1.5
71.7,25.2,1.5
71.7,25.3,1.5
71.7,25.4,1.5
71.7,25.5,1.5
71.7,25.6,1.5
71.7,25.7,1.5
71.7,25.8,1.5
71.7,25.9,1.5
71.7,26.0,1.5
71.7,26.1,1.5
71.7,26.2,1.5
71.7,26.3,1.5
71.7,26.4,1.5
71.7,26.5,1.5
71.7,26.6,1.5
71.7,26.7,1.5
71.7,26.8,1.5
71.7,26.9,1.5
71.7,27.0,1.15
71.7,27.1,1.5
71.7,27.2,1.5
71.7,27.3,1.5
71.7,27.4,1.5
71.7,27.5,1.5
71.7,27.6,1.5
71.7,27.7,1.5
71.7,27.8,1.5
71.8,10.2,1.0
71.8,10.3,1.0
71.8,10.4,1.0
71.8,10.5,1.0
71.8,10.6,1.0
71.8,10.7,1.0
71.8,10.8,1.0
71.8,10.9,1.0
71.8,11.0,1.0
71.8,11.1,1.0
71.8,11.2,1.0
71.8,11.3,1.0
71.8,11.4,1.0
71.8,12.0,1.0
71.8,12.1,1.0
71.8,12.2,1.0
71.8,12.3,1.0
71.8,21.0,1.5
71.8,21.1,1.5
71.8,21.2,1.5
71.8,21.3,1.0
71.8,21.4,1.0
71.8,21.5,1.0
71.8,21.6,1.0
71.8,21.7,1.0
71.8,21.8,1.5
71.8,21.9,1.5
71.8,22.0,1.5
71.8,22.1,1.5
71.8,22.2,1.5
71.8,22.3,1.5
71.8,22.4,1.5
71.8,22.5,1.5
71.8,22.6,1.5
71.8,22.7,1.5
71.8,22.8,1.5
71.8,22.9,1.5
71.8,23.0,1.5
71.8,23.1,1.5
71.8,23.2,1.5
71.8,23.3,1.5
71.8,23.4,1.5
71.8,23.5,1.5
71.8,23.6,1.5
71.8,23.7,1.5
71.8,23.8,1.5
71.8,23.9,1.5
71.8,24.0,1.5
71.8,24.1,1.5
71.8,24.2,1.5
71.8,24.3,1.5
71.8,24.4,1.5
71.8,24.5,1.5
71.8,24.6,1.5
71.8,24.7,1.5
71.8,24.8,1.5
71.8,24.9,1.5
71.8,25.0,1.5
71.8,25.1,1.5
71.8,25.2,1.5
71.8,25.3,1.5
71.8,25.4,1.5
71.8,25.5,1.5
71.8,25.6,1.5
71.8,25.7,1.5
71.8,25.8,1.5
71.8,25.9,1.5
71.8,26.0,1.5
71.8,26.1,1.5
71.8,26.2,1.5
71.8,26.3,1.5
71.8,26.4,1.5
71.8,26.5,1.5
71.8,26.6,1.5
71.8,26.7,1.5
71.8,26.8,1.5
71.8,26.9,1.5
71.8,27.0,1.5
71.8,27.1,1.5
71.8,27.2,1.5
71.8,27.3,1.5
71.8,27.4,1.5
71.8,27.5,1.5
71.8,27.6,1.5
71.8,27.7,1.5
71.8,27.8,1.5
71.8,27.9,1.5
71.9,9.7,1.0
71.9,9.8,1.0
71.9,9.9,1.0
71.9,10.0,1.0
71.9,10.1,1.0
71.9,10.2,1.0
71.9,10.3,1.0
71.9,10.4,1.0
71.9,10.5,1.0
71.9,10.6,1.0
71.9,10.7,1.0
71.9,10.8,1.0
71.9,10.9,1.0
71.9,11.0,1.0
71.9,11.1,1.0
71.9,11.2,1.0
71.9,11.3,1.0
71.9,11.4,1.0
71.9,11.5,1.0
71.9,11.6,1.0
71.9,11.7,1.0
71.9,11.8,1.0
71.9,11.9,1.0
71.9,12.0,1.0
71.9,12.1,1.0
71.9,12.2,1.0
71.9,12.3,1.0
71.9,21.1,1.5
71.9,21.2,1.5
71.9,21.3,1.5
71.9,21.4,1.0
71.9,21.5,1.0
71.9,21.6,1.0
71.9,21.7,1.0
71.9,21.8,1.0
71.9,21.9,1.5
71.9,22.0,1.5
71.9,22.1,1.5
71.9,22.2,1.5
71.9,22.3,1.5
71.9,22.4,1.5
71.9,22.5,1.5
71.9,22.6,1.5
71.9,22.7,1.5
71.9,22.8,1.5
71.9,22.9,1.5
71.9,23.0,1.5
71.9,23.1,1.5
71.9,23.2,1.5
71.9,23.3,1.5
71.9,23.4,1.5
71.9,23.5,1.5
71.9,23.6,1.5
71.9,23.7,1.5
71.9,23.8,1.5
71.9,23.9,1.5
71.9,24.0,1.5
71.9,24.1,1.5
71.9,24.2,1.5
71.9,24.3,1.5
71.9,24.4,1.5
71.9,24.5,1.5
71.9,24.6,1.5
71.9,24.7,1.5
71.9,24.8,1.5
71.9,24.9,1.5
71.9,25.0,1.5
71.9,25.1,1.5
71.9,25.2,1.5
71.9,25.3,1.5
71.9,25.4,1.5
71.9,25.5,1.5
71.9,25.6,1.5
71.9,25.7,1.5
71.9,25.8,1.5
71.9,25.9,1.5
71.9,26.0,1.5
71.9,26.1,1.5
71.9,26.2,1.5
71.9,26.3,1.5
71.9,26.4,1.5
71.9,26.5,1.5
71.9,26.6,1.5
71.9,26.7,1.5
71.9,26.8,1.5
71.9,26.9,1.5
71.9,27.0,1.5
71.9,27.1,1.5
71.9,27.2,1.5
71.9,27.3,1.5
71.9,27.4,1.5
71.9,27.5,1.5
71.9,27.6,1.5
71.9,27.7,1.5
71.9,27.8,1.5
71.9,27.9,1.5
71.9,28.0,1.5
72.0,9.2,1.0
72.0,9.3,1.0
72.0,9.4,1.0
72.0,9.5,1.0
72.0,9.6,1.0
72.0,9.7,1.0
72.0,9.8,1.0
72.0,9.9,1.0
72.0,10.0,1.0
72.0,10.1,1.0
72.0,10.2,1.0
72.0,10.3,1.0
72.0,10.4,1.0
72.0,10.5,1.0
72.0,10.6,1.0
72.0,10.7,1.0
72.0,10.8,1.0
72.0,10.9,1.0
72.0,11.0,1.0
72.0,11.1,1.0
72.0,11.2,1.0
72.0,11.3,1.0
72.0,11.4,1.0
72.0,11.5,1.0
72.0,11.6,1.0
72.0,11.7,1.0
72.0,11.8,1.0
72.0,11.9,1.0
72.0,12.0,1.0
72.0,12.1,1.0
72.0,12.2,1.0
72.0,12.3,1.0
72.0,21.1,1.5
72.0,21.2,1.5
72.0,21.3,1.5
72.0,21.4,1.5
72.0,21.5,1.0
72.0,21.6,1.0
72.0,21.7,1.0
72.0,21.8,1.0
72.0,21.9,1.5
72.0,22.0,1.5
72.0,22.1,1.5
72.0,22.2,1.5
72.0,22.3,1.5
72.0,22.4,1.5
72.0,22.5,1.5
72.0,22.6,1.5
72.0,22.7,1.5
72.0,22.8,1.5
72.0,22.9,1.5
72.0,23.0,1.5
72.0,23.1,1.5
72.0,23.2,1.5
72.0,23.3,1.5
72.0,23.4,1.5
72.0,23.5,1.5
72.0,23.6,1.5
72.0,23.7,1.5
72.0,23.8,1.5
72.0,23.9,1.5
72.0,24.0,1.5
72.0,24.1,1.5
72.0,24.2,1.5
72.0,24.3,1.5
72.0,24.4,1.5
72.0,24.5,1.5
72.0,24.6,1.5
72.0,24.7,1.5
72.0,24.8,1.5
72.0,24.9,1.5
72.0,25.0,1.5
72.0,25.1,1.5
72.0,25.2,1.5
72.0,25.3,1.5
72.0,25.4,1.5
72.0,25.5,1.5
72.0,25.6,1.5
72.0,25.7,1.5
72.0,25.8,1.5
72.0,25.9,1.5
72.0,26.0,1.5
72.0,26.1,1.5
72.0,26.2,1.5
72.0,26.3,1.5
72.0,26.4,1.5
72.0,26.5,1.5
72.0,26.6,1.5
72.0,26.7,1.5
72.0,26.8,1.5
72.0,26.9,1.5
72.0,27.0,1.5
72.0,27.1,1.5
72.0,27.2,1.5
72.0,27.3,1.5
72.0,27.4,1.5
72.0,27.5,1.5
72.0,27.6,1.5
72.0,27.7,1.5
72.0,27.8,1.5
72.0,27.9,1.5
72.0,28.0,1.5
72.0,28.1,1.5
72.1,8.6,1.0
72.1,8.7,1.0
72.1,8.8,1.0
72.1,8.9,1.0
72.1,9.0,1.0
72.1,9.1,1.0
72.1,9.2,1.0
72.1,9.3,1.0
72.1,9.4,1.0
72.1,9.5,1.0
72.1,9.6,1.0
72.1,9.7,1.0
72.1,9.8,1.0
72.1,9.9,1.0
72.1,10.0,1.0
72.1,10.1,1.0
72.1,10.2,1.0
72.1,10.3,1.0
72.1,10.4,1.0
72.1,10.5,1.0
72.1,10.6,1.0
72.1,10.7,1.0
72.1,10.8,1.0
72.1,10.9,1.0
72.1,11.0,1.0
72.1,11.1,1.0
72.1,11.2,1.0
72.1,11.3,1.0
72.1,11.4,1.0
72.1,11.5,1.0
72.1,11.6,1.0
72.1,11.7,1.0
72.1,11.8,1.0
72.1,11.9,1.0
72.1,12.0,1.0
72.1,12.1,1.0
72.1,12.2,1.0
72.1,12.3,1.0
72.1,21.2,1.0
72.1,21.3,1.5
72.1,21.4,1.5
72.1,21.5,1.0
72.1,21.6,1.0
72.1,21.7,1.0
72.1,21.8,1.0
72.1,21.9,1.0
72.1,22.0,1.5
72.1,22.1,1.5
72.1,22.2,1.5
72.1,22.3,1.5
72.1,22.4,1.5
72.1,22.5,1.5
72.1,22.6,1.5
72.1,22.7,1.5
72.1,22.8,1.5
72.1,22.9,1.5
72.1,23.0,1.5
72.1,23.1,1.5
72.1,23.2,1.5
72.1,23.3,1.5
72.1,23.4,1.5
72.1,23.5,1.5
72.1,23.6,1.5
72.1,23.7,1.5
72.1,23.8,1.5
72.1,23.9,1.5
72.1,24.0,1.5
72.1,24.1,1.5
72.1,24.2,1.5
72.1,24.3,1.5
72.1,24.4,1.5
72.1,24.5,1.5
72.1,24.6,1.5
72.1,24.7,1.5
72.1,24.8,1.5
72.1,24.9,1.5
72.1,25.0,1.5
72.1,25.1,1.5
72.1,25.2,1.5
72.1,25.3,1.5
72.1,25.4,1.5
72.1,25.5,1.5
72.1,25.6,1.5
72.1,25.7,1.5
72.1,25.8,1.5
72.1,25.9,1.5
72.1,26.0,1.5
72.1,26.1,1.5
72.1,26.2,1.5
72.1,26.3,1.5
72.1,26.4,1.5
72.1,26.5,1.5
72.1,26.6,1.5
72.1,26.7,1.5
72.1,26.8,1.5
72.1,26.9,1.5
72.1,27.0,1.5
72.1,27.1,1.5
72.1,27.2,1.5
72.1,27.3,1.5
72.1,27.4,1.5
72.1,27.5,1.5
72.1,27.6,1.5
72.1,27.7,1.5
72.1,27.8,1.5
72.1,27.9,1.5
72.1,28.0,1.5
72.1,28.1,1.5
72.1,28.2,1.5
72.2,8.4,1.0
72.2,8.5,1.0
72.2,8.6,1.0
72.2,8.7,1.0
72.2,8.8,1.0
72.2,8.9,1.0
72.2,9.0,1.0
72.2,9.1,1.0
72.2,9.2,1.0
72.2,9.3,1.0
72.2,9.4,1.0
72.2,9.5,1.0
72.2,9.6,1.0
72.2,9.7,1.0
72.2,9.8,1.0
72.2,9.9,1.0
72.2,10.0,1.0
72.2,10.1,1.0
72.2,10.2,1.0
72.2,10.3,1.0
72.2,10.4,1.0
72.2,10.5,1.0
72.2,10.6,1.0
72.2,10.7,1.0
72.2,10.8,1.0
72.2,10.9,1.0
72.2,11.0,1.0
72.2,11.1,1.0
72.2,11.2,1.0
72.2,11.3,1.0
72.2,11.4,1.0
72.2,11.5,1.0
72.2,11.6,1.0
72.2,11.7,1.0
72.2,11.8,1.0
72.2,11.9,1.0
72.2,12.0,1.0
72.2,12.1,1.0
72.2,12.2,1.0
72.2,12.3,1.0
72.2,21.2,1.0
72.2,21.3,1.0
72.2,21.4,1.5
72.2,21.5,1.5
72.2,21.6,1.5
72.2,21.7,1.5
72.2,21.8,1.0
72.2,21.9,1.0
72.2,22.0,1.0
72.2,22.1,1.5
72.2,22.2,1.5
72.2,22.3,1.5
72.2,22.4,1.5
72.2,22.5,1.5
72.2,22.6,1.5
72.2,22.7,1.5
72.2,22.8,1.5
72.2,22.9,1.5
72.2,23.0,1.5
72.2,23.1,1.5
72.2,23.2,1.5
72.2,23.3,1.5
72.2,23.4,1.5
72.2,23.5,1.5
72.2,23.6,1.5
72.2,23.7,1.5
72.2,23.8,1.5
72.2,23.9,1.5
72.2,24.0,1.5
72.2,24.1,1.5
72.2,24.2,1.5
72.2,24.3,1.5
72.2,24.4,1.5
72.2,24.5,1.5
72.2,24.6,1.5
72.2,24.7,1.5
72.2,24.8,1.5
72.2,24.9,1.5
72.2,25.0,1.5
72.2,25.1,1.5
72.2,25.2,1.5
72.2,25.3,1.5
72.2,25.4,1.5
72.2,25.5,1.5
72.2,25.6,1.5
72.2,25.7,1.5
72.2,25.8,1.5
72.2,25.9,1.5
72.2,26.0,1.5
72.2,26.1,1.5
72.2,26.2,1.5
72.2,26.3,1.5
72.2,26.4,1.5
72.2,26.5,1.5
72.2,26.6,1.5
72.2,26.7,1.5
72.2,26.8,1.5
72.2,26.9,1.5
72.2,27.0,1.5
72.2,27.1,1.5
72.2,27.2,1.5
72.2,27.3,1.5
72.2,27.4,1.5
72.2,27.5,1.5
72.2,27.6,1.5
72.2,27.7,1.5
72.2,27.8,1.5
72.2,27.9,1.5
72.2,28.0,1.5
72.2,28.1,1.5
72.2,28.2,1.5
72.2,28.3,1.5
72.3,7.9,1.0
72.3,8.0,1.0
72.3,8.1,1.0
72.3,8.2,1.0
72.3,8.3,1.0
72.3,8.4,1.0
72.3,8.5,1.0
72.3,8.6,1.0
72.3,8.7,1.0
72.3,8.8,1.0
72.3,8.9,1.0
72.3,9.0,1.0
72.3,9.1,1.0
72.3,9.2,1.0
72.3,9.3,1.0
72.3,9.4,1.0
72.3,9.5,1.0
72.3,9.6,1.0
72.3,9.7,1.0
72.3,9.8,1.0
72.3,9.9,1.0
72.3,10.0,1.0
72.3,10.1,1.0
72.3,10.2,1.0
72.3,10.3,1.0
72.3,10.4,1.0
72.3,10.5,1.0
72.3,10.6,1.0
72.3,10.7,1.0
72.3,10.8,1.0
72.3,10.9,1.0
72.3,11.0,1.0
72.3,11.1,1.0
72.3,11.2,1.0
72.3,11.3,1.0
72.3,11.4,1.0
72.3,11.5,1.0
72.3,11.6,1.0
72.3,11.7,1.0
72.3,11.8,1.0
72.3,11.9,1.0
72.3,12.0,1.0
72.3,12.1,1.0
72.3,12.2,1.0
72.3,12.3,1.0
72.3,21.3,1.0
72.3,21.4,1.0
72.3,21.5,1.0
72.3,21.6,1.0
72.3,21.7,1.0
72.3,21.8,1.0
72.3,21.9,1.0
72.3,22.0,1.0
72.3,22.1,1.0
72.3,22.2,1.5
72.3,22.3,1.5
72.3,22.4,1.5
72.3,22.5,1.5
72.3,22.6,1.5
72.3,22.7,1.5
72.3,22.8,1.5
72.3,22.9,1.5
72.3,23.0,1.5
72.3,23.1,1.5
72.3,23.2,1.5
72.3,23.3,1.5
72.3,23.4,1.5
72.3,23.5,1.5
72.3,23.6,1.5
72.3,23.7,1.5
72.3,23.8,1.5
72.3,23.9,1.5
72.3,24.0,1.5
72.3,24.1,1.5
72.3,24.2,1.5
72.3,24.3,1.5
72.3,24.4,1.5
72.3,24.5,1.5
72.3,24.6,1.5
72.3,24.7,1.5
72.3,24.8,1.5
72.3,24.9,1.0
72.3,25.0,1.0
72.3,25.1,1.5
72.3,25.2,1.5
72.3,25.3,1.5
72.3,25.4,1.5
72.3,25.5,1.5
72.3,25.6,1.5
72.3,25.7,1.5
72.3,25.8,1.5
72.3,25.9,1.5
72.3,26.0,1.5
72.3,26.1,1.5
72.3,26.2,1.5
72.3,26.3,1.5
72.3,26.4,1.5
72.3,26.5,1.5
72.3,26.6,1.5
72.3,26.7,1.5
72.3,26.8,1.5
72.3,26.9,1.5
72.3,27.0,1.5
72.3,27.1,1.5
72.3,27.2,1.5
72.3,27.3,1.5
72.3,27.4,1.5
72.3,27.5,1.5
72.3,27.6,1.5
72.3,27.7,1.5
72.3,27.8,1.5
72.3,27.9,1.5
72.3,28.0,1.5
72.3,28.1,1.5
72.3,28.2,1.5
72.3,28.3,1.5
72.3,28.4,1.5
72.4,7.7,1.0
72.4,7.8,1.0
72.4,7.9,1.0
72.4,8.0,1.0
72.4,8.1,1.0
72.4,8.2,1.0
72.4,8.3,1.0
72.4,8.4,1.0
72.4,8.5,1.0
72.4,8.6,1.0
72.4,8.7,1.0
72.4,8.8,1.0
72.4,8.9,1.0
72.4,9.0,1.0
72.4,9.1,1.0
72.4,9.2,1.0
72.4,9.3,1.0
72.4,9.4,1.0
72.4,9.5,1.0
72.4,9.6,1.0
72.4,9.7,1.0
72.4,9.8,1.0
72.4,9.9,1.0
72.4,10.0,1.0
72.4,10.1,1.0
72.4,10.2,1.0
72.4,10.3,1.0
72.4,10.4,1.0
72.4,10.5,1.0
72.4,10.6,1.0
72.4,10.7,1.0
72.4,10.8,1.0
72.4,10.9,1.0
72.4,11.0,1.0
72.4,11.1,1.0
72.4,11.2,1.0
72.4,11.3,1.0
72.4,11.4,1.0
72.4,11.5,1.0
72.4,11.6,1.0
72.4,11.7,1.0
72.4,11.8,1.0
72.4,11.9,1.0
72.4,12.0,1.0
72.4,12.1,1.0
72.4,12.2,1.0
72.4,21.5,1.0
72.4,21.6,1.0
72.4,21.7,1.0
72.4,21.8,1.0
72.4,21.9,1.0
72.4,22.0,1.0
72.4,22.1,1.0
72.4,22.2,1.5
72.4,22.3,1.5
72.4,22.4,1.5
72.4,22.5,1.5
72.4,22.6,1.5
72.4,22.7,1.5
72.4,22.8,1.5
72.4,22.9,1.5
72.4,23.0,1.5
72.4,23.1,1.5
72.4,23.2,1.5
72.4,23.3,1.5
72.4,23.4,1.5
72.4,23.5,1.5
72.4,23.6,1.5
72.4,23.7,1.5
72.4,23.8,1.5
72.4,23.9,1.5
72.4,24.0,1.5
72.4,24.1,1.5
72.4,24.2,1.5
72.4,24.3,1.5
72.4,24.4,1.5
72.4,24.5,1.5
72.4,24.6,1.5
72.4,24.7,1.5
72.4,24.8,1.0
72.4,24.9,1.0
72.4,25.0,1.5
72.4,25.1,1.5
72.4,25.2,1.5
72.4,25.3,1.5
72.4,25.4,1.5
72.4,25.5,1.5
72.4,25.6,1.5
72.4,25.7,1.5
72.4,25.8,1.5
72.4,25.9,1.5
72.4,26.0,1.5
72.4,26.1,1.5
72.4,26.2,1.5
72.4,26.3,1.5
72.4,26.4,1.5
72.4,26.5,1.5
72.4,26.6,1.5
72.4,26.7,1.5
72.4,26.8,1.5
72.4,26.9,1.5
72.4,27.0,1.5
72.4,27.1,1.5
72.4,27.2,1.5
72.4,27.3,1.5
72.4,27.4,1.5
72.4,27.5,1.5
72.4,27.6,1.5
72.4,27.7,1.5
72.4,27.8,1.5
72.4,27.9,1.5
72.4,28.0,1.5
72.4,28.1,1.5
72.4,28.2,1.5
72.4,28.3,1.5
72.4,28.4,1.5
72.4,28.5,1.5
72.5,7.5,1.0
72.5,7.6,1.0
72.5,7.7,1.0
72.5,7.8,1.0
72.5,7.9,1.0
72.5,8.0,1.0
72.5,8.1,1.0
72.5,8.2,1.0
72.5,8.3,1.0
72.5,8.4,1.0
72.5,8.5,1.0
72.5,8.6,1.0
72.5,8.7,1.0
72.5,8.8,1.0
72.5,8.9,1.0
72.5,9.0,1.0
72.5,9.1,1.0
72.5,9.2,1.0
72.5,9.3,1.0
72.5,9.4,1.0
72.5,9.5,1.0
72.5,9.6,1.0
72.5,9.7,1.0
72.5,9.8,1.0
72.5,9.9,1.0
72.5,10.0,1.0
72.5,10.1,1.0
72.5,10.2,1.0
72.5,10.3,1.0
72.5,10.4,1.0
72.5,10.5,1.0
72.5,10.6,1.0
72.5,10.7,1.0
72.5,10.8,1.0
72.5,10.9,1.0
72.5,11.0,1.0
72.5,11.1,1.0
72.5,11.2,1.0
72.5,11.3,1.0
72.5,11.4,1.0
72.5,11.5,1.0
72.5,11.6,1.0
72.5,11.7,1.0
72.5,11.8,1.0
72.5,11.9,1.0
72.5,12.0,1.0
72.5,12.1,1.0
72.5,12.2,1.0
72.5,22.0,1.5
72.5,22.1,1.5
72.5,22.2,1.5
72.5,22.3,1.5
72.5,22.4,1.5
72.5,22.5,1.5
72.5,22.6,1.5
72.5,22.7,1.5
72.5,22.8,1.5
72.5,22.9,1.5
72.5,23.0,1.5
72.5,23.1,1.5
72.5,23.2,1.5
72.5,23.3,1.5
72.5,23.4,1.5
72.5,23.5,1.5
72.5,23.6,1.5
72.5,23.7,1.5
72.5,23.8,1.5
72.5,23.9,1.5
72.5,24.0,1.5
72.5,24.1,1.5
72.5,24.2,1.5
72.5,24.3,1.5
72.5,24.4,1.5
72.5,24.5,1.5
72.5,24.6,1.5
72.5,24.7,1.5
72.5,24.8,1.0
72.5,24.9,1.0
72.5,25.0,1.5
72.5,25.1,1.5
72.5,25.2,1.5
72.5,25.3,1.5
72.5,25.4,1.5
72.5,25.5,1.5
72.5,25.6,1.5
72.5,25.7,1.5
72.5,25.8,1.5
72.5,25.9,1.5
72.5,26.0,1.5
72.5,26.1,1.5
72.5,26.2,1.5
72.5,26.3,1.5
72.5,26.4,1.5
72.5,26.5,1.5
72.5,26.6,1.5
72.5,26.7,1.5
72.5,26.8,1.5
72.5,26.9,1.5
72.5,27.0,1.5
72.5,27.1,1.5
72.5,27.2,1.5
72.5,27.3,1.5
72.5,27.4,1.5
72.5,27.5,1.5
72.5,27.6,1.5
72.5,27.7,1.5
72.5,27.8,1.5
72.5,27.9,1.5
72.5,28.0,1.5
72.5,28.1,1.5
72.5,28.2,1.5
72.5,28.3,1.5
72.5,28.4,1.5
72.5,28.5,1.5
72.5,28.6,1.5
72.5,28.7,1.5
72.6,7.5,1.0
72.6,7.6,1.0
72.6,7.7,1.0
72.6,7.8,1.0
72.6,7.9,1.0
72.6,8.0,1.0
72.6,8.1,1.0
72.6,8.2,1.0
72.6,8.3,1.0
72.6,8.4,1.0
72.6,8.5,1.0
72.6,8.6,1.0
72.6,8.7,1.0
72.6,8.8,1.0
72.6,8.9,1.0
72.6,9.0,1.0
72.6,9.1,1.0
72.6,9.2,1.0
72.6,9.3,1.0
72.6,9.4,1.0
72.6,9.5,1.0
72.6,9.6,1.0
72.6,9.7,1.0
72.6,9.8,1.0
72.6,9.9,1.0
72.6,10.0,1.0
72.6,10.1,1.0
72.6,10.2,1.0
72.6,10.3,1.0
72.6,10.4,1.0
72.6,10.5,1.0
72.6,10.6,1.0
72.6,10.7,1.0
72.6,10.8,1.0
72.6,10.9,1.0
72.6,11.0,1.0
72.6,11.1,1.0
72.6,11.2,1.0
72.6,11.3,1.0
72.6,11.4,1.0
72.6,11.5,1.0
72.6,11.6,1.0
72.6,11.7,1.0
72.6,11.8,1.0
72.6,11.9,1.0
72.6,12.0,1.0
72.6,12.1,1.0
72.6,12.2,1.0
72.6,21.7,1.5
72.6,21.9,1.5
72.6,22.0,1.5
72.6,22.1,1.5
72.6,22.2,1.5
72.6,22.3,1.5
72.6,22.4,1.5
72.6,22.5,1.5
72.6,22.6,1.5
72.6,22.7,1.5
72.6,22.8,1.5
72.6,22.9,1.5
72.6,23.0,1.5
72.6,23.1,1.5
72.6,23.2,1.5
72.6,23.3,1.5
72.6,23.4,1.5
72.6,23.5,1.5
72.6,23.6,1.5
72.6,23.7,1.5
72.6,23.8,1.5
72.6,23.9,1.5
72.6,24.0,1.5
72.6,24.1,1.5
72.6,24.2,1.5
72.6,24.3,1.5
72.6,24.4,1.5
72.6,24.5,1.0
72.6,24.6,1.0
72.6,24.7,1.0
72.6,24.8,1.0
72.6,24.9,1.0
72.6,25.0,1.5
72.6,25.1,1.5
72.6,25.2,1.5
72.6,25.3,1.5
72.6,25.4,1.5
72.6,25.5,1.5
72.6,25.6,1.5
72.6,25.7,1.5
72.6,25.8,1.5
72.6,25.9,1.5
72.6,26.0,1.5
72.6,26.1,1.5
72.6,26.2,1.5
72.6,26.3,1.5
72.6,26.4,1.5
72.6,26.5,1.5
72.6,26.6,1.5
72.6,26.7,1.5
72.6,26.8,1.5
72.6,26.9,1.5
72.6,27.0,1.5
72.6,27.1,1.5
72.6,27.2,1.5
72.6,27.3,1.5
72.6,27.4,1.5
72.6,27.5,1.5
72.6,27.6,1.5
72.6,27.7,1.5
72.6,27.8,1.5
72.6,27.9,1.5
72.6,28.0,1.5
72.6,28.1,1.5
72.6,28.2,1.5
72.6,28.3,1.5
72.6,28.4,1.5
72.6,28.5,1.5
72.6,28.6,1.5
72.6,28.7,1.5
72.6,28.8,1.5
72.6,28.9,1.5
72.7,7.5,1.0
72.7,7.6,1.0
72.7,7.7,1.0
72.7,7.8,1.0
72.7,7.9,1.0
72.7,8.0,1.0
72.7,8.1,1.0
72.7,8.2,1.0
72.7,8.3,1.0
72.7,8.4,1.0
72.7,8.5,1.0
72.7,8.6,1.0
72.7,8.7,1.0
72.7,8.8,1.0
72.7,8.9,1.0
72.7,9.0,1.0
72.7,9.1,1.0
72.7,9.2,1.0
72.7,9.3,1.0
72.7,9.4,1.0
72.7,9.5,1.0
72.7,9.6,1.0
72.7,9.7,1.0
72.7,9.8,1.0
72.7,9.9,1.0
72.7,10.0,1.0
72.7,10.1,1.0
72.7,10.2,1.0
72.7,10.3,1.0
72.7,10.4,1.0
72.7,10.5,1.0
72.7,10.6,1.0
72.7,10.7,1.0
72.7,10.8,1.0
72.7,10.9,1.0
72.7,11.0,1.0
72.7,11.1,1.0
72.7,11.2,1.0
72.7,11.3,1.0
72.7,11.4,1.0
72.7,11.5,1.0
72.7,11.6,1.0
72.7,11.7,1.0
72.7,11.8,1.0
72.7,11.9,1.0
72.7,12.0,1.0
72.7,12.1,1.0
72.7,12.2,1.0
72.7,21.1,1.5
72.7,21.2,1.5
72.7,21.3,1.5
72.7,21.7,1.5
72.7,21.8,1.5
72.7,21.9,1.5
72.7,22.0,1.5
72.7,22.1,1.5
72.7,22.2,1.5
72.7,22.3,1.5
72.7,22.4,1.5
72.7,22.5,1.5
72.7,22.6,1.5
72.7,22.7,1.5
72.7,22.8,1.5
72.7,22.9,1.5
72.7,23.0,1.5
72.7,23.1,1.5
72.7,23.2,1.5
72.7,23.3,1.5
72.7,23.4,1.5
72.7,23.5,1.5
72.7,23.6,1.5
72.7,23.7,1.5
72.7,23.8,1.5
72.7,23.9,1.5
72.7,24.0,1.5
72.7,24.1,1.5
72.7,24.2,1.5
72.7,24.3,1.0
72.7,24.4,1.0
72.7,24.5,1.0
72.7,24.6,1.0
72.7,24.7,1.0
72.7,24.8,1.0
72.7,24.9,1.0
72.7,25.0,1.0
72.7,25.1,1.5
72.7,25.2,1.5
72.7,25.3,1.5
72.7,25.4,1.5
72.7,25.5,1.5
72.7,25.6,1.5
72.7,25.7,1.5
72.7,25.8,1.5
72.7,25.9,1.5
72.7,26.0,1.5
72.7,26.1,1.5
72.7,26.2,1.5
72.7,26.3,1.5
72.7,26.4,1.5
72.7,26.5,1.5
72.7,26.6,1.5
72.7,26.7,1.5
72.7,26.8,1.5
72.7,26.9,1.5
72.7,27.0,1.5
72.7,27.1,1.5
72.7,27.2,1.5
72.7,27.3,1.5
72.7,27.4,1.5
72.7,27.5,1.5
72.7,27.6,1.5
72.7,27.7,1.5
72.7,27.8,1.5
72.7,27.9,1.5
72.7,28.0,1.5
72.7,28.1,1.5
72.7,28.2,1.5
72.7,28.3,1.5
72.7,28.4,1.5
72.7,28.5,1.5
72.7,28.6,1.5
72.7,28.7,1.5
72.7,28.8,1.5
72.7,28.9,1.5
72.7,29.0,1.5
72.7,35.9,1.0
72.7,36.0,1.0
72.7,36.1,1.0
72.7,36.2,1.0
72.8,7.5,1.0
72.8,7.6,1.0
72.8,7.7,1.0
72.8,7.8,1.0
72.8,7.9,1.0
72.8,8.0,1.0
72.8,8.1,1.0
72.8,8.2,1.0
72.8,8.3,1.0
72.8,8.4,1.0
72.8,8.5,1.0
72.8,8.6,1.0
72.8,8.7,1.0
72.8,8.8,1.0
72.8,8.9,1.0
72.8,9.0,1.0
72.8,9.1,1.0
72.8,9.2,1.0
72.8,9.3,1.0
72.8,9.4,1.0
72.8,9.5,1.0
72.8,9.6,1.0
72.8,9.7,1.0
72.8,9.8,1.0
72.8,9.9,1.0
72.8,10.0,1.0
72.8,10.1,1.0
72.8,10.2,1.0
72.8,10.3,1.0
72.8,10.4,1.0
72.8,10.5,1.0
72.8,10.6,1.0
72.8,10.7,1.0
72.8,10.8,1.0
72.8,10.9,1.0
72.8,11.0,1.0
72.8,11.1,1.0
72.8,11.2,1.0
72.8,11.3,1.0
72.8,11.4,1.0
72.8,11.5,1.0
72.8,11.6,1.0
72.8,11.7,1.0
72.8,11.8,1.0
72.8,11.9,1.0
72.8,12.0,1.0
72.8,12.1,1.0
72.8,12.2,1.0
72.8,19.9,1.0
72.8,20.9,1.5
72.8,21.1,1.5
72.8,21.2,1.5
72.8,21.3,1.5
72.8,21.4,1.5
72.8,21.5,1.5
72.8,21.7,1.5
72.8,21.8,1.5
72.8,21.9,1.5
72.8,22.0,1.5
72.8,22.1,1.5
72.8,22.2,1.5
72.8,22.3,1.5
72.8,22.4,1.5
72.8,22.5,1.5
72.8,22.6,1.5
72.8,22.7,1.5
72.8,22.8,1.5
72.8,22.9,1.5
72.8,23.0,1.5
72.8,23.1,1.5
72.8,23.2,1.5
72.8,23.3,1.5
72.8,23.4,1.5
72.8,23.5,1.5
72.8,23.6,1.5
72.8,23.7,1.5
72.8,23.8,1.5
72.8,23.9,1.5
72.8,24.0,1.5
72.8,24.1,1.5
72.8,24.2,1.0
72.8,24.3,1.0
72.8,24.4,1.0
72.8,24.5,1.0
72.8,24.6,1.0
72.8,24.7,1.0
72.8,24.8,1.0
72.8,24.9,1.0
72.8,25.0,1.0
72.8,25.1,1.5
72.8,25.2,1.5
72.8,25.3,1.5
72.8,25.4,1.5
72.8,25.5,1.5
72.8,25.6,1.5
72.8,25.7,1.5
72.8,25.8,1.5
72.8,25.9,1.5
72.8,26.0,1.5
72.8,26.1,1.5
72.8,26.2,1.5
72.8,26.3,1.5
72.8,26.4,1.5
72.8,26.5,1.5
72.8,26.6,1.5
72.8,26.7,1.5
72.8,26.8,1.5
72.8,26.9,1.5
72.8,27.0,1.5
72.8,27.1,1.5
72.8,27.2,1.5
72.8,27.3,1.5
72.8,27.4,1.5
72.8,27.5,1.5
72.8,27.6,1.5
72.8,27.7,1.5
72.8,27.8,1.5
72.8,27.9,1.5
72.8,28.0,1.5
72.8,28.1,1.5
72.8,28.2,1.5
72.8,28.3,1.5
72.8,28.4,1.5
72.8,28.5,1.5
72.8,28.6,1.5
72.8,28.7,1.5
72.8,28.8,1.5
72.8,28.9,1.5
72.8,29.0,1.5
72.8,35.9,1.0
72.8,36.0,1.0
72.8,36.1,1.0
72.8,36.2,1.0
72.9,7.5,1.0
72.9,7.6,1.0
72.9,7.7,1.0
72.9,7.8,1.0
72.9,7.9,1.0
72.9,8.0,1.0
72.9,8.1,1.0
72.9,8.2,1.0
72.9,8.3,1.0
72.9,8.4,1.0
72.9,8.5,1.0
72.9,8.6,1.0
72.9,8.7,1.0
72.9,8.8,1.0
72.9,8.9,1.0
72.9,9.0,1.0
72.9,9.1,1.0
72.9,9.2,1.0
72.9,9.3,1.0
72.9,9.4,1.0
72.9,9.5,1.0
72.9,9.6,1.0
72.9,9.7,1.0
72.9,9.8,1.0
72.9,9.9,1.0
72.9,10.0,1.0
72.9,10.1,1.0
72.9,10.2,1.0
72.9,10.3,1.0
72.9,10.4,1.0
72.9,10.5,1.0
72.9,10.6,1.0
72.9,10.7,1.0
72.9,10.8,1.0
72.9,10.9,1.0
72.9,11.0,1.0
72.9,11.1,1.0
72.9,11.2,1.0
72.9,11.3,1.0
72.9,11.4,1.0
72.9,11.5,1.0
72.9,11.6,1.0
72.9,11.7,1.0
72.9,11.8,1.0
72.9,11.9,1.0
72.9,12.0,1.0
72.9,12.1,1.0
72.9,12.2,1.0
72.9,19.4,1.0
72.9,19.5,1.0
72.9,19.6,1.0
72.9,19.7,1.0
72.9,19.8,1.0
72.9,19.9,1.0
72.9,20.0,1.0
72.9,20.1,1.0
72.9,20.2,1.0
72.9,20.8,1.5
72.9,20.9,1.5
72.9,21.0,1.5
72.9,21.1,1.5
72.9,21.2,1.5
72.9,21.3,1.5
72.9,21.4,1.5
72.9,21.5,1.5
72.9,21.7,1.5
72.9,21.8,1.5
72.9,21.9,1.5
72.9,22.0,1.5
72.9,22.1,1.5
72.9,22.2,1.5
72.9,22.3,1.5
72.9,22.4,1.5
72.9,22.5,1.5
72.9,22.6,1.5
72.9,22.7,1.5
72.9,22.8,1.5
72.9,22.9,1.5
72.9,23.0,1.5
72.9,23.1,1.5
72.9,23.2,1.5
72.9,23.3,1.5
72.9,23.4,1.5
72.9,23.5,1.5
72.9,23.6,1.5
72.9,23.7,1.5
72.9,23.8,1.5
72.9,23.9,1.5
72.9,24.0,1.5
72.9,24.1,1.0
72.9,24.2,1.0
72.9,24.3,1.0
72.9,24.4,1.0
72.9,24.5,1.0
72.9,24.6,1.0
72.9,24.7,1.0
72.9,24.8,1.0
72.9,24.9,1.0
72.9,25.0,1.0
72.9,25.1,1.5
72.9,25.2,1.5
72.9,25.3,1.5
72.9,25.4,1.5
72.9,25.5,1.5
72.9,25.6,1.5
72.9,25.7,1.5
72.9,25.8,1.5
72.9,25.9,1.5
72.9,26.0,1.5
72.9,26.1,1.5
72.9,26.2,1.5
72.9,26.3,1.5
72.9,26.4,1.5
72.9,26.5,1.5
72.9,26.6,1.5
72.9,26.7,1.5
72.9,26.8,1.5
72.9,26.9,1.5
72.9,27.0,1.5
72.9,27.1,1.5
72.9,27.2,1.5
72.9,27.3,1.5
72.9,27.4,1.5
72.9,27.5,1.5
72.9,27.6,1.5
72.9,27.7,1.5
72.9,27.8,1.5
72.9,27.9,1.5
72.9,28.0,1.5
72.9,28.1,1.5
72.9,28.2,1.5
72.9,28.3,1.5
72.9,28.4,1.5
72.9,28.5,1.5
72.9,28.6,1.5
72.9,28.7,1.5
72.9,28.8,1.5
72.9,28.9,1.5
72.9,29.0,1.5
72.9,29.1,1.5
72.9,35.9,1.0
72.9,36.0,1.0
72.9,36.1,1.0
72.9,36.2,1.0
72.9,36.3,1.0
73.0,7.5,1.0
73.0,7.6,1.0
73.0,7.7,1.0
73.0,7.8,1.0
73.0,7.9,1.0
73.0,8.0,1.0
73.0,8.1,1.0
73.0,8.2,1.0
73.0,8.3,1.0
73.0,8.4,1.0
73.0,8.5,1.0
73.0,8.6,1.0
73.0,8.7,1.0
73.0,8.8,1.0
73.0,8.9,1.0
73.0,9.0,1.0
73.0,9.1,1.0
73.0,9.2,1.0
73.0,9.3,1.0
73.0,9.4,1.0
73.0,9.5,1.0
73.0,9.6,1.0
73.0,9.7,1.0
73.0,9.8,1.0
73.0,9.9,1.0
73.0,10.0,1.0
73.0,10.1,1.0
73.0,10.2,1.0
73.0,10.3,1.0
73.0,10.4,1.0
73.0,10.5,1.0
73.0,10.6,1.0
73.0,10.7,1.0
73.0,10.8,1.0
73.0,10.9,1.0
73.0,11.0,1.0
73.0,11.1,1.0
73.0,11.2,1.0
73.0,11.3,1.0
73.0,11.4,1.0
73.0,11.5,1.0
73.0,11.6,1.0
73.0,11.7,1.0
73.0,11.8,1.0
73.0,11.9,1.0
73.0,12.0,1.0
73.0,12.1,1.0
73.0,18.7,1.0
73.0,19.2,1.0
73.0,19.3,1.0
73.0,19.4,1.0
73.0,19.5,1.0
73.0,19.6,1.0
73.0,19.7,1.0
73.0,19.8,1.0
73.0,19.9,1.0
73.0,20.0,1.0
73.0,20.1,1.0
73.0,20.2,1.0
73.0,20.3,1.0
73.0,20.4,1.0
73.0,20.5,1.0
73.0,20.8,1.0
73.0,20.9,1.5
73.0,21.0,1.5
73.0,21.1,1.5
73.0,21.2,1.5
73.0,21.3,1.5
73.0,21.4,1.5
73.0,21.5,1.5
73.0,21.6,1.5
73.0,21.7,1.5
73.0,21.8,1.5
73.0,21.9,1.5
73.0,22.0,1.5
73.0,22.1,1.5
73.0,22.2,1.5
73.0,22.3,1.5
73.0,22.4,1.5
73.0,22.5,1.5
73.0,22.6,1.5
73.0,22.7,1.5
73.0,22.8,1.5
73.0,22.9,1.5
73.0,23.0,1.5
73.0,23.1,1.5
73.0,23.2,1.5
73.0,23.3,1.5
73.0,23.4,1.5
73.0,23.5,1.5
73.0,23.6,1.5
73.0,23.7,1.5
73.0,23.8,1.5
73.0,23.9,1.5
73.0,24.0,1.5
73.0,24.1,1.0
73.0,24.2,1.0
73.0,24.3,1.0
73.0,24.4,1.0
73.0,24.5,1.0
73.0,24.6,1.0
73.0,24.7,1.0
73.0,24.8,1.0
73.0,24.9,1.0
73.0,25.0,1.0
73.0,25.1,1.5
73.0,25.2,1.5
73.0,25.3,1.5
73.0,25.4,1.5
73.0,25.5,1.5
73.0,25.6,1.5
73.0,25.7,1.5
73.0,25.8,1.5
73.0,25.9,1.5
73.0,26.0,1.5
73.0,26.1,1.5
73.0,26.2,1.5
73.0,26.3,1.5
73.0,26.4,1.5
73.0,26.5,1.5
73.0,26.6,1.5
73.0,26.7,1.5
73.0,26.8,1.5
73.0,26.9,1.5
73.0,27.0,1.5
73.0,27.1,1.5
73.0,27.2,1.5
73.0,27.3,1.5
73.0,27.4,1.5
73.0,27.5,1.5
73.0,27.6,1.5
73.0,27.7,1.5
73.0,27.8,1.5
73.0,27.9,1.5
73.0,28.0,1.5
73.0,28.1,1.5
73.0,28.2,1.5
73.0,28.3,1.5
73.0,28.4,1.5
73.0,28.5,1.5
73.0,28.6,1.5
73.0,28.7,1.5
73.0,28.8,1.5
73.0,28.9,1.5
73.0,29.0,1.5
73.0,29.1,1.5
73.0,29.2,1.5
73.0,35.9,1.0
73.0,36.0,1.0
73.0,36.1,1.0
73.0,36.2,1.0
73.0,36.3,1.0
73.0,36.4,1.0
73.1,7.5,1.0
73.1,7.6,1.0
73.1,7.7,1.0
73.1,7.8,1.0
73.1,7.9,1.0
73.1,8.0,1.0
73.1,8.1,1.0
73.1,8.2,1.0
73.1,8.3,1.0
73.1,8.4,1.0
73.1,8.5,1.0
73.1,8.6,1.0
73.1,8.7,1.0
73.1,8.8,1.0
73.1,8.9,1.0
73.1,9.0,1.0
73.1,9.1,1.0
73.1,9.2,1.0
73.1,9.3,1.0
73.1,9.4,1.0
73.1,9.5,1.0
73.1,9.6,1.0
73.1,9.7,1.0
73.1,9.8,1.0
73.1,9.9,1.0
73.1,10.0,1.0
73.1,10.1,1.0
73.1,10.2,1.0
73.1,10.3,1.0
73.1,10.4,1.0
73.1,10.5,1.0
73.1,10.6,1.0
73.1,10.7,1.0
73.1,10.8,1.0
73.1,10.9,1.0
73.1,11.0,1.0
73.1,11.1,1.0
73.1,11.2,1.0
73.1,11.3,1.0
73.1,11.4,1.0
73.1,11.5,1.0
73.1,11.6,1.0
73.1,11.7,1.0
73.1,11.8,1.0
73.1,11.9,1.0
73.1,12.0,1.0
73.1,12.1,1.0
73.1,18.1,1.0
73.1,18.2,1.0
73.1,18.3,1.0
73.1,18.4,1.0
73.1,18.5,1.0
73.1,18.6,1.0
73.1,18.7,1.0
73.1,18.8,1.0
73.1,18.9,1.0
73.1,19.1,1.0
73.1,19.2,1.0
73.1,19.3,1.0
73.1,19.4,1.0
73.1,19.5,1.0
73.1,19.6,1.0
73.1,19.7,1.0
73.1,19.8,1.0
73.1,19.9,1.0
73.1,20.0,1.0
73.1,20.1,1.0
73.1,20.2,1.0
73.1,20.3,1.0
73.1,20.4,1.0
73.1,20.5,1.0
73.1,20.6,1.0
73.1,20.7,1.0
73.1,20.8,1.0
73.1,20.9,1.0
73.1,21.0,1.5
73.1,21.1,1.5
73.1,21.2,1.5
73.1,21.3,1.5
73.1,21.4,1.5
73.1,21.5,1.5
73.1,21.6,1.5
73.1,21.7,1.5
73.1,21.8,1.5
73.1,21.9,1.5
73.1,22.0,1.5
73.1,22.1,1.5
73.1,22.2,1.5
73.1,22.3,1.5
73.1,22.4,1.5
73.1,22.5,1.5
73.1,22.6,1.5
73.1,22.7,1.5
73.1,22.8,1.5
73.1,22.9,1.5
73.1,23.0,1.5
73.1,23.1,1.5
73.1,23.2,1.5
73.1,23.3,1.5
73.1,23.4,1.5
73.1,23.5,1.5
73.1,23.6,1.5
73.1,23.7,1.5
73.1,23.8,1.5
73.1,23.9,1.5
73.1,24.0,1.0
73.1,24.1,1.0
73.1,24.2,1.0
73.1,24.3,1.0
73.1,24.4,1.0
73.1,24.5,1.0
73.1,24.6,1.0
73.1,24.7,1.0
73.1,24.8,1.0
73.1,24.9,1.0
73.1,25.0,1.0
73.1,25.1,1.0
73.1,25.2,1.0
73.1,25.3,1.0
73.1,25.4,1.5
73.1,25.5,1.5
73.1,25.6,1.5
73.1,25.7,1.5
73.1,25.8,1.5
73.1,25.9,1.5
73.1,26.0,1.5
73.1,26.1,1.5
73.1,26.2,1.5
73.1,26.3,1.5
73.1,26.4,1.5
73.1,26.5,1.5
73.1,26.6,1.5
73.1,26.7,1.5
73.1,26.8,1.5
73.1,26.9,1.5
73.1,27.0,1.5
73.1,27.1,1.5
73.1,27.2,1.5
73.1,27.3,1.5
73.1,27.4,1.5
73.1,27.5,1.5
73.1,27.6,1.5
73.1,27.7,1.5
73.1,27.8,1.5
73.1,27.9,1.5
73.1,28.0,1.5
73.1,28.1,1.5
73.1,28.2,1.5
73.1,28.3,1.5
73.1,28.4,1.5
73.1,28.5,1.5
73.1,28.6,1.5
73.1,28.7,1.5
73.1,28.8,1.5
73.1,28.9,1.5
73.1,29.0,1.5
73.1,29.1,1.5
73.1,29.2,1.5
73.1,35.9,1.0
73.1,36.0,1.0
73.1,36.1,1.0
73.1,36.2,1.0
73.1,36.3,1.0
73.1,36.4,1.0
73.1,36.5,1.0
73.2,7.5,1.0
73.2,7.6,1.0
73.2,7.7,1.0
73.2,7.8,1.0
73.2,7.9,1.0
73.2,8.0,1.0
73.2,8.1,1.0
73.2,8.2,1.0
73.2,8.3,1.0
73.2,8.4,1.0
73.2,8.5,1.0
73.2,8.6,1.0
73.2,8.7,1.0
73.2,8.8,1.0
73.2,8.9,1.0
73.2,9.0,1.0
73.2,9.1,1.0
73.2,9.2,1.0
73.2,9.3,1.0
73.2,9.4,1.0
73.2,9.5,1.0
73.2,9.6,1.0
73.2,9.7,1.0
73.2,9.8,1.0
73.2,9.9,1.0
73.2,10.0,1.0
73.2,10.1,1.0
73.2,10.2,1.0
73.2,10.3,1.0
73.2,10.4,1.0
73.2,10.5,1.0
73.2,10.6,1.0
73.2,10.7,1.0
73.2,10.8,1.0
73.2,10.9,1.0
73.2,11.0,1.0
73.2,11.1,1.0
73.2,11.2,1.0
73.2,11.3,1.0
73.2,11.4,1.0
73.2,11.5,1.0
73.2,11.6,1.0
73.2,11.7,1.0
73.2,11.8,1.0
73.2,11.9,1.0
73.2,12.0,1.0
73.2,12.1,1.0
73.2,17.9,1.0
73.2,18.0,1.0
73.2,18.1,1.0
73.2,18.2,1.0
73.2,18.3,1.0
73.2,18.4,1.0
73.2,18.5,1.0
73.2,18.6,1.0
73.2,18.7,1.0
73.2,18.8,1.0
73.2,18.9,1.0
73.2,19.0,1.0
73.2,19.1,1.0
73.2,19.2,1.0
73.2,19.3,1.0
73.2,19.4,1.0
73.2,19.5,1.0
73.2,19.6,1.0
73.2,19.7,1.0
73.2,19.8,1.0
73.2,19.9,1.0
73.2,20.0,1.0
73.2,20.1,1.0
73.2,20.2,1.0
73.2,20.3,1.0
73.2,20.4,1.0
73.2,20.5,1.0
73.2,20.6,1.0
73.2,20.7,1.0
73.2,20.8,1.0
73.2,20.9,1.0
73.2,21.0,1.0
73.2,21.1,1.5
73.2,21.2,1.5
73.2,21.3,1.5
73.2,21.4,1.5
73.2,21.5,1.5
73.2,21.6,1.5
73.2,21.7,1.5
73.2,21.8,1.5
73.2,21.9,1.5
73.2,22.0,1.5
73.2,22.1,1.5
73.2,22.2,1.5
73.2,22.3,1.5
73.2,22.4,1.5
73.2,22.5,1.5
73.2,22.6,1.5
73.2,22.7,1.5
73.2,22.8,1.5
73.2,22.9,1.5
73.2,23.0,1.5
73.2,23.1,1.5
73.2,23.2,1.5
73.2,23.3,1.5
73.2,23.4,1.5
73.2,23.5,1.5
73.2,23.6,1.5
73.2,23.7,1.0
73.2,23.8,1.5
73.2,23.9,1.5
73.2,24.0,1.0
73.2,24.1,1.0
73.2,24.2,1.0
73.2,24.3,1.0
73.2,24.4,1.0
73.2,24.5,1.0
73.2,24.6,1.0
73.2,24.7,1.0
73.2,24.8,1.0
73.2,24.9,1.0
73.2,25.0,1.0
73.2,25.1,1.0
73.2,25.2,1.0
73.2,25.3,1.0
73.2,25.4,1.0
73.2,25.5,1.0
73.2,25.6,1.5
73.2,25.7,1.5
73.2,25.8,1.5
73.2,25.9,1.5
73.2,26.0,1.5
73.2,26.1,1.5
73.2,26.2,1.5
73.2,26.3,1.5
73.2,26.4,1.5
73.2,26.5,1.5
73.2,26.6,1.5
73.2,26.7,1.5
73.2,26.8,1.5
73.2,26.9,1.5
73.2,27.0,1.5
73.2,27.1,1.5
73.2,27.2,1.5
73.2,27.3,1.5
73.2,27.4,1.5
73.2,27.5,1.5
73.2,27.6,1.5
73.2,27.7,1.5
73.2,27.8,1.5
73.2,27.9,1.5
73.2,28.0,1.5
73.2,28.1,1.5
73.2,28.2,1.5
73.2,28.3,1.5
73.2,28.4,1.5
73.2,28.5,1.5
73.2,28.6,1.5
73.2,28.7,1.5
73.2,28.8,1.5
73.2,28.9,1.5
73.2,29.0,1.5
73.2,29.1,1.5
73.2,29.2,1.5
73.2,29.3,1.5
73.2,35.9,1.0
73.2,36.0,1.0
73.2,36.1,1.0
73.2,36.2,1.0
73.2,36.3,1.0
73.2,36.4,1.0
73.2,36.5,1.0
73.2,36.6,1.0
73.2,36.7,1.0
73.3,7.6,1.0
73.3,7.7,1.0
73.3,7.8,1.0
73.3,7.9,1.0
73.3,8.0,1.0
73.3,8.1,1.0
73.3,8.2,1.0
73.3,8.3,1.0
73.3,8.4,1.0
73.3,8.5,1.0
73.3,8.6,1.0
73.3,8.7,1.0
73.3,8.8,1.0
73.3,8.9,1.0
73.3,9.0,1.0
73.3,9.1,1.0
73.3,9.2,1.0
73.3,9.3,1.0
73.3,9.4,1.0
73.3,9.5,1.0
73.3,9.6,1.0
73.3,9.7,1.0
73.3,9.8,1.0
73.3,9.9,1.0
73.3,10.0,1.0
73.3,10.1,1.0
73.3,10.2,1.0
73.3,10.3,1.0
73.3,10.4,1.0
73.3,10.5,1.0
73.3,10.6,1.0
73.3,10.7,1.0
73.3,10.8,1.0
73.3,10.9,1.0
73.3,11.0,1.0
73.3,11.1,1.0
73.3,11.2,1.0
73.3,11.3,1.0
73.3,11.4,1.0
73.3,11.5,1.0
73.3,11.6,1.0
73.3,11.7,1.0
73.3,11.8,1.0
73.3,11.9,1.0
73.3,12.0,1.0
73.3,12.1,1.0
73.3,17.3,1.0
73.3,17.4,1.0
73.3,17.5,1.0
73.3,17.6,1.0
73.3,17.7,1.0
73.3,17.8,1.0
73.3,17.9,1.0
73.3,18.0,1.0
73.3,18.1,1.0
73.3,18.2,1.0
73.3,18.3,1.0
73.3,18.4,1.0
73.3,18.5,1.0
73.3,18.6,1.0
73.3,18.7,1.0
73.3,18.8,1.0
73.3,18.9,1.0
73.3,19.0,1.0
73.3,19.1,1.0
73.3,19.2,1.0
73.3,19.3,1.0
73.3,19.4,1.0
73.3,19.5,1.0
73.3,19.6,1.0
73.3,19.7,1.0
73.3,19.8,1.0
73.3,19.9,1.0
73.3,20.0,1.0
73.3,20.1,1.0
73.3,20.2,1.0
73.3,20.3,1.0
73.3,20.4,1.0
73.3,20.5,1.0
73.3,20.6,1.0
73.3,20.7,1.0
73.3,20.8,1.0
73.3,20.9,1.0
73.3,21.0,1.0
73.3,21.1,1.5
73.3,21.2,1.5
73.3,21.3,1.0
73.3,21.4,1.0
73.3,21.5,1.0
73.3,21.6,1.5
73.3,21.7,1.5
73.3,21.8,1.5
73.3,21.9,1.5
73.3,22.0,1.5
73.3,22.1,1.5
73.3,22.2,1.5
73.3,22.3,1.5
73.3,22.4,1.5
73.3,22.5,1.5
73.3,22.6,1.5
73.3,22.7,1.5
73.3,22.8,1.5
73.3,22.9,1.5
73.3,23.0,1.5
73.3,23.1,1.5
73.3,23.2,1.5
73.3,23.3,1.5
73.3,23.4,1.5
73.3,23.5,1.5
73.3,23.6,1.5
73.3,23.7,1.0
73.3,23.8,1.0
73.3,23.9,1.0
73.3,24.0,1.0
73.3,24.1,1.0
73.3,24.2,1.0
73.3,24.3,1.0
73.3,24.4,1.0
73.3,24.5,1.0
73.3,24.6,1.0
73.3,24.7,1.0
73.3,24.8,1.0
73.3,24.9,1.0
73.3,25.0,1.0
73.3,25.1,1.0
73.3,25.2,1.0
73.3,25.3,1.0
73.3,25.4,1.0
73.3,25.5,1.0
73.3,25.6,1.0
73.3,25.7,1.0
73.3,25.8,1.0
73.3,25.9,1.0
73.3,26.0,1.0
73.3,26.1,1.5
73.3,26.2,1.5
73.3,26.3,1.5
73.3,26.4,1.5
73.3,26.5,1.5
73.3,26.6,1.5
73.3,26.7,1.5
73.3,26.8,1.5
73.3,26.9,1.5
73.3,27.0,1.5
73.3,27.1,1.5
73.3,27.2,1.5
73.3,27.3,1.5
73.3,27.4,1.5
73.3,27.5,1.5
73.3,27.6,1.5
73.3,27.7,1.5
73.3,27.8,1.5
73.3,27.9,1.5
73.3,28.0,1.5
73.3,28.1,1.5
73.3,28.2,1.5
73.3,28.3,1.5
73.3,28.4,1.5
73.3,28.5,1.5
73.3,28.6,1.5
73.3,28.7,1.5
73.3,28.8,1.5
73.3,28.9,1.5
73.3,29.0,1.5
73.3,29.1,1.5
73.3,29.2,1.5
73.3,29.3,1.5
73.3,29.4,1.5
73.3,35.7,1.0
73.3,35.8,1.0
73.3,35.9,1.0
73.3,36.0,1.0
73.3,36.1,1.0
73.3,36.2,1.0
73.3,36.3,1.0
73.3,36.4,1.0
73.3,36.5,1.0
73.3,36.6,1.0
73.3,36.7,1.0
73.4,7.7,1.0
73.4,7.8,1.0
73.4,7.9,1.0
73.4,8.0,1.0
73.4,8.1,1.0
73.4,8.2,1.0
73.4,8.3,1.0
73.4,8.4,1.0
73.4,8.5,1.0
73.4,8.6,1.0
73.4,8.7,1.0
73.4,8.8,1.0
73.4,8.9,1.0
73.4,9.0,1.0
73.4,9.1,1.0
73.4,9.2,1.0
73.4,9.3,1.0
73.4,9.4,1.0
73.4,9.5,1.0
73.4,9.6,1.0
73.4,9.7,1.0
73.4,9.8,1.0
73.4,9.9,1.0
73.4,10.0,1.0
73.4,10.1,1.0
73.4,10.2,1.0
73.4,10.3,1.0
73.4,10.4,1.0
73.4,10.5,1.0
73.4,10.6,1.0
73.4,10.7,1.0
73.4,10.8,1.0
73.4,10.9,1.0
73.4,11.0,1.0
73.4,11.1,1.0
73.4,11.2,1.0
73.4,11.3,1.0
73.4,11.4,1.0
73.4,11.5,1.0
73.4,11.6,1.0
73.4,11.7,1.0
73.4,11.8,1.0
73.4,11.9,1.0
73.4,12.0,1.0
73.4,12.1,1.0
73.4,16.7,1.0
73.4,16.8,1.0
73.4,16.9,1.0
73.4,17.0,1.0
73.4,17.1,1.0
73.4,17.2,1.0
73.4,17.3,1.0
73.4,17.4,1.0
73.4,17.5,1.0
73.4,17.6,1.0
73.4,17.7,1.0
73.4,17.8,1.0
73.4,17.9,1.0
73.4,18.0,1.0
73.4,18.1,1.0
73.4,18.2,1.0
73.4,18.3,1.0
73.4,18.4,1.0
73.4,18.5,1.0
73.4,18.6,1.0
73.4,18.7,1.0
73.4,18.8,1.0
73.4,18.9,1.0
73.4,19.0,1.0
73.4,19.1,1.0
73.4,19.2,1.0
73.4,19.3,1.0
73.4,19.4,1.0
73.4,19.5,1.0
73.4,19.6,1.0
73.4,19.7,1.0
73.4,19.8,1.0
73.4,19.9,1.0
73.4,20.0,1.0
73.4,20.1,1.0
73.4,20.2,1.0
73.4,20.3,1.0
73.4,20.4,1.0
73.4,20.5,1.0
73.4,20.6,1.0
73.4,20.7,1.0
73.4,20.8,1.0
73.4,20.9,1.0
73.4,21.0,1.0
73.4,21.1,1.0
73.4,21.2,1.5
73.4,21.3,1.0
73.4,21.4,1.0
73.4,21.5,1.0
73.4,21.6,1.0
73.4,21.7,1.0
73.4,21.8,1.5
73.4,21.9,1.5
73.4,22.0,1.5
73.4,22.1,1.5
73.4,22.2,1.5
73.4,22.3,1.5
73.4,22.4,1.5
73.4,22.5,1.5
73.4,22.6,1.5
73.4,22.7,1.5
73.4,22.8,1.5
73.4,22.9,1.5
73.4,23.0,1.5
73.4,23.1,1.5
73.4,23.2,1.5
73.4,23.3,1.5
73.4,23.4,1.5
73.4,23.5,1.0
73.4,23.6,1.0
73.4,23.7,1.0
73.4,23.8,1.0
73.4,23.9,1.0
73.4,24.0,1.0
73.4,24.1,1.0
73.4,24.2,1.0
73.4,24.3,1.0
73.4,24.4,1.0
73.4,24.5,1.0
73.4,24.6,1.0
73.4,24.7,1.0
73.4,24.8,1.0
73.4,24.9,1.0
73.4,25.0,1.0
73.4,25.1,1.0
73.4,25.2,1.0
73.4,25.3,1.0
73.4,25.4,1.0
73.4,25.5,1.0
73.4,25.6,1.0
73.4,25.7,1.0
73.4,25.8,1.0
73.4,25.9,1.0
73.4,26.0,1.5
73.4,26.1,1.0
73.4,26.2,1.5
73.4,26.3,1.5
73.4,26.4,1.5
73.4,26.5,1.5
73.4,26.6,1.5
73.4,26.7,1.5
73.4,26.8,1.5
73.4,26.9,1.5
73.4,27.0,1.5
73.4,27.1,1.5
73.4,27.2,1.5
73.4,27.3,1.5
73.4,27.4,1.5
73.4,27.5,1.5
73.4,27.6,1.5
73.4,27.7,1.5
73.4,27.8,1.5
73.4,27.9,1.5
73.4,28.0,1.5
73.4,28.1,1.5
73.4,28.2,1.5
73.4,28.3,1.5
73.4,28.4,1.5
73.4,28.5,1.5
73.4,28.6,1.5
73.4,28.7,1.5
73.4,28.8,1.5
73.4,28.9,1.5
73.4,29.0,1.5
73.4,29.1,1.5
73.4,29.2,1.5
73.4,29.3,1.5
73.4,29.4,1.5
73.4,29.5,1.5
73.4,29.6,1.5
73.4,35.6,1.0
73.4,35.7,1.0
73.4,35.8,1.0
73.4,35.9,1.0
73.4,36.0,1.0
73.4,36.1,1.0
73.4,36.2,1.0
73.4,36.3,1.0
73.4,36.4,1.0
73.4,36.5,1.0
73.4,36.6,1.0
73.4,36.7,1.0
73.5,7.8,1.0
73.5,7.9,1.0
73.5,8.0,1.0
73.5,8.1,1.0
73.5,8.2,1.0
73.5,8.3,1.0
73.5,8.4,1.0
73.5,8.5,1.0
73.5,8.6,1.0
73.5,8.7,1.0
73.5,8.8,1.0
73.5,8.9,1.0
73.5,9.0,1.0
73.5,9.1,1.0
73.5,9.2,1.0
73.5,9.3,1.0
73.5,9.4,1.0
73.5,9.5,1.0
73.5,9.6,1.0
73.5,9.7,1.0
73.5,9.8,1.0
73.5,9.9,1.0
73.5,10.0,1.0
73.5,10.1,1.0
73.5,10.2,1.0
73.5,10.3,1.0
73.5,10.4,1.0
73.5,10.5,1.0
73.5,10.6,1.0
73.5,10.7,1.0
73.5,10.8,1.0
73.5,10.9,1.0
73.5,11.0,1.0
73.5,11.1,1.0
73.5,11.2,1.0
73.5,11.3,1.0
73.5,11.4,1.0
73.5,11.5,1.0
73.5,11.6,1.0
73.5,11.7,1.0
73.5,11.8,1.0
73.5,11.9,1.0
73.5,12.0,1.0
73.5,16.3,1.0
73.5,16.4,1.0
73.5,16.5,1.35
73.5,16.6,1.35
73.5,16.7,1.35
73.5,16.8,1.0
73.5,16.9,1.0
73.5,17.0,1.0
73.5,17.1,1.0
73.5,17.2,1.0
73.5,17.3,1.0
73.5,17.4,1.0
73.5,17.5,1.0
73.5,17.6,1.0
73.5,17.7,1.0
73.5,17.8,1.0
73.5,17.9,1.0
73.5,18.0,1.0
73.5,18.1,1.0
73.5,18.2,1.0
73.5,18.3,1.0
73.5,18.4,1.0
73.5,18.5,1.0
73.5,18.6,1.0
73.5,18.7,1.0
73.5,18.8,1.0
73.5,18.9,1.0
73.5,19.0,1.0
73.5,19.1,1.0
73.5,19.2,1.0
73.5,19.3,1.0
73.5,19.4,1.0
73.5,19.5,1.0
73.5,19.6,1.0
73.5,19.7,1.0
73.5,19.8,1.0
73.5,19.9,1.0
73.5,20.0,1.0
73.5,20.1,1.0
73.5,20.2,1.0
73.5,20.3,1.0
73.5,20.4,1.0
73.5,20.5,1.0
73.5,20.6,1.0
73.5,20.7,1.0
73.5,20.8,1.0
73.5,20.9,1.0
73.5,21.0,1.0
73.5,21.1,1.0
73.5,21.2,1.0
73.5,21.3,1.0
73.5,21.4,1.0
73.5,21.5,1.0
73.5,21.6,1.0
73.5,21.7,1.0
73.5,21.8,1.5
73.5,21.9,1.5
73.5,22.0,1.5
73.5,22.1,1.5
73.5,22.2,1.5
73.5,22.3,1.5
73.5,22.4,1.5
73.5,22.5,1.5
73.5,22.6,1.5
73.5,22.7,1.5
73.5,22.8,1.5
73.5,22.9,1.5
73.5,23.0,1.5
73.5,23.1,1.5
73.5,23.2,1.0
73.5,23.3,1.0
73.5,23.4,1.0
73.5,23.5,1.0
73.5,23.6,1.0
73.5,23.7,1.0
73.5,23.8,1.0
73.5,23.9,1.0
73.5,24.0,1.0
73.5,24.1,1.0
73.5,24.2,1.0
73.5,24.3,1.0
73.5,24.4,1.0
73.5,24.5,1.0
73.5,24.6,1.0
73.5,24.7,1.0
73.5,24.8,1.0
73.5,24.9,1.0
73.5,25.0,1.0
73.5,25.1,1.0
73.5,25.2,1.0
73.5,25.3,1.0
73.5,25.4,1.0
73.5,25.5,1.0
73.5,25.6,1.0
73.5,25.7,1.0
73.5,25.8,1.0
73.5,25.9,1.0
73.5,26.0,1.0
73.5,26.1,1.5
73.5,26.2,1.5
73.5,26.3,1.0
73.5,26.4,1.0
73.5,26.5,1.5
73.5,26.6,1.5
73.5,26.7,1.5
73.5,26.8,1.5
73.5,26.9,1.5
73.5,27.0,1.5
73.5,27.1,1.5
73.5,27.2,1.5
73.5,27.3,1.5
73.5,27.4,1.5
73.5,27.5,1.5
73.5,27.6,1.5
73.5,27.7,1.5
73.5,27.8,1.5
73.5,27.9,1.5
73.5,28.0,1.5
73.5,28.1,1.5
73.5,28.2,1.5
73.5,28.3,1.5
73.5,28.4,1.5
73.5,28.5,1.5
73.5,28.6,1.5
73.5,28.7,1.5
73.5,28.8,1.5
73.5,28.9,1.5
73.5,29.0,1.5
73.5,29.1,1.5
73.5,29.2,1.5
73.5,29.3,1.5
73.5,29.4,1.5
73.5,29.5,1.5
73.5,29.6,1.5
73.5,29.7,1.5
73.5,29.8,1.5
73.5,35.6,1.0
73.5,35.7,1.0
73.5,35.8,1.0
73.5,35.9,1.0
73.5,36.0,1.0
73.5,36.1,1.0
73.5,36.2,1.0
73.5,36.3,1.0
73.5,36.4,1.0
73.5,36.5,1.0
73.5,36.6,1.0
73.5,36.7,1.0
73.6,8.0,1.0
73.6,8.1,1.0
73.6,8.2,1.0
73.6,8.3,1.0
73.6,8.4,1.0
73.6,8.5,1.0
73.6,8.6,1.0
73.6,8.7,1.0
73.6,8.8,1.0
73.6,8.9,1.0
73.6,9.0,1.0
73.6,9.1,1.0
73.6,9.2,1.0
73.6,9.3,1.0
73.6,9.4,1.0
73.6,9.5,1.0
73.6,9.6,1.0
73.6,9.7,1.0
73.6,9.8,1.0
73.6,9.9,1.0
73.6,10.0,1.0
73.6,10.1,1.0
73.6,10.2,1.0
73.6,10.3,1.0
73.6,10.4,1.0
73.6,10.5,1.0
73.6,10.6,1.0
73.6,10.7,1.0
73.6,10.8,1.0
73.6,10.9,1.0
73.6,11.0,1.0
73.6,11.1,1.0
73.6,11.2,1.0
73.6,11.3,1.0
73.6,11.4,1.0
73.6,11.5,1.0
73.6,11.6,1.0
73.6,11.7,1.0
73.6,11.8,1.0
73.6,11.9,1.0
73.6,12.0,1.0
73.6,16.0,1.0
73.6,16.1,1.0
73.6,16.2,1.35
73.6,16.3,1.35
73.6,16.4,1.35
73.6,16.5,1.35
73.6,16.6,1.35
73.6,16.7,1.35
73.6,16.8,1.35
73.6,16.9,1.0
73.6,17.0,1.0
73.6,17.1,1.0
73.6,17.2,1.0
73.6,17.3,1.0
73.6,17.4,1.0
73.6,17.5,1.0
73.6,17.6,1.0
73.6,17.7,1.0
73.6,17.8,1.0
73.6,17.9,1.0
73.6,18.0,1.0
73.6,18.1,1.0
73.6,18.2,1.0
73.6,18.3,1.0
73.6,18.4,1.0
73.6,18.5,1.0
73.6,18.6,1.0
73.6,18.7,1.0
73.6,18.8,1.0
73.6,18.9,1.0
73.6,19.0,1.0
73.6,19.1,1.0
73.6,19.2,1.0
73.6,19.3,1.0
73.6,19.4,1.0
73.6,19.5,1.0
73.6,19.6,1.0
73.6,19.7,1.0
73.6,19.8,1.0
73.6,19.9,1.0
73.6,20.0,1.0
73.6,20.1,1.0
73.6,20.2,1.0
73.6,20.3,1.0
73.6,20.4,1.0
73.6,20.5,1.0
73.6,20.6,1.0
73.6,20.7,1.0
73.6,20.8,1.0
73.6,20.9,1.0
73.6,21.0,1.0
73.6,21.1,1.0
73.6,21.2,1.0
73.6,21.3,1.0
73.6,21.4,1.0
73.6,21.5,1.0
73.6,21.6,1.0
73.6,21.7,1.0
73.6,21.8,1.0
73.6,21.9,1.5
73.6,22.0,1.5
73.6,22.1,1.5
73.6,22.2,1.5
73.6,22.3,1.0
73.6,22.4,1.0
73.6,22.5,1.5
73.6,22.6,1.5
73.6,22.7,1.5
73.6,22.8,1.5
73.6,22.9,1.0
73.6,23.0,1.0
73.6,23.1,1.0
73.6,23.2,1.0
73.6,23.3,1.0
73.6,23.4,1.0
73.6,23.5,1.0
73.6,23.6,1.0
73.6,23.7,1.0
73.6,23.8,1.0
73.6,23.9,1.0
73.6,24.0,1.0
73.6,24.1,1.0
73.6,24.2,1.0
73.6,24.3,1.0
73.6,24.4,1.0
73.6,24.5,1.0
73.6,24.6,1.0
73.6,24.7,1.0
73.6,24.8,1.0
73.6,24.9,1.0
73.6,25.0,1.0
73.6,25.1,1.0
73.6,25.2,1.0
73.6,25.3,1.0
73.6,25.4,1.0
73.6,25.5,1.0
73.6,25.6,1.0
73.6,25.7,1.0
73.6,25.8,1.0
73.6,25.9,1.0
73.6,26.0,1.0
73.6,26.1,1.5
73.6,26.2,1.5
73.6,26.3,1.5
73.6,26.4,1.0
73.6,26.5,1.0
73.6,26.6,1.5
73.6,26.7,1.5
73.6,26.8,1.5
73.6,26.9,1.5
73.6,27.0,1.5
73.6,27.1,1.5
73.6,27.2,1.5
73.6,27.3,1.5
73.6,27.4,1.5
73.6,27.5,1.5
73.6,27.6,1.5
73.6,27.7,1.5
73.6,27.8,1.5
73.6,27.9,1.5
73.6,28.0,1.5
73.6,28.1,1.5
73.6,28.2,1.5
73.6,28.3,1.5
73.6,28.4,1.5
73.6,28.5,1.5
73.6,28.6,1.5
73.6,28.7,1.5
73.6,28.8,1.5
73.6,28.9,1.5
73.6,29.0,1.5
73.6,29.1,1.5
73.6,29.2,1.5
73.6,29.3,1.5
73.6,29.4,1.5
73.6,29.5,1.5
73.6,29.6,1.5
73.6,29.7,1.5
73.6,29.8,1.5
73.6,29.9,1.5
73.6,30.0,1.5
73.6,30.1,1.5
73.6,30.2,1.5
73.6,34.1,1.0
73.6,34.2,1.0
73.6,34.3,1.0
73.6,34.4,1.0
73.6,34.5,1.0
73.6,35.6,1.0
73.6,35.7,1.0
73.6,35.8,1.0
73.6,35.9,1.0
73.6,36.0,1.0
73.6,36.1,1.0
73.6,36.2,1.0
73.6,36.3,1.0
73.6,36.4,1.0
73.6,36.5,1.0
73.6,36.6,1.0
73.6,36.7,1.0
73.7,8.2,1.0
73.7,8.3,1.0
73.7,8.4,1.0
73.7,8.5,1.0
73.7,8.6,1.0
73.7,8.7,1.0
73.7,8.8,1.0
73.7,8.9,1.0
73.7,9.0,1.0
73.7,9.1,1.0
73.7,9.2,1.0
73.7,9.3,1.0
73.7,9.4,1.0
73.7,9.5,1.0
73.7,9.6,1.0
73.7,9.7,1.0
73.7,9.8,1.0
73.7,9.9,1.0
73.7,10.0,1.0
73.7,10.1,1.0
73.7,10.2,1.0
73.7,10.3,1.0
73.7,10.4,1.0
73.7,10.5,1.0
73.7,10.6,1.0
73.7,10.7,1.0
73.7,10.8,1.0
73.7,10.9,1.0
73.7,11.0,1.0
73.7,11.1,1.0
73.7,11.2,1.0
73.7,11.3,1.0
73.7,11.4,1.0
73.7,11.5,1.0
73.7,11.6,1.0
73.7,11.7,1.0
73.7,11.8,1.0
73.7,11.9,1.0
73.7,12.0,1.0
73.7,15.9,1.0
73.7,16.0,1.35
73.7,16.1,1.35
73.7,16.2,1.35
73.7,16.3,1.35
73.7,16.4,1.35
73.7,16.5,1.35
73.7,16.6,1.35
73.7,16.7,1.35
73.7,16.8,1.35
73.7,16.9,1.0
73.7,17.0,1.0
73.7,17.1,1.0
73.7,17.2,1.0
73.7,17.3,1.0
73.7,17.4,1.0
73.7,17.5,1.0
73.7,17.6,1.0
73.7,17.7,1.0
73.7,17.8,1.0
73.7,17.9,1.0
73.7,18.0,1.0
73.7,18.1,1.0
73.7,18.2,1.0
73.7,18.3,1.0
73.7,18.4,1.0
73.7,18.5,1.0
73.7,18.6,1.0
73.7,18.7,1.0
73.7,18.8,1.0
73.7,18.9,1.0
73.7,19.0,1.0
73.7,19.1,1.0
73.7,19.2,1.0
73.7,19.3,1.0
73.7,19.4,1.0
73.7,19.5,1.0
73.7,19.6,1.0
73.7,19.7,1.0
73.7,19.8,1.0
73.7,19.9,1.0
73.7,20.0,1.0
73.7,20.1,1.0
73.7,20.2,1.0
73.7,20.3,1.0
73.7,20.4,1.0
73.7,20.5,1.0
73.7,20.6,1.0
73.7,20.7,1.0
73.7,20.8,1.0
73.7,20.9,1.0
73.7,21.0,1.0
73.7,21.1,1.0
73.7,21.2,1.0
73.7,21.3,1.0
73.7,21.4,1.0
73.7,21.5,1.0
73.7,21.6,1.0
73.7,21.7,1.0
73.7,21.8,1.0
73.7,21.9,1.5
73.7,22.0,1.5
73.7,22.1,1.5
73.7,22.2,1.5
73.7,22.3,1.0
73.7,22.4,1.0
73.7,22.5,1.0
73.7,22.6,1.0
73.7,22.7,1.0
73.7,22.8,1.0
73.7,22.9,1.0
73.7,23.0,1.0
73.7,23.1,1.0
73.7,23.2,1.0
73.7,23.3,1.0
73.7,23.4,1.0
73.7,23.5,1.0
73.7,23.6,1.0
73.7,23.7,1.0
73.7,23.8,1.0
73.7,23.9,1.0
73.7,24.0,1.0
73.7,24.1,1.0
73.7,24.2,1.0
73.7,24.3,1.0
73.7,24.4,1.0
73.7,24.5,1.0
73.7,24.6,1.0
73.7,24.7,1.0
73.7,24.8,1.0
73.7,24.9,1.0
73.7,25.0,1.0
73.7,25.1,1.0
73.7,25.2,1.0
73.7,25.3,1.0
73.7,25.4,1.0
73.7,25.5,1.0
73.7,25.6,1.0
73.7,25.7,1.0
73.7,25.8,1.0
73.7,25.9,1.0
73.7,26.0,1.0
73.7,26.1,1.5
73.7,26.2,1.5
73.7,26.3,1.5
73.7,26.4,1.5
73.7,26.5,1.5
73.7,26.6,1.5
73.7,26.7,1.5
73.7,26.8,1.5
73.7,26.9,1.5
73.7,27.0,1.5
73.7,27.1,1.5
73.7,27.2,1.5
73.7,27.3,1.5
73.7,27.4,1.5
73.7,27.5,1.5
73.7,27.6,1.5
73.7,27.7,1.5
73.7,27.8,1.5
73.7,27.9,1.5
73.7,28.0,1.5
73.7,28.1,1.5
73.7,28.2,1.5
73.7,28.3,1.5
73.7,28.4,1.5
73.7,28.5,1.5
73.7,28.6,1.5
73.7,28.7,1.5
73.7,28.8,1.5
73.7,28.9,1.5
73.7,29.0,1.5
73.7,29.1,1.5
73.7,29.2,1.5
73.7,29.3,1.5
73.7,29.4,1.5
73.7,29.5,1.5
73.7,29.6,1.5
73.7,29.7,1.5
73.7,29.8,1.5
73.7,29.9,1.5
73.7,30.0,1.5
73.7,30.1,1.5
73.7,30.2,1.5
73.7,33.6,1.5
73.7,33.7,1.5
73.7,33.8,1.0
73.7,33.9,1.0
73.7,34.0,1.0
73.7,34.1,1.0
73.7,34.2,1.0
73.7,34.3,1.0
73.7,34.4,1.0
73.7,34.5,1.0
73.7,35.6,1.0
73.7,35.7,1.0
73.7,35.8,1.0
73.7,35.9,1.0
73.7,36.0,1.0
73.7,36.1,1.0
73.7,36.2,1.0
73.7,36.3,1.0
73.7,36.4,1.0
73.7,36.5,1.0
73.7,36.6,1.0
73.7,36.7,1.0
73.8,8.5,1.0
73.8,8.6,1.0
73.8,8.7,1.0
73.8,8.8,1.0
73.8,8.9,1.0
73.8,9.0,1.0
73.8,9.1,1.0
73.8,9.2,1.0
73.8,9.3,1.0
73.8,9.4,1.0
73.8,9.5,1.0
73.8,9.6,1.0
73.8,9.7,1.0
73.8,9.8,1.0
73.8,9.9,1.0
73.8,10.0,1.0
73.8,10.1,1.0
73.8,10.2,1.0
73.8,10.3,1.0
73.8,10.4,1.0
73.8,10.5,1.0
73.8,10.6,1.0
73.8,10.7,1.0
73.8,10.8,1.0
73.8,10.9,1.0
73.8,11.0,1.0
73.8,11.1,1.0
73.8,11.2,1.0
73.8,11.3,1.0
73.8,11.4,1.0
73.8,11.5,1.0
73.8,11.6,1.0
73.8,11.7,1.0
73.8,11.8,1.0
73.8,11.9,1.0
73.8,15.6,1.0
73.8,15.7,1.0
73.8,15.8,1.0
73.8,15.9,1.0
73.8,16.0,1.0
73.8,16.1,1.0
73.8,16.2,1.0
73.8,16.3,1.0
73.8,16.4,1.0
73.8,16.5,1.35
73.8,16.6,1.35
73.8,16.7,1.35
73.8,16.8,1.0
73.8,16.9,1.0
73.8,17.0,1.0
73.8,17.1,1.0
73.8,17.2,1.0
73.8,17.3,1.0
73.8,17.4,1.0
73.8,17.5,1.0
73.8,17.6,1.0
73.8,17.7,1.0
73.8,17.8,1.0
73.8,17.9,1.0
73.8,18.0,1.0
73.8,18.1,1.0
73.8,18.2,1.0
73.8,18.3,1.0
73.8,18.4,1.0
73.8,18.5,1.0
73.8,18.6,1.0
73.8,18.7,1.0
73.8,18.8,1.0
73.8,18.9,1.0
73.8,19.0,1.0
73.8,19.1,1.0
73.8,19.2,1.0
73.8,19.3,1.0
73.8,19.4,1.0
73.8,19.5,1.0
73.8,19.6,1.0
73.8,19.7,1.0
73.8,19.8,1.0
73.8,19.9,1.0
73.8,20.0,1.0
73.8,20.1,1.0
73.8,20.2,1.0
73.8,20.3,1.0
73.8,20.4,1.0
73.8,20.5,1.0
73.8,20.6,1.0
73.8,20.7,1.0
73.8,20.8,1.0
73.8,20.9,1.0
73.8,21.0,1.0
73.8,21.1,1.0
73.8,21.2,1.0
73.8,21.3,1.0
73.8,21.4,1.0
73.8,21.5,1.0
73.8,21.6,1.0
73.8,21.7,1.0
73.8,21.8,1.0
73.8,21.9,1.0
73.8,22.0,1.0
73.8,22.1,1.5
73.8,22.2,1.5
73.8,22.3,1.0
73.8,22.4,1.0
73.8,22.5,1.0
73.8,22.6,1.0
73.8,22.7,1.0
73.8,22.8,1.0
73.8,22.9,1.0
73.8,23.0,1.0
73.8,23.1,1.0
73.8,23.2,1.0
73.8,23.3,1.0
73.8,23.4,1.0
73.8,23.5,1.0
73.8,23.6,1.0
73.8,23.7,1.0
73.8,23.8,1.0
73.8,23.9,1.0
73.8,24.0,1.0
73.8,24.1,1.0
73.8,24.2,1.0
73.8,24.3,1.0
73.8,24.4,1.0
73.8,24.5,1.0
73.8,24.6,1.0
73.8,24.7,1.0
73.8,24.8,1.0
73.8,24.9,1.0
73.8,25.0,1.0
73.8,25.1,1.0
73.8,25.2,1.0
73.8,25.3,1.0
73.8,25.4,1.0
73.8,25.5,1.0
73.8,25.6,1.0
73.8,25.7,1.0
73.8,25.8,1.0
73.8,25.9,1.0
73.8,26.0,1.0
73.8,26.1,1.5
73.8,26.2,1.5
73.8,26.3,1.0
73.8,26.4,1.0
73.8,26.5,1.0
73.8,26.6,1.5
73.8,26.7,1.5
73.8,26.8,1.5
73.8,26.9,1.5
73.8,27.0,1.5
73.8,27.1,1.5
73.8,27.2,1.5
73.8,27.3,1.5
73.8,27.4,1.5
73.8,27.5,1.5
73.8,27.6,1.5
73.8,27.7,1.5
73.8,27.8,1.5
73.8,27.9,1.5
73.8,28.0,1.5
73.8,28.1,1.5
73.8,28.2,1.5
73.8,28.3,1.5
73.8,28.4,1.5
73.8,28.5,1.5
73.8,28.6,1.5
73.8,28.7,1.5
73.8,28.8,1.5
73.8,28.9,1.5
73.8,29.0,1.5
73.8,29.1,1.5
73.8,29.2,1.5
73.8,29.3,1.5
73.8,29.4,1.5
73.8,29.5,1.5
73.8,29.6,1.5
73.8,29.7,1.5
73.8,29.8,1.5
73.8,29.9,1.5
73.8,30.0,1.5
73.8,30.1,1.5
73.8,30.2,1.5
73.8,33.1,1.0
73.8,33.2,1.0
73.8,33.3,1.0
73.8,33.4,1.5
73.8,33.5,1.5
73.8,33.6,1.5
73.8,33.7,1.5
73.8,33.8,1.0
73.8,33.9,1.0
73.8,34.0,1.0
73.8,34.1,1.0
73.8,34.2,1.0
73.8,34.3,1.0
73.8,34.4,1.0
73.8,34.5,1.0
73.8,34.6,1.0
73.8,35.3,1.0
73.8,35.6,1.0
73.8,35.7,1.0
73.8,35.8,1.0
73.8,35.9,1.0
73.8,36.0,1.0
73.8,36.1,1.0
73.8,36.2,1.0
73.8,36.3,1.0
73.8,36.4,1.0
73.8,36.5,1.0
73.8,36.6,1.0
73.8,36.7,1.0
73.8,36.9,1.0
73.9,8.8,1.0
73.9,8.9,1.0
73.9,9.0,1.0
73.9,9.1,1.0
73.9,9.2,1.0
73.9,9.3,1.0
73.9,9.4,1.0
73.9,9.5,1.0
73.9,9.6,1.0
73.9,9.7,1.0
73.9,9.8,1.0
73.9,9.9,1.0
73.9,10.0,1.0
73.9,10.1,1.0
73.9,10.2,1.0
73.9,10.3,1.0
73.9,10.4,1.0
73.9,10.5,1.0
73.9,10.6,1.0
73.9,10.7,1.0
73.9,10.8,1.0
73.9,10.9,1.0
73.9,11.0,1.0
73.9,11.1,1.0
73.9,11.2,1.0
73.9,11.3,1.0
73.9,11.4,1.0
73.9,11.5,1.0
73.9,11.6,1.0
73.9,11.7,1.0
73.9,11.8,1.0
73.9,11.9,1.0
73.9,15.4,1.0
73.9,15.5,1.0
73.9,15.6,1.0
73.9,15.7,1.0
73.9,15.8,1.0
73.9,15.9,1.0
73.9,16.0,1.0
73.9,16.1,1.0
73.9,16.2,1.0
73.9,16.3,1.0
73.9,16.4,1.0
73.9,16.5,1.0
73.9,16.6,1.0
73.9,16.7,1.0
73.9,16.8,1.0
73.9,16.9,1.0
73.9,17.0,1.0
73.9,17.1,1.0
73.9,17.2,1.0
73.9,17.3,1.0
73.9,17.4,1.0
73.9,17.5,1.0
73.9,17.6,1.0
73.9,17.7,1.0
73.9,17.8,1.0
73.9,17.9,1.0
73.9,18.0,1.0
73.9,18.1,1.0
73.9,18.2,1.0
73.9,18.3,1.0
73.9,18.4,1.0
73.9,18.5,1.0
73.9,18.6,1.0
73.9,18.7,1.0
73.9,18.8,1.0
73.9,18.9,1.0
73.9,19.0,1.0
73.9,19.1,1.0
73.9,19.2,1.0
73.9,19.3,1.0
73.9,19.4,1.0
73.9,19.5,1.0
73.9,19.6,1.0
73.9,19.7,1.0
73.9,19.8,1.0
73.9,19.9,1.0
73.9,20.0,1.0
73.9,20.1,1.0
73.9,20.2,1.0
73.9,20.3,1.0
73.9,20.4,1.0
73.9,20.5,1.0
73.9,20.6,1.0
73.9,20.7,1.0
73.9,20.8,1.0
73.9,20.9,1.0
73.9,21.0,1.0
73.9,21.1,1.0
73.9,21.2,1.0
73.9,21.3,1.0
73.9,21.4,1.0
73.9,21.5,1.0
73.9,21.6,1.0
73.9,21.7,1.0
73.9,21.8,1.0
73.9,21.9,1.0
73.9,22.0,1.0
73.9,22.1,1.0
73.9,22.2,1.5
73.9,22.3,1.0
73.9,22.4,1.0
73.9,22.5,1.0
73.9,22.6,1.0
73.9,22.7,1.0
73.9,22.8,1.0
73.9,22.9,1.0
73.9,23.0,1.0
73.9,23.1,1.0
73.9,23.2,1.0
73.9,23.3,1.0
73.9,23.4,1.0
73.9,23.5,1.0
73.9,23.6,1.0
73.9,23.7,1.0
73.9,23.8,1.0
73.9,23.9,1.0
73.9,24.0,1.0
73.9,24.1,1.0
73.9,24.2,1.0
73.9,24.3,1.0
73.9,24.4,1.0
73.9,24.5,1.0
73.9,24.6,1.0
73.9,24.7,1.0
73.9,24.8,1.0
73.9,24.9,1.0
73.9,25.0,1.0
73.9,25.1,1.0
73.9,25.2,1.0
73.9,25.3,1.0
73.9,25.4,1.0
73.9,25.5,1.0
73.9,25.6,1.0
73.9,25.7,1.0
73.9,25.8,1.0
73.9,25.9,1.0
73.9,26.0,1.0
73.9,26.1,1.0
73.9,26.2,1.0
73.9,26.3,1.0
73.9,26.4,1.0
73.9,26.5,1.0
73.9,26.6,1.5
73.9,26.7,1.5
73.9,26.8,1.5
73.9,26.9,1.5
73.9,27.0,1.5
73.9,27.1,1.5
73.9,27.2,1.5
73.9,27.3,1.5
73.9,27.4,1.5
73.9,27.5,1.5
73.9,27.6,1.5
73.9,27.7,1.5
73.9,27.8,1.5
73.9,27.9,1.5
73.9,28.0,1.5
73.9,28.1,1.5
73.9,28.2,1.5
73.9,28.3,1.5
73.9,28.4,1.5
73.9,28.5,1.5
73.9,28.6,1.5
73.9,28.7,1.5
73.9,28.8,1.5
73.9,28.9,1.5
73.9,29.0,1.5
73.9,29.1,1.5
73.9,29.2,1.5
73.9,29.3,1.5
73.9,29.4,1.5
73.9,29.5,1.5
73.9,29.6,1.5
73.9,29.7,1.5
73.9,29.8,1.5
73.9,29.9,1.5
73.9,30.0,1.5
73.9,30.1,1.5
73.9,30.2,1.5
73.9,30.3,1.5
73.9,33.0,1.0
73.9,33.1,1.0
73.9,33.2,1.0
73.9,33.3,1.0
73.9,33.4,1.5
73.9,33.5,1.5
73.9,33.6,1.5
73.9,33.7,1.15
73.9,33.8,1.15
73.9,33.9,1.15
73.9,34.0,1.15
73.9,34.1,1.15
73.9,34.2,1.15
73.9,34.3,1.15
73.9,34.4,1.15
73.9,34.5,1.15
73.9,34.6,1.15
73.9,34.7,1.15
73.9,34.8,1.15
73.9,34.9,1.15
73.9,35.3,1.0
73.9,35.4,1.0
73.9,35.5,1.0
73.9,35.6,1.0
73.9,35.7,1.0
73.9,35.8,1.0
73.9,35.9,1.0
73.9,36.0,1.0
73.9,36.1,1.0
73.9,36.2,1.0
73.9,36.3,1.0
73.9,36.4,1.0
73.9,36.5,1.0
73.9,36.6,1.0
73.9,36.7,1.0
73.9,36.9,1.0
74.0,9.2,1.0
74.0,9.3,1.0
74.0,9.4,1.0
74.0,9.5,1.0
74.0,9.6,1.0
74.0,9.7,1.0
74.0,9.8,1.0
74.0,9.9,1.0
74.0,10.0,1.0
74.0,10.1,1.0
74.0,10.2,1.0
74.0,10.3,1.0
74.0,10.4,1.0
74.0,10.5,1.0
74.0,10.6,1.0
74.0,10.7,1.0
74.0,10.8,1.0
74.0,10.9,1.0
74.0,11.0,1.0
74.0,11.1,1.0
74.0,11.2,1.0
74.0,11.3,1.0
74.0,11.4,1.0
74.0,11.5,1.0
74.0,11.6,1.0
74.0,11.7,1.0
74.0,15.1,1.0
74.0,15.2,1.0
74.0,15.3,1.0
74.0,15.4,1.0
74.0,15.5,1.0
74.0,15.6,1.0
74.0,15.7,1.0
74.0,15.8,1.0
74.0,15.9,1.0
74.0,16.0,1.0
74.0,16.1,1.0
74.0,16.2,1.0
74.0,16.3,1.0
74.0,16.4,1.0
74.0,16.5,1.0
74.0,16.6,1.0
74.0,16.7,1.0
74.0,16.8,1.0
74.0,16.9,1.0
74.0,17.0,1.0
74.0,17.1,1.0
74.0,17.2,1.0
74.0,17.3,1.0
74.0,17.4,1.0
74.0,17.5,1.0
74.0,17.6,1.0
74.0,17.7,1.0
74.0,17.8,1.0
74.0,17.9,1.0
74.0,18.0,1.0
74.0,18.1,1.0
74.0,18.2,1.0
74.0,18.3,1.0
74.0,18.4,1.0
74.0,18.5,1.0
74.0,18.6,1.0
74.0,18.7,1.0
74.0,18.8,1.0
74.0,18.9,1.0
74.0,19.0,1.0
74.0,19.1,1.0
74.0,19.2,1.0
74.0,19.3,1.0
74.0,19.4,1.0
74.0,19.5,1.0
74.0,19.6,1.0
74.0,19.7,1.0
74.0,19.8,1.0
74.0,19.9,1.0
74.0,20.0,1.0
74.0,20.1,1.0
74.0,20.2,1.0
74.0,20.3,1.0
74.0,20.4,1.0
74.0,20.5,1.0
74.0,20.6,1.0
74.0,20.7,1.0
74.0,20.8,1.0
74.0,20.9,1.0
74.0,21.0,1.0
74.0,21.1,1.0
74.0,21.2,1.0
74.0,21.3,1.0
74.0,21.4,1.0
74.0,21.5,1.0
74.0,21.6,1.0
74.0,21.7,1.0
74.0,21.8,1.0
74.0,21.9,1.0
74.0,22.0,1.0
74.0,22.1,1.0
74.0,22.2,1.0
74.0,22.3,1.0
74.0,22.4,1.0
74.0,22.5,1.0
74.0,22.6,1.0
74.0,22.7,1.0
74.0,22.8,1.0
74.0,22.9,1.0
74.0,23.0,1.0
74.0,23.1,1.0
74.0,23.2,1.0
74.0,23.3,1.0
74.0,23.4,1.0
74.0,23.5,1.0
74.0,23.6,1.0
74.0,23.7,1.0
74.0,23.8,1.0
74.0,23.9,1.0
74.0,24.0,1.0
74.0,24.1,1.0
74.0,24.2,1.0
74.0,24.3,1.0
74.0,24.4,1.0
74.0,24.5,1.0
74.0,24.6,1.0
74.0,24.7,1.0
74.0,24.8,1.0
74.0,24.9,1.0
74.0,25.0,1.0
74.0,25.1,1.0
74.0,25.2,1.0
74.0,25.3,1.0
74.0,25.4,1.0
74.0,25.5,1.0
74.0,25.6,1.0
74.0,25.7,1.0
74.0,25.8,1.0
74.0,25.9,1.0
74.0,26.0,1.0
74.0,26.1,1.0
74.0,26.2,1.0
74.0,26.3,1.0
74.0,26.4,1.0
74.0,26.5,1.5
74.0,26.6,1.5
74.0,26.7,1.5
74.0,26.8,1.5
74.0,26.9,1.5
74.0,27.0,1.5
74.0,27.1,1.5
74.0,27.2,1.5
74.0,27.3,1.5
74.0,27.4,1.5
74.0,27.5,1.5
74.0,27.6,1.5
74.0,27.7,1.5
74.0,27.8,1.5
74.0,27.9,1.5
74.0,28.0,1.5
74.0,28.1,1.5
74.0,28.2,1.5
74.0,28.3,1.5
74.0,28.4,1.5
74.0,28.5,1.5
74.0,28.6,1.5
74.0,28.7,1.5
74.0,28.8,1.5
74.0,28.9,1.5
74.0,29.0,1.5
74.0,29.1,1.5
74.0,29.2,1.5
74.0,29.3,1.5
74.0,29.4,1.5
74.0,29.5,1.5
74.0,29.6,1.5
74.0,29.7,1.5
74.0,29.8,1.5
74.0,29.9,1.5
74.0,30.0,1.5
74.0,30.1,1.5
74.0,30.2,1.5
74.0,30.3,1.5
74.0,33.0,1.0
74.0,33.1,1.0
74.0,33.2,1.0
74.0,33.3,1.0
74.0,33.4,1.5
74.0,33.5,1.5
74.0,33.6,1.15
74.0,33.7,1.15
74.0,33.8,1.15
74.0,33.9,1.15
74.0,34.0,1.15
74.0,34.1,1.15
74.0,34.2,1.15
74.0,34.3,1.15
74.0,34.4,1.15
74.0,34.5,1.15
74.0,34.6,1.15
74.0,34.7,1.15
74.0,34.8,1.15
74.0,35.2,1.0
74.0,35.3,1.0
74.0,35.4,1.0
74.0,35.5,1.0
74.0,35.6,1.0
74.0,35.7,1.0
74.0,35.8,1.0
74.0,35.9,1.0
74.0,36.0,1.0
74.0,36.1,1.0
74.0,36.2,1.0
74.0,36.3,1.0
74.0,36.4,1.0
74.0,36.5,1.0
74.0,36.6,1.0
74.0,36.7,1.0
74.0,36.8,1.0
74.1,9.7,1.0
74.1,9.8,1.0
74.1,9.9,1.0
74.1,10.0,1.0
74.1,10.1,1.0
74.1,10.2,1.0
74.1,10.3,1.0
74.1,10.4,1.0
74.1,10.5,1.0
74.1,10.6,1.0
74.1,10.7,1.0
74.1,10.8,1.0
74.1,10.9,1.0
74.1,11.0,1.0
74.1,11.1,1.0
74.1,11.2,1.0
74.1,11.3,1.0
74.1,11.4,1.0
74.1,14.9,1.0
74.1,15.0,1.0
74.1,15.1,1.0
74.1,15.2,1.0
74.1,15.3,1.0
74.1,15.4,1.0
74.1,15.5,1.0
74.1,15.6,1.0
74.1,15.7,1.0
74.1,15.8,1.0
74.1,15.9,1.0
74.1,16.0,1.0
74.1,16.1,1.0
74.1,16.2,1.0
74.1,16.3,1.0
74.1,16.4,1.0
74.1,16.5,1.0
74.1,16.6,1.0
74.1,16.7,1.0
74.1,16.8,1.0
74.1,16.9,1.0
74.1,17.0,1.0
74.1,17.1,1.0
74.1,17.2,1.0
74.1,17.3,1.0
74.1,17.4,1.0
74.1,17.5,1.0
74.1,17.6,1.0
74.1,17.7,1.0
74.1,17.8,1.0
74.1,17.9,1.0
74.1,18.0,1.0
74.1,18.1,1.0
74.1,18.2,1.0
74.1,18.3,1.0
74.1,18.4,1.0
74.1,18.5,1.0
74.1,18.6,1.0
74.1,18.7,1.0
74.1,18.8,1.0
74.1,18.9,1.0
74.1,19.0,1.0
74.1,19.1,1.0
74.1,19.2,1.0
74.1,19.3,1.0
74.1,19.4,1.0
74.1,19.5,1.0
74.1,19.6,1.0
74.1,19.7,1.0
74.1,19.8,1.0
74.1,19.9,1.0
74.1,20.0,1.0
74.1,20.1,1.0
74.1,20.2,1.0
74.1,20.3,1.0
74.1,20.4,1.0
74.1,20.5,1.0
74.1,20.6,1.0
74.1,20.7,1.0
74.1,20.8,1.0
74.1,20.9,1.0
74.1,21.0,1.0
74.1,21.1,1.0
74.1,21.2,1.0
74.1,21.3,1.0
74.1,21.4,1.0
74.1,21.5,1.0
74.1,21.6,1.0
74.1,21.7,1.0
74.1,21.8,1.0
74.1,21.9,1.0
74.1,22.0,1.0
74.1,22.1,1.0
74.1,22.2,1.0
74.1,22.3,1.0
74.1,22.4,1.0
74.1,22.5,1.0
74.1,22.6,1.0
74.1,22.7,1.0
74.1,22.8,1.0
74.1,22.9,1.0
74.1,23.0,1.0
74.1,23.1,1.0
74.1,23.2,1.0
74.1,23.3,1.0
74.1,23.4,1.0
74.1,23.5,1.0
74.1,23.6,1.0
74.1,23.7,1.0
74.1,23.8,1.0
74.1,23.9,1.0
74.1,24.0,1.0
74.1,24.1,1.0
74.1,24.2,1.0
74.1,24.3,1.0
74.1,24.4,1.0
74.1,24.5,1.0
74.1,24.6,1.0
74.1,24.7,1.0
74.1,24.8,1.0
74.1,24.9,1.0
74.1,25.0,1.0
74.1,25.1,1.0
74.1,25.2,1.0
74.1,25.3,1.0
74.1,25.4,1.0
74.1,25.5,1.0
74.1,25.6,1.0
74.1,25.7,1.0
74.1,25.8,1.0
74.1,25.9,1.0
74.1,26.0,1.0
74.1,26.1,1.0
74.1,26.2,1.5
74.1,26.3,1.5
74.1,26.4,1.0
74.1,26.5,1.5
74.1,26.6,1.5
74.1,26.7,1.5
74.1,26.8,1.5
74.1,26.9,1.5
74.1,27.0,1.5
74.1,27.1,1.5
74.1,27.2,1.5
74.1,27.3,1.5
74.1,27.4,1.5
74.1,27.5,1.5
74.1,27.6,1.5
74.1,27.7,1.5
74.1,27.8,1.5
74.1,27.9,1.5
74.1,28.0,1.5
74.1,28.1,1.5
74.1,28.2,1.5
74.1,28.3,1.5
74.1,28.4,1.5
74.1,28.5,1.5
74.1,28.6,1.5
74.1,28.7,1.5
74.1,28.8,1.5
74.1,28.9,1.5
74.1,29.0,1.5
74.1,29.1,1.5
74.1,29.2,1.5
74.1,29.3,1.5
74.1,29.4,1.5
74.1,29.5,1.5
74.1,29.6,1.5
74.1,29.7,1.5
74.1,29.8,1.5
74.1,29.9,1.5
74.1,30.0,1.5
74.1,30.1,1.5
74.1,30.2,1.5
74.1,30.3,1.5
74.1,30.4,1.5
74.1,30.5,1.5
74.1,30.7,1.5
74.1,30.8,1.5
74.1,32.9,1.0
74.1,33.0,1.0
74.1,33.1,1.0
74.1,33.2,1.0
74.1,33.3,1.0
74.1,33.4,1.0
74.1,33.5,1.0
74.1,33.6,1.15
74.1,33.7,1.15
74.1,33.8,1.15
74.1,33.9,1.15
74.1,34.0,1.15
74.1,34.1,1.15
74.1,34.2,1.15
74.1,34.3,1.15
74.1,34.4,1.15
74.1,34.5,1.15
74.1,34.6,1.15
74.1,34.7,1.0
74.1,34.8,1.0
74.1,35.2,1.0
74.1,35.3,1.0
74.1,35.4,1.0
74.1,35.5,1.0
74.1,35.6,1.0
74.1,35.7,1.0
74.1,35.8,1.0
74.1,35.9,1.0
74.1,36.0,1.0
74.1,36.1,1.0
74.1,36.2,1.0
74.1,36.3,1.0
74.1,36.4,1.0
74.1,36.5,1.0
74.1,36.6,1.0
74.1,36.7,1.0
74.1,36.8,1.0
74.2,10.3,1.0
74.2,10.4,1.0
74.2,10.5,1.0
74.2,10.6,1.0
74.2,10.7,1.0
74.2,10.8,1.0
74.2,10.9,1.0
74.2,14.8,1.0
74.2,14.9,1.0
74.2,15.0,1.0
74.2,15.1,1.0
74.2,15.2,1.0
74.2,15.3,1.0
74.2,15.4,1.0
74.2,15.5,1.0
74.2,15.6,1.0
74.2,15.7,1.0
74.2,15.8,1.0
74.2,15.9,1.0
74.2,16.0,1.0
74.2,16.1,1.0
74.2,16.2,1.0
74.2,16.3,1.0
74.2,16.4,1.0
74.2,16.5,1.0
74.2,16.6,1.0
74.2,16.7,1.0
74.2,16.8,1.0
74.2,16.9,1.0
74.2,17.0,1.0
74.2,17.1,1.0
74.2,17.2,1.0
74.2,17.3,1.0
74.2,17.4,1.0
74.2,17.5,1.0
74.2,17.6,1.0
74.2,17.7,1.0
74.2,17.8,1.0
74.2,17.9,1.0
74.2,18.0,1.0
74.2,18.1,1.0
74.2,18.2,1.0
74.2,18.3,1.0
74.2,18.4,1.0
74.2,18.5,1.0
74.2,18.6,1.0
74.2,18.7,1.0
74.2,18.8,1.0
74.2,18.9,1.0
74.2,19.0,1.0
74.2,19.1,1.0
74.2,19.2,1.0
74.2,19.3,1.0
74.2,19.4,1.0
74.2,19.5,1.0
74.2,19.6,1.0
74.2,19.7,1.0
74.2,19.8,1.0
74.2,19.9,1.0
74.2,20.0,1.0
74.2,20.1,1.0
74.2,20.2,1.0
74.2,20.3,1.0
74.2,20.4,1.0
74.2,20.5,1.0
74.2,20.6,1.0
74.2,20.7,1.0
74.2,20.8,1.0
74.2,20.9,1.0
74.2,21.0,1.0
74.2,21.1,1.0
74.2,21.2,1.0
74.2,21.3,1.0
74.2,21.4,1.0
74.2,21.5,1.0
74.2,21.6,1.0
74.2,21.7,1.0
74.2,21.8,1.0
74.2,21.9,1.0
74.2,22.0,1.0
74.2,22.1,1.0
74.2,22.2,1.0
74.2,22.3,1.0
74.2,22.4,1.0
74.2,22.5,1.0
74.2,22.6,1.0
74.2,22.7,1.0
74.2,22.8,1.0
74.2,22.9,1.0
74.2,23.0,1.0
74.2,23.1,1.0
74.2,23.2,1.0
74.2,23.3,1.0
74.2,23.4,1.0
74.2,23.5,1.0
74.2,23.6,1.0
74.2,23.7,1.0
74.2,23.8,1.0
74.2,23.9,1.0
74.2,24.0,1.0
74.2,24.1,1.0
74.2,24.2,1.0
74.2,24.3,1.0
74.2,24.4,1.0
74.2,24.5,1.0
74.2,24.6,1.0
74.2,24.7,1.0
74.2,24.8,1.0
74.2,24.9,1.0
74.2,25.0,1.0
74.2,25.1,1.0
74.2,25.2,1.0
74.2,25.3,1.0
74.2,25.4,1.0
74.2,25.5,1.0
74.2,25.6,1.0
74.2,25.7,1.0
74.2,25.8,1.0
74.2,25.9,1.0
74.2,26.0,1.0
74.2,26.1,1.0
74.2,26.2,1.5
74.2,26.3,1.5
74.2,26.4,1.5
74.2,26.5,1.0
74.2,26.6,1.5
74.2,26.7,1.5
74.2,26.8,1.5
74.2,26.9,1.5
74.2,27.0,1.5
74.2,27.1,1.5
74.2,27.2,1.5
74.2,27.3,1.5
74.2,27.4,1.5
74.2,27.5,1.5
74.2,27.6,1.5
74.2,27.7,1.5
74.2,27.8,1.5
74.2,27.9,1.5
74.2,28.0,1.5
74.2,28.1,1.5
74.2,28.2,1.5
74.2,28.3,1.5
74.2,28.4,1.5
74.2,28.5,1.5
74.2,28.6,1.5
74.2,28.7,1.5
74.2,28.8,1.5
74.2,28.9,1.5
74.2,29.0,1.5
74.2,29.1,1.5
74.2,29.2,1.5
74.2,29.3,1.5
74.2,29.4,1.5
74.2,29.5,1.5
74.2,29.6,1.5
74.2,29.7,1.5
74.2,29.8,1.5
74.2,29.9,1.5
74.2,30.0,1.5
74.2,30.1,1.5
74.2,30.2,1.5
74.2,30.3,1.5
74.2,30.4,1.5
74.2,30.5,1.5
74.2,30.6,1.5
74.2,30.7,1.5
74.2,30.8,1.5
74.2,30.9,1.5
74.2,32.9,1.0
74.2,33.0,1.0
74.2,33.1,1.0
74.2,33.2,1.0
74.2,33.3,1.5
74.2,33.4,1.0
74.2,33.5,1.0
74.2,33.6,1.15
74.2,33.7,1.15
74.2,33.8,1.15
74.2,33.9,1.15
74.2,34.0,1.15
74.2,34.1,1.15
74.2,34.2,1.15
74.2,34.3,1.15
74.2,34.4,1.15
74.2,34.5,1.15
74.2,34.6,1.0
74.2,34.7,1.0
74.2,34.8,1.0
74.2,34.9,1.0
74.2,35.0,1.0
74.2,35.2,1.0
74.2,35.3,1.0
74.2,35.4,1.0
74.2,35.5,1.0
74.2,35.6,1.0
74.2,35.7,1.0
74.2,35.8,1.0
74.2,35.9,1.0
74.2,36.0,1.0
74.2,36.1,1.0
74.2,36.2,1.0
74.2,36.3,1.0
74.2,36.4,1.0
74.2,36.5,1.0
74.2,36.6,1.0
74.2,36.7,1.0
74.2,36.8,1.0
74.3,14.8,1.0
74.3,14.9,1.0
74.3,15.0,1.0
74.3,15.1,1.0
74.3,15.2,1.0
74.3,15.3,1.0
74.3,15.4,1.0
74.3,15.5,1.0
74.3,15.6,1.0
74.3,15.7,1.0
74.3,15.8,1.0
74.3,15.9,1.0
74.3,16.0,1.0
74.3,16.1,1.0
74.3,16.2,1.0
74.3,16.3,1.0
74.3,16.4,1.0
74.3,16.5,1.0
74.3,16.6,1.0
74.3,16.7,1.0
74.3,16.8,1.0
74.3,16.9,1.0
74.3,17.0,1.0
74.3,17.1,1.0
74.3,17.2,1.0
74.3,17.3,1.0
74.3,17.4,1.0
74.3,17.5,1.0
74.3,17.6,1.0
74.3,17.7,1.0
74.3,17.8,1.0
74.3,17.9,1.0
74.3,18.0,1.0
74.3,18.1,1.0
74.3,18.2,1.0
74.3,18.3,1.0
74.3,18.4,1.0
74.3,18.5,1.0
74.3,18.6,1.0
74.3,18.7,1.0
74.3,18.8,1.0
74.3,18.9,1.0
74.3,19.0,1.0
74.3,19.1,1.0
74.3,19.2,1.0
74.3,19.3,1.0
74.3,19.4,1.0
74.3,19.5,1.0
74.3,19.6,1.0
74.3,19.7,1.0
74.3,19.8,1.0
74.3,19.9,1.0
74.3,20.0,1.0
74.3,20.1,1.0
74.3,20.2,1.0
74.3,20.3,1.0
74.3,20.4,1.0
74.3,20.5,1.0
74.3,20.6,1.0
74.3,20.7,1.0
74.3,20.8,1.0
74.3,20.9,1.0
74.3,21.0,1.0
74.3,21.1,1.0
74.3,21.2,1.0
74.3,21.3,1.0
74.3,21.4,1.0
74.3,21.5,1.0
74.3,21.6,1.0
74.3,21.7,1.0
74.3,21.8,1.0
74.3,21.9,1.0
74.3,22.0,1.0
74.3,22.1,1.0
74.3,22.2,1.0
74.3,22.3,1.0
74.3,22.4,1.0
74.3,22.5,1.0
74.3,22.6,1.0
74.3,22.7,1.0
74.3,22.8,1.0
74.3,22.9,1.0
74.3,23.0,1.0
74.3,23.1,1.0
74.3,23.2,1.0
74.3,23.3,1.0
74.3,23.4,1.0
74.3,23.5,1.0
74.3,23.6,1.0
74.3,23.7,1.0
74.3,23.8,1.0
74.3,23.9,1.0
74.3,24.0,1.0
74.3,24.1,1.0
74.3,24.2,1.0
74.3,24.3,1.0
74.3,24.4,1.0
74.3,24.5,1.0
74.3,24.6,1.0
74.3,24.7,1.0
74.3,24.8,1.0
74.3,24.9,1.0
74.3,25.0,1.0
74.3,25.1,1.0
74.3,25.2,1.0
74.3,25.3,1.0
74.3,25.4,1.0
74.3,25.5,1.0
74.3,25.6,1.0
74.3,25.7,1.0
74.3,25.8,1.0
74.3,25.9,1.0
74.3,26.0,1.0
74.3,26.1,1.0
74.3,26.2,1.0
74.3,26.3,1.0
74.3,26.4,1.5
74.3,26.5,1.5
74.3,26.6,1.5
74.3,26.7,1.5
74.3,26.8,1.5
74.3,26.9,1.5
74.3,27.0,1.5
74.3,27.1,1.5
74.3,27.2,1.5
74.3,27.3,1.5
74.3,27.4,1.5
74.3,27.5,1.5
74.3,27.6,1.5
74.3,27.7,1.5
74.3,27.8,1.5
74.3,27.9,1.5
74.3,28.0,1.5
74.3,28.1,1.5
74.3,28.2,1.5
74.3,28.3,1.5
74.3,28.4,1.5
74.3,28.5,1.5
74.3,28.6,1.5
74.3,28.7,1.5
74.3,28.8,1.5
74.3,28.9,1.5
74.3,29.0,1.5
74.3,29.1,1.5
74.3,29.2,1.5
74.3,29.3,1.5
74.3,29.4,1.5
74.3,29.5,1.5
74.3,29.6,1.5
74.3,29.7,1.5
74.3,29.8,1.5
74.3,29.9,1.5
74.3,30.0,1.5
74.3,30.1,1.5
74.3,30.2,1.5
74.3,30.3,1.5
74.3,30.4,1.5
74.3,30.5,1.5
74.3,30.6,1.5
74.3,30.7,1.5
74.3,30.8,1.5
74.3,30.9,1.5
74.3,31.0,1.5
74.3,32.9,1.0
74.3,33.0,1.0
74.3,33.1,1.0
74.3,33.2,1.0
74.3,33.3,1.5
74.3,33.4,1.0
74.3,33.5,1.15
74.3,33.6,1.15
74.3,33.7,1.15
74.3,33.8,1.15
74.3,33.9,1.15
74.3,34.0,1.15
74.3,34.1,1.15
74.3,34.2,1.15
74.3,34.3,1.15
74.3,34.4,1.0
74.3,34.5,1.0
74.3,34.6,1.0
74.3,34.7,1.0
74.3,34.8,1.0
74.3,34.9,1.0
74.3,35.0,1.0
74.3,35.1,1.0
74.3,35.2,1.0
74.3,35.3,1.0
74.3,35.4,1.0
74.3,35.5,1.0
74.3,35.6,1.0
74.3,35.7,1.0
74.3,35.8,1.0
74.3,35.9,1.0
74.3,36.0,1.0
74.3,36.1,1.0
74.3,36.2,1.0
74.3,36.3,1.0
74.3,36.4,1.0
74.3,36.5,1.0
74.3,36.6,1.0
74.3,36.7,1.0
74.3,36.8,1.0
74.3,36.9,1.0
74.4,14.5,1.0
74.4,14.6,1.5
74.4,14.7,1.5
74.4,14.8,1.5
74.4,14.9,1.0
74.4,15.0,1.0
74.4,15.1,1.0
74.4,15.2,1.0
74.4,15.3,1.0
74.4,15.4,1.0
74.4,15.5,1.0
74.4,15.6,1.0
74.4,15.7,1.0
74.4,15.8,1.0
74.4,15.9,1.0
74.4,16.0,1.0
74.4,16.1,1.15
74.4,16.2,1.0
74.4,16.3,1.0
74.4,16.4,1.0
74.4,16.5,1.0
74.4,16.6,1.0
74.4,16.7,1.0
74.4,16.8,1.0
74.4,16.9,1.0
74.4,17.0,1.0
74.4,17.1,1.0
74.4,17.2,1.0
74.4,17.3,1.0
74.4,17.4,1.0
74.4,17.5,1.0
74.4,17.6,1.0
74.4,17.7,1.0
74.4,17.8,1.0
74.4,17.9,1.0
74.4,18.0,1.0
74.4,18.1,1.0
74.4,18.2,1.0
74.4,18.3,1.0
74.4,18.4,1.0
74.4,18.5,1.0
74.4,18.6,1.0
74.4,18.7,1.0
74.4,18.8,1.0
74.4,18.9,1.0
74.4,19.0,1.0
74.4,19.1,1.0
74.4,19.2,1.0
74.4,19.3,1.0
74.4,19.4,1.0
74.4,19.5,1.0
74.4,19.6,1.0
74.4,19.7,1.0
74.4,19.8,1.0
74.4,19.9,1.0
74.4,20.0,1.0
74.4,20.1,1.0
74.4,20.2,1.0
74.4,20.3,1.0
74.4,20.4,1.0
74.4,20.5,1.0
74.4,20.6,1.0
74.4,20.7,1.0
74.4,20.8,1.0
74.4,20.9,1.0
74.4,21.0,1.0
74.4,21.1,1.0
74.4,21.2,1.0
74.4,21.3,1.0
74.4,21.4,1.0
74.4,21.5,1.0
74.4,21.6,1.0
74.4,21.7,1.0
74.4,21.8,1.0
74.4,21.9,1.0
74.4,22.0,1.0
74.4,22.1,1.0
74.4,22.2,1.0
74.4,22.3,1.0
74.4,22.4,1.0
74.4,22.5,1.0
74.4,22.6,1.0
74.4,22.7,1.0
74.4,22.8,1.0
74.4,22.9,1.0
74.4,23.0,1.0
74.4,23.1,1.0
74.4,23.2,1.0
74.4,23.3,1.0
74.4,23.4,1.0
74.4,23.5,1.0
74.4,23.6,1.0
74.4,23.7,1.0
74.4,23.8,1.0
74.4,23.9,1.0
74.4,24.0,1.0
74.4,24.1,1.0
74.4,24.2,1.0
74.4,24.3,1.0
74.4,24.4,1.0
74.4,24.5,1.0
74.4,24.6,1.0
74.4,24.7,1.0
74.4,24.8,1.0
74.4,24.9,1.0
74.4,25.0,1.0
74.4,25.1,1.0
74.4,25.2,1.0
74.4,25.3,1.0
74.4,25.4,1.0
74.4,25.5,1.0
74.4,25.6,1.0
74.4,25.7,1.0
74.4,25.8,1.0
74.4,25.9,1.0
74.4,26.0,1.0
74.4,26.1,1.0
74.4,26.2,1.0
74.4,26.3,1.0
74.4,26.4,1.5
74.4,26.5,1.5
74.4,26.6,1.5
74.4,26.7,1.5
74.4,26.8,1.5
74.4,26.9,1.5
74.4,27.0,1.5
74.4,27.1,1.5
74.4,27.2,1.5
74.4,27.3,1.5
74.4,27.4,1.5
74.4,27.5,1.5
74.4,27.6,1.5
74.4,27.7,1.5
74.4,27.8,1.5
74.4,27.9,1.5
74.4,28.0,1.5
74.4,28.1,1.5
74.4,28.2,1.5
74.4,28.3,1.5
74.4,28.4,1.5
74.4,28.5,1.5
74.4,28.6,1.5
74.4,28.7,1.5
74.4,28.8,1.5
74.4,28.9,1.5
74.4,29.0,1.5
74.4,29.1,1.5
74.4,29.2,1.5
74.4,29.3,1.5
74.4,29.4,1.5
74.4,29.5,1.5
74.4,29.6,1.5
74.4,29.7,1.5
74.4,29.8,1.5
74.4,29.9,1.5
74.4,30.0,1.5
74.4,30.1,1.5
74.4,30.2,1.5
74.4,30.3,1.5
74.4,30.4,1.5
74.4,30.5,1.5
74.4,30.6,1.5
74.4,30.7,1.5
74.4,30.8,1.5
74.4,30.9,1.5
74.4,31.0,1.5
74.4,31.1,1.5
74.4,32.8,1.0
74.4,32.9,1.0
74.4,33.0,1.0
74.4,33.1,1.0
74.4,33.2,1.5
74.4,33.3,1.5
74.4,33.4,1.0
74.4,33.5,1.15
74.4,33.6,1.15
74.4,33.7,1.15
74.4,33.8,1.15
74.4,33.9,1.15
74.4,34.0,1.15
74.4,34.1,1.15
74.4,34.2,1.0
74.4,34.3,1.0
74.4,34.4,1.0
74.4,34.5,1.0
74.4,34.6,1.0
74.4,34.7,1.0
74.4,34.8,1.0
74.4,34.9,1.0
74.4,35.0,1.0
74.4,35.1,1.0
74.4,35.2,1.0
74.4,35.3,1.0
74.4,35.4,1.0
74.4,35.5,1.0
74.4,35.6,1.0
74.4,35.7,1.0
74.4,35.8,1.0
74.4,35.9,1.0
74.4,36.0,1.0
74.4,36.1,1.0
74.4,36.2,1.0
74.4,36.3,1.0
74.4,36.4,1.0
74.4,36.5,1.0
74.4,36.6,1.0
74.4,36.7,1.0
74.4,36.8,1.0
74.4,36.9,1.0
74.5,14.2,1.0
74.5,14.3,1.5
74.5,14.4,1.5
74.5,14.5,1.5
74.5,14.6,1.5
74.5,14.7,1.5
74.5,14.8,1.0
74.5,14.9,1.0
74.5,15.0,1.0
74.5,15.1,1.0
74.5,15.2,1.0
74.5,15.3,1.0
74.5,15.4,1.0
74.5,15.5,1.0
74.5,15.6,1.0
74.5,15.7,1.0
74.5,15.8,1.0
74.5,15.9,1.0
74.5,16.0,1.0
74.5,16.1,1.15
74.5,16.2,1.0
74.5,16.3,1.0
74.5,16.4,1.0
74.5,16.5,1.0
74.5,16.6,1.0
74.5,16.7,1.0
74.5,16.8,1.0
74.5,16.9,1.0
74.5,17.0,1.0
74.5,17.1,1.0
74.5,17.2,1.0
74.5,17.3,1.0
74.5,17.4,1.0
74.5,17.5,1.0
74.5,17.6,1.0
74.5,17.7,1.0
74.5,17.8,1.0
74.5,17.9,1.0
74.5,18.0,1.0
74.5,18.1,1.0
74.5,18.2,1.0
74.5,18.3,1.0
74.5,18.4,1.0
74.5,18.5,1.0
74.5,18.6,1.0
74.5,18.7,1.0
74.5,18.8,1.0
74.5,18.9,1.0
74.5,19.0,1.0
74.5,19.1,1.0
74.5,19.2,1.0
74.5,19.3,1.0
74.5,19.4,1.0
74.5,19.5,1.0
74.5,19.6,1.0
74.5,19.7,1.0
74.5,19.8,1.0
74.5,19.9,1.0
74.5,20.0,1.0
74.5,20.1,1.0
74.5,20.2,1.0
74.5,20.3,1.0
74.5,20.4,1.0
74.5,20.5,1.0
74.5,20.6,1.0
74.5,20.7,1.0
74.5,20.8,1.0
74.5,20.9,1.0
74.5,21.0,1.0
74.5,21.1,1.0
74.5,21.2,1.0
74.5,21.3,1.0
74.5,21.4,1.0
74.5,21.5,1.0
74.5,21.6,1.0
74.5,21.7,1.0
74.5,21.8,1.0
74.5,21.9,1.0
74.5,22.0,1.0
74.5,22.1,1.0
74.5,22.2,1.0
74.5,22.3,1.0
74.5,22.4,1.0
74.5,22.5,1.0
74.5,22.6,1.0
74.5,22.7,1.0
74.5,22.8,1.0
74.5,22.9,1.0
74.5,23.0,1.0
74.5,23.1,1.0
74.5,23.2,1.0
74.5,23.3,1.0
74.5,23.4,1.0
74.5,23.5,1.0
74.5,23.6,1.0
74.5,23.7,1.0
74.5,23.8,1.0
74.5,23.9,1.0
74.5,24.0,1.0
74.5,24.1,1.0
74.5,24.2,1.0
74.5,24.3,1.0
74.5,24.4,1.0
74.5,24.5,1.0
74.5,24.6,1.0
74.5,24.7,1.0
74.5,24.8,1.0
74.5,24.9,1.0
74.5,25.0,1.0
74.5,25.1,1.0
74.5,25.2,1.0
74.5,25.3,1.0
74.5,25.4,1.0
74.5,25.5,1.0
74.5,25.6,1.0
74.5,25.7,1.0
74.5,25.8,1.0
74.5,25.9,1.0
74.5,26.0,1.0
74.5,26.1,1.0
74.5,26.2,1.0
74.5,26.3,1.0
74.5,26.4,1.0
74.5,26.5,1.5
74.5,26.6,1.5
74.5,26.7,1.5
74.5,26.8,1.5
74.5,26.9,1.5
74.5,27.0,1.5
74.5,27.1,1.5
74.5,27.2,1.5
74.5,27.3,1.5
74.5,27.4,1.5
74.5,27.5,1.5
74.5,27.6,1.5
74.5,27.7,1.5
74.5,27.8,1.5
74.5,27.9,1.5
74.5,28.0,1.5
74.5,28.1,1.5
74.5,28.2,1.5
74.5,28.3,1.5
74.5,28.4,1.5
74.5,28.5,1.5
74.5,28.6,1.5
74.5,28.7,1.5
74.5,28.8,1.5
74.5,28.9,1.5
74.5,29.0,1.5
74.5,29.1,1.5
74.5,29.2,1.5
74.5,29.3,1.5
74.5,29.4,1.5
74.5,29.5,1.5
74.5,29.6,1.5
74.5,29.7,1.5
74.5,29.8,1.5
74.5,29.9,1.5
74.5,30.0,1.5
74.5,30.1,1.5
74.5,30.2,1.5
74.5,30.3,1.5
74.5,30.4,1.5
74.5,30.5,1.5
74.5,30.6,1.5
74.5,30.7,1.5
74.5,30.8,1.5
74.5,30.9,1.5
74.5,31.0,1.5
74.5,31.1,1.5
74.5,31.2,1.5
74.5,32.7,1.0
74.5,32.8,1.0
74.5,32.9,1.0
74.5,33.0,1.0
74.5,33.1,1.0
74.5,33.2,1.5
74.5,33.3,1.5
74.5,33.4,1.0
74.5,33.5,1.15
74.5,33.6,1.15
74.5,33.7,1.15
74.5,33.8,1.15
74.5,33.9,1.15
74.5,34.0,1.15
74.5,34.1,1.0
74.5,34.2,1.0
74.5,34.3,1.0
74.5,34.4,1.0
74.5,34.5,1.0
74.5,34.6,1.0
74.5,34.7,1.5
74.5,34.8,1.5
74.5,34.9,1.0
74.5,35.0,1.0
74.5,35.1,1.0
74.5,35.2,1.0
74.5,35.3,1.0
74.5,35.4,1.0
74.5,35.5,1.0
74.5,35.6,1.0
74.5,35.7,1.0
74.5,35.8,1.0
74.5,35.9,1.0
74.5,36.0,1.0
74.5,36.1,1.0
74.5,36.2,1.0
74.5,36.3,1.0
74.5,36.4,1.0
74.5,36.5,1.0
74.5,36.6,1.0
74.5,36.7,1.0
74.5,36.8,1.0
74.5,36.9,1.0
74.6,14.0,1.5
74.6,14.1,1.5
74.6,14.2,1.5
74.6,14.3,1.5
74.6,14.4,1.5
74.6,14.5,1.5
74.6,14.6,1.0
74.6,14.7,1.0
74.6,14.8,1.0
74.6,14.9,1.0
74.6,15.0,1.0
74.6,15.1,1.0
74.6,15.2,1.0
74.6,15.3,1.0
74.6,15.4,1.0
74.6,15.5,1.0
74.6,15.6,1.0
74.6,15.7,1.0
74.6,15.8,1.0
74.6,15.9,1.0
74.6,16.0,1.15
74.6,16.1,1.15
74.6,16.2,1.0
74.6,16.3,1.0
74.6,16.4,1.0
74.6,16.5,1.0
74.6,16.6,1.0
74.6,16.7,1.0
74.6,16.8,1.0
74.6,16.9,1.0
74.6,17.0,1.0
74.6,17.1,1.0
74.6,17.2,1.0
74.6,17.3,1.0
74.6,17.4,1.0
74.6,17.5,1.0
74.6,17.6,1.0
74.6,17.7,1.0
74.6,17.8,1.0
74.6,17.9,1.0
74.6,18.0,1.0
74.6,18.1,1.0
74.6,18.2,1.0
74.6,18.3,1.0
74.6,18.4,1.0
74.6,18.5,1.0
74.6,18.6,1.0
74.6,18.7,1.0
74.6,18.8,1.0
74.6,18.9,1.0
74.6,19.0,1.0
74.6,19.1,1.0
74.6,19.2,1.0
74.6,19.3,1.0
74.6,19.4,1.0
74.6,19.5,1.0
74.6,19.6,1.0
74.6,19.7,1.0
74.6,19.8,1.0
74.6,19.9,1.0
74.6,20.0,1.0
74.6,20.1,1.0
74.6,20.2,1.0
74.6,20.3,1.0
74.6,20.4,1.0
74.6,20.5,1.0
74.6,20.6,1.0
74.6,20.7,1.0
74.6,20.8,1.0
74.6,20.9,1.0
74.6,21.0,1.0
74.6,21.1,1.0
74.6,21.2,1.0
74.6,21.3,1.0
74.6,21.4,1.0
74.6,21.5,1.0
74.6,21.6,1.0
74.6,21.7,1.0
74.6,21.8,1.0
74.6,21.9,1.0
74.6,22.0,1.0
74.6,22.1,1.0
74.6,22.2,1.0
74.6,22.3,1.0
74.6,22.4,1.0
74.6,22.5,1.0
74.6,22.6,1.0
74.6,22.7,1.0
74.6,22.8,1.0
74.6,22.9,1.0
74.6,23.0,1.0
74.6,23.1,1.0
74.6,23.2,1.0
74.6,23.3,1.0
74.6,23.4,1.0
74.6,23.5,1.0
74.6,23.6,1.0
74.6,23.7,1.0
74.6,23.8,1.0
74.6,23.9,1.0
74.6,24.0,1.0
74.6,24.1,1.0
74.6,24.2,1.0
74.6,24.3,1.0
74.6,24.4,1.0
74.6,24.5,1.0
74.6,24.6,1.0
74.6,24.7,1.0
74.6,24.8,1.0
74.6,24.9,1.0
74.6,25.0,1.0
74.6,25.1,1.0
74.6,25.2,1.0
74.6,25.3,1.0
74.6,25.4,1.0
74.6,25.5,1.0
74.6,25.6,1.0
74.6,25.7,1.0
74.6,25.8,1.0
74.6,25.9,1.0
74.6,26.0,1.0
74.6,26.1,1.0
74.6,26.2,1.0
74.6,26.3,1.0
74.6,26.4,1.0
74.6,26.5,1.5
74.6,26.6,1.5
74.6,26.7,1.5
74.6,26.8,1.5
74.6,26.9,1.5
74.6,27.0,1.5
74.6,27.1,1.5
74.6,27.2,1.5
74.6,27.3,1.5
74.6,27.4,1.5
74.6,27.5,1.5
74.6,27.6,1.5
74.6,27.7,1.5
74.6,27.8,1.5
74.6,27.9,1.5
74.6,28.0,1.5
74.6,28.1,1.5
74.6,28.2,1.5
74.6,28.3,1.5
74.6,28.4,1.5
74.6,28.5,1.5
74.6,28.6,1.5
74.6,28.7,1.5
74.6,28.8,1.5
74.6,28.9,1.5
74.6,29.0,1.5
74.6,29.1,1.5
74.6,29.2,1.5
74.6,29.3,1.5
74.6,29.4,1.5
74.6,29.5,1.5
74.6,29.6,1.5
74.6,29.7,1.5
74.6,29.8,1.5
74.6,29.9,1.5
74.6,30.0,1.5
74.6,30.1,1.5
74.6,30.2,1.5
74.6,30.3,1.5
74.6,30.4,1.5
74.6,30.5,1.5
74.6,30.6,1.5
74.6,30.7,1.5
74.6,30.8,1.5
74.6,30.9,1.5
74.6,31.0,1.5
74.6,31.1,1.5
74.6,31.2,1.5
74.6,31.3,1.5
74.6,31.4,1.5
74.6,32.0,1.5
74.6,32.1,1.5
74.6,32.8,1.0
74.6,32.9,1.0
74.6,33.0,1.0
74.6,33.1,1.0
74.6,33.2,1.5
74.6,33.3,1.5
74.6,33.4,1.0
74.6,33.5,1.15
74.6,33.6,1.15
74.6,33.7,1.15
74.6,33.8,1.15
74.6,33.9,1.0
74.6,34.0,1.0
74.6,34.1,1.0
74.6,34.2,1.0
74.6,34.3,1.0
74.6,34.4,1.0
74.6,34.5,1.0
74.6,34.6,1.5
74.6,34.7,1.5
74.6,34.8,1.5
74.6,34.9,1.0
74.6,35.0,1.0
74.6,35.1,1.0
74.6,35.2,1.0
74.6,35.3,1.0
74.6,35.4,1.0
74.6,35.5,1.0
74.6,35.6,1.0
74.6,35.7,1.0
74.6,35.8,1.0
74.6,35.9,1.0
74.6,36.0,1.0
74.6,36.1,1.0
74.6,36.2,1.0
74.6,36.3,1.0
74.6,36.4,1.0
74.6,36.5,1.0
74.6,36.6,1.0
74.6,36.7,1.0
74.6,36.8,1.0
74.6,36.9,1.0
74.7,13.4,1.5
74.7,13.5,1.5
74.7,13.6,1.5
74.7,13.7,1.5
74.7,13.8,1.5
74.7,13.9,1.5
74.7,14.0,1.5
74.7,14.1,1.0
74.7,14.2,1.0
74.7,14.3,1.0
74.7,14.4,1.0
74.7,14.5,1.0
74.7,14.6,1.0
74.7,14.7,1.0
74.7,14.8,1.0
74.7,14.9,1.0
74.7,15.0,1.0
74.7,15.1,1.0
74.7,15.2,1.0
74.7,15.3,1.0
74.7,15.4,1.0
74.7,15.5,1.0
74.7,15.6,1.0
74.7,15.7,1.0
74.7,15.8,1.0
74.7,15.9,1.15
74.7,16.0,1.15
74.7,16.1,1.15
74.7,16.2,1.0
74.7,16.3,1.0
74.7,16.4,1.0
74.7,16.5,1.0
74.7,16.6,1.0
74.7,16.7,1.0
74.7,16.8,1.0
74.7,16.9,1.0
74.7,17.0,1.0
74.7,17.1,1.0
74.7,17.2,1.0
74.7,17.3,1.0
74.7,17.4,1.0
74.7,17.5,1.0
74.7,17.6,1.0
74.7,17.7,1.0
74.7,17.8,1.0
74.7,17.9,1.0
74.7,18.0,1.0
74.7,18.1,1.0
74.7,18.2,1.0
74.7,18.3,1.0
74.7,18.4,1.0
74.7,18.5,1.0
74.7,18.6,1.0
74.7,18.7,1.0
74.7,18.8,1.0
74.7,18.9,1.0
74.7,19.0,1.0
74.7,19.1,1.0
74.7,19.2,1.0
74.7,19.3,1.0
74.7,19.4,1.0
74.7,19.5,1.0
74.7,19.6,1.0
74.7,19.7,1.0
74.7,19.8,1.0
74.7,19.9,1.0
74.7,20.0,1.0
74.7,20.1,1.0
74.7,20.2,1.0
74.7,20.3,1.0
74.7,20.4,1.0
74.7,20.5,1.0
74.7,20.6,1.0
74.7,20.7,1.0
74.7,20.8,1.0
74.7,20.9,1.0
74.7,21.0,1.0
74.7,21.1,1.0
74.7,21.2,1.0
74.7,21.3,1.0
74.7,21.4,1.0
74.7,21.5,1.0
74.7,21.6,1.0
74.7,21.7,1.0
74.7,21.8,1.0
74.7,21.9,1.0
74.7,22.0,1.0
74.7,22.1,1.0
74.7,22.2,1.0
74.7,22.3,1.0
74.7,22.4,1.0
74.7,22.5,1.0
74.7,22.6,1.0
74.7,22.7,1.0
74.7,22.8,1.0
74.7,22.9,1.0
74.7,23.0,1.0
74.7,23.1,1.0
74.7,23.2,1.0
74.7,23.3,1.0
74.7,23.4,1.0
74.7,23.5,1.0
74.7,23.6,1.0
74.7,23.7,1.0
74.7,23.8,1.0
74.7,23.9,1.0
74.7,24.0,1.0
74.7,24.1,1.0
74.7,24.2,1.0
74.7,24.3,1.0
74.7,24.4,1.0
74.7,24.5,1.0
74.7,24.6,1.0
74.7,24.7,1.0
74.7,24.8,1.0
74.7,24.9,1.0
74.7,25.0,1.0
74.7,25.1,1.0
74.7,25.2,1.0
74.7,25.3,1.0
74.7,25.4,1.0
74.7,25.5,1.0
74.7,25.6,1.0
74.7,25.7,1.0
74.7,25.8,1.0
74.7,25.9,1.0
74.7,26.0,1.0
74.7,26.1,1.0
74.7,26.2,1.0
74.7,26.3,1.0
74.7,26.4,1.5
74.7,26.5,1.5
74.7,26.6,1.5
74.7,26.7,1.5
74.7,26.8,1.5
74.7,26.9,1.5
74.7,27.0,1.5
74.7,27.1,1.5
74.7,27.2,1.5
74.7,27.3,1.5
74.7,27.4,1.5
74.7,27.5,1.5
74.7,27.6,1.5
74.7,27.7,1.5
74.7,27.8,1.5
74.7,27.9,1.5
74.7,28.0,1.5
74.7,28.1,1.5
74.7,28.2,1.5
74.7,28.3,1.5
74.7,28.4,1.5
74.7,28.5,1.5
74.7,28.6,1.5
74.7,28.7,1.5
74.7,28.8,1.5
74.7,28.9,1.5
74.7,29.0,1.5
74.7,29.1,1.5
74.7,29.2,1.5
74.7,29.3,1.5
74.7,29.4,1.5
74.7,29.5,1.5
74.7,29.6,1.5
74.7,29.7,1.5
74.7,29.8,1.5
74.7,29.9,1.5
74.7,30.0,1.5
74.7,30.1,1.5
74.7,30.2,1.5
74.7,30.3,1.5
74.7,30.4,1.5
74.7,30.5,1.5
74.7,30.6,1.5
74.7,30.7,1.5
74.7,30.8,1.5
74.7,30.9,1.5
74.7,31.0,1.5
74.7,31.1,1.5
74.7,31.2,1.5
74.7,31.3,1.5
74.7,31.4,1.5
74.7,31.5,1.5
74.7,31.6,1.5
74.7,31.7,1.5
74.7,31.8,1.5
74.7,31.9,1.5
74.7,32.0,1.5
74.7,32.1,1.5
74.7,32.2,1.5
74.7,32.7,1.0
74.7,32.8,1.0
74.7,32.9,1.0
74.7,33.0,1.0
74.7,33.1,1.0
74.7,33.2,1.0
74.7,33.3,1.5
74.7,33.4,1.0
74.7,33.5,1.15
74.7,33.6,1.15
74.7,33.7,1.15
74.7,33.8,1.15
74.7,33.9,1.0
74.7,34.0,1.0
74.7,34.1,1.0
74.7,34.2,1.0
74.7,34.3,1.0
74.7,34.4,1.0
74.7,34.5,1.5
74.7,34.6,1.5
74.7,34.7,1.5
74.7,34.8,1.5
74.7,34.9,1.0
74.7,35.0,1.0
74.7,35.1,1.0
74.7,35.2,1.0
74.7,35.3,1.0
74.7,35.4,1.0
74.7,35.5,1.0
74.7,35.6,1.0
74.7,35.7,1.0
74.7,35.8,1.0
74.7,35.9,1.0
74.7,36.0,1.0
74.7,36.1,1.0
74.7,36.2,1.0
74.7,36.3,1.0
74.7,36.4,1.0
74.7,36.5,1.0
74.7,36.6,1.0
74.7,36.7,1.0
74.7,36.8,1.0
74.7,36.9,1.0
74.7,37.0,1.0
74.8,12.9,1.5
74.8,13.0,1.0
74.8,13.1,1.0
74.8,13.2,1.0
74.8,13.3,1.5
74.8,13.4,1.5
74.8,13.5,1.5
74.8,13.6,1.5
74.8,13.7,1.5
74.8,13.8,1.5
74.8,13.9,1.0
74.8,14.0,1.0
74.8,14.1,1.0
74.8,14.2,1.0
74.8,14.3,1.0
74.8,14.4,1.0
74.8,14.5,1.0
74.8,14.6,1.0
74.8,14.7,1.0
74.8,14.8,1.0
74.8,14.9,1.0
74.8,15.0,1.0
74.8,15.1,1.0
74.8,15.2,1.0
74.8,15.3,1.0
74.8,15.4,1.0
74.8,15.5,1.0
74.8,15.6,1.0
74.8,15.7,1.0
74.8,15.8,1.0
74.8,15.9,1.0
74.8,16.0,1.15
74.8,16.1,1.15
74.8,16.2,1.0
74.8,16.3,1.0
74.8,16.4,1.0
74.8,16.5,1.0
74.8,16.6,1.0
74.8,16.7,1.0
74.8,16.8,1.0
74.8,16.9,1.0
74.8,17.0,1.0
74.8,17.1,1.0
74.8,17.2,1.0
74.8,17.3,1.0
74.8,17.4,1.0
74.8,17.5,1.0
74.8,17.6,1.0
74.8,17.7,1.0
74.8,17.8,1.0
74.8,17.9,1.0
74.8,18.0,1.0
74.8,18.1,1.0
74.8,18.2,1.0
74.8,18.3,1.0
74.8,18.4,1.0
74.8,18.5,1.0
74.8,18.6,1.0
74.8,18.7,1.0
74.8,18.8,1.0
74.8,18.9,1.0
74.8,19.0,1.0
74.8,19.1,1.0
74.8,19.2,1.0
74.8,19.3,1.0
74.8,19.4,1.0
74.8,19.5,1.0
74.8,19.6,1.0
74.8,19.7,1.0
74.8,19.8,1.0
74.8,19.9,1.0
74.8,20.0,1.0
74.8,20.1,1.0
74.8,20.2,1.0
74.8,20.3,1.0
74.8,20.4,1.0
74.8,20.5,1.0
74.8,20.6,1.0
74.8,20.7,1.0
74.8,20.8,1.0
74.8,20.9,1.0
74.8,21.0,1.0
74.8,21.1,1.0
74.8,21.2,1.0
74.8,21.3,1.0
74.8,21.4,1.0
74.8,21.5,1.0
74.8,21.6,1.0
74.8,21.7,1.0
74.8,21.8,1.0
74.8,21.9,1.0
74.8,22.0,1.0
74.8,22.1,1.0
74.8,22.2,1.0
74.8,22.3,1.0
74.8,22.4,1.0
74.8,22.5,1.0
74.8,22.6,1.0
74.8,22.7,1.0
74.8,22.8,1.0
74.8,22.9,1.0
74.8,23.0,1.0
74.8,23.1,1.0
74.8,23.2,1.0
74.8,23.3,1.0
74.8,23.4,1.0
74.8,23.5,1.0
74.8,23.6,1.0
74.8,23.7,1.0
74.8,23.8,1.0
74.8,23.9,1.0
74.8,24.0,1.0
74.8,24.1,1.0
74.8,24.2,1.15
74.8,24.3,1.15
74.8,24.4,1.15
74.8,24.5,1.0
74.8,24.6,1.15
74.8,24.7,1.15
74.8,24.8,1.15
74.8,24.9,1.15
74.8,25.0,1.0
74.8,25.1,1.0
74.8,25.2,1.0
74.8,25.3,1.0
74.8,25.4,1.0
74.8,25.5,1.0
74.8,25.6,1.0
74.8,25.7,1.0
74.8,25.8,1.0
74.8,25.9,1.0
74.8,26.0,1.0
74.8,26.1,1.0
74.8,26.2,1.0
74.8,26.3,1.0
74.8,26.4,1.0
74.8,26.5,1.5
74.8,26.6,1.5
74.8,26.7,1.5
74.8,26.8,1.5
74.8,26.9,1.5
74.8,27.0,1.5
74.8,27.1,1.5
74.8,27.2,1.5
74.8,27.3,1.5
74.8,27.4,1.5
74.8,27.5,1.5
74.8,27.6,1.5
74.8,27.7,1.5
74.8,27.8,1.5
74.8,27.9,1.5
74.8,28.0,1.5
74.8,28.1,1.5
74.8,28.2,1.5
74.8,28.3,1.5
74.8,28.4,1.5
74.8,28.5,1.5
74.8,28.6,1.5
74.8,28.7,1.5
74.8,28.8,1.5
74.8,28.9,1.5
74.8,29.0,1.5
74.8,29.1,1.5
74.8,29.2,1.5
74.8,29.3,1.5
74.8,29.4,1.5
74.8,29.5,1.5
74.8,29.6,1.5
74.8,29.7,1.5
74.8,29.8,1.5
74.8,29.9,1.5
74.8,30.0,1.5
74.8,30.1,1.5
74.8,30.2,1.5
74.8,30.3,1.5
74.8,30.4,1.5
74.8,30.5,1.5
74.8,30.6,1.5
74.8,30.7,1.5
74.8,30.8,1.5
74.8,30.9,1.5
74.8,31.0,1.5
74.8,31.1,1.5
74.8,31.2,1.5
74.8,31.3,1.5
74.8,31.4,1.5
74.8,31.5,1.5
74.8,31.6,1.5
74.8,31.7,1.5
74.8,31.8,1.5
74.8,31.9,1.5
74.8,32.0,1.5
74.8,32.1,1.5
74.8,32.2,1.5
74.8,32.3,1.5
74.8,32.5,1.0
74.8,32.6,1.0
74.8,32.7,1.0
74.8,32.8,1.0
74.8,32.9,1.0
74.8,33.0,1.5
74.8,33.1,1.5
74.8,33.2,1.5
74.8,33.3,1.5
74.8,33.4,1.15
74.8,33.5,1.15
74.8,33.6,1.15
74.8,33.7,1.15
74.8,33.8,1.0
74.8,33.9,1.0
74.8,34.0,1.0
74.8,34.1,1.0
74.8,34.2,1.5
74.8,34.3,1.5
74.8,34.4,1.5
74.8,34.5,1.5
74.8,34.6,1.5
74.8,34.7,1.5
74.8,34.8,1.5
74.8,34.9,1.0
74.8,35.0,1.0
74.8,35.1,1.0
74.8,35.2,1.0
74.8,35.3,1.0
74.8,35.4,1.0
74.8,35.5,1.0
74.8,35.6,1.0
74.8,35.7,1.0
74.8,35.8,1.0
74.8,35.9,1.0
74.8,36.0,1.0
74.8,36.1,1.0
74.8,36.2,1.0
74.8,36.3,1.0
74.8,36.4,1.0
74.8,36.5,1.0
74.8,36.6,1.0
74.8,36.7,1.0
74.8,36.8,1.0
74.8,36.9,1.0
74.8,37.0,1.0
74.9,12.5,1.5
74.9,12.6,1.5
74.9,12.7,1.5
74.9,12.8,1.5
74.9,12.9,1.5
74.9,13.0,1.5
74.9,13.1,1.5
74.9,13.2,1.5
74.9,13.3,1.5
74.9,13.4,1.5
74.9,13.5,1.5
74.9,13.6,1.0
74.9,13.7,1.0
74.9,13.8,1.0
74.9,13.9,1.0
74.9,14.0,1.0
74.9,14.1,1.0
74.9,14.2,1.0
74.9,14.3,1.0
74.9,14.4,1.0
74.9,14.5,1.0
74.9,14.6,1.0
74.9,14.7,1.0
74.9,14.8,1.0
74.9,14.9,1.0
74.9,15.0,1.0
74.9,15.1,1.0
74.9,15.2,1.0
74.9,15.3,1.0
74.9,15.4,1.0
74.9,15.5,1.0
74.9,15.6,1.0
74.9,15.7,1.0
74.9,15.8,1.0
74.9,15.9,1.0
74.9,16.0,1.0
74.9,16.1,1.15
74.9,16.2,1.0
74.9,16.3,1.0
74.9,16.4,1.0
74.9,16.5,1.0
74.9,16.6,1.0
74.9,16.7,1.0
74.9,16.8,1.0
74.9,16.9,1.0
74.9,17.0,1.0
74.9,17.1,1.0
74.9,17.2,1.0
74.9,17.3,1.0
74.9,17.4,1.0
74.9,17.5,1.0
74.9,17.6,1.0
74.9,17.7,1.0
74.9,17.8,1.0
74.9,17.9,1.0
74.9,18.0,1.0
74.9,18.1,1.0
74.9,18.2,1.0
74.9,18.3,1.0
74.9,18.4,1.0
74.9,18.5,1.0
74.9,18.6,1.0
74.9,18.7,1.0
74.9,18.8,1.0
74.9,18.9,1.0
74.9,19.0,1.0
74.9,19.1,1.0
74.9,19.2,1.0
74.9,19.3,1.0
74.9,19.4,1.0
74.9,19.5,1.0
74.9,19.6,1.0
74.9,19.7,1.0
74.9,19.8,1.0
74.9,19.9,1.0
74.9,20.0,1.0
74.9,20.1,1.0
74.9,20.2,1.0
74.9,20.3,1.0
74.9,20.4,1.0
74.9,20.5,1.0
74.9,20.6,1.0
74.9,20.7,1.0
74.9,20.8,1.0
74.9,20.9,1.0
74.9,21.0,1.0
74.9,21.1,1.0
74.9,21.2,1.0
74.9,21.3,1.0
74.9,21.4,1.0
74.9,21.5,1.0
74.9,21.6,1.0
74.9,21.7,1.0
74.9,21.8,1.0
74.9,21.9,1.0
74.9,22.0,1.0
74.9,22.1,1.0
74.9,22.2,1.0
74.9,22.3,1.0
74.9,22.4,1.0
74.9,22.5,1.0
74.9,22.6,1.0
74.9,22.7,1.0
74.9,22.8,1.0
74.9,22.9,1.0
74.9,23.0,1.0
74.9,23.1,1.0
74.9,23.2,1.0
74.9,23.3,1.0
74.9,23.4,1.0
74.9,23.5,1.0
74.9,23.6,1.0
74.9,23.7,1.0
74.9,23.8,1.0
74.9,23.9,1.0
74.9,24.0,1.0
74.9,24.1,1.15
74.9,24.2,1.15
74.9,24.3,1.15
74.9,24.4,1.0
74.9,24.5,1.0
74.9,24.6,1.15
74.9,24.7,1.15
74.9,24.8,1.15
74.9,24.9,1.15
74.9,25.0,1.15
74.9,25.1,1.0
74.9,25.2,1.0
74.9,25.3,1.0
74.9,25.4,1.0
74.9,25.5,1.0
74.9,25.6,1.0
74.9,25.7,1.0
74.9,25.8,1.0
74.9,25.9,1.0
74.9,26.0,1.0
74.9,26.1,1.0
74.9,26.2,1.0
74.9,26.3,1.0
74.9,26.4,1.0
74.9,26.5,1.0
74.9,26.6,1.5
74.9,26.7,1.5
74.9,26.8,1.5
74.9,26.9,1.5
74.9,27.0,1.5
74.9,27.1,1.5
74.9,27.2,1.5
74.9,27.3,1.5
74.9,27.4,1.5
74.9,27.5,1.5
74.9,27.6,1.5
74.9,27.7,1.5
74.9,27.8,1.5
74.9,27.9,1.5
74.9,28.0,1.5
74.9,28.1,1.5
74.9,28.2,1.5
74.9,28.3,1.5
74.9,28.4,1.5
74.9,28.5,1.5
74.9,28.6,1.5
74.9,28.7,1.5
74.9,28.8,1.5
74.9,28.9,1.5
74.9,29.0,1.5
74.9,29.1,1.5
74.9,29.2,1.5
74.9,29.3,1.5
74.9,29.4,1.5
74.9,29.5,1.5
74.9,29.6,1.5
74.9,29.7,1.5
74.9,29.8,1.5
74.9,29.9,1.5
74.9,30.0,1.5
74.9,30.1,1.5
74.9,30.2,1.5
74.9,30.3,1.5
74.9,30.4,1.5
74.9,30.5,1.5
74.9,30.6,1.5
74.9,30.7,1.5
74.9,30.8,1.5
74.9,30.9,1.5
74.9,31.0,1.5
74.9,31.1,1.5
74.9,31.2,1.5
74.9,31.3,1.5
74.9,31.4,1.5
74.9,31.5,1.5
74.9,31.6,1.5
74.9,31.7,1.5
74.9,31.8,1.5
74.9,31.9,1.5
74.9,32.0,1.5
74.9,32.1,1.5
74.9,32.2,1.5
74.9,32.3,1.5
74.9,32.4,1.0
74.9,32.5,1.0
74.9,32.6,1.0
74.9,32.7,1.0
74.9,32.8,1.0
74.9,32.9,1.5
74.9,33.0,1.5
74.9,33.1,1.5
74.9,33.2,1.5
74.9,33.3,1.0
74.9,33.4,1.15
74.9,33.5,1.15
74.9,33.6,1.15
74.9,33.7,1.15
74.9,33.8,1.0
74.9,33.9,1.0
74.9,34.0,1.0
74.9,34.1,1.5
74.9,34.2,1.5
74.9,34.3,1.5
74.9,34.4,1.5
74.9,34.5,1.5
74.9,34.6,1.5
74.9,34.7,1.5
74.9,34.8,1.0
74.9,34.9,1.0
74.9,35.0,1.0
74.9,35.1,1.0
74.9,35.2,1.0
74.9,35.3,1.0
74.9,35.4,1.0
74.9,35.5,1.0
74.9,35.6,1.0
74.9,35.7,1.0
74.9,35.8,1.0
74.9,35.9,1.0
74.9,36.0,1.0
74.9,36.1,1.0
74.9,36.2,1.0
74.9,36.3,1.0
74.9,36.4,1.0
74.9,36.5,1.0
74.9,36.6,1.0
74.9,36.7,1.0
74.9,36.8,1.0
74.9,36.9,1.0
74.9,37.0,1.0
75.0,12.4,1.5
75.0,12.5,1.5
75.0,12.6,1.5
75.0,12.7,1.5
75.0,12.8,1.0
75.0,12.9,1.0
75.0,13.0,1.0
75.0,13.1,1.5
75.0,13.2,1.5
75.0,13.3,1.5
75.0,13.4,1.5
75.0,13.5,1.0
75.0,13.6,1.0
75.0,13.7,1.0
75.0,13.8,1.0
75.0,13.9,1.0
75.0,14.0,1.0
75.0,14.1,1.0
75.0,14.2,1.0
75.0,14.3,1.0
75.0,14.4,1.0
75.0,14.5,1.0
75.0,14.6,1.0
75.0,14.7,1.0
75.0,14.8,1.0
75.0,14.9,1.0
75.0,15.0,1.0
75.0,15.1,1.0
75.0,15.2,1.0
75.0,15.3,1.0
75.0,15.4,1.0
75.0,15.5,1.0
75.0,15.6,1.0
75.0,15.7,1.0
75.0,15.8,1.0
75.0,15.9,1.15
75.0,16.0,1.15
75.0,16.1,1.15
75.0,16.2,1.0
75.0,16.3,1.0
75.0,16.4,1.0
75.0,16.5,1.0
75.0,16.6,1.0
75.0,16.7,1.0
75.0,16.8,1.0
75.0,16.9,1.0
75.0,17.0,1.0
75.0,17.1,1.0
75.0,17.2,1.0
75.0,17.3,1.0
75.0,17.4,1.0
75.0,17.5,1.0
75.0,17.6,1.0
75.0,17.7,1.0
75.0,17.8,1.0
75.0,17.9,1.0
75.0,18.0,1.0
75.0,18.1,1.0
75.0,18.2,1.0
75.0,18.3,1.0
75.0,18.4,1.0
75.0,18.5,1.0
75.0,18.6,1.0
75.0,18.7,1.0
75.0,18.8,1.0
75.0,18.9,1.0
75.0,19.0,1.0
75.0,19.1,1.0
75.0,19.2,1.0
75.0,19.3,1.0
75.0,19.4,1.0
75.0,19.5,1.0
75.0,19.6,1.0
75.0,19.7,1.0
75.0,19.8,1.0
75.0,19.9,1.0
75.0,20.0,1.0
75.0,20.1,1.0
75.0,20.2,1.0
75.0,20.3,1.0
75.0,20.4,1.0
75.0,20.5,1.0
75.0,20.6,1.0
75.0,20.7,1.0
75.0,20.8,1.0
75.0,20.9,1.0
75.0,21.0,1.0
75.0,21.1,1.0
75.0,21.2,1.0
75.0,21.3,1.0
75.0,21.4,1.0
75.0,21.5,1.0
75.0,21.6,1.5
75.0,21.7,1.0
75.0,21.8,1.0
75.0,21.9,1.0
75.0,22.0,1.0
75.0,22.1,1.0
75.0,22.2,1.0
75.0,22.3,1.0
75.0,22.4,1.0
75.0,22.5,1.0
75.0,22.6,1.0
75.0,22.7,1.0
75.0,22.8,1.0
75.0,22.9,1.0
75.0,23.0,1.0
75.0,23.1,1.0
75.0,23.2,1.0
75.0,23.3,1.0
75.0,23.4,1.0
75.0,23.5,1.0
75.0,23.6,1.0
75.0,23.7,1.0
75.0,23.8,1.0
75.0,23.9,1.0
75.0,24.0,1.0
75.0,24.1,1.15
75.0,24.2,1.15
75.0,24.3,1.0
75.0,24.4,1.0
75.0,24.5,1.0
75.0,24.6,1.0
75.0,24.7,1.15
75.0,24.8,1.15
75.0,24.9,1.15
75.0,25.0,1.15
75.0,25.1,1.15
75.0,25.2,1.0
75.0,25.3,1.0
75.0,25.4,1.0
75.0,25.5,1.0
75.0,25.6,1.0
75.0,25.7,1.0
75.0,25.8,1.0
75.0,25.9,1.0
75.0,26.0,1.0
75.0,26.1,1.0
75.0,26.2,1.0
75.0,26.3,1.0
75.0,26.4,1.0
75.0,26.5,1.0
75.0,26.6,1.0
75.0,26.7,1.0
75.0,26.8,1.5
75.0,26.9,1.5
75.0,27.0,1.5
75.0,27.1,1.5
75.0,27.2,1.5
75.0,27.3,1.5
75.0,27.4,1.5
75.0,27.5,1.5
75.0,27.6,1.5
75.0,27.7,1.5
75.0,27.8,1.5
75.0,27.9,1.5
75.0,28.0,1.5
75.0,28.1,1.5
75.0,28.2,1.5
75.0,28.3,1.5
75.0,28.4,1.5
75.0,28.5,1.5
75.0,28.6,1.5
75.0,28.7,1.5
75.0,28.8,1.5
75.0,28.9,1.5
75.0,29.0,1.5
75.0,29.1,1.5
75.0,29.2,1.5
75.0,29.3,1.5
75.0,29.4,1.5
75.0,29.5,1.5
75.0,29.6,1.5
75.0,29.7,1.5
75.0,29.8,1.5
75.0,29.9,1.5
75.0,30.0,1.5
75.0,30.1,1.5
75.0,30.2,1.5
75.0,30.3,1.5
75.0,30.4,1.5
75.0,30.5,1.5
75.0,30.6,1.5
75.0,30.7,1.5
75.0,30.8,1.5
75.0,30.9,1.5
75.0,31.0,1.5
75.0,31.1,1.5
75.0,31.2,1.5
75.0,31.3,1.5
75.0,31.4,1.5
75.0,31.5,1.5
75.0,31.6,1.5
75.0,31.7,1.5
75.0,31.8,1.5
75.0,31.9,1.5
75.0,32.0,1.5
75.0,32.1,1.5
75.0,32.2,1.5
75.0,32.3,1.5
75.0,32.5,1.0
75.0,32.6,1.0
75.0,32.7,1.0
75.0,32.8,1.0
75.0,32.9,1.5
75.0,33.0,1.5
75.0,33.1,1.0
75.0,33.2,1.0
75.0,33.3,1.15
75.0,33.4,1.15
75.0,33.5,1.15
75.0,33.6,1.15
75.0,33.7,1.15
75.0,33.8,1.0
75.0,33.9,1.0
75.0,34.0,1.5
75.0,34.1,1.5
75.0,34.2,1.5
75.0,34.3,1.5
75.0,34.4,1.5
75.0,34.5,1.5
75.0,34.6,1.5
75.0,34.7,1.0
75.0,34.8,1.0
75.0,34.9,1.0
75.0,35.0,1.0
75.0,35.1,1.0
75.0,35.2,1.0
75.0,35.3,1.0
75.0,35.4,1.0
75.0,35.5,1.0
75.0,35.6,1.0
75.0,35.7,1.0
75.0,35.8,1.0
75.0,35.9,1.0
75.0,36.0,1.0
75.0,36.1,1.0
75.0,36.2,1.0
75.0,36.3,1.0
75.0,36.4,1.0
75.0,36.5,1.0
75.0,36.6,1.0
75.0,36.7,1.0
75.0,36.8,1.0
75.0,36.9,1.0
75.1,12.2,1.0
75.1,12.3,1.5
75.1,12.4,1.5
75.1,12.5,1.5
75.1,12.6,1.0
75.1,12.7,1.0
75.1,12.8,1.0
75.1,12.9,1.0
75.1,13.0,1.0
75.1,13.1,1.0
75.1,13.2,1.0
75.1,13.3,1.0
75.1,13.4,1.0
75.1,13.5,1.0
75.1,13.6,1.0
75.1,13.7,1.0
75.1,13.8,1.0
75.1,13.9,1.0
75.1,14.0,1.0
75.1,14.1,1.0
75.1,14.2,1.0
75.1,14.3,1.0
75.1,14.4,1.0
75.1,14.5,1.0
75.1,14.6,1.0
75.1,14.7,1.0
75.1,14.8,1.0
75.1,14.9,1.0
75.1,15.0,1.0
75.1,15.1,1.0
75.1,15.2,1.0
75.1,15.3,1.0
75.1,15.4,1.0
75.1,15.5,1.0
75.1,15.6,1.0
75.1,15.7,1.0
75.1,15.8,1.0
75.1,15.9,1.15
75.1,16.0,1.15
75.1,16.1,1.0
75.1,16.2,1.0
75.1,16.3,1.15
75.1,16.4,1.0
75.1,16.5,1.0
75.1,16.6,1.0
75.1,16.7,1.0
75.1,16.8,1.0
75.1,16.9,1.0
75.1,17.0,1.0
75.1,17.1,1.0
75.1,17.2,1.0
75.1,17.3,1.0
75.1,17.4,1.0
75.1,17.5,1.0
75.1,17.6,1.0
75.1,17.7,1.0
75.1,17.8,1.0
75.1,17.9,1.0
75.1,18.0,1.0
75.1,18.1,1.0
75.1,18.2,1.0
75.1,18.3,1.0
75.1,18.4,1.0
75.1,18.5,1.0
75.1,18.6,1.0
75.1,18.7,1.0
75.1,18.8,1.0
75.1,18.9,1.0
75.1,19.0,1.0
75.1,19.1,1.0
75.1,19.2,1.0
75.1,19.3,1.0
75.1,19.4,1.0
75.1,19.5,1.0
75.1,19.6,1.0
75.1,19.7,1.0
75.1,19.8,1.0
75.1,19.9,1.0
75.1,20.0,1.0
75.1,20.1,1.0
75.1,20.2,1.0
75.1,20.3,1.0
75.1,20.4,1.0
75.1,20.5,1.0
75.1,20.6,1.0
75.1,20.7,1.0
75.1,20.8,1.0
75.1,20.9,1.0
75.1,21.0,1.0
75.1,21.1,1.0
75.1,21.2,1.0
75.1,21.3,1.0
75.1,21.4,1.0
75.1,21.5,1.5
75.1,21.6,1.5
75.1,21.7,1.5
75.1,21.8,1.0
75.1,21.9,1.0
75.1,22.0,1.0
75.1,22.1,1.0
75.1,22.2,1.0
75.1,22.3,1.0
75.1,22.4,1.0
75.1,22.5,1.0
75.1,22.6,1.0
75.1,22.7,1.0
75.1,22.8,1.0
75.1,22.9,1.0
75.1,23.0,1.0
75.1,23.1,1.0
75.1,23.2,1.0
75.1,23.3,1.0
75.1,23.4,1.0
75.1,23.5,1.0
75.1,23.6,1.0
75.1,23.7,1.0
75.1,23.8,1.0
75.1,23.9,1.0
75.1,24.0,1.0
75.1,24.1,1.15
75.1,24.2,1.0
75.1,24.3,1.0
75.1,24.4,1.0
75.1,24.5,1.15
75.1,24.6,1.15
75.1,24.7,1.15
75.1,24.8,1.15
75.1,24.9,1.15
75.1,25.0,1.15
75.1,25.1,1.15
75.1,25.2,1.0
75.1,25.3,1.0
75.1,25.4,1.0
75.1,25.5,1.0
75.1,25.6,1.0
75.1,25.7,1.0
75.1,25.8,1.0
75.1,25.9,1.0
75.1,26.0,1.0
75.1,26.1,1.0
75.1,26.2,1.0
75.1,26.3,1.0
75.1,26.4,1.0
75.1,26.5,1.0
75.1,26.6,1.0
75.1,26.7,1.0
75.1,26.8,1.5
75.1,26.9,1.5
75.1,27.0,1.5
75.1,27.1,1.5
75.1,27.2,1.5
75.1,27.3,1.5
75.1,27.4,1.5
75.1,27.5,1.5
75.1,27.6,1.5
75.1,27.7,1.5
75.1,27.8,1.5
75.1,27.9,1.5
75.1,28.0,1.5
75.1,28.1,1.5
75.1,28.2,1.5
75.1,28.3,1.5
75.1,28.4,1.5
75.1,28.5,1.5
75.1,28.6,1.5
75.1,28.7,1.5
75.1,28.8,1.5
75.1,28.9,1.5
75.1,29.0,1.5
75.1,29.1,1.5
75.1,29.2,1.5
75.1,29.3,1.5
75.1,29.4,1.5
75.1,29.5,1.5
75.1,29.6,1.5
75.1,29.7,1.5
75.1,29.8,1.5
75.1,29.9,1.5
75.1,30.0,1.5
75.1,30.1,1.5
75.1,30.2,1.5
75.1,30.3,1.5
75.1,30.4,1.5
75.1,30.5,1.5
75.1,30.6,1.5
75.1,30.7,1.5
75.1,30.8,1.5
75.1,30.9,1.5
75.1,31.0,1.5
75.1,31.1,1.5
75.1,31.2,1.5
75.1,31.3,1.5
75.1,31.4,1.5
75.1,31.5,1.5
75.1,31.6,1.5
75.1,31.7,1.5
75.1,31.8,1.5
75.1,31.9,1.5
75.1,32.0,1.5
75.1,32.1,1.5
75.1,32.2,1.5
75.1,32.3,1.5
75.1,32.4,1.5
75.1,32.5,1.0
75.1,32.6,1.0
75.1,32.7,1.0
75.1,32.8,1.0
75.1,32.9,1.5
75.1,33.0,1.5
75.1,33.1,1.0
75.1,33.2,1.15
75.1,33.3,1.15
75.1,33.4,1.15
75.1,33.5,1.15
75.1,33.6,1.15
75.1,33.7,1.15
75.1,33.8,1.0
75.1,33.9,1.0
75.1,34.0,1.5
75.1,34.1,1.5
75.1,34.2,1.5
75.1,34.3,1.5
75.1,34.4,1.5
75.1,34.5,1.5
75.1,34.6,1.5
75.1,34.7,1.0
75.1,34.8,1.0
75.1,34.9,1.0
75.1,35.0,1.0
75.1,35.1,1.0
75.1,35.2,1.0
75.1,35.3,1.0
75.1,35.4,1.0
75.1,35.5,1.0
75.1,35.6,1.0
75.1,35.7,1.0
75.1,35.8,1.0
75.1,35.9,1.0
75.1,36.0,1.0
75.1,36.1,1.0
75.1,36.2,1.0
75.1,36.3,1.0
75.1,36.4,1.0
75.1,36.5,1.0
75.1,36.6,1.0
75.1,36.7,1.0
75.1,36.8,1.0
75.1,36.9,1.0
75.2,12.0,1.0
75.2,12.1,1.0
75.2,12.2,1.0
75.2,12.3,1.0
75.2,12.4,1.0
75.2,12.5,1.0
75.2,12.6,1.0
75.2,12.7,1.0
75.2,12.8,1.0
75.2,12.9,1.0
75.2,13.0,1.0
75.2,13.1,1.0
75.2,13.2,1.0
75.2,13.3,1.0
75.2,13.4,1.0
75.2,13.5,1.0
75.2,13.6,1.0
75.2,13.7,1.0
75.2,13.8,1.0
75.2,13.9,1.0
75.2,14.0,1.0
75.2,14.1,1.0
75.2,14.2,1.0
75.2,14.3,1.0
75.2,14.4,1.0
75.2,14.5,1.0
75.2,14.6,1.0
75.2,14.7,1.0
75.2,14.8,1.0
75.2,14.9,1.0
75.2,15.0,1.0
75.2,15.1,1.0
75.2,15.2,1.0
75.2,15.3,1.0
75.2,15.4,1.0
75.2,15.5,1.0
75.2,15.6,1.0
75.2,15.7,1.0
75.2,15.8,1.0
75.2,15.9,1.15
75.2,16.0,1.15
75.2,16.1,1.0
75.2,16.2,1.15
75.2,16.3,1.15
75.2,16.4,1.0
75.2,16.5,1.0
75.2,16.6,1.0
75.2,16.7,1.0
75.2,16.8,1.0
75.2,16.9,1.0
75.2,17.0,1.0
75.2,17.1,1.0
75.2,17.2,1.0
75.2,17.3,1.0
75.2,17.4,1.0
75.2,17.5,1.0
75.2,17.6,1.0
75.2,17.7,1.0
75.2,17.8,1.0
75.2,17.9,1.0
75.2,18.0,1.0
75.2,18.1,1.0
75.2,18.2,1.0
75.2,18.3,1.0
75.2,18.4,1.0
75.2,18.5,1.0
75.2,18.6,1.0
75.2,18.7,1.0
75.2,18.8,1.0
75.2,18.9,1.0
75.2,19.0,1.0
75.2,19.1,1.0
75.2,19.2,1.0
75.2,19.3,1.0
75.2,19.4,1.0
75.2,19.5,1.0
75.2,19.6,1.0
75.2,19.7,1.0
75.2,19.8,1.0
75.2,19.9,1.0
75.2,20.0,1.0
75.2,20.1,1.0
75.2,20.2,1.0
75.2,20.3,1.0
75.2,20.4,1.0
75.2,20.5,1.0
75.2,20.6,1.0
75.2,20.7,1.0
75.2,20.8,1.0
75.2,20.9,1.0
75.2,21.0,1.0
75.2,21.1,1.0
75.2,21.2,1.0
75.2,21.3,1.0
75.2,21.4,1.0
75.2,21.5,1.5
75.2,21.6,1.5
75.2,21.7,1.0
75.2,21.8,1.0
75.2,21.9,1.0
75.2,22.0,1.0
75.2,22.1,1.0
75.2,22.2,1.0
75.2,22.3,1.0
75.2,22.4,1.0
75.2,22.5,1.0
75.2,22.6,1.0
75.2,22.7,1.0
75.2,22.8,1.0
75.2,22.9,1.0
75.2,23.0,1.0
75.2,23.1,1.0
75.2,23.2,1.0
75.2,23.3,1.0
75.2,23.4,1.0
75.2,23.5,1.0
75.2,23.6,1.0
75.2,23.7,1.0
75.2,23.8,1.0
75.2,23.9,1.0
75.2,24.0,1.0
75.2,24.1,1.0
75.2,24.2,1.0
75.2,24.3,1.0
75.2,24.4,1.0
75.2,24.5,1.15
75.2,24.6,1.15
75.2,24.7,1.15
75.2,24.8,1.15
75.2,24.9,1.15
75.2,25.0,1.15
75.2,25.1,1.15
75.2,25.2,1.0
75.2,25.3,1.0
75.2,25.4,1.0
75.2,25.5,1.0
75.2,25.6,1.0
75.2,25.7,1.0
75.2,25.8,1.0
75.2,25.9,1.0
75.2,26.0,1.0
75.2,26.1,1.0
75.2,26.2,1.0
75.2,26.3,1.0
75.2,26.4,1.0
75.2,26.5,1.0
75.2,26.6,1.0
75.2,26.7,1.5
75.2,26.8,1.5
75.2,26.9,1.5
75.2,27.0,1.5
75.2,27.1,1.5
75.2,27.2,1.5
75.2,27.3,1.5
75.2,27.4,1.5
75.2,27.5,1.5
75.2,27.6,1.5
75.2,27.7,1.5
75.2,27.8,1.5
75.2,27.9,1.5
75.2,28.0,1.5
75.2,28.1,1.5
75.2,28.2,1.5
75.2,28.3,1.5
75.2,28.4,1.5
75.2,28.5,1.5
75.2,28.6,1.5
75.2,28.7,1.5
75.2,28.8,1.5
75.2,28.9,1.5
75.2,29.0,1.5
75.2,29.1,1.5
75.2,29.2,1.5
75.2,29.3,1.5
75.2,29.4,1.5
75.2,29.5,1.5
75.2,29.6,1.5
75.2,29.7,1.5
75.2,29.8,1.5
75.2,29.9,1.5
75.2,30.0,1.5
75.2,30.1,1.5
75.2,30.2,1.5
75.2,30.3,1.5
75.2,30.4,1.5
75.2,30.5,1.5
75.2,30.6,1.5
75.2,30.7,1.5
75.2,30.8,1.5
75.2,30.9,1.5
75.2,31.0,1.5
75.2,31.1,1.5
75.2,31.2,1.5
75.2,31.3,1.5
75.2,31.4,1.5
75.2,31.5,1.5
75.2,31.6,1.5
75.2,31.7,1.5
75.2,31.8,1.5
75.2,31.9,1.5
75.2,32.0,1.5
75.2,32.1,1.5
75.2,32.2,1.5
75.2,32.3,1.5
75.2,32.4,1.5
75.2,32.5,1.0
75.2,32.6,1.0
75.2,32.7,1.0
75.2,32.8,1.5
75.2,32.9,1.5
75.2,33.0,1.0
75.2,33.1,1.15
75.2,33.2,1.15
75.2,33.3,1.15
75.2,33.4,1.15
75.2,33.5,1.15
75.2,33.6,1.15
75.2,33.7,1.0
75.2,33.8,1.0
75.2,33.9,1.0
75.2,34.0,1.5
75.2,34.1,1.5
75.2,34.2,1.5
75.2,34.3,1.5
75.2,34.4,1.5
75.2,34.5,1.5
75.2,34.6,1.5
75.2,34.7,1.0
75.2,34.8,1.0
75.2,34.9,1.0
75.2,35.0,1.0
75.2,35.1,1.0
75.2,35.2,1.0
75.2,35.3,1.0
75.2,35.4,1.0
75.2,35.5,1.0
75.2,35.6,1.0
75.2,35.7,1.0
75.2,35.8,1.0
75.2,35.9,1.0
75.2,36.0,1.0
75.2,36.1,1.0
75.2,36.2,1.0
75.2,36.3,1.0
75.2,36.4,1.0
75.2,36.5,1.0
75.2,36.6,1.0
75.2,36.7,1.0
75.2,36.8,1.0
75.2,36.9,1.0
75.3,12.0,1.0
75.3,12.1,1.0
75.3,12.2,1.0
75.3,12.3,1.0
75.3,12.4,1.0
75.3,12.5,1.0
75.3,12.6,1.0
75.3,12.7,1.0
75.3,12.8,1.0
75.3,12.9,1.0
75.3,13.0,1.0
75.3,13.1,1.0
75.3,13.2,1.0
75.3,13.3,1.0
75.3,13.4,1.0
75.3,13.5,1.0
75.3,13.6,1.0
75.3,13.7,1.0
75.3,13.8,1.0
75.3,13.9,1.0
75.3,14.0,1.0
75.3,14.1,1.0
75.3,14.2,1.0
75.3,14.3,1.0
75.3,14.4,1.0
75.3,14.5,1.0
75.3,14.6,1.0
75.3,14.7,1.0
75.3,14.8,1.0
75.3,14.9,1.0
75.3,15.0,1.0
75.3,15.1,1.0
75.3,15.2,1.0
75.3,15.3,1.0
75.3,15.4,1.0
75.3,15.5,1.0
75.3,15.6,1.0
75.3,15.7,1.0
75.3,15.8,1.0
75.3,15.9,1.15
75.3,16.0,1.15
75.3,16.1,1.0
75.3,16.2,1.15
75.3,16.3,1.15
75.3,16.4,1.0
75.3,16.5,1.0
75.3,16.6,1.0
75.3,16.7,1.0
75.3,16.8,1.0
75.3,16.9,1.0
75.3,17.0,1.0
75.3,17.1,1.0
75.3,17.2,1.0
75.3,17.3,1.0
75.3,17.4,1.0
75.3,17.5,1.0
75.3,17.6,1.0
75.3,17.7,1.0
75.3,17.8,1.0
75.3,17.9,1.0
75.3,18.0,1.0
75.3,18.1,1.0
75.3,18.2,1.0
75.3,18.3,1.0
75.3,18.4,1.0
75.3,18.5,1.0
75.3,18.6,1.0
75.3,18.7,1.0
75.3,18.8,1.0
75.3,18.9,1.0
75.3,19.0,1.0
75.3,19.1,1.0
75.3,19.2,1.0
75.3,19.3,1.0
75.3,19.4,1.0
75.3,19.5,1.0
75.3,19.6,1.0
75.3,19.7,1.0
75.3,19.8,1.0
75.3,19.9,1.0
75.3,20.0,1.0
75.3,20.1,1.0
75.3,20.2,1.0
75.3,20.3,1.0
75.3,20.4,1.0
75.3,20.5,1.0
75.3,20.6,1.0
75.3,20.7,1.0
75.3,20.8,1.0
75.3,20.9,1.0
75.3,21.0,1.0
75.3,21.1,1.0
75.3,21.2,1.0
75.3,21.3,1.0
75.3,21.4,1.0
75.3,21.5,1.5
75.3,21.6,1.5
75.3,21.7,1.0
75.3,21.8,1.0
75.3,21.9,1.0
75.3,22.0,1.0
75.3,22.1,1.0
75.3,22.2,1.0
75.3,22.3,1.0
75.3,22.4,1.0
75.3,22.5,1.0
75.3,22.6,1.0
75.3,22.7,1.0
75.3,22.8,1.0
75.3,22.9,1.0
75.3,23.0,1.0
75.3,23.1,1.0
75.3,23.2,1.0
75.3,23.3,1.0
75.3,23.4,1.0
75.3,23.5,1.0
75.3,23.6,1.0
75.3,23.7,1.0
75.3,23.8,1.0
75.3,23.9,1.0
75.3,24.0,1.0
75.3,24.1,1.0
75.3,24.2,1.0
75.3,24.3,1.0
75.3,24.4,1.0
75.3,24.5,1.15
75.3,24.6,1.15
75.3,24.7,1.15
75.3,24.8,1.15
75.3,24.9,1.15
75.3,25.0,1.15
75.3,25.1,1.15
75.3,25.2,1.0
75.3,25.3,1.0
75.3,25.4,1.0
75.3,25.5,1.0
75.3,25.6,1.0
75.3,25.7,1.0
75.3,25.8,1.0
75.3,25.9,1.0
75.3,26.0,1.0
75.3,26.1,1.0
75.3,26.2,1.0
75.3,26.3,1.0
75.3,26.4,1.0
75.3,26.5,1.0
75.3,26.6,1.5
75.3,26.7,1.5
75.3,26.8,1.5
75.3,26.9,1.5
75.3,27.0,1.5
75.3,27.1,1.5
75.3,27.2,1.5
75.3,27.3,1.5
75.3,27.4,1.5
75.3,27.5,1.5
75.3,27.6,1.5
75.3,27.7,1.5
75.3,27.8,1.5
75.3,27.9,1.5
75.3,28.0,1.5
75.3,28.1,1.5
75.3,28.2,1.5
75.3,28.3,1.5
75.3,28.4,1.5
75.3,28.5,1.5
75.3,28.6,1.5
75.3,28.7,1.5
75.3,28.8,1.5
75.3,28.9,1.5
75.3,29.0,1.5
75.3,29.1,1.5
75.3,29.2,1.5
75.3,29.3,1.5
75.3,29.4,1.5
75.3,29.5,1.5
75.3,29.6,1.5
75.3,29.7,1.5
75.3,29.8,1.5
75.3,29.9,1.5
75.3,30.0,1.5
75.3,30.1,1.5
75.3,30.2,1.5
75.3,30.3,1.5
75.3,30.4,1.5
75.3,30.5,1.5
75.3,30.6,1.5
75.3,30.7,1.5
75.3,30.8,1.5
75.3,30.9,1.5
75.3,31.0,1.5
75.3,31.1,1.5
75.3,31.2,1.5
75.3,31.3,1.5
75.3,31.4,1.5
75.3,31.5,1.5
75.3,31.6,1.5
75.3,31.7,1.5
75.3,31.8,1.5
75.3,31.9,1.5
75.3,32.0,1.5
75.3,32.1,1.5
75.3,32.2,1.5
75.3,32.3,1.5
75.3,32.4,1.5
75.3,32.5,1.0
75.3,32.6,1.0
75.3,32.7,1.5
75.3,32.8,1.5
75.3,32.9,1.5
75.3,33.0,1.0
75.3,33.1,1.15
75.3,33.2,1.15
75.3,33.3,1.15
75.3,33.4,1.15
75.3,33.5,1.15
75.3,33.6,1.0
75.3,33.7,1.0
75.3,33.8,1.0
75.3,33.9,1.5
75.3,34.0,1.5
75.3,34.1,1.5
75.3,34.2,1.5
75.3,34.3,1.5
75.3,34.4,1.5
75.3,34.5,1.5
75.3,34.6,1.5
75.3,34.7,1.0
75.3,34.8,1.0
75.3,34.9,1.0
75.3,35.0,1.0
75.3,35.1,1.0
75.3,35.2,1.0
75.3,35.3,1.0
75.3,35.4,1.0
75.3,35.5,1.0
75.3,35.6,1.0
75.3,35.7,1.0
75.3,35.8,1.0
75.3,35.9,1.0
75.3,36.0,1.0
75.3,36.1,1.0
75.3,36.2,1.0
75.3,36.3,1.0
75.3,36.4,1.0
75.3,36.5,1.0
75.3,36.6,1.0
75.3,36.7,1.0
75.3,36.8,1.0
75.3,36.9,1.0
75.3,37.0,1.0
75.4,11.8,1.0
75.4,11.9,1.0
75.4,12.0,1.0
75.4,12.1,1.0
75.4,12.2,1.0
75.4,12.3,1.0
75.4,12.4,1.0
75.4,12.5,1.0
75.4,12.6,1.0
75.4,12.7,1.0
75.4,12.8,1.0
75.4,12.9,1.0
75.4,13.0,1.0
75.4,13.1,1.0
75.4,13.2,1.0
75.4,13.3,1.0
75.4,13.4,1.0
75.4,13.5,1.0
75.4,13.6,1.0
75.4,13.7,1.0
75.4,13.8,1.0
75.4,13.9,1.0
75.4,14.0,1.0
75.4,14.1,1.0
75.4,14.2,1.0
75.4,14.3,1.0
75.4,14.4,1.0
75.4,14.5,1.0
75.4,14.6,1.0
75.4,14.7,1.0
75.4,14.8,1.0
75.4,14.9,1.0
75.4,15.0,1.0
75.4,15.1,1.0
75.4,15.2,1.0
75.4,15.3,1.0
75.4,15.4,1.0
75.4,15.5,1.0
75.4,15.6,1.0
75.4,15.7,1.0
75.4,15.8,1.0
75.4,15.9,1.15
75.4,16.0,1.15
75.4,16.1,1.0
75.4,16.2,1.15
75.4,16.3,1.15
75.4,16.4,1.0
75.4,16.5,1.0
75.4,16.6,1.0
75.4,16.7,1.0
75.4,16.8,1.0
75.4,16.9,1.0
75.4,17.0,1.0
75.4,17.1,1.0
75.4,17.2,1.0
75.4,17.3,1.0
75.4,17.4,1.0
75.4,17.5,1.0
75.4,17.6,1.0
75.4,17.7,1.0
75.4,17.8,1.0
75.4,17.9,1.0
75.4,18.0,1.0
75.4,18.1,1.0
75.4,18.2,1.0
75.4,18.3,1.0
75.4,18.4,1.0
75.4,18.5,1.0
75.4,18.6,1.0
75.4,18.7,1.0
75.4,18.8,1.0
75.4,18.9,1.0
75.4,19.0,1.0
75.4,19.1,1.0
75.4,19.2,1.0
75.4,19.3,1.0
75.4,19.4,1.0
75.4,19.5,1.0
75.4,19.6,1.0
75.4,19.7,1.0
75.4,19.8,1.0
75.4,19.9,1.0
75.4,20.0,1.0
75.4,20.1,1.0
75.4,20.2,1.0
75.4,20.3,1.0
75.4,20.4,1.0
75.4,20.5,1.0
75.4,20.6,1.0
75.4,20.7,1.0
75.4,20.8,1.0
75.4,20.9,1.0
75.4,21.0,1.0
75.4,21.1,1.0
75.4,21.2,1.0
75.4,21.3,1.0
75.4,21.4,1.0
75.4,21.5,1.5
75.4,21.6,1.5
75.4,21.7,1.5
75.4,21.8,1.0
75.4,21.9,1.0
75.4,22.0,1.0
75.4,22.1,1.0
75.4,22.2,1.0
75.4,22.3,1.0
75.4,22.4,1.0
75.4,22.5,1.0
75.4,22.6,1.0
75.4,22.7,1.0
75.4,22.8,1.0
75.4,22.9,1.0
75.4,23.0,1.0
75.4,23.1,1.0
75.4,23.2,1.0
75.4,23.3,1.0
75.4,23.4,1.0
75.4,23.5,1.0
75.4,23.6,1.0
75.4,23.7,1.0
75.4,23.8,1.0
75.4,23.9,1.0
75.4,24.0,1.0
75.4,24.1,1.0
75.4,24.2,1.0
75.4,24.3,1.0
75.4,24.4,1.0
75.4,24.5,1.15
75.4,24.6,1.15
75.4,24.7,1.15
75.4,24.8,1.15
75.4,24.9,1.15
75.4,25.0,1.15
75.4,25.1,1.15
75.4,25.2,1.15
75.4,25.3,1.0
75.4,25.4,1.0
75.4,25.5,1.0
75.4,25.6,1.0
75.4,25.7,1.0
75.4,25.8,1.0
75.4,25.9,1.0
75.4,26.0,1.0
75.4,26.1,1.0
75.4,26.2,1.0
75.4,26.3,1.0
75.4,26.4,1.0
75.4,26.5,1.5
75.4,26.6,1.5
75.4,26.7,1.5
75.4,26.8,1.5
75.4,26.9,1.5
75.4,27.0,1.5
75.4,27.1,1.5
75.4,27.2,1.5
75.4,27.3,1.5
75.4,27.4,1.5
75.4,27.5,1.5
75.4,27.6,1.5
75.4,27.7,1.5
75.4,27.8,1.5
75.4,27.9,1.5
75.4,28.0,1.5
75.4,28.1,1.5
75.4,28.2,1.5
75.4,28.3,1.5
75.4,28.4,1.5
75.4,28.5,1.5
75.4,28.6,1.5
75.4,28.7,1.5
75.4,28.8,1.5
75.4,28.9,1.5
75.4,29.0,1.5
75.4,29.1,1.5
75.4,29.2,1.5
75.4,29.3,1.5
75.4,29.4,1.5
75.4,29.5,1.5
75.4,29.6,1.5
75.4,29.7,1.5
75.4,29.8,1.5
75.4,29.9,1.5
75.4,30.0,1.5
75.4,30.1,1.5
75.4,30.2,1.5
75.4,30.3,1.5
75.4,30.4,1.5
75.4,30.5,1.5
75.4,30.6,1.5
75.4,30.7,1.5
75.4,30.8,1.5
75.4,30.9,1.5
75.4,31.0,1.5
75.4,31.1,1.5
75.4,31.2,1.5
75.4,31.3,1.5
75.4,31.4,1.5
75.4,31.5,1.5
75.4,31.6,1.5
75.4,31.7,1.5
75.4,31.8,1.5
75.4,31.9,1.5
75.4,32.0,1.5
75.4,32.1,1.5
75.4,32.2,1.5
75.4,32.3,1.5
75.4,32.4,1.5
75.4,32.5,1.5
75.4,32.6,1.0
75.4,32.7,1.5
75.4,32.8,1.5
75.4,32.9,1.0
75.4,33.0,1.15
75.4,33.1,1.15
75.4,33.2,1.15
75.4,33.3,1.15
75.4,33.4,1.15
75.4,33.5,1.0
75.4,33.6,1.0
75.4,33.7,1.0
75.4,33.8,1.0
75.4,33.9,1.0
75.4,34.0,1.0
75.4,34.1,1.5
75.4,34.2,1.5
75.4,34.3,1.5
75.4,34.4,1.5
75.4,34.5,1.5
75.4,34.6,1.5
75.4,34.7,1.0
75.4,34.8,1.0
75.4,34.9,1.0
75.4,35.0,1.0
75.4,35.1,1.0
75.4,35.2,1.0
75.4,35.3,1.0
75.4,35.4,1.0
75.4,35.5,1.0
75.4,35.6,1.0
75.4,35.7,1.0
75.4,35.8,1.0
75.4,35.9,1.0
75.4,36.0,1.0
75.4,36.1,1.0
75.4,36.2,1.0
75.4,36.3,1.0
75.4,36.4,1.0
75.4,36.5,1.0
75.4,36.6,1.0
75.4,36.7,1.0
75.4,36.8,1.0
75.4,36.9,1.0
75.4,37.0,1.0
75.5,11.7,1.0
75.5,11.8,1.0
75.5,11.9,1.0
75.5,12.0,1.0
75.5,12.1,1.0
75.5,12.2,1.0
75.5,12.3,1.0
75.5,12.4,1.0
75.5,12.5,1.0
75.5,12.6,1.0
75.5,12.7,1.0
75.5,12.8,1.0
75.5,12.9,1.0
75.5,13.0,1.0
75.5,13.1,1.0
75.5,13.2,1.0
75.5,13.3,1.0
75.5,13.4,1.0
75.5,13.5,1.0
75.5,13.6,1.0
75.5,13.7,1.0
75.5,13.8,1.0
75.5,13.9,1.0
75.5,14.0,1.0
75.5,14.1,1.0
75.5,14.2,1.0
75.5,14.3,1.0
75.5,14.4,1.0
75.5,14.5,1.0
75.5,14.6,1.0
75.5,14.7,1.0
75.5,14.8,1.0
75.5,14.9,1.0
75.5,15.0,1.0
75.5,15.1,1.0
75.5,15.2,1.0
75.5,15.3,1.0
75.5,15.4,1.0
75.5,15.5,1.0
75.5,15.6,1.0
75.5,15.7,1.0
75.5,15.8,1.0
75.5,15.9,1.15
75.5,16.0,1.15
75.5,16.1,1.0
75.5,16.2,1.15
75.5,16.3,1.15
75.5,16.4,1.15
75.5,16.5,1.0
75.5,16.6,1.0
75.5,16.7,1.0
75.5,16.8,1.0
75.5,16.9,1.0
75.5,17.0,1.0
75.5,17.1,1.0
75.5,17.2,1.0
75.5,17.3,1.0
75.5,17.4,1.0
75.5,17.5,1.0
75.5,17.6,1.0
75.5,17.7,1.0
75.5,17.8,1.0
75.5,17.9,1.0
75.5,18.0,1.0
75.5,18.1,1.0
75.5,18.2,1.0
75.5,18.3,1.0
75.5,18.4,1.0
75.5,18.5,1.0
75.5,18.6,1.0
75.5,18.7,1.0
75.5,18.8,1.0
75.5,18.9,1.0
75.5,19.0,1.0
75.5,19.1,1.0
75.5,19.2,1.0
75.5,19.3,1.0
75.5,19.4,1.0
75.5,19.5,1.0
75.5,19.6,1.0
75.5,19.7,1.0
75.5,19.8,1.0
75.5,19.9,1.0
75.5,20.0,1.0
75.5,20.1,1.0
75.5,20.2,1.0
75.5,20.3,1.0
75.5,20.4,1.0
75.5,20.5,1.0
75.5,20.6,1.0
75.5,20.7,1.0
75.5,20.8,1.0
75.5,20.9,1.0
75.5,21.0,1.0
75.5,21.1,1.0
75.5,21.2,1.0
75.5,21.3,1.0
75.5,21.4,1.0
75.5,21.5,1.5
75.5,21.6,1.5
75.5,21.7,1.5
75.5,21.8,1.5
75.5,21.9,1.0
75.5,22.0,1.0
75.5,22.1,1.0
75.5,22.2,1.0
75.5,22.3,1.0
75.5,22.4,1.0
75.5,22.5,1.0
75.5,22.6,1.0
75.5,22.7,1.0
75.5,22.8,1.0
75.5,22.9,1.0
75.5,23.0,1.0
75.5,23.1,1.0
75.5,23.2,1.0
75.5,23.3,1.0
75.5,23.4,1.0
75.5,23.5,1.0
75.5,23.6,1.0
75.5,23.7,1.0
75.5,23.8,1.0
75.5,23.9,1.0
75.5,24.0,1.0
75.5,24.1,1.0
75.5,24.2,1.0
75.5,24.3,1.0
75.5,24.4,1.15
75.5,24.5,1.15
75.5,24.6,1.15
75.5,24.7,1.15
75.5,24.8,1.15
75.5,24.9,1.15
75.5,25.0,1.15
75.5,25.1,1.15
75.5,25.2,1.15
75.5,25.3,1.15
75.5,25.4,1.0
75.5,25.5,1.0
75.5,25.6,1.0
75.5,25.7,1.0
75.5,25.8,1.0
75.5,25.9,1.0
75.5,26.0,1.0
75.5,26.1,1.0
75.5,26.2,1.0
75.5,26.3,1.0
75.5,26.4,1.0
75.5,26.5,1.5
75.5,26.6,1.5
75.5,26.7,1.5
75.5,26.8,1.5
75.5,26.9,1.5
75.5,27.0,1.5
75.5,27.1,1.5
75.5,27.2,1.5
75.5,27.3,1.5
75.5,27.4,1.5
75.5,27.5,1.5
75.5,27.6,1.5
75.5,27.7,1.5
75.5,27.8,1.5
75.5,27.9,1.5
75.5,28.0,1.5
75.5,28.1,1.5
75.5,28.2,1.5
75.5,28.3,1.5
75.5,28.4,1.5
75.5,28.5,1.5
75.5,28.6,1.5
75.5,28.7,1.5
75.5,28.8,1.5
75.5,28.9,1.5
75.5,29.0,1.5
75.5,29.1,1.5
75.5,29.2,1.5
75.5,29.3,1.5
75.5,29.4,1.5
75.5,29.5,1.5
75.5,29.6,1.5
75.5,29.7,1.5
75.5,29.8,1.5
75.5,29.9,1.5
75.5,30.0,1.5
75.5,30.1,1.5
75.5,30.2,1.5
75.5,30.3,1.5
75.5,30.4,1.5
75.5,30.5,1.5
75.5,30.6,1.5
75.5,30.7,1.5
75.5,30.8,1.5
75.5,30.9,1.5
75.5,31.0,1.5
75.5,31.1,1.5
75.5,31.2,1.5
75.5,31.3,1.5
75.5,31.4,1.5
75.5,31.5,1.5
75.5,31.6,1.5
75.5,31.7,1.5
75.5,31.8,1.5
75.5,31.9,1.5
75.5,32.0,1.5
75.5,32.1,1.5
75.5,32.2,1.5
75.5,32.3,1.5
75.5,32.4,1.5
75.5,32.5,1.5
75.5,32.6,1.0
75.5,32.7,1.5
75.5,32.8,1.5
75.5,32.9,1.0
75.5,33.0,1.15
75.5,33.1,1.15
75.5,33.2,1.15
75.5,33.3,1.15
75.5,33.4,1.0
75.5,33.5,1.0
75.5,33.6,1.0
75.5,33.7,1.0
75.5,33.8,1.0
75.5,33.9,1.0
75.5,34.0,1.0
75.5,34.1,1.0
75.5,34.2,1.5
75.5,34.3,1.5
75.5,34.4,1.5
75.5,34.5,1.5
75.5,34.6,1.5
75.5,34.7,1.0
75.5,34.8,1.0
75.5,34.9,1.0
75.5,35.0,1.0
75.5,35.1,1.0
75.5,35.2,1.0
75.5,35.3,1.0
75.5,35.4,1.0
75.5,35.5,1.0
75.5,35.6,1.0
75.5,35.7,1.0
75.5,35.8,1.0
75.5,35.9,1.0
75.5,36.0,1.0
75.5,36.1,1.0
75.5,36.2,1.0
75.5,36.3,1.0
75.5,36.4,1.0
75.5,36.5,1.0
75.5,36.6,1.0
75.5,36.7,1.0
75.5,36.8,1.0
75.5,36.9,1.0
75.6,11.5,1.0
75.6,11.6,1.0
75.6,11.7,1.0
75.6,11.8,1.0
75.6,11.9,1.0
75.6,12.0,1.0
75.6,12.1,1.0
75.6,12.2,1.0
75.6,12.3,1.0
75.6,12.4,1.0
75.6,12.5,1.0
75.6,12.6,1.0
75.6,12.7,1.0
75.6,12.8,1.0
75.6,12.9,1.0
75.6,13.0,1.0
75.6,13.1,1.0
75.6,13.2,1.0
75.6,13.3,1.0
75.6,13.4,1.0
75.6,13.5,1.0
75.6,13.6,1.0
75.6,13.7,1.0
75.6,13.8,1.0
75.6,13.9,1.0
75.6,14.0,1.0
75.6,14.1,1.0
75.6,14.2,1.0
75.6,14.3,1.0
75.6,14.4,1.0
75.6,14.5,1.0
75.6,14.6,1.0
75.6,14.7,1.0
75.6,14.8,1.0
75.6,14.9,1.0
75.6,15.0,1.0
75.6,15.1,1.0
75.6,15.2,1.0
75.6,15.3,1.0
75.6,15.4,1.0
75.6,15.5,1.0
75.6,15.6,1.0
75.6,15.7,1.0
75.6,15.8,1.0
75.6,15.9,1.15
75.6,16.0,1.15
75.6,16.1,1.15
75.6,16.2,1.15
75.6,16.3,1.15
75.6,16.4,1.15
75.6,16.5,1.0
75.6,16.6,1.0
75.6,16.7,1.0
75.6,16.8,1.0
75.6,16.9,1.0
75.6,17.0,1.0
75.6,17.1,1.0
75.6,17.2,1.0
75.6,17.3,1.0
75.6,17.4,1.0
75.6,17.5,1.0
75.6,17.6,1.0
75.6,17.7,1.0
75.6,17.8,1.0
75.6,17.9,1.0
75.6,18.0,1.0
75.6,18.1,1.0
75.6,18.2,1.0
75.6,18.3,1.0
75.6,18.4,1.0
75.6,18.5,1.0
75.6,18.6,1.0
75.6,18.7,1.0
75.6,18.8,1.0
75.6,18.9,1.0
75.6,19.0,1.0
75.6,19.1,1.0
75.6,19.2,1.0
75.6,19.3,1.0
75.6,19.4,1.0
75.6,19.5,1.0
75.6,19.6,1.0
75.6,19.7,1.0
75.6,19.8,1.0
75.6,19.9,1.0
75.6,20.0,1.0
75.6,20.1,1.0
75.6,20.2,1.0
75.6,20.3,1.0
75.6,20.4,1.0
75.6,20.5,1.0
75.6,20.6,1.0
75.6,20.7,1.0
75.6,20.8,1.0
75.6,20.9,1.0
75.6,21.0,1.0
75.6,21.1,1.0
75.6,21.2,1.0
75.6,21.3,1.0
75.6,21.4,1.0
75.6,21.5,1.5
75.6,21.6,1.5
75.6,21.7,1.5
75.6,21.8,1.5
75.6,21.9,1.0
75.6,22.0,1.0
75.6,22.1,1.0
75.6,22.2,1.0
75.6,22.3,1.0
75.6,22.4,1.0
75.6,22.5,1.0
75.6,22.6,1.0
75.6,22.7,1.0
75.6,22.8,1.0
75.6,22.9,1.0
75.6,23.0,1.0
75.6,23.1,1.0
75.6,23.2,1.0
75.6,23.3,1.0
75.6,23.4,1.0
75.6,23.5,1.0
75.6,23.6,1.0
75.6,23.7,1.0
75.6,23.8,1.0
75.6,23.9,1.0
75.6,24.0,1.0
75.6,24.1,1.0
75.6,24.2,1.0
75.6,24.3,1.15
75.6,24.4,1.15
75.6,24.5,1.15
75.6,24.6,1.15
75.6,24.7,1.15
75.6,24.8,1.15
75.6,24.9,1.15
75.6,25.0,1.15
75.6,25.1,1.15
75.6,25.2,1.15
75.6,25.3,1.5
75.6,25.4,1.15
75.6,25.5,1.0
75.6,25.6,1.0
75.6,25.7,1.0
75.6,25.8,1.0
75.6,25.9,1.0
75.6,26.0,1.0
75.6,26.1,1.0
75.6,26.2,1.0
75.6,26.3,1.0
75.6,26.4,1.0
75.6,26.5,1.5
75.6,26.6,1.5
75.6,26.7,1.5
75.6,26.8,1.5
75.6,26.9,1.5
75.6,27.0,1.5
75.6,27.1,1.5
75.6,27.2,1.5
75.6,27.3,1.5
75.6,27.4,1.5
75.6,27.5,1.5
75.6,27.6,1.5
75.6,27.7,1.5
75.6,27.8,1.5
75.6,27.9,1.5
75.6,28.0,1.5
75.6,28.1,1.5
75.6,28.2,1.5
75.6,28.3,1.5
75.6,28.4,1.5
75.6,28.5,1.5
75.6,28.6,1.5
75.6,28.7,1.5
75.6,28.8,1.5
75.6,28.9,1.5
75.6,29.0,1.5
75.6,29.1,1.5
75.6,29.2,1.5
75.6,29.3,1.5
75.6,29.4,1.5
75.6,29.5,1.5
75.6,29.6,1.5
75.6,29.7,1.5
75.6,29.8,1.5
75.6,29.9,1.5
75.6,30.0,1.5
75.6,30.1,1.5
75.6,30.2,1.5
75.6,30.3,1.5
75.6,30.4,1.5
75.6,30.5,1.5
75.6,30.6,1.5
75.6,30.7,1.5
75.6,30.8,1.5
75.6,30.9,1.5
75.6,31.0,1.5
75.6,31.1,1.5
75.6,31.2,1.5
75.6,31.3,1.5
75.6,31.4,1.5
75.6,31.5,1.5
75.6,31.6,1.5
75.6,31.7,1.5
75.6,31.8,1.5
75.6,31.9,1.5
75.6,32.0,1.5
75.6,32.1,1.5
75.6,32.2,1.5
75.6,32.3,1.5
75.6,32.4,1.5
75.6,32.5,1.5
75.6,32.6,1.5
75.6,32.7,1.5
75.6,32.8,1.0
75.6,32.9,1.15
75.6,33.0,1.15
75.6,33.1,1.15
75.6,33.2,1.15
75.6,33.3,1.0
75.6,33.4,1.0
75.6,33.5,1.0
75.6,33.6,1.0
75.6,33.7,1.0
75.6,33.8,1.0
75.6,33.9,1.0
75.6,34.0,1.0
75.6,34.1,1.0
75.6,34.2,1.0
75.6,34.3,1.0
75.6,34.4,1.5
75.6,34.5,1.5
75.6,34.6,1.5
75.6,34.7,1.0
75.6,34.8,1.0
75.6,34.9,1.0
75.6,35.0,1.0
75.6,35.1,1.0
75.6,35.2,1.0
75.6,35.3,1.0
75.6,35.4,1.0
75.6,35.5,1.0
75.6,35.6,1.0
75.6,35.7,1.0
75.6,35.8,1.0
75.6,35.9,1.0
75.6,36.0,1.0
75.6,36.1,1.0
75.6,36.2,1.0
75.6,36.3,1.0
75.6,36.4,1.0
75.6,36.5,1.0
75.6,36.6,1.0
75.6,36.7,1.0
75.6,36.8,1.0
75.7,11.3,1.0
75.7,11.4,1.0
75.7,11.5,1.0
75.7,11.6,1.0
75.7,11.7,1.0
75.7,11.8,1.0
75.7,11.9,1.0
75.7,12.0,1.0
75.7,12.1,1.0
75.7,12.2,1.0
75.7,12.3,1.0
75.7,12.4,1.0
75.7,12.5,1.0
75.7,12.6,1.0
75.7,12.7,1.0
75.7,12.8,1.0
75.7,12.9,1.0
75.7,13.0,1.0
75.7,13.1,1.0
75.7,13.2,1.0
75.7,13.3,1.0
75.7,13.4,1.0
75.7,13.5,1.0
75.7,13.6,1.0
75.7,13.7,1.0
75.7,13.8,1.0
75.7,13.9,1.0
75.7,14.0,1.0
75.7,14.1,1.0
75.7,14.2,1.0
75.7,14.3,1.0
75.7,14.4,1.0
75.7,14.5,1.0
75.7,14.6,1.0
75.7,14.7,1.0
75.7,14.8,1.0
75.7,14.9,1.0
75.7,15.0,1.0
75.7,15.1,1.0
75.7,15.2,1.0
75.7,15.3,1.0
75.7,15.4,1.0
75.7,15.5,1.0
75.7,15.6,1.0
75.7,15.7,1.0
75.7,15.8,1.15
75.7,15.9,1.15
75.7,16.0,1.15
75.7,16.1,1.15
75.7,16.2,1.15
75.7,16.3,1.15
75.7,16.4,1.15
75.7,16.5,1.0
75.7,16.6,1.0
75.7,16.7,1.0
75.7,16.8,1.0
75.7,16.9,1.0
75.7,17.0,1.0
75.7,17.1,1.0
75.7,17.2,1.0
75.7,17.3,1.0
75.7,17.4,1.0
75.7,17.5,1.0
75.7,17.6,1.0
75.7,17.7,1.0
75.7,17.8,1.0
75.7,17.9,1.0
75.7,18.0,1.0
75.7,18.1,1.0
75.7,18.2,1.0
75.7,18.3,1.0
75.7,18.4,1.0
75.7,18.5,1.0
75.7,18.6,1.0
75.7,18.7,1.0
75.7,18.8,1.0
75.7,18.9,1.0
75.7,19.0,1.0
75.7,19.1,1.0
75.7,19.2,1.0
75.7,19.3,1.0
75.7,19.4,1.0
75.7,19.5,1.0
75.7,19.6,1.0
75.7,19.7,1.0
75.7,19.8,1.0
75.7,19.9,1.0
75.7,20.0,1.0
75.7,20.1,1.0
75.7,20.2,1.0
75.7,20.3,1.0
75.7,20.4,1.0
75.7,20.5,1.0
75.7,20.6,1.0
75.7,20.7,1.0
75.7,20.8,1.0
75.7,20.9,1.0
75.7,21.0,1.0
75.7,21.1,1.0
75.7,21.2,1.0
75.7,21.3,1.0
75.7,21.4,1.5
75.7,21.5,1.5
75.7,21.6,1.0
75.7,21.7,1.0
75.7,21.8,1.0
75.7,21.9,1.0
75.7,22.0,1.0
75.7,22.1,1.0
75.7,22.2,1.0
75.7,22.3,1.0
75.7,22.4,1.0
75.7,22.5,1.0
75.7,22.6,1.0
75.7,22.7,1.0
75.7,22.8,1.0
75.7,22.9,1.0
75.7,23.0,1.0
75.7,23.1,1.0
75.7,23.2,1.0
75.7,23.3,1.0
75.7,23.4,1.0
75.7,23.5,1.0
75.7,23.6,1.0
75.7,23.7,1.0
75.7,23.8,1.0
75.7,23.9,1.0
75.7,24.0,1.0
75.7,24.1,1.0
75.7,24.2,1.0
75.7,24.3,1.0
75.7,24.4,1.15
75.7,24.5,1.15
75.7,24.6,1.15
75.7,24.7,1.15
75.7,24.8,1.15
75.7,24.9,1.15
75.7,25.0,1.15
75.7,25.1,1.15
75.7,25.2,1.5
75.7,25.3,1.5
75.7,25.4,1.15
75.7,25.5,1.0
75.7,25.6,1.0
75.7,25.7,1.0
75.7,25.8,1.0
75.7,25.9,1.0
75.7,26.0,1.0
75.7,26.1,1.0
75.7,26.2,1.0
75.7,26.3,1.0
75.7,26.4,1.0
75.7,26.5,1.5
75.7,26.6,1.5
75.7,26.7,1.5
75.7,26.8,1.5
75.7,26.9,1.5
75.7,27.0,1.5
75.7,27.1,1.5
75.7,27.2,1.5
75.7,27.3,1.5
75.7,27.4,1.5
75.7,27.5,1.5
75.7,27.6,1.5
75.7,27.7,1.5
75.7,27.8,1.5
75.7,27.9,1.5
75.7,28.0,1.5
75.7,28.1,1.5
75.7,28.2,1.5
75.7,28.3,1.5
75.7,28.4,1.5
75.7,28.5,1.5
75.7,28.6,1.5
75.7,28.7,1.5
75.7,28.8,1.5
75.7,28.9,1.5
75.7,29.0,1.5
75.7,29.1,1.5
75.7,29.2,1.5
75.7,29.3,1.5
75.7,29.4,1.5
75.7,29.5,1.5
75.7,29.6,1.5
75.7,29.7,1.5
75.7,29.8,1.5
75.7,29.9,1.5
75.7,30.0,1.5
75.7,30.1,1.5
75.7,30.2,1.5
75.7,30.3,1.5
75.7,30.4,1.5
75.7,30.5,1.5
75.7,30.6,1.5
75.7,30.7,1.5
75.7,30.8,1.5
75.7,30.9,1.5
75.7,31.0,1.5
75.7,31.1,1.5
75.7,31.2,1.5
75.7,31.3,1.5
75.7,31.4,1.5
75.7,31.5,1.5
75.7,31.6,1.5
75.7,31.7,1.5
75.7,31.8,1.5
75.7,31.9,1.5
75.7,32.0,1.5
75.7,32.1,1.5
75.7,32.2,1.5
75.7,32.3,1.5
75.7,32.4,1.5
75.7,32.5,1.5
75.7,32.6,1.5
75.7,32.7,1.5
75.7,32.8,1.15
75.7,32.9,1.15
75.7,33.0,1.15
75.7,33.1,1.0
75.7,33.2,1.0
75.7,33.3,1.0
75.7,33.4,1.0
75.7,33.5,1.0
75.7,33.6,1.0
75.7,33.7,1.0
75.7,33.8,1.0
75.7,33.9,1.0
75.7,34.0,1.0
75.7,34.1,1.0
75.7,34.2,1.0
75.7,34.3,1.0
75.7,34.4,1.0
75.7,34.5,1.5
75.7,34.6,1.5
75.7,34.7,1.0
75.7,34.8,1.0
75.7,34.9,1.0
75.7,35.0,1.0
75.7,35.1,1.0
75.7,35.2,1.0
75.7,35.3,1.0
75.7,35.4,1.0
75.7,35.5,1.0
75.7,35.6,1.0
75.7,35.7,1.0
75.7,35.8,1.0
75.7,35.9,1.0
75.7,36.0,1.0
75.7,36.1,1.0
75.7,36.2,1.0
75.7,36.3,1.0
75.7,36.4,1.0
75.7,36.5,1.0
75.7,36.6,1.0
75.7,36.7,1.0
75.8,11.1,1.0
75.8,11.2,1.0
75.8,11.3,1.0
75.8,11.4,1.0
75.8,11.5,1.0
75.8,11.6,1.0
75.8,11.7,1.0
75.8,11.8,1.0
75.8,11.9,1.0
75.8,12.0,1.0
75.8,12.1,1.0
75.8,12.2,1.0
75.8,12.3,1.0
75.8,12.4,1.0
75.8,12.5,1.0
75.8,12.6,1.0
75.8,12.7,1.0
75.8,12.8,1.0
75.8,12.9,1.0
75.8,13.0,1.0
75.8,13.1,1.0
75.8,13.2,1.0
75.8,13.3,1.0
75.8,13.4,1.0
75.8,13.5,1.0
75.8,13.6,1.0
75.8,13.7,1.0
75.8,13.8,1.0
75.8,13.9,1.0
75.8,14.0,1.0
75.8,14.1,1.0
75.8,14.2,1.0
75.8,14.3,1.0
75.8,14.4,1.0
75.8,14.5,1.0
75.8,14.6,1.0
75.8,14.7,1.0
75.8,14.8,1.0
75.8,14.9,1.0
75.8,15.0,1.0
75.8,15.1,1.0
75.8,15.2,1.0
75.8,15.3,1.0
75.8,15.4,1.0
75.8,15.5,1.0
75.8,15.6,1.0
75.8,15.7,1.0
75.8,15.8,1.15
75.8,15.9,1.15
75.8,16.0,1.15
75.8,16.1,1.15
75.8,16.2,1.0
75.8,16.3,1.15
75.8,16.4,1.15
75.8,16.5,1.0
75.8,16.6,1.0
75.8,16.7,1.0
75.8,16.8,1.0
75.8,16.9,1.0
75.8,17.0,1.0
75.8,17.1,1.0
75.8,17.2,1.0
75.8,17.3,1.0
75.8,17.4,1.0
75.8,17.5,1.0
75.8,17.6,1.0
75.8,17.7,1.0
75.8,17.8,1.0
75.8,17.9,1.0
75.8,18.0,1.0
75.8,18.1,1.0
75.8,18.2,1.0
75.8,18.3,1.0
75.8,18.4,1.0
75.8,18.5,1.0
75.8,18.6,1.0
75.8,18.7,1.0
75.8,18.8,1.0
75.8,18.9,1.0
75.8,19.0,1.0
75.8,19.1,1.0
75.8,19.2,1.0
75.8,19.3,1.0
75.8,19.4,1.0
75.8,19.5,1.0
75.8,19.6,1.0
75.8,19.7,1.0
75.8,19.8,1.0
75.8,19.9,1.0
75.8,20.0,1.0
75.8,20.1,1.0
75.8,20.2,1.0
75.8,20.3,1.0
75.8,20.4,1.0
75.8,20.5,1.0
75.8,20.6,1.0
75.8,20.7,1.0
75.8,20.8,1.0
75.8,20.9,1.0
75.8,21.0,1.0
75.8,21.1,1.0
75.8,21.2,1.0
75.8,21.3,1.5
75.8,21.4,1.5
75.8,21.5,1.0
75.8,21.6,1.0
75.8,21.7,1.0
75.8,21.8,1.0
75.8,21.9,1.0
75.8,22.0,1.0
75.8,22.1,1.0
75.8,22.2,1.0
75.8,22.3,1.0
75.8,22.4,1.0
75.8,22.5,1.0
75.8,22.6,1.0
75.8,22.7,1.0
75.8,22.8,1.0
75.8,22.9,1.0
75.8,23.0,1.0
75.8,23.1,1.0
75.8,23.2,1.0
75.8,23.3,1.0
75.8,23.4,1.0
75.8,23.5,1.0
75.8,23.6,1.0
75.8,23.7,1.0
75.8,23.8,1.0
75.8,23.9,1.0
75.8,24.0,1.0
75.8,24.1,1.0
75.8,24.2,1.0
75.8,24.3,1.0
75.8,24.4,1.0
75.8,24.5,1.15
75.8,24.6,1.15
75.8,24.7,1.15
75.8,24.8,1.15
75.8,24.9,1.15
75.8,25.0,1.15
75.8,25.1,1.15
75.8,25.2,1.5
75.8,25.3,1.5
75.8,25.4,1.15
75.8,25.5,1.15
75.8,25.6,1.0
75.8,25.7,1.0
75.8,25.8,1.0
75.8,25.9,1.0
75.8,26.0,1.0
75.8,26.1,1.0
75.8,26.2,1.0
75.8,26.3,1.0
75.8,26.4,1.0
75.8,26.5,1.5
75.8,26.6,1.5
75.8,26.7,1.5
75.8,26.8,1.5
75.8,26.9,1.5
75.8,27.0,1.5
75.8,27.1,1.5
75.8,27.2,1.5
75.8,27.3,1.5
75.8,27.4,1.5
75.8,27.5,1.5
75.8,27.6,1.5
75.8,27.7,1.5
75.8,27.8,1.5
75.8,27.9,1.5
75.8,28.0,1.5
75.8,28.1,1.5
75.8,28.2,1.5
75.8,28.3,1.5
75.8,28.4,1.5
75.8,28.5,1.5
75.8,28.6,1.5
75.8,28.7,1.5
75.8,28.8,1.5
75.8,28.9,1.5
75.8,29.0,1.5
75.8,29.1,1.5
75.8,29.2,1.5
75.8,29.3,1.5
75.8,29.4,1.5
75.8,29.5,1.5
75.8,29.6,1.5
75.8,29.7,1.5
75.8,29.8,1.5
75.8,29.9,1.5
75.8,30.0,1.5
75.8,30.1,1.5
75.8,30.2,1.5
75.8,30.3,1.5
75.8,30.4,1.5
75.8,30.5,1.5
75.8,30.6,1.5
75.8,30.7,1.5
75.8,30.8,1.5
75.8,30.9,1.5
75.8,31.0,1.5
75.8,31.1,1.5
75.8,31.2,1.5
75.8,31.3,1.5
75.8,31.4,1.5
75.8,31.5,1.5
75.8,31.6,1.5
75.8,31.7,1.5
75.8,31.8,1.5
75.8,31.9,1.5
75.8,32.0,1.5
75.8,32.1,1.15
75.8,32.2,1.15
75.8,32.3,1.15
75.8,32.4,1.5
75.8,32.5,1.0
75.8,32.6,1.5
75.8,32.7,1.15
75.8,32.8,1.15
75.8,32.9,1.15
75.8,33.0,1.0
75.8,33.1,1.0
75.8,33.2,1.0
75.8,33.3,1.0
75.8,33.4,1.0
75.8,33.5,1.0
75.8,33.6,1.0
75.8,33.7,1.0
75.8,33.8,1.0
75.8,33.9,1.0
75.8,34.0,1.0
75.8,34.1,1.0
75.8,34.2,1.0
75.8,34.3,1.0
75.8,34.4,1.0
75.8,34.5,1.0
75.8,34.6,1.0
75.8,34.7,1.0
75.8,34.8,1.0
75.8,34.9,1.0
75.8,35.0,1.0
75.8,35.1,1.0
75.8,35.2,1.0
75.8,35.3,1.0
75.8,35.4,1.0
75.8,35.5,1.0
75.8,35.6,1.0
75.8,35.7,1.0
75.8,35.8,1.0
75.8,35.9,1.0
75.8,36.0,1.0
75.8,36.1,1.0
75.8,36.2,1.0
75.8,36.3,1.0
75.8,36.4,1.0
75.8,36.5,1.0
75.8,36.6,1.0
75.9,10.7,1.0
75.9,10.8,1.0
75.9,10.9,1.0
75.9,11.0,1.0
75.9,11.1,1.0
75.9,11.2,1.0
75.9,11.3,1.0
75.9,11.4,1.0
75.9,11.5,1.0
75.9,11.6,1.0
75.9,11.7,1.0
75.9,11.8,1.0
75.9,11.9,1.0
75.9,12.0,1.0
75.9,12.1,1.0
75.9,12.2,1.0
75.9,12.3,1.0
75.9,12.4,1.0
75.9,12.5,1.0
75.9,12.6,1.0
75.9,12.7,1.0
75.9,12.8,1.0
75.9,12.9,1.0
75.9,13.0,1.0
75.9,13.1,1.0
75.9,13.2,1.0
75.9,13.3,1.0
75.9,13.4,1.0
75.9,13.5,1.0
75.9,13.6,1.0
75.9,13.7,1.0
75.9,13.8,1.0
75.9,13.9,1.0
75.9,14.0,1.0
75.9,14.1,1.0
75.9,14.2,1.0
75.9,14.3,1.0
75.9,14.4,1.0
75.9,14.5,1.0
75.9,14.6,1.0
75.9,14.7,1.0
75.9,14.8,1.0
75.9,14.9,1.0
75.9,15.0,1.0
75.9,15.1,1.0
75.9,15.2,1.0
75.9,15.3,1.0
75.9,15.4,1.0
75.9,15.5,1.0
75.9,15.6,1.0
75.9,15.7,1.0
75.9,15.8,1.15
75.9,15.9,1.0
75.9,16.0,1.0
75.9,16.1,1.15
75.9,16.2,1.15
75.9,16.3,1.15
75.9,16.4,1.15
75.9,16.5,1.0
75.9,16.6,1.0
75.9,16.7,1.0
75.9,16.8,1.0
75.9,16.9,1.0
75.9,17.0,1.0
75.9,17.1,1.0
75.9,17.2,1.0
75.9,17.3,1.0
75.9,17.4,1.0
75.9,17.5,1.0
75.9,17.6,1.0
75.9,17.7,1.0
75.9,17.8,1.0
75.9,17.9,1.0
75.9,18.0,1.0
75.9,18.1,1.0
75.9,18.2,1.0
75.9,18.3,1.0
75.9,18.4,1.0
75.9,18.5,1.0
75.9,18.6,1.0
75.9,18.7,1.0
75.9,18.8,1.0
75.9,18.9,1.0
75.9,19.0,1.0
75.9,19.1,1.0
75.9,19.2,1.0
75.9,19.3,1.0
75.9,19.4,1.0
75.9,19.5,1.0
75.9,19.6,1.0
75.9,19.7,1.0
75.9,19.8,1.0
75.9,19.9,1.0
75.9,20.0,1.0
75.9,20.1,1.0
75.9,20.2,1.0
75.9,20.3,1.0
75.9,20.4,1.0
75.9,20.5,1.0
75.9,20.6,1.0
75.9,20.7,1.0
75.9,20.8,1.0
75.9,20.9,1.0
75.9,21.0,1.0
75.9,21.1,1.0
75.9,21.2,1.5
75.9,21.3,1.5
75.9,21.4,1.5
75.9,21.5,1.0
75.9,21.6,1.0
75.9,21.7,1.0
75.9,21.8,1.0
75.9,21.9,1.0
75.9,22.0,1.0
75.9,22.1,1.0
75.9,22.2,1.0
75.9,22.3,1.0
75.9,22.4,1.0
75.9,22.5,1.0
75.9,22.6,1.0
75.9,22.7,1.0
75.9,22.8,1.0
75.9,22.9,1.0
75.9,23.0,1.0
75.9,23.1,1.0
75.9,23.2,1.0
75.9,23.3,1.0
75.9,23.4,1.0
75.9,23.5,1.0
75.9,23.6,1.0
75.9,23.7,1.0
75.9,23.8,1.0
75.9,23.9,1.0
75.9,24.0,1.0
75.9,24.1,1.0
75.9,24.2,1.0
75.9,24.3,1.0
75.9,24.4,1.0
75.9,24.5,1.0
75.9,24.6,1.15
75.9,24.7,1.15
75.9,24.8,1.15
75.9,24.9,1.15
75.9,25.0,1.5
75.9,25.1,1.5
75.9,25.2,1.5
75.9,25.3,1.5
75.9,25.4,1.15
75.9,25.5,1.15
75.9,25.6,1.0
75.9,25.7,1.0
75.9,25.8,1.0
75.9,25.9,1.0
75.9,26.0,1.0
75.9,26.1,1.0
75.9,26.2,1.0
75.9,26.3,1.0
75.9,26.4,1.0
75.9,26.5,1.5
75.9,26.6,1.5
75.9,26.7,1.5
75.9,26.8,1.5
75.9,26.9,1.5
75.9,27.0,1.5
75.9,27.1,1.5
75.9,27.2,1.5
75.9,27.3,1.5
75.9,27.4,1.5
75.9,27.5,1.5
75.9,27.6,1.5
75.9,27.7,1.5
75.9,27.8,1.5
75.9,27.9,1.5
75.9,28.0,1.5
75.9,28.1,1.5
75.9,28.2,1.5
75.9,28.3,1.5
75.9,28.4,1.5
75.9,28.5,1.5
75.9,28.6,1.5
75.9,28.7,1.5
75.9,28.8,1.5
75.9,28.9,1.5
75.9,29.0,1.5
75.9,29.1,1.5
75.9,29.2,1.5
75.9,29.3,1.5
75.9,29.4,1.5
75.9,29.5,1.5
75.9,29.6,1.5
75.9,29.7,1.5
75.9,29.8,1.5
75.9,29.9,1.5
75.9,30.0,1.5
75.9,30.1,1.5
75.9,30.2,1.5
75.9,30.3,1.5
75.9,30.4,1.5
75.9,30.5,1.5
75.9,30.6,1.5
75.9,30.7,1.5
75.9,30.8,1.5
75.9,30.9,1.5
75.9,31.0,1.5
75.9,31.1,1.5
75.9,31.2,1.5
75.9,31.3,1.5
75.9,31.4,1.5
75.9,31.5,1.5
75.9,31.6,1.5
75.9,31.7,1.5
75.9,31.8,1.5
75.9,31.9,1.15
75.9,32.0,1.15
75.9,32.1,1.15
75.9,32.2,1.15
75.9,32.3,1.15
75.9,32.4,1.0
75.9,32.5,1.5
75.9,32.6,1.15
75.9,32.7,1.15
75.9,32.8,1.15
75.9,32.9,1.0
75.9,33.0,1.0
75.9,33.1,1.0
75.9,33.2,1.0
75.9,33.3,1.0
75.9,33.4,1.0
75.9,33.5,1.0
75.9,33.6,1.0
75.9,33.7,1.0
75.9,33.8,1.0
75.9,33.9,1.0
75.9,34.0,1.0
75.9,34.1,1.0
75.9,34.2,1.0
75.9,34.3,1.0
75.9,34.4,1.0
75.9,34.5,1.0
75.9,34.6,1.0
75.9,34.7,1.0
75.9,34.8,1.0
75.9,34.9,1.0
75.9,35.0,1.0
75.9,35.1,1.0
75.9,35.2,1.0
75.9,35.3,1.0
75.9,35.4,1.0
75.9,35.5,1.0
75.9,35.6,1.0
75.9,35.7,1.0
75.9,35.8,1.0
75.9,35.9,1.0
75.9,36.0,1.0
75.9,36.1,1.0
75.9,36.2,1.0
75.9,36.3,1.0
75.9,36.4,1.0
75.9,36.5,1.0
76.0,10.4,1.0
76.0,10.5,1.0
76.0,10.6,1.0
76.0,10.7,1.0
76.0,10.8,1.0
76.0,10.9,1.0
76.0,11.0,1.0
76.0,11.1,1.0
76.0,11.2,1.0
76.0,11.3,1.0
76.0,11.4,1.0
76.0,11.5,1.0
76.0,11.6,1.0
76.0,11.7,1.0
76.0,11.8,1.0
76.0,11.9,1.0
76.0,12.0,1.0
76.0,12.1,1.0
76.0,12.2,1.0
76.0,12.3,1.0
76.0,12.4,1.0
76.0,12.5,1.0
76.0,12.6,1.0
76.0,12.7,1.0
76.0,12.8,1.0
76.0,12.9,1.0
76.0,13.0,1.0
76.0,13.1,1.0
76.0,13.2,1.0
76.0,13.3,1.0
76.0,13.4,1.0
76.0,13.5,1.0
76.0,13.6,1.0
76.0,13.7,1.0
76.0,13.8,1.0
76.0,13.9,1.0
76.0,14.0,1.0
76.0,14.1,1.0
76.0,14.2,1.0
76.0,14.3,1.0
76.0,14.4,1.0
76.0,14.5,1.0
76.0,14.6,1.0
76.0,14.7,1.0
76.0,14.8,1.0
76.0,14.9,1.0
76.0,15.0,1.0
76.0,15.1,1.0
76.0,15.2,1.0
76.0,15.3,1.0
76.0,15.4,1.0
76.0,15.5,1.0
76.0,15.6,1.0
76.0,15.7,1.0
76.0,15.8,1.0
76.0,15.9,1.0
76.0,16.0,1.0
76.0,16.1,1.0
76.0,16.2,1.15
76.0,16.3,1.15
76.0,16.4,1.0
76.0,16.5,1.0
76.0,16.6,1.0
76.0,16.7,1.0
76.0,16.8,1.0
76.0,16.9,1.0
76.0,17.0,1.0
76.0,17.1,1.0
76.0,17.2,1.0
76.0,17.3,1.0
76.0,17.4,1.0
76.0,17.5,1.0
76.0,17.6,1.0
76.0,17.7,1.0
76.0,17.8,1.0
76.0,17.9,1.0
76.0,18.0,1.0
76.0,18.1,1.0
76.0,18.2,1.0
76.0,18.3,1.0
76.0,18.4,1.0
76.0,18.5,1.0
76.0,18.6,1.0
76.0,18.7,1.0
76.0,18.8,1.0
76.0,18.9,1.0
76.0,19.0,1.0
76.0,19.1,1.0
76.0,19.2,1.0
76.0,19.3,1.0
76.0,19.4,1.0
76.0,19.5,1.0
76.0,19.6,1.0
76.0,19.7,1.0
76.0,19.8,1.0
76.0,19.9,1.0
76.0,20.0,1.0
76.0,20.1,1.0
76.0,20.2,1.0
76.0,20.3,1.0
76.0,20.4,1.0
76.0,20.5,1.0
76.0,20.6,1.0
76.0,20.7,1.0
76.0,20.8,1.0
76.0,20.9,1.0
76.0,21.0,1.0
76.0,21.1,1.5
76.0,21.2,1.5
76.0,21.3,1.5
76.0,21.4,1.0
76.0,21.5,1.0
76.0,21.6,1.0
76.0,21.7,1.0
76.0,21.8,1.0
76.0,21.9,1.0
76.0,22.0,1.0
76.0,22.1,1.0
76.0,22.2,1.0
76.0,22.3,1.0
76.0,22.4,1.0
76.0,22.5,1.0
76.0,22.6,1.0
76.0,22.7,1.0
76.0,22.8,1.0
76.0,22.9,1.0
76.0,23.0,1.0
76.0,23.1,1.0
76.0,23.2,1.0
76.0,23.3,1.0
76.0,23.4,1.0
76.0,23.5,1.0
76.0,23.6,1.0
76.0,23.7,1.0
76.0,23.8,1.0
76.0,23.9,1.0
76.0,24.0,1.0
76.0,24.1,1.0
76.0,24.2,1.0
76.0,24.3,1.0
76.0,24.4,1.0
76.0,24.5,1.0
76.0,24.6,1.15
76.0,24.7,1.15
76.0,24.8,1.15
76.0,24.9,1.15
76.0,25.0,1.5
76.0,25.1,1.5
76.0,25.2,1.5
76.0,25.3,1.5
76.0,25.4,1.5
76.0,25.5,1.15
76.0,25.6,1.0
76.0,25.7,1.0
76.0,25.8,1.0
76.0,25.9,1.0
76.0,26.0,1.0
76.0,26.1,1.0
76.0,26.2,1.0
76.0,26.3,1.0
76.0,26.4,1.0
76.0,26.5,1.5
76.0,26.6,1.5
76.0,26.7,1.5
76.0,26.8,1.5
76.0,26.9,1.5
76.0,27.0,1.5
76.0,27.1,1.5
76.0,27.2,1.5
76.0,27.3,1.5
76.0,27.4,1.5
76.0,27.5,1.5
76.0,27.6,1.5
76.0,27.7,1.5
76.0,27.8,1.5
76.0,27.9,1.5
76.0,28.0,1.5
76.0,28.1,1.5
76.0,28.2,1.5
76.0,28.3,1.5
76.0,28.4,1.5
76.0,28.5,1.5
76.0,28.6,1.5
76.0,28.7,1.5
76.0,28.8,1.5
76.0,28.9,1.5
76.0,29.0,1.5
76.0,29.1,1.5
76.0,29.2,1.5
76.0,29.3,1.5
76.0,29.4,1.5
76.0,29.5,1.5
76.0,29.6,1.5
76.0,29.7,1.5
76.0,29.8,1.5
76.0,29.9,1.5
76.0,30.0,1.5
76.0,30.1,1.5
76.0,30.2,1.5
76.0,30.3,1.5
76.0,30.4,1.5
76.0,30.5,1.5
76.0,30.6,1.5
76.0,30.7,1.5
76.0,30.8,1.5
76.0,30.9,1.5
76.0,31.0,1.5
76.0,31.1,1.5
76.0,31.2,1.5
76.0,31.3,1.5
76.0,31.4,1.5
76.0,31.5,1.5
76.0,31.6,1.5
76.0,31.7,1.5
76.0,31.8,1.15
76.0,31.9,1.15
76.0,32.0,1.15
76.0,32.1,1.15
76.0,32.2,1.15
76.0,32.3,1.0
76.0,32.4,1.0
76.0,32.5,1.15
76.0,32.6,1.15
76.0,32.7,1.15
76.0,32.8,1.0
76.0,32.9,1.0
76.0,33.0,1.0
76.0,33.1,1.0
76.0,33.2,1.0
76.0,33.3,1.0
76.0,33.4,1.0
76.0,33.5,1.0
76.0,33.6,1.0
76.0,33.7,1.0
76.0,33.8,1.0
76.0,33.9,1.0
76.0,34.0,1.0
76.0,34.1,1.0
76.0,34.2,1.0
76.0,34.3,1.0
76.0,34.4,1.0
76.0,34.5,1.0
76.0,34.6,1.0
76.0,34.7,1.0
76.0,34.8,1.0
76.0,34.9,1.0
76.0,35.0,1.0
76.0,35.1,1.0
76.0,35.2,1.0
76.0,35.3,1.0
76.0,35.4,1.0
76.0,35.5,1.0
76.0,35.6,1.0
76.0,35.7,1.0
76.0,35.8,1.0
76.0,35.9,1.0
76.0,36.0,1.0
76.0,36.1,1.0
76.0,36.2,1.0
76.0,36.3,1.0
76.0,36.4,1.0
76.0,36.5,1.0
76.1,10.2,1.0
76.1,10.3,1.0
76.1,10.4,1.0
76.1,10.5,1.0
76.1,10.6,1.0
76.1,10.7,1.0
76.1,10.8,1.0
76.1,10.9,1.0
76.1,11.0,1.0
76.1,11.1,1.0
76.1,11.2,1.0
76.1,11.3,1.0
76.1,11.4,1.0
76.1,11.5,1.0
76.1,11.6,1.0
76.1,11.7,1.0
76.1,11.8,1.0
76.1,11.9,1.0
76.1,12.0,1.0
76.1,12.1,1.0
76.1,12.2,1.0
76.1,12.3,1.0
76.1,12.4,1.0
76.1,12.5,1.0
76.1,12.6,1.0
76.1,12.7,1.0
76.1,12.8,1.0
76.1,12.9,1.0
76.1,13.0,1.0
76.1,13.1,1.0
76.1,13.2,1.0
76.1,13.3,1.0
76.1,13.4,1.0
76.1,13.5,1.0
76.1,13.6,1.0
76.1,13.7,1.0
76.1,13.8,1.0
76.1,13.9,1.0
76.1,14.0,1.0
76.1,14.1,1.0
76.1,14.2,1.0
76.1,14.3,1.0
76.1,14.4,1.0
76.1,14.5,1.0
76.1,14.6,1.0
76.1,14.7,1.0
76.1,14.8,1.0
76.1,14.9,1.0
76.1,15.0,1.0
76.1,15.1,1.0
76.1,15.2,1.0
76.1,15.3,1.0
76.1,15.4,1.0
76.1,15.5,1.0
76.1,15.6,1.0
76.1,15.7,1.0
76.1,15.8,1.0
76.1,15.9,1.0
76.1,16.0,1.0
76.1,16.1,1.15
76.1,16.2,1.15
76.1,16.3,1.15
76.1,16.4,1.0
76.1,16.5,1.0
76.1,16.6,1.0
76.1,16.7,1.0
76.1,16.8,1.0
76.1,16.9,1.0
76.1,17.0,1.0
76.1,17.1,1.0
76.1,17.2,1.0
76.1,17.3,1.0
76.1,17.4,1.0
76.1,17.5,1.0
76.1,17.6,1.0
76.1,17.7,1.0
76.1,17.8,1.0
76.1,17.9,1.0
76.1,18.0,1.0
76.1,18.1,1.0
76.1,18.2,1.0
76.1,18.3,1.0
76.1,18.4,1.0
76.1,18.5,1.0
76.1,18.6,1.0
76.1,18.7,1.0
76.1,18.8,1.0
76.1,18.9,1.0
76.1,19.0,1.0
76.1,19.1,1.0
76.1,19.2,1.0
76.1,19.3,1.0
76.1,19.4,1.0
76.1,19.5,1.0
76.1,19.6,1.0
76.1,19.7,1.0
76.1,19.8,1.0
76.1,19.9,1.0
76.1,20.0,1.0
76.1,20.1,1.0
76.1,20.2,1.0
76.1,20.3,1.0
76.1,20.4,1.0
76.1,20.5,1.0
76.1,20.6,1.0
76.1,20.7,1.0
76.1,20.8,1.0
76.1,20.9,1.0
76.1,21.0,1.0
76.1,21.1,1.0
76.1,21.2,1.5
76.1,21.3,1.5
76.1,21.4,1.0
76.1,21.5,1.0
76.1,21.6,1.0
76.1,21.7,1.0
76.1,21.8,1.0
76.1,21.9,1.0
76.1,22.0,1.0
76.1,22.1,1.0
76.1,22.2,1.0
76.1,22.3,1.0
76.1,22.4,1.0
76.1,22.5,1.0
76.1,22.6,1.0
76.1,22.7,1.0
76.1,22.8,1.0
76.1,22.9,1.0
76.1,23.0,1.0
76.1,23.1,1.0
76.1,23.2,1.0
76.1,23.3,1.0
76.1,23.4,1.0
76.1,23.5,1.0
76.1,23.6,1.0
76.1,23.7,1.0
76.1,23.8,1.0
76.1,23.9,1.0
76.1,24.0,1.0
76.1,24.1,1.0
76.1,24.2,1.0
76.1,24.3,1.0
76.1,24.4,1.0
76.1,24.5,1.0
76.1,24.6,1.15
76.1,24.7,1.15
76.1,24.8,1.15
76.1,24.9,1.5
76.1,25.0,1.5
76.1,25.1,1.5
76.1,25.2,1.5
76.1,25.3,1.5
76.1,25.4,1.5
76.1,25.5,1.15
76.1,25.6,1.15
76.1,25.7,1.0
76.1,25.8,1.0
76.1,25.9,1.0
76.1,26.0,1.0
76.1,26.1,1.0
76.1,26.2,1.0
76.1,26.3,1.0
76.1,26.4,1.0
76.1,26.5,1.5
76.1,26.6,1.5
76.1,26.7,1.5
76.1,26.8,1.5
76.1,26.9,1.5
76.1,27.0,1.5
76.1,27.1,1.5
76.1,27.2,1.5
76.1,27.3,1.5
76.1,27.4,1.5
76.1,27.5,1.5
76.1,27.6,1.5
76.1,27.7,1.5
76.1,27.8,1.5
76.1,27.9,1.5
76.1,28.0,1.5
76.1,28.1,1.5
76.1,28.2,1.5
76.1,28.3,1.5
76.1,28.4,1.5
76.1,28.5,1.5
76.1,28.6,1.5
76.1,28.7,1.5
76.1,28.8,1.5
76.1,28.9,1.5
76.1,29.0,1.5
76.1,29.1,1.5
76.1,29.2,1.5
76.1,29.3,1.5
76.1,29.4,1.5
76.1,29.5,1.5
76.1,29.6,1.5
76.1,29.7,1.5
76.1,29.8,1.5
76.1,29.9,1.5
76.1,30.0,1.5
76.1,30.1,1.5
76.1,30.2,1.5
76.1,30.3,1.5
76.1,30.4,1.5
76.1,30.5,1.5
76.1,30.6,1.5
76.1,30.7,1.5
76.1,30.8,1.5
76.1,30.9,1.5
76.1,31.0,1.5
76.1,31.1,1.5
76.1,31.2,1.5
76.1,31.3,1.5
76.1,31.4,1.5
76.1,31.5,1.5
76.1,31.6,1.5
76.1,31.7,1.15
76.1,31.8,1.15
76.1,31.9,1.15
76.1,32.0,1.15
76.1,32.1,1.15
76.1,32.2,1.15
76.1,32.3,1.15
76.1,32.4,1.15
76.1,32.5,1.15
76.1,32.6,1.15
76.1,32.7,1.0
76.1,32.8,1.0
76.1,32.9,1.0
76.1,33.0,1.0
76.1,33.1,1.0
76.1,33.2,1.0
76.1,33.3,1.0
76.1,33.4,1.0
76.1,33.5,1.0
76.1,33.6,1.0
76.1,33.7,1.0
76.1,33.8,1.0
76.1,33.9,1.0
76.1,34.0,1.0
76.1,34.1,1.0
76.1,34.2,1.0
76.1,34.3,1.0
76.1,34.4,1.0
76.1,34.5,1.0
76.1,34.6,1.0
76.1,34.7,1.0
76.1,34.8,1.0
76.1,34.9,1.0
76.1,35.0,1.0
76.1,35.1,1.0
76.1,35.2,1.0
76.1,35.3,1.0
76.1,35.4,1.0
76.1,35.5,1.0
76.1,35.6,1.0
76.1,35.7,1.0
76.1,35.8,1.0
76.1,35.9,1.0
76.1,36.0,1.0
76.1,36.1,1.0
76.1,36.2,1.0
76.1,36.3,1.0
76.1,36.4,1.0
76.1,36.5,1.0
76.2,9.9,1.0
76.2,10.0,1.0
76.2,10.1,1.0
76.2,10.2,1.0
76.2,10.3,1.35
76.2,10.4,1.35
76.2,10.5,1.35
76.2,10.6,1.35
76.2,10.7,1.0
76.2,10.8,1.0
76.2,10.9,1.0
76.2,11.0,1.0
76.2,11.1,1.0
76.2,11.2,1.0
76.2,11.3,1.0
76.2,11.4,1.0
76.2,11.5,1.0
76.2,11.6,1.0
76.2,11.7,1.0
76.2,11.8,1.0
76.2,11.9,1.0
76.2,12.0,1.0
76.2,12.1,1.0
76.2,12.2,1.0
76.2,12.3,1.0
76.2,12.4,1.0
76.2,12.5,1.0
76.2,12.6,1.0
76.2,12.7,1.0
76.2,12.8,1.0
76.2,12.9,1.0
76.2,13.0,1.0
76.2,13.1,1.0
76.2,13.2,1.0
76.2,13.3,1.0
76.2,13.4,1.0
76.2,13.5,1.0
76.2,13.6,1.0
76.2,13.7,1.0
76.2,13.8,1.0
76.2,13.9,1.0
76.2,14.0,1.0
76.2,14.1,1.0
76.2,14.2,1.0
76.2,14.3,1.0
76.2,14.4,1.0
76.2,14.5,1.0
76.2,14.6,1.0
76.2,14.7,1.0
76.2,14.8,1.0
76.2,14.9,1.0
76.2,15.0,1.0
76.2,15.1,1.0
76.2,15.2,1.0
76.2,15.3,1.0
76.2,15.4,1.0
76.2,15.5,1.0
76.2,15.6,1.0
76.2,15.7,1.0
76.2,15.8,1.0
76.2,15.9,1.0
76.2,16.0,1.0
76.2,16.1,1.15
76.2,16.2,1.15
76.2,16.3,1.0
76.2,16.4,1.15
76.2,16.5,1.0
76.2,16.6,1.0
76.2,16.7,1.0
76.2,16.8,1.0
76.2,16.9,1.0
76.2,17.0,1.0
76.2,17.1,1.0
76.2,17.2,1.0
76.2,17.3,1.0
76.2,17.4,1.0
76.2,17.5,1.0
76.2,17.6,1.0
76.2,17.7,1.0
76.2,17.8,1.0
76.2,17.9,1.0
76.2,18.0,1.0
76.2,18.1,1.0
76.2,18.2,1.0
76.2,18.3,1.0
76.2,18.4,1.0
76.2,18.5,1.0
76.2,18.6,1.0
76.2,18.7,1.0
76.2,18.8,1.0
76.2,18.9,1.0
76.2,19.0,1.0
76.2,19.1,1.0
76.2,19.2,1.0
76.2,19.3,1.0
76.2,19.4,1.0
76.2,19.5,1.0
76.2,19.6,1.0
76.2,19.7,1.0
76.2,19.8,1.0
76.2,19.9,1.0
76.2,20.0,1.0
76.2,20.1,1.0
76.2,20.2,1.0
76.2,20.3,1.0
76.2,20.4,1.0
76.2,20.5,1.0
76.2,20.6,1.0
76.2,20.7,1.0
76.2,20.8,1.0
76.2,20.9,1.0
76.2,21.0,1.0
76.2,21.1,1.0
76.2,21.2,1.5
76.2,21.3,1.5
76.2,21.4,1.5
76.2,21.5,1.0
76.2,21.6,1.0
76.2,21.7,1.0
76.2,21.8,1.0
76.2,21.9,1.0
76.2,22.0,1.0
76.2,22.1,1.0
76.2,22.2,1.0
76.2,22.3,1.0
76.2,22.4,1.0
76.2,22.5,1.0
76.2,22.6,1.0
76.2,22.7,1.0
76.2,22.8,1.0
76.2,22.9,1.0
76.2,23.0,1.0
76.2,23.1,1.0
76.2,23.2,1.0
76.2,23.3,1.0
76.2,23.4,1.0
76.2,23.5,1.0
76.2,23.6,1.0
76.2,23.7,1.0
76.2,23.8,1.0
76.2,23.9,1.0
76.2,24.0,1.0
76.2,24.1,1.0
76.2,24.2,1.0
76.2,24.3,1.0
76.2,24.4,1.0
76.2,24.5,1.15
76.2,24.6,1.15
76.2,24.7,1.5
76.2,24.8,1.5
76.2,24.9,1.5
76.2,25.0,1.5
76.2,25.1,1.5
76.2,25.2,1.5
76.2,25.3,1.5
76.2,25.4,1.5
76.2,25.5,1.5
76.2,25.6,1.15
76.2,25.7,1.15
76.2,25.8,1.0
76.2,25.9,1.0
76.2,26.0,1.0
76.2,26.1,1.0
76.2,26.2,1.0
76.2,26.3,1.0
76.2,26.4,1.0
76.2,26.5,1.5
76.2,26.6,1.5
76.2,26.7,1.5
76.2,26.8,1.5
76.2,26.9,1.5
76.2,27.0,1.5
76.2,27.1,1.5
76.2,27.2,1.5
76.2,27.3,1.5
76.2,27.4,1.5
76.2,27.5,1.5
76.2,27.6,1.5
76.2,27.7,1.5
76.2,27.8,1.5
76.2,27.9,1.5
76.2,28.0,1.5
76.2,28.1,1.5
76.2,28.2,1.5
76.2,28.3,1.5
76.2,28.4,1.5
76.2,28.5,1.5
76.2,28.6,1.5
76.2,28.7,1.5
76.2,28.8,1.5
76.2,28.9,1.5
76.2,29.0,1.5
76.2,29.1,1.5
76.2,29.2,1.5
76.2,29.3,1.5
76.2,29.4,1.5
76.2,29.5,1.5
76.2,29.6,1.5
76.2,29.7,1.5
76.2,29.8,1.5
76.2,29.9,1.5
76.2,30.0,1.5
76.2,30.1,1.5
76.2,30.2,1.5
76.2,30.3,1.5
76.2,30.4,1.5
76.2,30.5,1.5
76.2,30.6,1.5
76.2,30.7,1.5
76.2,30.8,1.5
76.2,30.9,1.5
76.2,31.0,1.5
76.2,31.1,1.5
76.2,31.2,1.5
76.2,31.3,1.5
76.2,31.4,1.5
76.2,31.5,1.5
76.2,31.6,1.15
76.2,31.7,1.15
76.2,31.8,1.15
76.2,31.9,1.15
76.2,32.0,1.15
76.2,32.1,1.15
76.2,32.2,1.15
76.2,32.3,1.15
76.2,32.4,1.15
76.2,32.5,1.15
76.2,32.6,1.15
76.2,32.7,1.0
76.2,32.8,1.0
76.2,32.9,1.0
76.2,33.0,1.0
76.2,33.1,1.0
76.2,33.2,1.0
76.2,33.3,1.0
76.2,33.4,1.0
76.2,33.5,1.0
76.2,33.6,1.0
76.2,33.7,1.0
76.2,33.8,1.0
76.2,33.9,1.0
76.2,34.0,1.0
76.2,34.1,1.0
76.2,34.2,1.0
76.2,34.3,1.0
76.2,34.4,1.0
76.2,34.5,1.0
76.2,34.6,1.0
76.2,34.7,1.0
76.2,34.8,1.0
76.2,34.9,1.0
76.2,35.0,1.0
76.2,35.1,1.0
76.2,35.2,1.0
76.2,35.3,1.0
76.2,35.4,1.0
76.2,35.5,1.0
76.2,35.6,1.0
76.2,35.7,1.0
76.2,35.8,1.0
76.2,35.9,1.0
76.2,36.0,1.0
76.2,36.1,1.0
76.2,36.2,1.0
76.2,36.3,1.0
76.2,36.4,1.0
76.3,9.3,1.0
76.3,9.4,1.0
76.3,9.5,1.0
76.3,9.6,1.0
76.3,9.7,1.0
76.3,9.8,1.35
76.3,9.9,1.35
76.3,10.0,1.35
76.3,10.1,1.35
76.3,10.2,1.35
76.3,10.3,1.35
76.3,10.4,1.35
76.3,10.5,1.35
76.3,10.6,1.35
76.3,10.7,1.0
76.3,10.8,1.0
76.3,10.9,1.0
76.3,11.0,1.0
76.3,11.1,1.0
76.3,11.2,1.0
76.3,11.3,1.0
76.3,11.4,1.0
76.3,11.5,1.0
76.3,11.6,1.0
76.3,11.7,1.0
76.3,11.8,1.0
76.3,11.9,1.0
76.3,12.0,1.0
76.3,12.1,1.0
76.3,12.2,1.0
76.3,12.3,1.0
76.3,12.4,1.0
76.3,12.5,1.0
76.3,12.6,1.0
76.3,12.7,1.0
76.3,12.8,1.0
76.3,12.9,1.0
76.3,13.0,1.0
76.3,13.1,1.0
76.3,13.2,1.0
76.3,13.3,1.0
76.3,13.4,1.0
76.3,13.5,1.0
76.3,13.6,1.0
76.3,13.7,1.0
76.3,13.8,1.0
76.3,13.9,1.0
76.3,14.0,1.0
76.3,14.1,1.0
76.3,14.2,1.0
76.3,14.3,1.0
76.3,14.4,1.0
76.3,14.5,1.0
76.3,14.6,1.0
76.3,14.7,1.0
76.3,14.8,1.0
76.3,14.9,1.0
76.3,15.0,1.0
76.3,15.1,1.0
76.3,15.2,1.0
76.3,15.3,1.0
76.3,15.4,1.0
76.3,15.5,1.0
76.3,15.6,1.0
76.3,15.7,1.0
76.3,15.8,1.0
76.3,15.9,1.0
76.3,16.0,1.0
76.3,16.1,1.0
76.3,16.2,1.0
76.3,16.3,1.0
76.3,16.4,1.15
76.3,16.5,1.0
76.3,16.6,1.0
76.3,16.7,1.0
76.3,16.8,1.0
76.3,16.9,1.0
76.3,17.0,1.0
76.3,17.1,1.0
76.3,17.2,1.0
76.3,17.3,1.0
76.3,17.4,1.0
76.3,17.5,1.0
76.3,17.6,1.0
76.3,17.7,1.0
76.3,17.8,1.0
76.3,17.9,1.0
76.3,18.0,1.0
76.3,18.1,1.0
76.3,18.2,1.0
76.3,18.3,1.0
76.3,18.4,1.0
76.3,18.5,1.0
76.3,18.6,1.0
76.3,18.7,1.0
76.3,18.8,1.0
76.3,18.9,1.0
76.3,19.0,1.0
76.3,19.1,1.0
76.3,19.2,1.0
76.3,19.3,1.0
76.3,19.4,1.0
76.3,19.5,1.0
76.3,19.6,1.0
76.3,19.7,1.0
76.3,19.8,1.0
76.3,19.9,1.0
76.3,20.0,1.0
76.3,20.1,1.0
76.3,20.2,1.0
76.3,20.3,1.0
76.3,20.4,1.0
76.3,20.5,1.0
76.3,20.6,1.0
76.3,20.7,1.0
76.3,20.8,1.0
76.3,20.9,1.0
76.3,21.0,1.0
76.3,21.1,1.0
76.3,21.2,1.5
76.3,21.3,1.5
76.3,21.4,1.0
76.3,21.5,1.0
76.3,21.6,1.0
76.3,21.7,1.0
76.3,21.8,1.0
76.3,21.9,1.0
76.3,22.0,1.0
76.3,22.1,1.0
76.3,22.2,1.0
76.3,22.3,1.0
76.3,22.4,1.0
76.3,22.5,1.0
76.3,22.6,1.0
76.3,22.7,1.0
76.3,22.8,1.0
76.3,22.9,1.0
76.3,23.0,1.0
76.3,23.1,1.0
76.3,23.2,1.0
76.3,23.3,1.0
76.3,23.4,1.0
76.3,23.5,1.0
76.3,23.6,1.0
76.3,23.7,1.0
76.3,23.8,1.0
76.3,23.9,1.0
76.3,24.0,1.0
76.3,24.1,1.0
76.3,24.2,1.0
76.3,24.3,1.0
76.3,24.4,1.15
76.3,24.5,1.15
76.3,24.6,1.5
76.3,24.7,1.5
76.3,24.8,1.5
76.3,24.9,1.5
76.3,25.0,1.5
76.3,25.1,1.5
76.3,25.2,1.5
76.3,25.3,1.5
76.3,25.4,1.5
76.3,25.5,1.5
76.3,25.6,1.5
76.3,25.7,1.5
76.3,25.8,1.5
76.3,25.9,1.0
76.3,26.0,1.0
76.3,26.1,1.0
76.3,26.2,1.0
76.3,26.3,1.0
76.3,26.4,1.0
76.3,26.5,1.0
76.3,26.6,1.5
76.3,26.7,1.5
76.3,26.8,1.5
76.3,26.9,1.5
76.3,27.0,1.5
76.3,27.1,1.5
76.3,27.2,1.5
76.3,27.3,1.5
76.3,27.4,1.5
76.3,27.5,1.5
76.3,27.6,1.5
76.3,27.7,1.5
76.3,27.8,1.5
76.3,27.9,1.5
76.3,28.0,1.5
76.3,28.1,1.5
76.3,28.2,1.5
76.3,28.3,1.5
76.3,28.4,1.5
76.3,28.5,1.5
76.3,28.6,1.5
76.3,28.7,1.5
76.3,28.8,1.5
76.3,28.9,1.5
76.3,29.0,1.5
76.3,29.1,1.5
76.3,29.2,1.5
76.3,29.3,1.5
76.3,29.4,1.5
76.3,29.5,1.5
76.3,29.6,1.5
76.3,29.7,1.5
76.3,29.8,1.5
76.3,29.9,1.5
76.3,30.0,1.5
76.3,30.1,1.5
76.3,30.2,1.5
76.3,30.3,1.5
76.3,30.4,1.5
76.3,30.5,1.5
76.3,30.6,1.5
76.3,30.7,1.5
76.3,30.8,1.5
76.3,30.9,1.5
76.3,31.0,1.5
76.3,31.1,1.5
76.3,31.2,1.5
76.3,31.3,1.5
76.3,31.4,1.5
76.3,31.5,1.15
76.3,31.6,1.15
76.3,31.7,1.15
76.3,31.8,1.15
76.3,31.9,1.15
76.3,32.0,1.15
76.3,32.1,1.15
76.3,32.2,1.15
76.3,32.3,1.15
76.3,32.4,1.15
76.3,32.5,1.15
76.3,32.6,1.15
76.3,32.7,1.0
76.3,32.8,1.0
76.3,32.9,1.0
76.3,33.0,1.0
76.3,33.1,1.0
76.3,33.2,1.0
76.3,33.3,1.0
76.3,33.4,1.0
76.3,33.5,1.0
76.3,33.6,1.0
76.3,33.7,1.0
76.3,33.8,1.0
76.3,33.9,1.0
76.3,34.0,1.0
76.3,34.1,1.0
76.3,34.2,1.0
76.3,34.3,1.0
76.3,34.4,1.0
76.3,34.5,1.0
76.3,34.6,1.0
76.3,34.7,1.0
76.3,34.8,1.0
76.3,34.9,1.0
76.3,35.0,1.0
76.3,35.1,1.0
76.3,35.2,1.0
76.3,35.3,1.0
76.3,35.4,1.0
76.3,35.5,1.0
76.3,35.6,1.0
76.3,35.7,1.0
76.3,35.8,1.0
76.3,35.9,1.0
76.3,36.0,1.0
76.3,36.1,1.0
76.3,36.2,1.0
76.3,36.3,1.0
76.4,9.0,1.0
76.4,9.1,1.0
76.4,9.2,1.0
76.4,9.3,1.0
76.4,9.4,1.35
76.4,9.5,1.35
76.4,9.6,1.35
76.4,9.7,1.35
76.4,9.8,1.35
76.4,9.9,1.35
76.4,10.0,1.35
76.4,10.1,1.35
76.4,10.2,1.35
76.4,10.3,1.35
76.4,10.4,1.35
76.4,10.5,1.35
76.4,10.6,1.35
76.4,10.7,1.0
76.4,10.8,1.0
76.4,10.9,1.0
76.4,11.0,1.0
76.4,11.1,1.0
76.4,11.2,1.0
76.4,11.3,1.0
76.4,11.4,1.0
76.4,11.5,1.0
76.4,11.6,1.0
76.4,11.7,1.0
76.4,11.8,1.0
76.4,11.9,1.0
76.4,12.0,1.0
76.4,12.1,1.0
76.4,12.2,1.0
76.4,12.3,1.0
76.4,12.4,1.0
76.4,12.5,1.0
76.4,12.6,1.0
76.4,12.7,1.0
76.4,12.8,1.0
76.4,12.9,1.0
76.4,13.0,1.0
76.4,13.1,1.0
76.4,13.2,1.0
76.4,13.3,1.0
76.4,13.4,1.0
76.4,13.5,1.0
76.4,13.6,1.0
76.4,13.7,1.0
76.4,13.8,1.0
76.4,13.9,1.0
76.4,14.0,1.0
76.4,14.1,1.0
76.4,14.2,1.0
76.4,14.3,1.0
76.4,14.4,1.0
76.4,14.5,1.0
76.4,14.6,1.0
76.4,14.7,1.0
76.4,14.8,1.0
76.4,14.9,1.0
76.4,15.0,1.0
76.4,15.1,1.0
76.4,15.2,1.0
76.4,15.3,1.0
76.4,15.4,1.0
76.4,15.5,1.0
76.4,15.6,1.0
76.4,15.7,1.0
76.4,15.8,1.0
76.4,15.9,1.0
76.4,16.0,1.0
76.4,16.1,1.0
76.4,16.2,1.0
76.4,16.3,1.0
76.4,16.4,1.15
76.4,16.5,1.0
76.4,16.6,1.0
76.4,16.7,1.0
76.4,16.8,1.0
76.4,16.9,1.0
76.4,17.0,1.0
76.4,17.1,1.0
76.4,17.2,1.0
76.4,17.3,1.0
76.4,17.4,1.0
76.4,17.5,1.0
76.4,17.6,1.0
76.4,17.7,1.0
76.4,17.8,1.0
76.4,17.9,1.0
76.4,18.0,1.0
76.4,18.1,1.0
76.4,18.2,1.0
76.4,18.3,1.0
76.4,18.4,1.0
76.4,18.5,1.0
76.4,18.6,1.0
76.4,18.7,1.0
76.4,18.8,1.0
76.4,18.9,1.0
76.4,19.0,1.0
76.4,19.1,1.0
76.4,19.2,1.0
76.4,19.3,1.0
76.4,19.4,1.0
76.4,19.5,1.0
76.4,19.6,1.0
76.4,19.7,1.0
76.4,19.8,1.0
76.4,19.9,1.0
76.4,20.0,1.0
76.4,20.1,1.0
76.4,20.2,1.0
76.4,20.3,1.0
76.4,20.4,1.0
76.4,20.5,1.0
76.4,20.6,1.0
76.4,20.7,1.0
76.4,20.8,1.0
76.4,20.9,1.0
76.4,21.0,1.0
76.4,21.1,1.0
76.4,21.2,1.5
76.4,21.3,1.5
76.4,21.4,1.0
76.4,21.5,1.0
76.4,21.6,1.0
76.4,21.7,1.0
76.4,21.8,1.0
76.4,21.9,1.0
76.4,22.0,1.0
76.4,22.1,1.0
76.4,22.2,1.0
76.4,22.3,1.0
76.4,22.4,1.0
76.4,22.5,1.0
76.4,22.6,1.0
76.4,22.7,1.0
76.4,22.8,1.0
76.4,22.9,1.0
76.4,23.0,1.0
76.4,23.1,1.0
76.4,23.2,1.0
76.4,23.3,1.0
76.4,23.4,1.0
76.4,23.5,1.0
76.4,23.6,1.0
76.4,23.7,1.0
76.4,23.8,1.0
76.4,23.9,1.0
76.4,24.0,1.0
76.4,24.1,1.0
76.4,24.2,1.0
76.4,24.3,1.0
76.4,24.4,1.15
76.4,24.5,1.15
76.4,24.6,1.5
76.4,24.7,1.5
76.4,24.8,1.5
76.4,24.9,1.5
76.4,25.0,1.5
76.4,25.1,1.5
76.4,25.2,1.5
76.4,25.3,1.5
76.4,25.4,1.5
76.4,25.5,1.5
76.4,25.6,1.5
76.4,25.7,1.5
76.4,25.8,1.5
76.4,25.9,1.0
76.4,26.0,1.0
76.4,26.1,1.0
76.4,26.2,1.0
76.4,26.3,1.0
76.4,26.4,1.0
76.4,26.5,1.0
76.4,26.6,1.5
76.4,26.7,1.5
76.4,26.8,1.5
76.4,26.9,1.5
76.4,27.0,1.5
76.4,27.1,1.5
76.4,27.2,1.5
76.4,27.3,1.5
76.4,27.4,1.5
76.4,27.5,1.5
76.4,27.6,1.5
76.4,27.7,1.5
76.4,27.8,1.5
76.4,27.9,1.5
76.4,28.0,1.5
76.4,28.1,1.5
76.4,28.2,1.5
76.4,28.3,1.5
76.4,28.4,1.5
76.4,28.5,1.5
76.4,28.6,1.5
76.4,28.7,1.5
76.4,28.8,1.5
76.4,28.9,1.5
76.4,29.0,1.5
76.4,29.1,1.5
76.4,29.2,1.5
76.4,29.3,1.5
76.4,29.4,1.5
76.4,29.5,1.5
76.4,29.6,1.5
76.4,29.7,1.5
76.4,29.8,1.5
76.4,29.9,1.5
76.4,30.0,1.5
76.4,30.1,1.5
76.4,30.2,1.5
76.4,30.3,1.5
76.4,30.4,1.5
76.4,30.5,1.5
76.4,30.6,1.5
76.4,30.7,1.5
76.4,30.8,1.5
76.4,30.9,1.5
76.4,31.0,1.5
76.4,31.1,1.5
76.4,31.2,1.5
76.4,31.3,1.5
76.4,31.4,1.15
76.4,31.5,1.15
76.4,31.6,1.15
76.4,31.7,1.15
76.4,31.8,1.15
76.4,31.9,1.15
76.4,32.0,1.15
76.4,32.1,1.15
76.4,32.2,1.15
76.4,32.3,1.15
76.4,32.4,1.15
76.4,32.5,1.15
76.4,32.6,1.0
76.4,32.7,1.0
76.4,32.8,1.0
76.4,32.9,1.0
76.4,33.0,1.0
76.4,33.1,1.0
76.4,33.2,1.0
76.4,33.3,1.0
76.4,33.4,1.0
76.4,33.5,1.0
76.4,33.6,1.0
76.4,33.7,1.0
76.4,33.8,1.0
76.4,33.9,1.0
76.4,34.0,1.0
76.4,34.1,1.0
76.4,34.2,1.0
76.4,34.3,1.0
76.4,34.4,1.0
76.4,34.5,1.0
76.4,34.6,1.0
76.4,34.7,1.0
76.4,34.8,1.0
76.4,34.9,1.0
76.4,35.0,1.0
76.4,35.1,1.0
76.4,35.2,1.0
76.4,35.3,1.0
76.4,35.4,1.0
76.4,35.5,1.0
76.4,35.6,1.0
76.4,35.7,1.0
76.4,35.8,1.0
76.4,35.9,1.0
76.4,36.0,1.0
76.4,36.1,1.0
76.4,36.2,1.0
76.4,36.3,1.0
76.5,8.9,1.0
76.5,9.0,1.0
76.5,9.1,1.35
76.5,9.2,1.35
76.5,9.3,1.35
76.5,9.4,1.35
76.5,9.5,1.35
76.5,9.6,1.35
76.5,9.7,1.35
76.5,9.8,1.35
76.5,9.9,1.35
76.5,10.0,1.35
76.5,10.1,1.35
76.5,10.2,1.35
76.5,10.3,1.35
76.5,10.4,1.35
76.5,10.5,1.35
76.5,10.6,1.35
76.5,10.7,1.0
76.5,10.8,1.0
76.5,10.9,1.0
76.5,11.0,1.0
76.5,11.1,1.0
76.5,11.2,1.0
76.5,11.3,1.0
76.5,11.4,1.0
76.5,11.5,1.0
76.5,11.6,1.0
76.5,11.7,1.0
76.5,11.8,1.0
76.5,11.9,1.0
76.5,12.0,1.0
76.5,12.1,1.0
76.5,12.2,1.0
76.5,12.3,1.0
76.5,12.4,1.0
76.5,12.5,1.0
76.5,12.6,1.0
76.5,12.7,1.0
76.5,12.8,1.0
76.5,12.9,1.0
76.5,13.0,1.0
76.5,13.1,1.0
76.5,13.2,1.0
76.5,13.3,1.0
76.5,13.4,1.0
76.5,13.5,1.0
76.5,13.6,1.0
76.5,13.7,1.0
76.5,13.8,1.0
76.5,13.9,1.0
76.5,14.0,1.0
76.5,14.1,1.0
76.5,14.2,1.0
76.5,14.3,1.0
76.5,14.4,1.0
76.5,14.5,1.0
76.5,14.6,1.0
76.5,14.7,1.0
76.5,14.8,1.0
76.5,14.9,1.0
76.5,15.0,1.0
76.5,15.1,1.0
76.5,15.2,1.0
76.5,15.3,1.0
76.5,15.4,1.0
76.5,15.5,1.0
76.5,15.6,1.0
76.5,15.7,1.0
76.5,15.8,1.0
76.5,15.9,1.0
76.5,16.0,1.0
76.5,16.1,1.0
76.5,16.2,1.0
76.5,16.3,1.0
76.5,16.4,1.15
76.5,16.5,1.15
76.5,16.6,1.15
76.5,16.7,1.15
76.5,16.8,1.15
76.5,16.9,1.0
76.5,17.0,1.0
76.5,17.1,1.0
76.5,17.2,1.0
76.5,17.3,1.0
76.5,17.4,1.0
76.5,17.5,1.0
76.5,17.6,1.0
76.5,17.7,1.0
76.5,17.8,1.0
76.5,17.9,1.0
76.5,18.0,1.0
76.5,18.1,1.0
76.5,18.2,1.0
76.5,18.3,1.0
76.5,18.4,1.0
76.5,18.5,1.0
76.5,18.6,1.0
76.5,18.7,1.0
76.5,18.8,1.0
76.5,18.9,1.0
76.5,19.0,1.0
76.5,19.1,1.0
76.5,19.2,1.0
76.5,19.3,1.0
76.5,19.4,1.0
76.5,19.5,1.0
76.5,19.6,1.0
76.5,19.7,1.0
76.5,19.8,1.0
76.5,19.9,1.0
76.5,20.0,1.0
76.5,20.1,1.0
76.5,20.2,1.0
76.5,20.3,1.0
76.5,20.4,1.0
76.5,20.5,1.0
76.5,20.6,1.0
76.5,20.7,1.0
76.5,20.8,1.0
76.5,20.9,1.0
76.5,21.0,1.0
76.5,21.1,1.0
76.5,21.2,1.5
76.5,21.3,1.5
76.5,21.4,1.0
76.5,21.5,1.0
76.5,21.6,1.0
76.5,21.7,1.0
76.5,21.8,1.0
76.5,21.9,1.0
76.5,22.0,1.0
76.5,22.1,1.0
76.5,22.2,1.0
76.5,22.3,1.0
76.5,22.4,1.0
76.5,22.5,1.0
76.5,22.6,1.0
76.5,22.7,1.0
76.5,22.8,1.0
76.5,22.9,1.0
76.5,23.0,1.0
76.5,23.1,1.0
76.5,23.2,1.0
76.5,23.3,1.0
76.5,23.4,1.0
76.5,23.5,1.0
76.5,23.6,1.0
76.5,23.7,1.0
76.5,23.8,1.0
76.5,23.9,1.0
76.5,24.0,1.0
76.5,24.1,1.0
76.5,24.2,1.0
76.5,24.3,1.0
76.5,24.4,1.15
76.5,24.5,1.15
76.5,24.6,1.15
76.5,24.7,1.15
76.5,24.8,1.15
76.5,24.9,1.5
76.5,25.0,1.5
76.5,25.1,1.5
76.5,25.2,1.5
76.5,25.3,1.5
76.5,25.4,1.5
76.5,25.5,1.5
76.5,25.6,1.5
76.5,25.7,1.5
76.5,25.8,1.5
76.5,25.9,1.5
76.5,26.0,1.0
76.5,26.1,1.0
76.5,26.2,1.0
76.5,26.3,1.0
76.5,26.4,1.0
76.5,26.5,1.0
76.5,26.6,1.0
76.5,26.7,1.5
76.5,26.8,1.5
76.5,26.9,1.5
76.5,27.0,1.5
76.5,27.1,1.5
76.5,27.2,1.5
76.5,27.3,1.5
76.5,27.4,1.5
76.5,27.5,1.5
76.5,27.6,1.5
76.5,27.7,1.5
76.5,27.8,1.5
76.5,27.9,1.5
76.5,28.0,1.5
76.5,28.1,1.5
76.5,28.2,1.5
76.5,28.3,1.5
76.5,28.4,1.5
76.5,28.5,1.5
76.5,28.6,1.5
76.5,28.7,1.5
76.5,28.8,1.5
76.5,28.9,1.5
76.5,29.0,1.5
76.5,29.1,1.5
76.5,29.2,1.5
76.5,29.3,1.5
76.5,29.4,1.5
76.5,29.5,1.5
76.5,29.6,1.5
76.5,29.7,1.5
76.5,29.8,1.5
76.5,29.9,1.5
76.5,30.0,1.5
76.5,30.1,1.5
76.5,30.2,1.5
76.5,30.3,1.5
76.5,30.4,1.5
76.5,30.5,1.5
76.5,30.6,1.5
76.5,30.7,1.5
76.5,30.8,1.5
76.5,30.9,1.5
76.5,31.0,1.5
76.5,31.1,1.5
76.5,31.2,1.5
76.5,31.3,1.15
76.5,31.4,1.15
76.5,31.5,1.15
76.5,31.6,1.15
76.5,31.7,1.15
76.5,31.8,1.15
76.5,31.9,1.15
76.5,32.0,1.15
76.5,32.1,1.15
76.5,32.2,1.15
76.5,32.3,1.15
76.5,32.4,1.15
76.5,32.5,1.0
76.5,32.6,1.0
76.5,32.7,1.0
76.5,32.8,1.0
76.5,32.9,1.0
76.5,33.0,1.0
76.5,33.1,1.0
76.5,33.2,1.0
76.5,33.3,1.0
76.5,33.4,1.0
76.5,33.5,1.0
76.5,33.6,1.0
76.5,33.7,1.0
76.5,33.8,1.0
76.5,33.9,1.0
76.5,34.0,1.0
76.5,34.1,1.0
76.5,34.2,1.0
76.5,34.3,1.0
76.5,34.4,1.0
76.5,34.5,1.0
76.5,34.6,1.0
76.5,34.7,1.0
76.5,34.8,1.0
76.5,34.9,1.0
76.5,35.0,1.0
76.5,35.1,1.0
76.5,35.2,1.0
76.5,35.3,1.0
76.5,35.4,1.0
76.5,35.5,1.0
76.5,35.6,1.0
76.5,35.7,1.0
76.5,35.8,1.0
76.5,35.9,1.0
76.5,36.0,1.0
76.5,36.1,1.0
76.5,36.2,1.0
76.5,36.3,1.0
76.6,8.7,1.0
76.6,8.8,1.0
76.6,8.9,1.0
76.6,9.0,1.0
76.6,9.1,1.35
76.6,9.2,1.0
76.6,9.3,1.0
76.6,9.4,1.0
76.6,9.5,1.0
76.6,9.6,1.0
76.6,9.7,1.35
76.6,9.8,1.35
76.6,9.9,1.35
76.6,10.0,1.35
76.6,10.1,1.35
76.6,10.2,1.35
76.6,10.3,1.35
76.6,10.4,1.35
76.6,10.5,1.0
76.6,10.6,1.0
76.6,10.7,1.0
76.6,10.8,1.0
76.6,10.9,1.0
76.6,11.0,1.0
76.6,11.1,1.0
76.6,11.2,1.0
76.6,11.3,1.0
76.6,11.4,1.0
76.6,11.5,1.0
76.6,11.6,1.0
76.6,11.7,1.0
76.6,11.8,1.0
76.6,11.9,1.0
76.6,12.0,1.0
76.6,12.1,1.0
76.6,12.2,1.0
76.6,12.3,1.0
76.6,12.4,1.0
76.6,12.5,1.0
76.6,12.6,1.0
76.6,12.7,1.0
76.6,12.8,1.0
76.6,12.9,1.0
76.6,13.0,1.0
76.6,13.1,1.0
76.6,13.2,1.0
76.6,13.3,1.0
76.6,13.4,1.0
76.6,13.5,1.0
76.6,13.6,1.0
76.6,13.7,1.0
76.6,13.8,1.0
76.6,13.9,1.0
76.6,14.0,1.0
76.6,14.1,1.0
76.6,14.2,1.0
76.6,14.3,1.0
76.6,14.4,1.0
76.6,14.5,1.0
76.6,14.6,1.0
76.6,14.7,1.0
76.6,14.8,1.0
76.6,14.9,1.0
76.6,15.0,1.0
76.6,15.1,1.0
76.6,15.2,1.0
76.6,15.3,1.0
76.6,15.4,1.0
76.6,15.5,1.0
76.6,15.6,1.0
76.6,15.7,1.0
76.6,15.8,1.0
76.6,15.9,1.0
76.6,16.0,1.0
76.6,16.1,1.0
76.6,16.2,1.0
76.6,16.3,1.0
76.6,16.4,1.0
76.6,16.5,1.15
76.6,16.6,1.0
76.6,16.7,1.15
76.6,16.8,1.15
76.6,16.9,1.0
76.6,17.0,1.0
76.6,17.1,1.0
76.6,17.2,1.0
76.6,17.3,1.0
76.6,17.4,1.0
76.6,17.5,1.0
76.6,17.6,1.0
76.6,17.7,1.0
76.6,17.8,1.0
76.6,17.9,1.0
76.6,18.0,1.0
76.6,18.1,1.0
76.6,18.2,1.0
76.6,18.3,1.0
76.6,18.4,1.0
76.6,18.5,1.0
76.6,18.6,1.0
76.6,18.7,1.0
76.6,18.8,1.0
76.6,18.9,1.0
76.6,19.0,1.0
76.6,19.1,1.0
76.6,19.2,1.0
76.6,19.3,1.0
76.6,19.4,1.0
76.6,19.5,1.0
76.6,19.6,1.0
76.6,19.7,1.0
76.6,19.8,1.0
76.6,19.9,1.0
76.6,20.0,1.0
76.6,20.1,1.0
76.6,20.2,1.0
76.6,20.3,1.0
76.6,20.4,1.0
76.6,20.5,1.0
76.6,20.6,1.0
76.6,20.7,1.0
76.6,20.8,1.0
76.6,20.9,1.0
76.6,21.0,1.0
76.6,21.1,1.0
76.6,21.2,1.5
76.6,21.3,1.5
76.6,21.4,1.0
76.6,21.5,1.0
76.6,21.6,1.0
76.6,21.7,1.0
76.6,21.8,1.0
76.6,21.9,1.0
76.6,22.0,1.0
76.6,22.1,1.0
76.6,22.2,1.0
76.6,22.3,1.0
76.6,22.4,1.0
76.6,22.5,1.0
76.6,22.6,1.0
76.6,22.7,1.0
76.6,22.8,1.0
76.6,22.9,1.0
76.6,23.0,1.0
76.6,23.1,1.0
76.6,23.2,1.0
76.6,23.3,1.0
76.6,23.4,1.0
76.6,23.5,1.0
76.6,23.6,1.0
76.6,23.7,1.0
76.6,23.8,1.0
76.6,23.9,1.0
76.6,24.0,1.0
76.6,24.1,1.0
76.6,24.2,1.0
76.6,24.3,1.0
76.6,24.4,1.0
76.6,24.5,1.0
76.6,24.6,1.15
76.6,24.7,1.15
76.6,24.8,1.5
76.6,24.9,1.5
76.6,25.0,1.15
76.6,25.1,1.15
76.6,25.2,1.15
76.6,25.3,1.15
76.6,25.4,1.5
76.6,25.5,1.5
76.6,25.6,1.5
76.6,25.7,1.5
76.6,25.8,1.5
76.6,25.9,1.5
76.6,26.0,1.5
76.6,26.1,1.0
76.6,26.2,1.0
76.6,26.3,1.0
76.6,26.4,1.0
76.6,26.5,1.0
76.6,26.6,1.0
76.6,26.7,1.0
76.6,26.8,1.5
76.6,26.9,1.5
76.6,27.0,1.5
76.6,27.1,1.5
76.6,27.2,1.5
76.6,27.3,1.5
76.6,27.4,1.5
76.6,27.5,1.5
76.6,27.6,1.5
76.6,27.7,1.5
76.6,27.8,1.5
76.6,27.9,1.5
76.6,28.0,1.5
76.6,28.1,1.5
76.6,28.2,1.5
76.6,28.3,1.5
76.6,28.4,1.5
76.6,28.5,1.5
76.6,28.6,1.5
76.6,28.7,1.5
76.6,28.8,1.5
76.6,28.9,1.5
76.6,29.0,1.5
76.6,29.1,1.5
76.6,29.2,1.5
76.6,29.3,1.5
76.6,29.4,1.5
76.6,29.5,1.5
76.6,29.6,1.5
76.6,29.7,1.5
76.6,29.8,1.5
76.6,29.9,1.5
76.6,30.0,1.5
76.6,30.1,1.5
76.6,30.2,1.5
76.6,30.3,1.5
76.6,30.4,1.5
76.6,30.5,1.5
76.6,30.6,1.5
76.6,30.7,1.5
76.6,30.8,1.5
76.6,30.9,1.5
76.6,31.0,1.5
76.6,31.1,1.5
76.6,31.2,1.15
76.6,31.3,1.15
76.6,31.4,1.15
76.6,31.5,1.15
76.6,31.6,1.15
76.6,31.7,1.15
76.6,31.8,1.0
76.6,31.9,1.0
76.6,32.0,1.0
76.6,32.1,1.0
76.6,32.2,1.15
76.6,32.3,1.15
76.6,32.4,1.0
76.6,32.5,1.0
76.6,32.6,1.0
76.6,32.7,1.0
76.6,32.8,1.0
76.6,32.9,1.0
76.6,33.0,1.0
76.6,33.1,1.0
76.6,33.2,1.0
76.6,33.3,1.0
76.6,33.4,1.0
76.6,33.5,1.0
76.6,33.6,1.0
76.6,33.7,1.0
76.6,33.8,1.0
76.6,33.9,1.0
76.6,34.0,1.0
76.6,34.1,1.0
76.6,34.2,1.0
76.6,34.3,1.0
76.6,34.4,1.0
76.6,34.5,1.0
76.6,34.6,1.0
76.6,34.7,1.0
76.6,34.8,1.0
76.6,34.9,1.0
76.6,35.0,1.0
76.6,35.1,1.0
76.6,35.2,1.0
76.6,35.3,1.0
76.6,35.4,1.0
76.6,35.5,1.0
76.6,35.6,1.0
76.6,35.7,1.0
76.6,35.8,1.0
76.6,35.9,1.0
76.6,36.0,1.0
76.6,36.1,1.0
76.6,36.2,1.0
76.7,8.5,1.0
76.7,8.6,1.0
76.7,8.7,1.0
76.7,8.8,1.0
76.7,8.9,1.0
76.7,9.0,1.0
76.7,9.1,1.0
76.7,9.2,1.0
76.7,9.3,1.0
76.7,9.4,1.0
76.7,9.5,1.0
76.7,9.6,1.0
76.7,9.7,1.0
76.7,9.8,1.0
76.7,9.9,1.35
76.7,10.0,1.35
76.7,10.1,1.0
76.7,10.2,1.0
76.7,10.3,1.0
76.7,10.4,1.0
76.7,10.5,1.0
76.7,10.6,1.0
76.7,10.7,1.0
76.7,10.8,1.0
76.7,10.9,1.0
76.7,11.0,1.0
76.7,11.1,1.0
76.7,11.2,1.0
76.7,11.3,1.0
76.7,11.4,1.0
76.7,11.5,1.0
76.7,11.6,1.0
76.7,11.7,1.0
76.7,11.8,1.0
76.7,11.9,1.0
76.7,12.0,1.0
76.7,12.1,1.0
76.7,12.2,1.0
76.7,12.3,1.0
76.7,12.4,1.0
76.7,12.5,1.0
76.7,12.6,1.0
76.7,12.7,1.0
76.7,12.8,1.0
76.7,12.9,1.0
76.7,13.0,1.0
76.7,13.1,1.0
76.7,13.2,1.0
76.7,13.3,1.0
76.7,13.4,1.0
76.7,13.5,1.0
76.7,13.6,1.0
76.7,13.7,1.0
76.7,13.8,1.0
76.7,13.9,1.0
76.7,14.0,1.0
76.7,14.1,1.0
76.7,14.2,1.0
76.7,14.3,1.0
76.7,14.4,1.0
76.7,14.5,1.0
76.7,14.6,1.0
76.7,14.7,1.0
76.7,14.8,1.0
76.7,14.9,1.0
76.7,15.0,1.0
76.7,15.1,1.0
76.7,15.2,1.0
76.7,15.3,1.0
76.7,15.4,1.0
76.7,15.5,1.0
76.7,15.6,1.0
76.7,15.7,1.0
76.7,15.8,1.0
76.7,15.9,1.0
76.7,16.0,1.0
76.7,16.1,1.0
76.7,16.2,1.0
76.7,16.3,1.0
76.7,16.4,1.0
76.7,16.5,1.0
76.7,16.6,1.0
76.7,16.7,1.0
76.7,16.8,1.15
76.7,16.9,1.0
76.7,17.0,1.15
76.7,17.1,1.15
76.7,17.2,1.0
76.7,17.3,1.0
76.7,17.4,1.0
76.7,17.5,1.0
76.7,17.6,1.0
76.7,17.7,1.0
76.7,17.8,1.0
76.7,17.9,1.0
76.7,18.0,1.0
76.7,18.1,1.0
76.7,18.2,1.0
76.7,18.3,1.0
76.7,18.4,1.0
76.7,18.5,1.0
76.7,18.6,1.0
76.7,18.7,1.0
76.7,18.8,1.0
76.7,18.9,1.0
76.7,19.0,1.0
76.7,19.1,1.0
76.7,19.2,1.0
76.7,19.3,1.0
76.7,19.4,1.0
76.7,19.5,1.0
76.7,19.6,1.0
76.7,19.7,1.0
76.7,19.8,1.0
76.7,19.9,1.0
76.7,20.0,1.0
76.7,20.1,1.0
76.7,20.2,1.0
76.7,20.3,1.0
76.7,20.4,1.0
76.7,20.5,1.0
76.7,20.6,1.0
76.7,20.7,1.0
76.7,20.8,1.0
76.7,20.9,1.0
76.7,21.0,1.0
76.7,21.1,1.0
76.7,21.2,1.5
76.7,21.3,1.5
76.7,21.4,1.0
76.7,21.5,1.0
76.7,21.6,1.0
76.7,21.7,1.0
76.7,21.8,1.0
76.7,21.9,1.0
76.7,22.0,1.0
76.7,22.1,1.0
76.7,22.2,1.5
76.7,22.3,1.0
76.7,22.4,1.0
76.7,22.5,1.0
76.7,22.6,1.0
76.7,22.7,1.0
76.7,22.8,1.0
76.7,22.9,1.0
76.7,23.0,1.0
76.7,23.1,1.0
76.7,23.2,1.0
76.7,23.3,1.0
76.7,23.4,1.0
76.7,23.5,1.0
76.7,23.6,1.0
76.7,23.7,1.0
76.7,23.8,1.0
76.7,23.9,1.0
76.7,24.0,1.0
76.7,24.1,1.0
76.7,24.2,1.0
76.7,24.3,1.0
76.7,24.4,1.0
76.7,24.5,1.0
76.7,24.6,1.0
76.7,24.7,1.5
76.7,24.8,1.15
76.7,24.9,1.15
76.7,25.0,1.15
76.7,25.1,1.15
76.7,25.2,1.15
76.7,25.3,1.15
76.7,25.4,1.15
76.7,25.5,1.15
76.7,25.6,1.15
76.7,25.7,1.5
76.7,25.8,1.5
76.7,25.9,1.5
76.7,26.0,1.0
76.7,26.1,1.0
76.7,26.2,1.0
76.7,26.3,1.0
76.7,26.4,1.0
76.7,26.5,1.0
76.7,26.6,1.0
76.7,26.7,1.0
76.7,26.8,1.0
76.7,26.9,1.0
76.7,27.0,1.5
76.7,27.1,1.5
76.7,27.2,1.5
76.7,27.3,1.5
76.7,27.4,1.5
76.7,27.5,1.5
76.7,27.6,1.5
76.7,27.7,1.5
76.7,27.8,1.5
76.7,27.9,1.5
76.7,28.0,1.5
76.7,28.1,1.5
76.7,28.2,1.5
76.7,28.3,1.5
76.7,28.4,1.5
76.7,28.5,1.5
76.7,28.6,1.5
76.7,28.7,1.5
76.7,28.8,1.5
76.7,28.9,1.5
76.7,29.0,1.5
76.7,29.1,1.5
76.7,29.2,1.5
76.7,29.3,1.5
76.7,29.4,1.5
76.7,29.5,1.5
76.7,29.6,1.5
76.7,29.7,1.5
76.7,29.8,1.5
76.7,29.9,1.5
76.7,30.0,1.5
76.7,30.1,1.5
76.7,30.2,1.5
76.7,30.3,1.5
76.7,30.4,1.5
76.7,30.5,1.5
76.7,30.6,1.5
76.7,30.7,1.5
76.7,30.8,1.5
76.7,30.9,1.5
76.7,31.0,1.5
76.7,31.1,1.15
76.7,31.2,1.15
76.7,31.3,1.15
76.7,31.4,1.15
76.7,31.5,1.0
76.7,31.6,1.0
76.7,31.7,1.0
76.7,31.8,1.0
76.7,31.9,1.0
76.7,32.0,1.0
76.7,32.1,1.0
76.7,32.2,1.0
76.7,32.3,1.0
76.7,32.4,1.0
76.7,32.5,1.0
76.7,32.6,1.0
76.7,32.7,1.0
76.7,32.8,1.0
76.7,32.9,1.0
76.7,33.0,1.0
76.7,33.1,1.0
76.7,33.2,1.0
76.7,33.3,1.0
76.7,33.4,1.0
76.7,33.5,1.0
76.7,33.6,1.0
76.7,33.7,1.0
76.7,33.8,1.0
76.7,33.9,1.0
76.7,34.0,1.0
76.7,34.1,1.0
76.7,34.2,1.0
76.7,34.3,1.0
76.7,34.4,1.0
76.7,34.5,1.0
76.7,34.6,1.0
76.7,34.7,1.0
76.7,34.8,1.0
76.7,34.9,1.0
76.7,35.0,1.0
76.7,35.1,1.0
76.7,35.2,1.0
76.7,35.3,1.0
76.7,35.4,1.0
76.7,35.5,1.0
76.7,35.6,1.0
76.7,35.7,1.0
76.7,35.8,1.0
76.7,35.9,1.0
76.7,36.0,1.0
76.7,36.1,1.0
76.8,8.4,1.0
76.8,8.5,1.0
76.8,8.6,1.0
76.8,8.7,1.0
76.8,8.8,1.0
76.8,8.9,1.0
76.8,9.0,1.0
76.8,9.1,1.0
76.8,9.2,1.0
76.8,9.3,1.0
76.8,9.4,1.0
76.8,9.5,1.0
76.8,9.6,1.0
76.8,9.7,1.0
76.8,9.8,1.0
76.8,9.9,1.0
76.8,10.0,1.0
76.8,10.1,1.0
76.8,10.2,1.0
76.8,10.3,1.0
76.8,10.4,1.0
76.8,10.5,1.0
76.8,10.6,1.0
76.8,10.7,1.0
76.8,10.8,1.0
76.8,10.9,1.0
76.8,11.0,1.0
76.8,11.1,1.0
76.8,11.2,1.0
76.8,11.3,1.0
76.8,11.4,1.0
76.8,11.5,1.0
76.8,11.6,1.0
76.8,11.7,1.0
76.8,11.8,1.0
76.8,11.9,1.0
76.8,12.0,1.0
76.8,12.1,1.0
76.8,12.2,1.0
76.8,12.3,1.0
76.8,12.4,1.0
76.8,12.5,1.0
76.8,12.6,1.0
76.8,12.7,1.0
76.8,12.8,1.0
76.8,12.9,1.0
76.8,13.0,1.0
76.8,13.1,1.0
76.8,13.2,1.0
76.8,13.3,1.0
76.8,13.4,1.0
76.8,13.5,1.0
76.8,13.6,1.0
76.8,13.7,1.0
76.8,13.8,1.0
76.8,13.9,1.0
76.8,14.0,1.0
76.8,14.1,1.0
76.8,14.2,1.0
76.8,14.3,1.0
76.8,14.4,1.0
76.8,14.5,1.0
76.8,14.6,1.0
76.8,14.7,1.0
76.8,14.8,1.0
76.8,14.9,1.0
76.8,15.0,1.0
76.8,15.1,1.0
76.8,15.2,1.0
76.8,15.3,1.0
76.8,15.4,1.0
76.8,15.5,1.0
76.8,15.6,1.0
76.8,15.7,1.0
76.8,15.8,1.0
76.8,15.9,1.0
76.8,16.0,1.0
76.8,16.1,1.0
76.8,16.2,1.0
76.8,16.3,1.0
76.8,16.4,1.0
76.8,16.5,1.0
76.8,16.6,1.0
76.8,16.7,1.0
76.8,16.8,1.15
76.8,16.9,1.15
76.8,17.0,1.15
76.8,17.1,1.15
76.8,17.2,1.0
76.8,17.3,1.0
76.8,17.4,1.0
76.8,17.5,1.0
76.8,17.6,1.0
76.8,17.7,1.0
76.8,17.8,1.0
76.8,17.9,1.0
76.8,18.0,1.0
76.8,18.1,1.0
76.8,18.2,1.0
76.8,18.3,1.0
76.8,18.4,1.0
76.8,18.5,1.0
76.8,18.6,1.0
76.8,18.7,1.0
76.8,18.8,1.0
76.8,18.9,1.0
76.8,19.0,1.0
76.8,19.1,1.0
76.8,19.2,1.0
76.8,19.3,1.0
76.8,19.4,1.0
76.8,19.5,1.0
76.8,19.6,1.0
76.8,19.7,1.0
76.8,19.8,1.0
76.8,19.9,1.0
76.8,20.0,1.0
76.8,20.1,1.0
76.8,20.2,1.0
76.8,20.3,1.0
76.8,20.4,1.0
76.8,20.5,1.0
76.8,20.6,1.0
76.8,20.7,1.0
76.8,20.8,1.0
76.8,20.9,1.0
76.8,21.0,1.0
76.8,21.1,1.0
76.8,21.2,1.5
76.8,21.3,1.5
76.8,21.4,1.0
76.8,21.5,1.0
76.8,21.6,1.0
76.8,21.7,1.0
76.8,21.8,1.0
76.8,21.9,1.0
76.8,22.0,1.0
76.8,22.1,1.0
76.8,22.2,1.5
76.8,22.3,1.5
76.8,22.4,1.0
76.8,22.5,1.0
76.8,22.6,1.0
76.8,22.7,1.0
76.8,22.8,1.0
76.8,22.9,1.0
76.8,23.0,1.0
76.8,23.1,1.0
76.8,23.2,1.0
76.8,23.3,1.0
76.8,23.4,1.0
76.8,23.5,1.0
76.8,23.6,1.0
76.8,23.7,1.0
76.8,23.8,1.0
76.8,23.9,1.0
76.8,24.0,1.0
76.8,24.1,1.0
76.8,24.2,1.0
76.8,24.3,1.0
76.8,24.4,1.0
76.8,24.5,1.0
76.8,24.6,1.15
76.8,24.7,1.15
76.8,24.8,1.15
76.8,24.9,1.15
76.8,25.0,1.15
76.8,25.1,1.15
76.8,25.2,1.15
76.8,25.3,1.15
76.8,25.4,1.15
76.8,25.5,1.15
76.8,25.6,1.15
76.8,25.7,1.15
76.8,25.8,1.15
76.8,25.9,1.5
76.8,26.0,1.5
76.8,26.1,1.0
76.8,26.2,1.0
76.8,26.3,1.0
76.8,26.4,1.0
76.8,26.5,1.0
76.8,26.6,1.0
76.8,26.7,1.0
76.8,26.8,1.5
76.8,26.9,1.0
76.8,27.0,1.0
76.8,27.1,1.0
76.8,27.2,1.5
76.8,27.3,1.5
76.8,27.4,1.5
76.8,27.5,1.5
76.8,27.6,1.5
76.8,27.7,1.5
76.8,27.8,1.5
76.8,27.9,1.5
76.8,28.0,1.5
76.8,28.1,1.5
76.8,28.2,1.5
76.8,28.3,1.5
76.8,28.4,1.5
76.8,28.5,1.5
76.8,28.6,1.5
76.8,28.7,1.5
76.8,28.8,1.5
76.8,28.9,1.5
76.8,29.0,1.5
76.8,29.1,1.5
76.8,29.2,1.5
76.8,29.3,1.5
76.8,29.4,1.5
76.8,29.5,1.5
76.8,29.6,1.5
76.8,29.7,1.5
76.8,29.8,1.5
76.8,29.9,1.5
76.8,30.0,1.5
76.8,30.1,1.5
76.8,30.2,1.5
76.8,30.3,1.5
76.8,30.4,1.5
76.8,30.5,1.5
76.8,30.6,1.5
76.8,30.7,1.5
76.8,30.8,1.5
76.8,30.9,1.5
76.8,31.0,1.5
76.8,31.1,1.15
76.8,31.2,1.15
76.8,31.3,1.15
76.8,31.4,1.0
76.8,31.5,1.0
76.8,31.6,1.0
76.8,31.7,1.0
76.8,31.8,1.0
76.8,31.9,1.0
76.8,32.0,1.0
76.8,32.1,1.0
76.8,32.2,1.0
76.8,32.3,1.0
76.8,32.4,1.0
76.8,32.5,1.0
76.8,32.6,1.0
76.8,32.7,1.0
76.8,32.8,1.0
76.8,32.9,1.0
76.8,33.0,1.0
76.8,33.1,1.0
76.8,33.2,1.0
76.8,33.3,1.0
76.8,33.4,1.0
76.8,33.5,1.0
76.8,33.6,1.0
76.8,33.7,1.0
76.8,33.8,1.0
76.8,33.9,1.0
76.8,34.0,1.0
76.8,34.1,1.0
76.8,34.2,1.0
76.8,34.3,1.0
76.8,34.4,1.0
76.8,34.5,1.0
76.8,34.6,1.0
76.8,34.7,1.0
76.8,34.8,1.0
76.8,34.9,1.0
76.8,35.0,1.0
76.8,35.1,1.0
76.8,35.2,1.0
76.8,35.3,1.0
76.8,35.4,1.0
76.8,35.5,1.0
76.8,35.6,1.0
76.8,35.7,1.0
76.8,35.8,1.0
76.8,35.9,1.0
76.8,36.0,1.0
76.9,8.3,1.0
76.9,8.4,1.0
76.9,8.5,1.0
76.9,8.6,1.0
76.9,8.7,1.0
76.9,8.8,1.0
76.9,8.9,1.0
76.9,9.0,1.0
76.9,9.1,1.0
76.9,9.2,1.0
76.9,9.3,1.0
76.9,9.4,1.0
76.9,9.5,1.0
76.9,9.6,1.0
76.9,9.7,1.0
76.9,9.8,1.0
76.9,9.9,1.0
76.9,10.0,1.0
76.9,10.1,1.0
76.9,10.2,1.0
76.9,10.3,1.0
76.9,10.4,1.0
76.9,10.5,1.0
76.9,10.6,1.0
76.9,10.7,1.0
76.9,10.8,1.0
76.9,10.9,1.0
76.9,11.0,1.0
76.9,11.1,1.0
76.9,11.2,1.0
76.9,11.3,1.0
76.9,11.4,1.0
76.9,11.5,1.0
76.9,11.6,1.0
76.9,11.7,1.0
76.9,11.8,1.0
76.9,11.9,1.0
76.9,12.0,1.0
76.9,12.1,1.0
76.9,12.2,1.0
76.9,12.3,1.0
76.9,12.4,1.0
76.9,12.5,1.0
76.9,12.6,1.0
76.9,12.7,1.0
76.9,12.8,1.0
76.9,12.9,1.0
76.9,13.0,1.0
76.9,13.1,1.0
76.9,13.2,1.0
76.9,13.3,1.0
76.9,13.4,1.0
76.9,13.5,1.0
76.9,13.6,1.0
76.9,13.7,1.0
76.9,13.8,1.0
76.9,13.9,1.0
76.9,14.0,1.0
76.9,14.1,1.0
76.9,14.2,1.0
76.9,14.3,1.0
76.9,14.4,1.0
76.9,14.5,1.0
76.9,14.6,1.0
76.9,14.7,1.0
76.9,14.8,1.0
76.9,14.9,1.0
76.9,15.0,1.0
76.9,15.1,1.0
76.9,15.2,1.0
76.9,15.3,1.0
76.9,15.4,1.0
76.9,15.5,1.0
76.9,15.6,1.0
76.9,15.7,1.0
76.9,15.8,1.0
76.9,15.9,1.0
76.9,16.0,1.0
76.9,16.1,1.0
76.9,16.2,1.0
76.9,16.3,1.0
76.9,16.4,1.0
76.9,16.5,1.0
76.9,16.6,1.0
76.9,16.7,1.0
76.9,16.8,1.15
76.9,16.9,1.15
76.9,17.0,1.15
76.9,17.1,1.15
76.9,17.2,1.0
76.9,17.3,1.0
76.9,17.4,1.0
76.9,17.5,1.0
76.9,17.6,1.0
76.9,17.7,1.0
76.9,17.8,1.0
76.9,17.9,1.0
76.9,18.0,1.0
76.9,18.1,1.0
76.9,18.2,1.0
76.9,18.3,1.0
76.9,18.4,1.0
76.9,18.5,1.0
76.9,18.6,1.0
76.9,18.7,1.0
76.9,18.8,1.0
76.9,18.9,1.0
76.9,19.0,1.0
76.9,19.1,1.0
76.9,19.2,1.0
76.9,19.3,1.0
76.9,19.4,1.0
76.9,19.5,1.0
76.9,19.6,1.0
76.9,19.7,1.0
76.9,19.8,1.0
76.9,19.9,1.0
76.9,20.0,1.0
76.9,20.1,1.0
76.9,20.2,1.0
76.9,20.3,1.0
76.9,20.4,1.0
76.9,20.5,1.0
76.9,20.6,1.0
76.9,20.7,1.0
76.9,20.8,1.0
76.9,20.9,1.0
76.9,21.0,1.0
76.9,21.1,1.0
76.9,21.2,1.5
76.9,21.3,1.5
76.9,21.4,1.0
76.9,21.5,1.0
76.9,21.6,1.0
76.9,21.7,1.0
76.9,21.8,1.0
76.9,21.9,1.0
76.9,22.0,1.0
76.9,22.1,1.0
76.9,22.2,1.5
76.9,22.3,1.5
76.9,22.4,1.0
76.9,22.5,1.0
76.9,22.6,1.0
76.9,22.7,1.0
76.9,22.8,1.0
76.9,22.9,1.0
76.9,23.0,1.0
76.9,23.1,1.0
76.9,23.2,1.0
76.9,23.3,1.0
76.9,23.4,1.0
76.9,23.5,1.0
76.9,23.6,1.0
76.9,23.7,1.0
76.9,23.8,1.0
76.9,23.9,1.0
76.9,24.0,1.0
76.9,24.1,1.0
76.9,24.2,1.0
76.9,24.3,1.0
76.9,24.4,1.0
76.9,24.5,1.0
76.9,24.6,1.0
76.9,24.7,1.15
76.9,24.8,1.15
76.9,24.9,1.15
76.9,25.0,1.15
76.9,25.1,1.15
76.9,25.2,1.15
76.9,25.3,1.15
76.9,25.4,1.15
76.9,25.5,1.15
76.9,25.6,1.15
76.9,25.7,1.15
76.9,25.8,1.15
76.9,25.9,1.15
76.9,26.0,1.5
76.9,26.1,1.5
76.9,26.2,1.0
76.9,26.3,1.0
76.9,26.4,1.0
76.9,26.5,1.0
76.9,26.6,1.0
76.9,26.7,1.0
76.9,26.8,1.0
76.9,26.9,1.5
76.9,27.0,1.5
76.9,27.1,1.5
76.9,27.2,1.5
76.9,27.3,1.5
76.9,27.4,1.5
76.9,27.5,1.5
76.9,27.6,1.5
76.9,27.7,1.5
76.9,27.8,1.5
76.9,27.9,1.5
76.9,28.0,1.5
76.9,28.1,1.5
76.9,28.2,1.5
76.9,28.3,1.5
76.9,28.4,1.5
76.9,28.5,1.5
76.9,28.6,1.5
76.9,28.7,1.5
76.9,28.8,1.5
76.9,28.9,1.5
76.9,29.0,1.5
76.9,29.1,1.5
76.9,29.2,1.5
76.9,29.3,1.5
76.9,29.4,1.5
76.9,29.5,1.5
76.9,29.6,1.5
76.9,29.7,1.5
76.9,29.8,1.5
76.9,29.9,1.5
76.9,30.0,1.5
76.9,30.1,1.5
76.9,30.2,1.5
76.9,30.3,1.5
76.9,30.4,1.5
76.9,30.5,1.5
76.9,30.6,1.5
76.9,30.7,1.5
76.9,30.8,1.5
76.9,30.9,1.5
76.9,31.0,1.15
76.9,31.1,1.15
76.9,31.2,1.15
76.9,31.3,1.0
76.9,31.4,1.0
76.9,31.5,1.0
76.9,31.6,1.0
76.9,31.7,1.0
76.9,31.8,1.0
76.9,31.9,1.0
76.9,32.0,1.0
76.9,32.1,1.0
76.9,32.2,1.0
76.9,32.3,1.0
76.9,32.4,1.0
76.9,32.5,1.0
76.9,32.6,1.0
76.9,32.7,1.0
76.9,32.8,1.0
76.9,32.9,1.0
76.9,33.0,1.0
76.9,33.1,1.0
76.9,33.2,1.0
76.9,33.3,1.0
76.9,33.4,1.0
76.9,33.5,1.0
76.9,33.6,1.0
76.9,33.7,1.0
76.9,33.8,1.0
76.9,33.9,1.0
76.9,34.0,1.0
76.9,34.1,1.0
76.9,34.2,1.0
76.9,34.3,1.0
76.9,34.4,1.0
76.9,34.5,1.0
76.9,34.6,1.0
76.9,34.7,1.0
76.9,34.8,1.0
76.9,34.9,1.0
76.9,35.0,1.0
76.9,35.1,1.0
76.9,35.2,1.0
76.9,35.3,1.0
76.9,35.4,1.0
76.9,35.5,1.0
76.9,35.6,1.0
76.9,35.7,1.0
76.9,35.8,1.0
77.0,8.2,1.0
77.0,8.3,1.0
77.0,8.4,1.0
77.0,8.5,1.0
77.0,8.6,1.0
77.0,8.7,1.0
77.0,8.8,1.0
77.0,8.9,1.0
77.0,9.0,1.0
77.0,9.1,1.0
77.0,9.2,1.0
77.0,9.3,1.0
77.0,9.4,1.0
77.0,9.5,1.0
77.0,9.6,1.0
77.0,9.7,1.0
77.0,9.8,1.0
77.0,9.9,1.0
77.0,10.0,1.0
77.0,10.1,1.0
77.0,10.2,1.0
77.0,10.3,1.0
77.0,10.4,1.0
77.0,10.5,1.0
77.0,10.6,1.0
77.0,10.7,1.0
77.0,10.8,1.0
77.0,10.9,1.0
77.0,11.0,1.0
77.0,11.1,1.0
77.0,11.2,1.0
77.0,11.3,1.0
77.0,11.4,1.0
77.0,11.5,1.0
77.0,11.6,1.0
77.0,11.7,1.0
77.0,11.8,1.0
77.0,11.9,1.0
77.0,12.0,1.0
77.0,12.1,1.0
77.0,12.2,1.0
77.0,12.3,1.0
77.0,12.4,1.0
77.0,12.5,1.0
77.0,12.6,1.0
77.0,12.7,1.0
77.0,12.8,1.0
77.0,12.9,1.0
77.0,13.0,1.0
77.0,13.1,1.0
77.0,13.2,1.0
77.0,13.3,1.0
77.0,13.4,1.0
77.0,13.5,1.0
77.0,13.6,1.0
77.0,13.7,1.0
77.0,13.8,1.0
77.0,13.9,1.0
77.0,14.0,1.0
77.0,14.1,1.0
77.0,14.2,1.0
77.0,14.3,1.0
77.0,14.4,1.0
77.0,14.5,1.0
77.0,14.6,1.0
77.0,14.7,1.0
77.0,14.8,1.0
77.0,14.9,1.0
77.0,15.0,1.0
77.0,15.1,1.0
77.0,15.2,1.0
77.0,15.3,1.0
77.0,15.4,1.0
77.0,15.5,1.0
77.0,15.6,1.0
77.0,15.7,1.0
77.0,15.8,1.0
77.0,15.9,1.0
77.0,16.0,1.0
77.0,16.1,1.0
77.0,16.2,1.0
77.0,16.3,1.0
77.0,16.4,1.0
77.0,16.5,1.0
77.0,16.6,1.0
77.0,16.7,1.0
77.0,16.8,1.0
77.0,16.9,1.15
77.0,17.0,1.15
77.0,17.1,1.15
77.0,17.2,1.15
77.0,17.3,1.0
77.0,17.4,1.0
77.0,17.5,1.0
77.0,17.6,1.0
77.0,17.7,1.0
77.0,17.8,1.0
77.0,17.9,1.0
77.0,18.0,1.0
77.0,18.1,1.0
77.0,18.2,1.0
77.0,18.3,1.0
77.0,18.4,1.0
77.0,18.5,1.0
77.0,18.6,1.0
77.0,18.7,1.0
77.0,18.8,1.0
77.0,18.9,1.0
77.0,19.0,1.0
77.0,19.1,1.0
77.0,19.2,1.0
77.0,19.3,1.0
77.0,19.4,1.0
77.0,19.5,1.0
77.0,19.6,1.0
77.0,19.7,1.0
77.0,19.8,1.0
77.0,19.9,1.0
77.0,20.0,1.0
77.0,20.1,1.0
77.0,20.2,1.0
77.0,20.3,1.0
77.0,20.4,1.0
77.0,20.5,1.0
77.0,20.6,1.0
77.0,20.7,1.0
77.0,20.8,1.0
77.0,20.9,1.0
77.0,21.0,1.0
77.0,21.1,1.5
77.0,21.2,1.5
77.0,21.3,1.5
77.0,21.4,1.0
77.0,21.5,1.0
77.0,21.6,1.0
77.0,21.7,1.0
77.0,21.8,1.0
77.0,21.9,1.0
77.0,22.0,1.0
77.0,22.1,1.5
77.0,22.2,1.0
77.0,22.3,1.5
77.0,22.4,1.5
77.0,22.5,1.0
77.0,22.6,1.5
77.0,22.7,1.0
77.0,22.8,1.0
77.0,22.9,1.0
77.0,23.0,1.0
77.0,23.1,1.0
77.0,23.2,1.0
77.0,23.3,1.0
77.0,23.4,1.0
77.0,23.5,1.0
77.0,23.6,1.0
77.0,23.7,1.0
77.0,23.8,1.0
77.0,23.9,1.0
77.0,24.0,1.0
77.0,24.1,1.0
77.0,24.2,1.0
77.0,24.3,1.0
77.0,24.4,1.0
77.0,24.5,1.0
77.0,24.6,1.15
77.0,24.7,1.15
77.0,24.8,1.15
77.0,24.9,1.15
77.0,25.0,1.15
77.0,25.1,1.15
77.0,25.2,1.15
77.0,25.3,1.15
77.0,25.4,1.15
77.0,25.5,1.15
77.0,25.6,1.15
77.0,25.7,1.15
77.0,25.8,1.15
77.0,25.9,1.15
77.0,26.0,1.5
77.0,26.1,1.5
77.0,26.2,1.0
77.0,26.3,1.0
77.0,26.4,1.0
77.0,26.5,1.0
77.0,26.6,1.0
77.0,26.7,1.0
77.0,26.8,1.0
77.0,26.9,1.0
77.0,27.0,1.5
77.0,27.1,1.5
77.0,27.2,1.5
77.0,27.3,1.5
77.0,27.4,1.5
77.0,27.5,1.5
77.0,27.6,1.5
77.0,27.7,1.5
77.0,27.8,1.5
77.0,27.9,1.5
77.0,28.0,1.5
77.0,28.1,1.5
77.0,28.2,1.5
77.0,28.3,1.5
77.0,28.4,1.5
77.0,28.5,1.5
77.0,28.6,1.5
77.0,28.7,1.5
77.0,28.8,1.5
77.0,28.9,1.5
77.0,29.0,1.5
77.0,29.1,1.5
77.0,29.2,1.5
77.0,29.3,1.5
77.0,29.4,1.5
77.0,29.5,1.5
77.0,29.6,1.5
77.0,29.7,1.5
77.0,29.8,1.5
77.0,29.9,1.5
77.0,30.0,1.5
77.0,30.1,1.5
77.0,30.2,1.5
77.0,30.3,1.5
77.0,30.4,1.5
77.0,30.5,1.5
77.0,30.6,1.5
77.0,30.7,1.5
77.0,30.8,1.5
77.0,30.9,1.15
77.0,31.0,1.15
77.0,31.1,1.15
77.0,31.2,1.0
77.0,31.3,1.0
77.0,31.4,1.0
77.0,31.5,1.0
77.0,31.6,1.0
77.0,31.7,1.0
77.0,31.8,1.0
77.0,31.9,1.0
77.0,32.0,1.0
77.0,32.1,1.0
77.0,32.2,1.0
77.0,32.3,1.0
77.0,32.4,1.0
77.0,32.5,1.0
77.0,32.6,1.0
77.0,32.7,1.0
77.0,32.8,1.0
77.0,32.9,1.0
77.0,33.0,1.0
77.0,33.1,1.0
77.0,33.2,1.0
77.0,33.3,1.0
77.0,33.4,1.0
77.0,33.5,1.0
77.0,33.6,1.0
77.0,33.7,1.0
77.0,33.8,1.0
77.0,33.9,1.0
77.0,34.0,1.0
77.0,34.1,1.0
77.0,34.2,1.0
77.0,34.3,1.0
77.0,34.4,1.15
77.0,34.5,1.15
77.0,34.6,1.15
77.0,34.7,1.0
77.0,34.8,1.0
77.0,34.9,1.0
77.0,35.0,1.0
77.0,35.1,1.0
77.0,35.2,1.0
77.0,35.3,1.0
77.0,35.4,1.0
77.0,35.5,1.0
77.0,35.6,1.0
77.0,35.7,1.0
77.1,8.1,1.0
77.1,8.2,1.0
77.1,8.3,1.0
77.1,8.4,1.0
77.1,8.5,1.0
77.1,8.6,1.0
77.1,8.7,1.0
77.1,8.8,1.0
77.1,8.9,1.0
77.1,9.0,1.0
77.1,9.1,1.0
77.1,9.2,1.0
77.1,9.3,1.0
77.1,9.4,1.0
77.1,9.5,1.0
77.1,9.6,1.0
77.1,9.7,1.0
77.1,9.8,1.0
77.1,9.9,1.0
77.1,10.0,1.0
77.1,10.1,1.0
77.1,10.2,1.0
77.1,10.3,1.0
77.1,10.4,1.0
77.1,10.5,1.0
77.1,10.6,1.0
77.1,10.7,1.0
77.1,10.8,1.0
77.1,10.9,1.0
77.1,11.0,1.0
77.1,11.1,1.0
77.1,11.2,1.0
77.1,11.3,1.0
77.1,11.4,1.0
77.1,11.5,1.0
77.1,11.6,1.0
77.1,11.7,1.0
77.1,11.8,1.0
77.1,11.9,1.0
77.1,12.0,1.0
77.1,12.1,1.0
77.1,12.2,1.0
77.1,12.3,1.0
77.1,12.4,1.0
77.1,12.5,1.0
77.1,12.6,1.0
77.1,12.7,1.0
77.1,12.8,1.0
77.1,12.9,1.0
77.1,13.0,1.0
77.1,13.1,1.0
77.1,13.2,1.0
77.1,13.3,1.0
77.1,13.4,1.0
77.1,13.5,1.0
77.1,13.6,1.0
77.1,13.7,1.0
77.1,13.8,1.0
77.1,13.9,1.0
77.1,14.0,1.0
77.1,14.1,1.0
77.1,14.2,1.0
77.1,14.3,1.0
77.1,14.4,1.0
77.1,14.5,1.0
77.1,14.6,1.0
77.1,14.7,1.0
77.1,14.8,1.0
77.1,14.9,1.0
77.1,15.0,1.0
77.1,15.1,1.0
77.1,15.2,1.0
77.1,15.3,1.0
77.1,15.4,1.0
77.1,15.5,1.0
77.1,15.6,1.0
77.1,15.7,1.0
77.1,15.8,1.0
77.1,15.9,1.0
77.1,16.0,1.0
77.1,16.1,1.0
77.1,16.2,1.0
77.1,16.3,1.0
77.1,16.4,1.0
77.1,16.5,1.0
77.1,16.6,1.0
77.1,16.7,1.0
77.1,16.8,1.0
77.1,16.9,1.0
77.1,17.0,1.15
77.1,17.1,1.15
77.1,17.2,1.15
77.1,17.3,1.15
77.1,17.4,1.0
77.1,17.5,1.0
77.1,17.6,1.0
77.1,17.7,1.0
77.1,17.8,1.0
77.1,17.9,1.0
77.1,18.0,1.0
77.1,18.1,1.0
77.1,18.2,1.0
77.1,18.3,1.0
77.1,18.4,1.0
77.1,18.5,1.0
77.1,18.6,1.0
77.1,18.7,1.0
77.1,18.8,1.0
77.1,18.9,1.0
77.1,19.0,1.0
77.1,19.1,1.0
77.1,19.2,1.0
77.1,19.3,1.0
77.1,19.4,1.0
77.1,19.5,1.0
77.1,19.6,1.0
77.1,19.7,1.0
77.1,19.8,1.0
77.1,19.9,1.0
77.1,20.0,1.0
77.1,20.1,1.0
77.1,20.2,1.0
77.1,20.3,1.0
77.1,20.4,1.0
77.1,20.5,1.0
77.1,20.6,1.0
77.1,20.7,1.0
77.1,20.8,1.0
77.1,20.9,1.0
77.1,21.0,1.5
77.1,21.1,1.5
77.1,21.2,1.0
77.1,21.3,1.5
77.1,21.4,1.0
77.1,21.5,1.0
77.1,21.6,1.0
77.1,21.7,1.0
77.1,21.8,1.0
77.1,21.9,1.0
77.1,22.0,1.0
77.1,22.1,1.5
77.1,22.2,1.5
77.1,22.3,1.5
77.1,22.4,1.5
77.1,22.5,1.5
77.1,22.6,1.5
77.1,22.7,1.0
77.1,22.8,1.0
77.1,22.9,1.0
77.1,23.0,1.0
77.1,23.1,1.0
77.1,23.2,1.0
77.1,23.3,1.0
77.1,23.4,1.0
77.1,23.5,1.0
77.1,23.6,1.0
77.1,23.7,1.0
77.1,23.8,1.0
77.1,23.9,1.0
77.1,24.0,1.0
77.1,24.1,1.0
77.1,24.2,1.0
77.1,24.3,1.0
77.1,24.4,1.0
77.1,24.5,1.0
77.1,24.6,1.0
77.1,24.7,1.15
77.1,24.8,1.15
77.1,24.9,1.15
77.1,25.0,1.15
77.1,25.1,1.15
77.1,25.2,1.15
77.1,25.3,1.15
77.1,25.4,1.15
77.1,25.5,1.15
77.1,25.6,1.15
77.1,25.7,1.15
77.1,25.8,1.15
77.1,25.9,1.15
77.1,26.0,1.15
77.1,26.1,1.5
77.1,26.2,1.0
77.1,26.3,1.0
77.1,26.4,1.0
77.1,26.5,1.0
77.1,26.6,1.0
77.1,26.7,1.0
77.1,26.8,1.0
77.1,26.9,1.5
77.1,27.0,1.5
77.1,27.1,1.5
77.1,27.2,1.5
77.1,27.3,1.5
77.1,27.4,1.5
77.1,27.5,1.5
77.1,27.6,1.5
77.1,27.7,1.5
77.1,27.8,1.5
77.1,27.9,1.5
77.1,28.0,1.5
77.1,28.1,1.5
77.1,28.2,1.5
77.1,28.3,1.5
77.1,28.4,1.5
77.1,28.5,1.5
77.1,28.6,1.5
77.1,28.7,1.5
77.1,28.8,1.5
77.1,28.9,1.5
77.1,29.0,1.5
77.1,29.1,1.5
77.1,29.2,1.5
77.1,29.3,1.5
77.1,29.4,1.5
77.1,29.5,1.5
77.1,29.6,1.5
77.1,29.7,1.5
77.1,29.8,1.5
77.1,29.9,1.5
77.1,30.0,1.5
77.1,30.1,1.5
77.1,30.2,1.5
77.1,30.3,1.5
77.1,30.4,1.5
77.1,30.5,1.5
77.1,30.6,1.5
77.1,30.7,1.5
77.1,30.8,1.15
77.1,30.9,1.15
77.1,31.0,1.15
77.1,31.1,1.0
77.1,31.2,1.0
77.1,31.3,1.0
77.1,31.4,1.0
77.1,31.5,1.0
77.1,31.6,1.0
77.1,31.7,1.0
77.1,31.8,1.0
77.1,31.9,1.0
77.1,32.0,1.0
77.1,32.1,1.0
77.1,32.2,1.0
77.1,32.3,1.0
77.1,32.4,1.0
77.1,32.5,1.0
77.1,32.6,1.0
77.1,32.7,1.0
77.1,32.8,1.0
77.1,32.9,1.0
77.1,33.0,1.0
77.1,33.1,1.0
77.1,33.2,1.0
77.1,33.3,1.0
77.1,33.4,1.0
77.1,33.5,1.0
77.1,33.6,1.0
77.1,33.7,1.0
77.1,33.8,1.0
77.1,33.9,1.0
77.1,34.0,1.0
77.1,34.1,1.15
77.1,34.2,1.15
77.1,34.3,1.15
77.1,34.4,1.15
77.1,34.5,1.15
77.1,34.6,1.0
77.1,34.7,1.0
77.1,34.8,1.0
77.1,34.9,1.0
77.1,35.0,1.0
77.1,35.1,1.0
77.1,35.2,1.0
77.1,35.3,1.0
77.1,35.4,1.0
77.1,35.5,1.0
77.1,35.6,1.0
77.1,35.7,1.0
77.2,8.0,1.0
77.2,8.1,1.0
77.2,8.2,1.0
77.2,8.3,1.0
77.2,8.4,1.0
77.2,8.5,1.0
77.2,8.6,1.0
77.2,8.7,1.0
77.2,8.8,1.0
77.2,8.9,1.0
77.2,9.0,1.0
77.2,9.1,1.0
77.2,9.2,1.0
77.2,9.3,1.0
77.2,9.4,1.0
77.2,9.5,1.0
77.2,9.6,1.0
77.2,9.7,1.0
77.2,9.8,1.0
77.2,9.9,1.0
77.2,10.0,1.0
77.2,10.1,1.0
77.2,10.2,1.0
77.2,10.3,1.0
77.2,10.4,1.0
77.2,10.5,1.0
77.2,10.6,1.0
77.2,10.7,1.0
77.2,10.8,1.0
77.2,10.9,1.0
77.2,11.0,1.0
77.2,11.1,1.0
77.2,11.2,1.0
77.2,11.3,1.0
77.2,11.4,1.0
77.2,11.5,1.0
77.2,11.6,1.0
77.2,11.7,1.0
77.2,11.8,1.0
77.2,11.9,1.0
77.2,12.0,1.0
77.2,12.1,1.0
77.2,12.2,1.0
77.2,12.3,1.0
77.2,12.4,1.0
77.2,12.5,1.0
77.2,12.6,1.0
77.2,12.7,1.0
77.2,12.8,1.0
77.2,12.9,1.0
77.2,13.0,1.0
77.2,13.1,1.0
77.2,13.2,1.0
77.2,13.3,1.0
77.2,13.4,1.0
77.2,13.5,1.0
77.2,13.6,1.0
77.2,13.7,1.0
77.2,13.8,1.0
77.2,13.9,1.0
77.2,14.0,1.0
77.2,14.1,1.0
77.2,14.2,1.0
77.2,14.3,1.0
77.2,14.4,1.0
77.2,14.5,1.0
77.2,14.6,1.0
77.2,14.7,1.0
77.2,14.8,1.0
77.2,14.9,1.0
77.2,15.0,1.0
77.2,15.1,1.0
77.2,15.2,1.0
77.2,15.3,1.0
77.2,15.4,1.0
77.2,15.5,1.0
77.2,15.6,1.0
77.2,15.7,1.0
77.2,15.8,1.0
77.2,15.9,1.0
77.2,16.0,1.0
77.2,16.1,1.0
77.2,16.2,1.0
77.2,16.3,1.0
77.2,16.4,1.0
77.2,16.5,1.0
77.2,16.6,1.0
77.2,16.7,1.0
77.2,16.8,1.0
77.2,16.9,1.0
77.2,17.0,1.15
77.2,17.1,1.15
77.2,17.2,1.15
77.2,17.3,1.15
77.2,17.4,1.0
77.2,17.5,1.0
77.2,17.6,1.0
77.2,17.7,1.0
77.2,17.8,1.0
77.2,17.9,1.0
77.2,18.0,1.0
77.2,18.1,1.0
77.2,18.2,1.0
77.2,18.3,1.0
77.2,18.4,1.0
77.2,18.5,1.0
77.2,18.6,1.0
77.2,18.7,1.0
77.2,18.8,1.0
77.2,18.9,1.0
77.2,19.0,1.0
77.2,19.1,1.0
77.2,19.2,1.0
77.2,19.3,1.0
77.2,19.4,1.0
77.2,19.5,1.0
77.2,19.6,1.0
77.2,19.7,1.0
77.2,19.8,1.0
77.2,19.9,1.0
77.2,20.0,1.0
77.2,20.1,1.0
77.2,20.2,1.0
77.2,20.3,1.0
77.2,20.4,1.0
77.2,20.5,1.0
77.2,20.6,1.0
77.2,20.7,1.0
77.2,20.8,1.0
77.2,20.9,1.0
77.2,21.0,1.5
77.2,21.1,1.0
77.2,21.2,1.0
77.2,21.3,1.0
77.2,21.4,1.0
77.2,21.5,1.0
77.2,21.6,1.0
77.2,21.7,1.0
77.2,21.8,1.0
77.2,21.9,1.0
77.2,22.0,1.0
77.2,22.1,1.0
77.2,22.2,1.5
77.2,22.3,1.5
77.2,22.4,1.5
77.2,22.5,1.5
77.2,22.6,1.5
77.2,22.7,1.0
77.2,22.8,1.0
77.2,22.9,1.0
77.2,23.0,1.0
77.2,23.1,1.0
77.2,23.2,1.0
77.2,23.3,1.0
77.2,23.4,1.0
77.2,23.5,1.0
77.2,23.6,1.0
77.2,23.7,1.0
77.2,23.8,1.0
77.2,23.9,1.0
77.2,24.0,1.0
77.2,24.1,1.0
77.2,24.2,1.0
77.2,24.3,1.0
77.2,24.4,1.0
77.2,24.5,1.0
77.2,24.6,1.0
77.2,24.7,1.0
77.2,24.8,1.15
77.2,24.9,1.15
77.2,25.0,1.0
77.2,25.1,1.15
77.2,25.2,1.15
77.2,25.3,1.15
77.2,25.4,1.15
77.2,25.5,1.15
77.2,25.6,1.15
77.2,25.7,1.15
77.2,25.8,1.15
77.2,25.9,1.15
77.2,26.0,1.15
77.2,26.1,1.5
77.2,26.2,1.5
77.2,26.3,1.0
77.2,26.4,1.0
77.2,26.5,1.0
77.2,26.6,1.0
77.2,26.7,1.0
77.2,26.8,1.5
77.2,26.9,1.5
77.2,27.0,1.5
77.2,27.1,1.5
77.2,27.2,1.5
77.2,27.3,1.5
77.2,27.4,1.5
77.2,27.5,1.5
77.2,27.6,1.5
77.2,27.7,1.5
77.2,27.8,1.5
77.2,27.9,1.5
77.2,28.0,1.5
77.2,28.1,1.5
77.2,28.2,1.5
77.2,28.3,1.5
77.2,28.4,1.5
77.2,28.5,1.5
77.2,28.6,1.5
77.2,28.7,1.5
77.2,28.8,1.5
77.2,28.9,1.5
77.2,29.0,1.5
77.2,29.1,1.5
77.2,29.2,1.5
77.2,29.3,1.5
77.2,29.4,1.5
77.2,29.5,1.5
77.2,29.6,1.5
77.2,29.7,1.5
77.2,29.8,1.5
77.2,29.9,1.5
77.2,30.0,1.5
77.2,30.1,1.5
77.2,30.2,1.5
77.2,30.3,1.5
77.2,30.4,1.5
77.2,30.5,1.5
77.2,30.6,1.5
77.2,30.7,1.5
77.2,30.8,1.15
77.2,30.9,1.15
77.2,31.0,1.0
77.2,31.1,1.0
77.2,31.2,1.0
77.2,31.3,1.0
77.2,31.4,1.0
77.2,31.5,1.0
77.2,31.6,1.0
77.2,31.7,1.0
77.2,31.8,1.0
77.2,31.9,1.0
77.2,32.0,1.0
77.2,32.1,1.0
77.2,32.2,1.0
77.2,32.3,1.0
77.2,32.4,1.0
77.2,32.5,1.0
77.2,32.6,1.0
77.2,32.7,1.0
77.2,32.8,1.0
77.2,32.9,1.0
77.2,33.0,1.0
77.2,33.1,1.0
77.2,33.2,1.0
77.2,33.3,1.0
77.2,33.4,1.0
77.2,33.5,1.0
77.2,33.6,1.0
77.2,33.7,1.0
77.2,33.8,1.15
77.2,33.9,1.15
77.2,34.0,1.15
77.2,34.1,1.15
77.2,34.2,1.15
77.2,34.3,1.15
77.2,34.4,1.15
77.2,34.5,1.15
77.2,34.6,1.0
77.2,34.7,1.0
77.2,34.8,1.0
77.2,34.9,1.0
77.2,35.0,1.0
77.2,35.1,1.0
77.2,35.2,1.0
77.2,35.3,1.0
77.2,35.4,1.0
77.2,35.5,1.0
77.2,35.6,1.0
77.2,35.7,1.0
77.2,35.8,1.0
77.3,8.0,1.0
77.3,8.1,1.0
77.3,8.2,1.0
77.3,8.3,1.0
77.3,8.4,1.0
77.3,8.5,1.0
77.3,8.6,1.0
77.3,8.7,1.0
77.3,8.8,1.0
77.3,8.9,1.0
77.3,9.0,1.0
77.3,9.1,1.0
77.3,9.2,1.0
77.3,9.3,1.0
77.3,9.4,1.0
77.3,9.5,1.0
77.3,9.6,1.0
77.3,9.7,1.0
77.3,9.8,1.0
77.3,9.9,1.0
77.3,10.0,1.0
77.3,10.1,1.0
77.3,10.2,1.0
77.3,10.3,1.0
77.3,10.4,1.0
77.3,10.5,1.0
77.3,10.6,1.0
77.3,10.7,1.0
77.3,10.8,1.0
77.3,10.9,1.0
77.3,11.0,1.0
77.3,11.1,1.0
77.3,11.2,1.0
77.3,11.3,1.0
77.3,11.4,1.0
77.3,11.5,1.0
77.3,11.6,1.0
77.3,11.7,1.0
77.3,11.8,1.0
77.3,11.9,1.0
77.3,12.0,1.0
77.3,12.1,1.0
77.3,12.2,1.0
77.3,12.3,1.0
77.3,12.4,1.0
77.3,12.5,1.0
77.3,12.6,1.0
77.3,12.7,1.0
77.3,12.8,1.0
77.3,12.9,1.0
77.3,13.0,1.0
77.3,13.1,1.0
77.3,13.2,1.0
77.3,13.3,1.0
77.3,13.4,1.0
77.3,13.5,1.0
77.3,13.6,1.0
77.3,13.7,1.0
77.3,13.8,1.0
77.3,13.9,1.0
77.3,14.0,1.0
77.3,14.1,1.0
77.3,14.2,1.0
77.3,14.3,1.0
77.3,14.4,1.0
77.3,14.5,1.0
77.3,14.6,1.0
77.3,14.7,1.0
77.3,14.8,1.0
77.3,14.9,1.0
77.3,15.0,1.0
77.3,15.1,1.0
77.3,15.2,1.0
77.3,15.3,1.0
77.3,15.4,1.0
77.3,15.5,1.0
77.3,15.6,1.0
77.3,15.7,1.0
77.3,15.8,1.0
77.3,15.9,1.0
77.3,16.0,1.0
77.3,16.1,1.0
77.3,16.2,1.0
77.3,16.3,1.0
77.3,16.4,1.0
77.3,16.5,1.0
77.3,16.6,1.0
77.3,16.7,1.0
77.3,16.8,1.0
77.3,16.9,1.0
77.3,17.0,1.0
77.3,17.1,1.15
77.3,17.2,1.15
77.3,17.3,1.0
77.3,17.4,1.0
77.3,17.5,1.0
77.3,17.6,1.35
77.3,17.7,1.35
77.3,17.8,1.35
77.3,17.9,1.0
77.3,18.0,1.0
77.3,18.1,1.0
77.3,18.2,1.0
77.3,18.3,1.0
77.3,18.4,1.0
77.3,18.5,1.0
77.3,18.6,1.0
77.3,18.7,1.0
77.3,18.8,1.0
77.3,18.9,1.0
77.3,19.0,1.0
77.3,19.1,1.0
77.3,19.2,1.0
77.3,19.3,1.0
77.3,19.4,1.0
77.3,19.5,1.0
77.3,19.6,1.0
77.3,19.7,1.0
77.3,19.8,1.0
77.3,19.9,1.0
77.3,20.0,1.0
77.3,20.1,1.0
77.3,20.2,1.0
77.3,20.3,1.0
77.3,20.4,1.0
77.3,20.5,1.0
77.3,20.6,1.0
77.3,20.7,1.0
77.3,20.8,1.0
77.3,20.9,1.5
77.3,21.0,1.5
77.3,21.1,1.0
77.3,21.2,1.0
77.3,21.3,1.0
77.3,21.4,1.0
77.3,21.5,1.0
77.3,21.6,1.0
77.3,21.7,1.0
77.3,21.8,1.0
77.3,21.9,1.0
77.3,22.0,1.0
77.3,22.1,1.0
77.3,22.2,1.5
77.3,22.3,1.5
77.3,22.4,1.5
77.3,22.5,1.5
77.3,22.6,1.5
77.3,22.7,1.0
77.3,22.8,1.0
77.3,22.9,1.0
77.3,23.0,1.15
77.3,23.1,1.15
77.3,23.2,1.0
77.3,23.3,1.0
77.3,23.4,1.0
77.3,23.5,1.0
77.3,23.6,1.0
77.3,23.7,1.0
77.3,23.8,1.0
77.3,23.9,1.0
77.3,24.0,1.0
77.3,24.1,1.0
77.3,24.2,1.0
77.3,24.3,1.0
77.3,24.4,1.0
77.3,24.5,1.0
77.3,24.6,1.0
77.3,24.7,1.0
77.3,24.8,1.15
77.3,24.9,1.0
77.3,25.0,1.0
77.3,25.1,1.15
77.3,25.2,1.15
77.3,25.3,1.15
77.3,25.4,1.15
77.3,25.5,1.15
77.3,25.6,1.15
77.3,25.7,1.15
77.3,25.8,1.15
77.3,25.9,1.15
77.3,26.0,1.5
77.3,26.1,1.5
77.3,26.2,1.5
77.3,26.3,1.5
77.3,26.4,1.0
77.3,26.5,1.0
77.3,26.6,1.0
77.3,26.7,1.0
77.3,26.8,1.5
77.3,26.9,1.5
77.3,27.0,1.5
77.3,27.1,1.5
77.3,27.2,1.5
77.3,27.3,1.5
77.3,27.4,1.5
77.3,27.5,1.5
77.3,27.6,1.5
77.3,27.7,1.5
77.3,27.8,1.5
77.3,27.9,1.5
77.3,28.0,1.5
77.3,28.1,1.5
77.3,28.2,1.5
77.3,28.3,1.5
77.3,28.4,1.5
77.3,28.5,1.5
77.3,28.6,1.5
77.3,28.7,1.5
77.3,28.8,1.5
77.3,28.9,1.5
77.3,29.0,1.5
77.3,29.1,1.5
77.3,29.2,1.5
77.3,29.3,1.5
77.3,29.4,1.5
77.3,29.5,1.5
77.3,29.6,1.5
77.3,29.7,1.5
77.3,29.8,1.5
77.3,29.9,1.5
77.3,30.0,1.5
77.3,30.1,1.5
77.3,30.2,1.5
77.3,30.3,1.5
77.3,30.4,1.5
77.3,30.5,1.5
77.3,30.6,1.5
77.3,30.7,1.15
77.3,30.8,1.15
77.3,30.9,1.15
77.3,31.0,1.0
77.3,31.1,1.0
77.3,31.2,1.0
77.3,31.3,1.0
77.3,31.4,1.0
77.3,31.5,1.0
77.3,31.6,1.0
77.3,31.7,1.0
77.3,31.8,1.0
77.3,31.9,1.0
77.3,32.0,1.0
77.3,32.1,1.0
77.3,32.2,1.0
77.3,32.3,1.0
77.3,32.4,1.0
77.3,32.5,1.0
77.3,32.6,1.0
77.3,32.7,1.0
77.3,32.8,1.0
77.3,32.9,1.0
77.3,33.0,1.0
77.3,33.1,1.0
77.3,33.2,1.0
77.3,33.3,1.0
77.3,33.4,1.0
77.3,33.5,1.0
77.3,33.6,1.0
77.3,33.7,1.15
77.3,33.8,1.15
77.3,33.9,1.15
77.3,34.0,1.15
77.3,34.1,1.15
77.3,34.2,1.15
77.3,34.3,1.15
77.3,34.4,1.15
77.3,34.5,1.15
77.3,34.6,1.0
77.3,34.7,1.0
77.3,34.8,1.0
77.3,34.9,1.0
77.3,35.0,1.0
77.3,35.1,1.0
77.3,35.2,1.0
77.3,35.3,1.0
77.3,35.4,1.0
77.3,35.5,1.0
77.3,35.6,1.0
77.3,35.7,1.0
77.4,8.0,1.0
77.4,8.1,1.0
77.4,8.2,1.0
77.4,8.3,1.0
77.4,8.4,1.0
77.4,8.5,1.0
77.4,8.6,1.0
77.4,8.7,1.0
77.4,8.8,1.0
77.4,8.9,1.0
77.4,9.0,1.0
77.4,9.1,1.0
77.4,9.2,1.0
77.4,9.3,1.0
77.4,9.4,1.0
77.4,9.5,1.0
77.4,9.6,1.0
77.4,9.7,1.0
77.4,9.8,1.0
77.4,9.9,1.0
77.4,10.0,1.0
77.4,10.1,1.0
77.4,10.2,1.0
77.4,10.3,1.0
77.4,10.4,1.0
77.4,10.5,1.0
77.4,10.6,1.0
77.4,10.7,1.0
77.4,10.8,1.0
77.4,10.9,1.0
77.4,11.0,1.0
77.4,11.1,1.0
77.4,11.2,1.0
77.4,11.3,1.0
77.4,11.4,1.0
77.4,11.5,1.0
77.4,11.6,1.0
77.4,11.7,1.0
77.4,11.8,1.0
77.4,11.9,1.0
77.4,12.0,1.0
77.4,12.1,1.0
77.4,12.2,1.0
77.4,12.3,1.0
77.4,12.4,1.0
77.4,12.5,1.0
77.4,12.6,1.0
77.4,12.7,1.0
77.4,12.8,1.0
77.4,12.9,1.0
77.4,13.0,1.0
77.4,13.1,1.0
77.4,13.2,1.0
77.4,13.3,1.0
77.4,13.4,1.0
77.4,13.5,1.0
77.4,13.6,1.0
77.4,13.7,1.0
77.4,13.8,1.0
77.4,13.9,1.0
77.4,14.0,1.0
77.4,14.1,1.0
77.4,14.2,1.0
77.4,14.3,1.0
77.4,14.4,1.0
77.4,14.5,1.0
77.4,14.6,1.0
77.4,14.7,1.0
77.4,14.8,1.0
77.4,14.9,1.0
77.4,15.0,1.0
77.4,15.1,1.0
77.4,15.2,1.0
77.4,15.3,1.0
77.4,15.4,1.0
77.4,15.5,1.0
77.4,15.6,1.0
77.4,15.7,1.0
77.4,15.8,1.0
77.4,15.9,1.0
77.4,16.0,1.0
77.4,16.1,1.0
77.4,16.2,1.0
77.4,16.3,1.0
77.4,16.4,1.0
77.4,16.5,1.0
77.4,16.6,1.0
77.4,16.7,1.0
77.4,16.8,1.0
77.4,16.9,1.0
77.4,17.0,1.0
77.4,17.1,1.0
77.4,17.2,1.15
77.4,17.3,1.15
77.4,17.4,1.15
77.4,17.5,1.15
77.4,17.6,1.35
77.4,17.7,1.35
77.4,17.8,1.35
77.4,17.9,1.35
77.4,18.0,1.0
77.4,18.1,1.0
77.4,18.2,1.0
77.4,18.3,1.0
77.4,18.4,1.0
77.4,18.5,1.0
77.4,18.6,1.0
77.4,18.7,1.0
77.4,18.8,1.0
77.4,18.9,1.0
77.4,19.0,1.0
77.4,19.1,1.0
77.4,19.2,1.0
77.4,19.3,1.0
77.4,19.4,1.0
77.4,19.5,1.0
77.4,19.6,1.0
77.4,19.7,1.0
77.4,19.8,1.0
77.4,19.9,1.0
77.4,20.0,1.0
77.4,20.1,1.0
77.4,20.2,1.0
77.4,20.3,1.0
77.4,20.4,1.0
77.4,20.5,1.0
77.4,20.6,1.0
77.4,20.7,1.0
77.4,20.8,1.0
77.4,20.9,1.5
77.4,21.0,1.5
77.4,21.1,1.5
77.4,21.2,1.0
77.4,21.3,1.0
77.4,21.4,1.0
77.4,21.5,1.0
77.4,21.6,1.0
77.4,21.7,1.0
77.4,21.8,1.0
77.4,21.9,1.0
77.4,22.0,1.0
77.4,22.1,1.0
77.4,22.2,1.0
77.4,22.3,1.5
77.4,22.4,1.5
77.4,22.5,1.5
77.4,22.6,1.5
77.4,22.7,1.0
77.4,22.8,1.0
77.4,22.9,1.15
77.4,23.0,1.15
77.4,23.1,1.15
77.4,23.2,1.15
77.4,23.3,1.0
77.4,23.4,1.15
77.4,23.5,1.0
77.4,23.6,1.0
77.4,23.7,1.0
77.4,23.8,1.0
77.4,23.9,1.0
77.4,24.0,1.0
77.4,24.1,1.0
77.4,24.2,1.0
77.4,24.3,1.0
77.4,24.4,1.0
77.4,24.5,1.0
77.4,24.6,1.0
77.4,24.7,1.0
77.4,24.8,1.0
77.4,24.9,1.0
77.4,25.0,1.15
77.4,25.1,1.15
77.4,25.2,1.15
77.4,25.3,1.15
77.4,25.4,1.15
77.4,25.5,1.15
77.4,25.6,1.15
77.4,25.7,1.15
77.4,25.8,1.15
77.4,25.9,1.15
77.4,26.0,1.5
77.4,26.1,1.5
77.4,26.2,1.5
77.4,26.3,1.5
77.4,26.4,1.0
77.4,26.5,1.0
77.4,26.6,1.5
77.4,26.7,1.5
77.4,26.8,1.0
77.4,26.9,1.5
77.4,27.0,1.5
77.4,27.1,1.5
77.4,27.2,1.5
77.4,27.3,1.5
77.4,27.4,1.5
77.4,27.5,1.5
77.4,27.6,1.5
77.4,27.7,1.5
77.4,27.8,1.5
77.4,27.9,1.5
77.4,28.0,1.5
77.4,28.1,1.5
77.4,28.2,1.5
77.4,28.3,1.5
77.4,28.4,1.5
77.4,28.5,1.5
77.4,28.6,1.5
77.4,28.7,1.5
77.4,28.8,1.5
77.4,28.9,1.5
77.4,29.0,1.5
77.4,29.1,1.5
77.4,29.2,1.5
77.4,29.3,1.5
77.4,29.4,1.5
77.4,29.5,1.5
77.4,29.6,1.5
77.4,29.7,1.5
77.4,29.8,1.5
77.4,29.9,1.5
77.4,30.0,1.5
77.4,30.1,1.5
77.4,30.2,1.5
77.4,30.3,1.5
77.4,30.4,1.5
77.4,30.5,1.5
77.4,30.6,1.0
77.4,30.7,1.15
77.4,30.8,1.15
77.4,30.9,1.15
77.4,31.0,1.0
77.4,31.1,1.0
77.4,31.2,1.0
77.4,31.3,1.0
77.4,31.4,1.0
77.4,31.5,1.0
77.4,31.6,1.0
77.4,31.7,1.0
77.4,31.8,1.0
77.4,31.9,1.0
77.4,32.0,1.0
77.4,32.1,1.0
77.4,32.2,1.0
77.4,32.3,1.0
77.4,32.4,1.0
77.4,32.5,1.0
77.4,32.6,1.0
77.4,32.7,1.0
77.4,32.8,1.0
77.4,32.9,1.0
77.4,33.0,1.0
77.4,33.1,1.0
77.4,33.2,1.0
77.4,33.3,1.0
77.4,33.4,1.0
77.4,33.5,1.0
77.4,33.6,1.0
77.4,33.7,1.15
77.4,33.8,1.15
77.4,33.9,1.15
77.4,34.0,1.15
77.4,34.1,1.15
77.4,34.2,1.15
77.4,34.3,1.15
77.4,34.4,1.15
77.4,34.5,1.0
77.4,34.6,1.0
77.4,34.7,1.0
77.4,34.8,1.0
77.4,34.9,1.0
77.4,35.0,1.0
77.4,35.1,1.0
77.4,35.2,1.0
77.4,35.3,1.0
77.4,35.4,1.0
77.4,35.5,1.0
77.4,35.6,1.15
77.5,8.0,1.0
77.5,8.1,1.0
77.5,8.2,1.0
77.5,8.3,1.0
77.5,8.4,1.0
77.5,8.5,1.0
77.5,8.6,1.0
77.5,8.7,1.0
77.5,8.8,1.0
77.5,8.9,1.0
77.5,9.0,1.0
77.5,9.1,1.0
77.5,9.2,1.0
77.5,9.3,1.0
77.5,9.4,1.0
77.5,9.5,1.0
77.5,9.6,1.0
77.5,9.7,1.0
77.5,9.8,1.0
77.5,9.9,1.0
77.5,10.0,1.0
77.5,10.1,1.0
77.5,10.2,1.0
77.5,10.3,1.0
77.5,10.4,1.0
77.5,10.5,1.0
77.5,10.6,1.0
77.5,10.7,1.0
77.5,10.8,1.0
77.5,10.9,1.0
77.5,11.0,1.0
77.5,11.1,1.0
77.5,11.2,1.0
77.5,11.3,1.0
77.5,11.4,1.0
77.5,11.5,1.0
77.5,11.6,1.0
77.5,11.7,1.0
77.5,11.8,1.0
77.5,11.9,1.0
77.5,12.0,1.0
77.5,12.1,1.0
77.5,12.2,1.0
77.5,12.3,1.0
77.5,12.4,1.0
77.5,12.5,1.0
77.5,12.6,1.0
77.5,12.7,1.0
77.5,12.8,1.0
77.5,12.9,1.0
77.5,13.0,1.0
77.5,13.1,1.0
77.5,13.2,1.0
77.5,13.3,1.0
77.5,13.4,1.0
77.5,13.5,1.0
77.5,13.6,1.0
77.5,13.7,1.0
77.5,13.8,1.0
77.5,13.9,1.0
77.5,14.0,1.0
77.5,14.1,1.0
77.5,14.2,1.0
77.5,14.3,1.0
77.5,14.4,1.0
77.5,14.5,1.0
77.5,14.6,1.0
77.5,14.7,1.0
77.5,14.8,1.0
77.5,14.9,1.0
77.5,15.0,1.0
77.5,15.1,1.0
77.5,15.2,1.0
77.5,15.3,1.0
77.5,15.4,1.0
77.5,15.5,1.0
77.5,15.6,1.0
77.5,15.7,1.0
77.5,15.8,1.0
77.5,15.9,1.0
77.5,16.0,1.0
77.5,16.1,1.0
77.5,16.2,1.0
77.5,16.3,1.0
77.5,16.4,1.0
77.5,16.5,1.0
77.5,16.6,1.0
77.5,16.7,1.0
77.5,16.8,1.0
77.5,16.9,1.0
77.5,17.0,1.0
77.5,17.1,1.0
77.5,17.2,1.0
77.5,17.3,1.0
77.5,17.4,1.0
77.5,17.5,1.0
77.5,17.6,1.35
77.5,17.7,1.35
77.5,17.8,1.35
77.5,17.9,1.0
77.5,18.0,1.0
77.5,18.1,1.0
77.5,18.2,1.0
77.5,18.3,1.0
77.5,18.4,1.0
77.5,18.5,1.0
77.5,18.6,1.0
77.5,18.7,1.0
77.5,18.8,1.0
77.5,18.9,1.0
77.5,19.0,1.0
77.5,19.1,1.0
77.5,19.2,1.0
77.5,19.3,1.0
77.5,19.4,1.0
77.5,19.5,1.0
77.5,19.6,1.0
77.5,19.7,1.0
77.5,19.8,1.0
77.5,19.9,1.0
77.5,20.0,1.0
77.5,20.1,1.0
77.5,20.2,1.0
77.5,20.3,1.0
77.5,20.4,1.0
77.5,20.5,1.0
77.5,20.6,1.0
77.5,20.7,1.0
77.5,20.8,1.0
77.5,20.9,1.5
77.5,21.0,1.5
77.5,21.1,1.5
77.5,21.2,1.0
77.5,21.3,1.0
77.5,21.4,1.0
77.5,21.5,1.0
77.5,21.6,1.0
77.5,21.7,1.0
77.5,21.8,1.0
77.5,21.9,1.0
77.5,22.0,1.0
77.5,22.1,1.0
77.5,22.2,1.0
77.5,22.3,1.0
77.5,22.4,1.5
77.5,22.5,1.5
77.5,22.6,1.5
77.5,22.7,1.15
77.5,22.8,1.15
77.5,22.9,1.15
77.5,23.0,1.15
77.5,23.1,1.15
77.5,23.2,1.15
77.5,23.3,1.15
77.5,23.4,1.0
77.5,23.5,1.0
77.5,23.6,1.0
77.5,23.7,1.0
77.5,23.8,1.0
77.5,23.9,1.0
77.5,24.0,1.0
77.5,24.1,1.0
77.5,24.2,1.0
77.5,24.3,1.0
77.5,24.4,1.0
77.5,24.5,1.0
77.5,24.6,1.0
77.5,24.7,1.0
77.5,24.8,1.0
77.5,24.9,1.0
77.5,25.0,1.0
77.5,25.1,1.15
77.5,25.2,1.15
77.5,25.3,1.15
77.5,25.4,1.15
77.5,25.5,1.15
77.5,25.6,1.15
77.5,25.7,1.15
77.5,25.8,1.15
77.5,25.9,1.15
77.5,26.0,1.15
77.5,26.1,1.5
77.5,26.2,1.5
77.5,26.3,1.5
77.5,26.4,1.0
77.5,26.5,1.0
77.5,26.6,1.5
77.5,26.7,1.5
77.5,26.8,1.0
77.5,26.9,1.5
77.5,27.0,1.5
77.5,27.1,1.5
77.5,27.2,1.5
77.5,27.3,1.5
77.5,27.4,1.5
77.5,27.5,1.5
77.5,27.6,1.5
77.5,27.7,1.5
77.5,27.8,1.5
77.5,27.9,1.5
77.5,28.0,1.5
77.5,28.1,1.5
77.5,28.2,1.5
77.5,28.3,1.5
77.5,28.4,1.5
77.5,28.5,1.5
77.5,28.6,1.5
77.5,28.7,1.5
77.5,28.8,1.5
77.5,28.9,1.5
77.5,29.0,1.5
77.5,29.1,1.5
77.5,29.2,1.5
77.5,29.3,1.5
77.5,29.4,1.5
77.5,29.5,1.5
77.5,29.6,1.5
77.5,29.7,1.5
77.5,29.8,1.5
77.5,29.9,1.5
77.5,30.0,1.5
77.5,30.1,1.5
77.5,30.2,1.5
77.5,30.3,1.5
77.5,30.4,1.5
77.5,30.5,1.5
77.5,30.6,1.15
77.5,30.7,1.15
77.5,30.8,1.15
77.5,30.9,1.15
77.5,31.0,1.0
77.5,31.1,1.0
77.5,31.2,1.0
77.5,31.3,1.0
77.5,31.4,1.0
77.5,31.5,1.0
77.5,31.6,1.0
77.5,31.7,1.0
77.5,31.8,1.0
77.5,31.9,1.0
77.5,32.0,1.0
77.5,32.1,1.0
77.5,32.2,1.0
77.5,32.3,1.0
77.5,32.4,1.0
77.5,32.5,1.0
77.5,32.6,1.0
77.5,32.7,1.0
77.5,32.8,1.0
77.5,32.9,1.0
77.5,33.0,1.0
77.5,33.1,1.0
77.5,33.2,1.0
77.5,33.3,1.0
77.5,33.4,1.0
77.5,33.5,1.0
77.5,33.6,1.15
77.5,33.7,1.15
77.5,33.8,1.15
77.5,33.9,1.15
77.5,34.0,1.15
77.5,34.1,1.15
77.5,34.2,1.15
77.5,34.3,1.15
77.5,34.4,1.15
77.5,34.5,1.0
77.5,34.6,1.0
77.5,34.7,1.0
77.5,34.8,1.0
77.5,34.9,1.0
77.5,35.0,1.0
77.5,35.1,1.0
77.5,35.2,1.0
77.5,35.3,1.0
77.5,35.4,1.0
77.5,35.5,1.15
77.5,35.6,1.15
77.6,8.0,1.0
77.6,8.1,1.0
77.6,8.2,1.0
77.6,8.3,1.0
77.6,8.4,1.0
77.6,8.5,1.0
77.6,8.6,1.0
77.6,8.7,1.0
77.6,8.8,1.0
77.6,8.9,1.0
77.6,9.0,1.0
77.6,9.1,1.0
77.6,9.2,1.0
77.6,9.3,1.0
77.6,9.4,1.0
77.6,9.5,1.0
77.6,9.6,1.0
77.6,9.7,1.0
77.6,9.8,1.0
77.6,9.9,1.0
77.6,10.0,1.0
77.6,10.1,1.0
77.6,10.2,1.0
77.6,10.3,1.0
77.6,10.4,1.0
77.6,10.5,1.0
77.6,10.6,1.0
77.6,10.7,1.0
77.6,10.8,1.0
77.6,10.9,1.0
77.6,11.0,1.0
77.6,11.1,1.0
77.6,11.2,1.0
77.6,11.3,1.0
77.6,11.4,1.0
77.6,11.5,1.0
77.6,11.6,1.0
77.6,11.7,1.0
77.6,11.8,1.0
77.6,11.9,1.0
77.6,12.0,1.0
77.6,12.1,1.0
77.6,12.2,1.0
77.6,12.3,1.0
77.6,12.4,1.0
77.6,12.5,1.0
77.6,12.6,1.0
77.6,12.7,1.0
77.6,12.8,1.0
77.6,12.9,1.0
77.6,13.0,1.0
77.6,13.1,1.0
77.6,13.2,1.0
77.6,13.3,1.0
77.6,13.4,1.0
77.6,13.5,1.0
77.6,13.6,1.0
77.6,13.7,1.0
77.6,13.8,1.0
77.6,13.9,1.0
77.6,14.0,1.0
77.6,14.1,1.0
77.6,14.2,1.0
77.6,14.3,1.0
77.6,14.4,1.0
77.6,14.5,1.0
77.6,14.6,1.0
77.6,14.7,1.0
77.6,14.8,1.0
77.6,14.9,1.0
77.6,15.0,1.0
77.6,15.1,1.0
77.6,15.2,1.0
77.6,15.3,1.0
77.6,15.4,1.0
77.6,15.5,1.0
77.6,15.6,1.0
77.6,15.7,1.0
77.6,15.8,1.0
77.6,15.9,1.0
77.6,16.0,1.0
77.6,16.1,1.0
77.6,16.2,1.0
77.6,16.3,1.0
77.6,16.4,1.0
77.6,16.5,1.0
77.6,16.6,1.0
77.6,16.7,1.0
77.6,16.8,1.0
77.6,16.9,1.0
77.6,17.0,1.0
77.6,17.1,1.0
77.6,17.2,1.0
77.6,17.3,1.0
77.6,17.4,1.0
77.6,17.5,1.35
77.6,17.6,1.35
77.6,17.7,1.35
77.6,17.8,1.0
77.6,17.9,1.0
77.6,18.0,1.0
77.6,18.1,1.0
77.6,18.2,1.0
77.6,18.3,1.0
77.6,18.4,1.0
77.6,18.5,1.0
77.6,18.6,1.0
77.6,18.7,1.0
77.6,18.8,1.0
77.6,18.9,1.0
77.6,19.0,1.0
77.6,19.1,1.0
77.6,19.2,1.0
77.6,19.3,1.0
77.6,19.4,1.0
77.6,19.5,1.0
77.6,19.6,1.0
77.6,19.7,1.0
77.6,19.8,1.0
77.6,19.9,1.0
77.6,20.0,1.0
77.6,20.1,1.0
77.6,20.2,1.0
77.6,20.3,1.0
77.6,20.4,1.0
77.6,20.5,1.0
77.6,20.6,1.0
77.6,20.7,1.0
77.6,20.8,1.5
77.6,20.9,1.5
77.6,21.0,1.5
77.6,21.1,1.5
77.6,21.2,1.0
77.6,21.3,1.0
77.6,21.4,1.0
77.6,21.5,1.0
77.6,21.6,1.0
77.6,21.7,1.0
77.6,21.8,1.0
77.6,21.9,1.0
77.6,22.0,1.0
77.6,22.1,1.0
77.6,22.2,1.0
77.6,22.3,1.0
77.6,22.4,1.0
77.6,22.5,1.5
77.6,22.6,1.5
77.6,22.7,1.15
77.6,22.8,1.15
77.6,22.9,1.15
77.6,23.0,1.15
77.6,23.1,1.15
77.6,23.2,1.15
77.6,23.3,1.15
77.6,23.4,1.15
77.6,23.5,1.15
77.6,23.6,1.0
77.6,23.7,1.0
77.6,23.8,1.0
77.6,23.9,1.0
77.6,24.0,1.0
77.6,24.1,1.0
77.6,24.2,1.0
77.6,24.3,1.0
77.6,24.4,1.0
77.6,24.5,1.0
77.6,24.6,1.0
77.6,24.7,1.0
77.6,24.8,1.0
77.6,24.9,1.0
77.6,25.0,1.15
77.6,25.1,1.15
77.6,25.2,1.15
77.6,25.3,1.15
77.6,25.4,1.15
77.6,25.5,1.15
77.6,25.6,1.15
77.6,25.7,1.15
77.6,25.8,1.15
77.6,25.9,1.15
77.6,26.0,1.15
77.6,26.1,1.15
77.6,26.2,1.5
77.6,26.3,1.5
77.6,26.4,1.0
77.6,26.5,1.0
77.6,26.6,1.5
77.6,26.7,1.5
77.6,26.8,1.5
77.6,26.9,1.5
77.6,27.0,1.5
77.6,27.1,1.5
77.6,27.2,1.5
77.6,27.3,1.5
77.6,27.4,1.5
77.6,27.5,1.5
77.6,27.6,1.5
77.6,27.7,1.5
77.6,27.8,1.5
77.6,27.9,1.5
77.6,28.0,1.5
77.6,28.1,1.5
77.6,28.2,1.5
77.6,28.3,1.5
77.6,28.4,1.5
77.6,28.5,1.5
77.6,28.6,1.5
77.6,28.7,1.5
77.6,28.8,1.5
77.6,28.9,1.5
77.6,29.0,1.5
77.6,29.1,1.5
77.6,29.2,1.5
77.6,29.3,1.5
77.6,29.4,1.5
77.6,29.5,1.5
77.6,29.6,1.5
77.6,29.7,1.5
77.6,29.8,1.5
77.6,29.9,1.5
77.6,30.0,1.5
77.6,30.1,1.5
77.6,30.2,1.5
77.6,30.3,1.5
77.6,30.4,1.5
77.6,30.5,1.15
77.6,30.6,1.15
77.6,30.7,1.15
77.6,30.8,1.15
77.6,30.9,1.15
77.6,31.0,1.0
77.6,31.1,1.0
77.6,31.2,1.0
77.6,31.3,1.0
77.6,31.4,1.0
77.6,31.5,1.0
77.6,31.6,1.0
77.6,31.7,1.0
77.6,31.8,1.0
77.6,31.9,1.0
77.6,32.0,1.0
77.6,32.1,1.0
77.6,32.2,1.0
77.6,32.3,1.0
77.6,32.4,1.0
77.6,32.5,1.0
77.6,32.6,1.0
77.6,32.7,1.0
77.6,32.8,1.0
77.6,32.9,1.0
77.6,33.0,1.0
77.6,33.1,1.0
77.6,33.2,1.0
77.6,33.3,1.0
77.6,33.4,1.0
77.6,33.5,1.15
77.6,33.6,1.15
77.6,33.7,1.15
77.6,33.8,1.15
77.6,33.9,1.15
77.6,34.0,1.15
77.6,34.1,1.15
77.6,34.2,1.15
77.6,34.3,1.15
77.6,34.4,1.0
77.6,34.5,1.0
77.6,34.6,1.0
77.6,34.7,1.0
77.6,34.8,1.0
77.6,34.9,1.0
77.6,35.0,1.0
77.6,35.1,1.0
77.6,35.2,1.0
77.6,35.3,1.0
77.6,35.4,1.15
77.6,35.5,1.15
77.6,35.6,1.15
77.7,8.1,1.0
77.7,8.2,1.5
77.7,8.3,1.0
77.7,8.4,1.0
77.7,8.5,1.0
77.7,8.6,1.0
77.7,8.7,1.0
77.7,8.8,1.0
77.7,8.9,1.0
77.7,9.0,1.0
77.7,9.1,1.0
77.7,9.2,1.0
77.7,9.3,1.0
77.7,9.4,1.0
77.7,9.5,1.0
77.7,9.6,1.0
77.7,9.7,1.0
77.7,9.8,1.0
77.7,9.9,1.0
77.7,10.0,1.0
77.7,10.1,1.0
77.7,10.2,1.0
77.7,10.3,1.0
77.7,10.4,1.0
77.7,10.5,1.0
77.7,10.6,1.0
77.7,10.7,1.0
77.7,10.8,1.0
77.7,10.9,1.0
77.7,11.0,1.0
77.7,11.1,1.0
77.7,11.2,1.0
77.7,11.3,1.0
77.7,11.4,1.0
77.7,11.5,1.0
77.7,11.6,1.0
77.7,11.7,1.0
77.7,11.8,1.0
77.7,11.9,1.0
77.7,12.0,1.0
77.7,12.1,1.0
77.7,12.2,1.0
77.7,12.3,1.0
77.7,12.4,1.0
77.7,12.5,1.0
77.7,12.6,1.0
77.7,12.7,1.0
77.7,12.8,1.0
77.7,12.9,1.0
77.7,13.0,1.0
77.7,13.1,1.0
77.7,13.2,1.0
77.7,13.3,1.0
77.7,13.4,1.0
77.7,13.5,1.0
77.7,13.6,1.0
77.7,13.7,1.0
77.7,13.8,1.0
77.7,13.9,1.0
77.7,14.0,1.0
77.7,14.1,1.0
77.7,14.2,1.0
77.7,14.3,1.0
77.7,14.4,1.0
77.7,14.5,1.0
77.7,14.6,1.0
77.7,14.7,1.0
77.7,14.8,1.0
77.7,14.9,1.0
77.7,15.0,1.0
77.7,15.1,1.0
77.7,15.2,1.0
77.7,15.3,1.0
77.7,15.4,1.0
77.7,15.5,1.0
77.7,15.6,1.0
77.7,15.7,1.0
77.7,15.8,1.0
77.7,15.9,1.0
77.7,16.0,1.0
77.7,16.1,1.0
77.7,16.2,1.0
77.7,16.3,1.0
77.7,16.4,1.0
77.7,16.5,1.0
77.7,16.6,1.0
77.7,16.7,1.0
77.7,16.8,1.0
77.7,16.9,1.0
77.7,17.0,1.0
77.7,17.1,1.0
77.7,17.2,1.0
77.7,17.3,1.0
77.7,17.4,1.0
77.7,17.5,1.35
77.7,17.6,1.35
77.7,17.7,1.0
77.7,17.8,1.0
77.7,17.9,1.0
77.7,18.0,1.0
77.7,18.1,1.0
77.7,18.2,1.0
77.7,18.3,1.0
77.7,18.4,1.0
77.7,18.5,1.0
77.7,18.6,1.0
77.7,18.7,1.0
77.7,18.8,1.0
77.7,18.9,1.0
77.7,19.0,1.0
77.7,19.1,1.0
77.7,19.2,1.0
77.7,19.3,1.0
77.7,19.4,1.0
77.7,19.5,1.0
77.7,19.6,1.0
77.7,19.7,1.0
77.7,19.8,1.0
77.7,19.9,1.0
77.7,20.0,1.0
77.7,20.1,1.0
77.7,20.2,1.0
77.7,20.3,1.0
77.7,20.4,1.0
77.7,20.5,1.0
77.7,20.6,1.0
77.7,20.7,1.0
77.7,20.8,1.5
77.7,20.9,1.5
77.7,21.0,1.5
77.7,21.1,1.5
77.7,21.2,1.0
77.7,21.3,1.0
77.7,21.4,1.0
77.7,21.5,1.0
77.7,21.6,1.0
77.7,21.7,1.0
77.7,21.8,1.0
77.7,21.9,1.0
77.7,22.0,1.0
77.7,22.1,1.0
77.7,22.2,1.0
77.7,22.3,1.0
77.7,22.4,1.0
77.7,22.5,1.5
77.7,22.6,1.5
77.7,22.7,1.5
77.7,22.8,1.15
77.7,22.9,1.15
77.7,23.0,1.15
77.7,23.1,1.15
77.7,23.2,1.15
77.7,23.3,1.15
77.7,23.4,1.15
77.7,23.5,1.0
77.7,23.6,1.0
77.7,23.7,1.0
77.7,23.8,1.0
77.7,23.9,1.0
77.7,24.0,1.0
77.7,24.1,1.0
77.7,24.2,1.0
77.7,24.3,1.0
77.7,24.4,1.0
77.7,24.5,1.0
77.7,24.6,1.0
77.7,24.7,1.0
77.7,24.8,1.0
77.7,24.9,1.0
77.7,25.0,1.15
77.7,25.1,1.15
77.7,25.2,1.15
77.7,25.3,1.15
77.7,25.4,1.15
77.7,25.5,1.15
77.7,25.6,1.15
77.7,25.7,1.15
77.7,25.8,1.15
77.7,25.9,1.15
77.7,26.0,1.15
77.7,26.1,1.15
77.7,26.2,1.15
77.7,26.3,1.5
77.7,26.4,1.5
77.7,26.5,1.0
77.7,26.6,1.5
77.7,26.7,1.5
77.7,26.8,1.5
77.7,26.9,1.5
77.7,27.0,1.5
77.7,27.1,1.5
77.7,27.2,1.5
77.7,27.3,1.5
77.7,27.4,1.5
77.7,27.5,1.5
77.7,27.6,1.5
77.7,27.7,1.5
77.7,27.8,1.5
77.7,27.9,1.5
77.7,28.0,1.5
77.7,28.1,1.5
77.7,28.2,1.5
77.7,28.3,1.5
77.7,28.4,1.5
77.7,28.5,1.5
77.7,28.6,1.5
77.7,28.7,1.5
77.7,28.8,1.5
77.7,28.9,1.5
77.7,29.0,1.5
77.7,29.1,1.5
77.7,29.2,1.5
77.7,29.3,1.5
77.7,29.4,1.5
77.7,29.5,1.5
77.7,29.6,1.5
77.7,29.7,1.5
77.7,29.8,1.5
77.7,29.9,1.5
77.7,30.0,1.5
77.7,30.1,1.5
77.7,30.2,1.5
77.7,30.3,1.5
77.7,30.4,1.15
77.7,30.5,1.15
77.7,30.6,1.15
77.7,30.7,1.15
77.7,30.8,1.15
77.7,30.9,1.0
77.7,31.0,1.0
77.7,31.1,1.0
77.7,31.2,1.0
77.7,31.3,1.0
77.7,31.4,1.0
77.7,31.5,1.0
77.7,31.6,1.0
77.7,31.7,1.0
77.7,31.8,1.0
77.7,31.9,1.0
77.7,32.0,1.0
77.7,32.1,1.0
77.7,32.2,1.0
77.7,32.3,1.0
77.7,32.4,1.0
77.7,32.5,1.0
77.7,32.6,1.0
77.7,32.7,1.0
77.7,32.8,1.0
77.7,32.9,1.0
77.7,33.0,1.0
77.7,33.1,1.0
77.7,33.2,1.0
77.7,33.3,1.15
77.7,33.4,1.15
77.7,33.5,1.15
77.7,33.6,1.15
77.7,33.7,1.15
77.7,33.8,1.15
77.7,33.9,1.15
77.7,34.0,1.15
77.7,34.1,1.15
77.7,34.2,1.15
77.7,34.3,1.15
77.7,34.4,1.0
77.7,34.5,1.0
77.7,34.6,1.0
77.7,34.7,1.0
77.7,34.8,1.0
77.7,34.9,1.0
77.7,35.0,1.0
77.7,35.1,1.0
77.7,35.2,1.0
77.7,35.3,1.0
77.7,35.4,1.15
77.7,35.5,1.15
77.7,35.6,1.15
77.8,8.2,1.0
77.8,8.3,1.5
77.8,8.4,1.0
77.8,8.5,1.0
77.8,8.6,1.0
77.8,8.7,1.0
77.8,8.8,1.0
77.8,8.9,1.0
77.8,9.0,1.0
77.8,9.1,1.0
77.8,9.2,1.0
77.8,9.3,1.0
77.8,9.4,1.0
77.8,9.5,1.0
77.8,9.6,1.0
77.8,9.7,1.0
77.8,9.8,1.0
77.8,9.9,1.0
77.8,10.0,1.0
77.8,10.1,1.0
77.8,10.2,1.0
77.8,10.3,1.0
77.8,10.4,1.0
77.8,10.5,1.0
77.8,10.6,1.0
77.8,10.7,1.0
77.8,10.8,1.0
77.8,10.9,1.0
77.8,11.0,1.0
77.8,11.1,1.0
77.8,11.2,1.0
77.8,11.3,1.0
77.8,11.4,1.0
77.8,11.5,1.0
77.8,11.6,1.0
77.8,11.7,1.0
77.8,11.8,1.0
77.8,11.9,1.0
77.8,12.0,1.0
77.8,12.1,1.0
77.8,12.2,1.0
77.8,12.3,1.0
77.8,12.4,1.0
77.8,12.5,1.0
77.8,12.6,1.0
77.8,12.7,1.0
77.8,12.8,1.0
77.8,12.9,1.0
77.8,13.0,1.0
77.8,13.1,1.0
77.8,13.2,1.0
77.8,13.3,1.0
77.8,13.4,1.0
77.8,13.5,1.0
77.8,13.6,1.0
77.8,13.7,1.0
77.8,13.8,1.0
77.8,13.9,1.0
77.8,14.0,1.0
77.8,14.1,1.0
77.8,14.2,1.0
77.8,14.3,1.0
77.8,14.4,1.0
77.8,14.5,1.0
77.8,14.6,1.0
77.8,14.7,1.0
77.8,14.8,1.15
77.8,14.9,1.15
77.8,15.0,1.15
77.8,15.1,1.15
77.8,15.2,1.15
77.8,15.3,1.0
77.8,15.4,1.0
77.8,15.5,1.0
77.8,15.6,1.0
77.8,15.7,1.15
77.8,15.8,1.0
77.8,15.9,1.0
77.8,16.0,1.0
77.8,16.1,1.0
77.8,16.2,1.0
77.8,16.3,1.0
77.8,16.4,1.0
77.8,16.5,1.0
77.8,16.6,1.0
77.8,16.7,1.0
77.8,16.8,1.0
77.8,16.9,1.0
77.8,17.0,1.0
77.8,17.1,1.0
77.8,17.2,1.0
77.8,17.3,1.0
77.8,17.4,1.0
77.8,17.5,1.35
77.8,17.6,1.35
77.8,17.7,1.0
77.8,17.8,1.0
77.8,17.9,1.0
77.8,18.0,1.0
77.8,18.1,1.0
77.8,18.2,1.0
77.8,18.3,1.0
77.8,18.4,1.0
77.8,18.5,1.0
77.8,18.6,1.0
77.8,18.7,1.0
77.8,18.8,1.0
77.8,18.9,1.0
77.8,19.0,1.0
77.8,19.1,1.0
77.8,19.2,1.0
77.8,19.3,1.0
77.8,19.4,1.0
77.8,19.5,1.0
77.8,19.6,1.0
77.8,19.7,1.0
77.8,19.8,1.0
77.8,19.9,1.0
77.8,20.0,1.0
77.8,20.1,1.0
77.8,20.2,1.0
77.8,20.3,1.0
77.8,20.4,1.0
77.8,20.5,1.0
77.8,20.6,1.0
77.8,20.7,1.0
77.8,20.8,1.5
77.8,20.9,1.5
77.8,21.0,1.5
77.8,21.1,1.5
77.8,21.2,1.5
77.8,21.3,1.0
77.8,21.4,1.0
77.8,21.5,1.0
77.8,21.6,1.0
77.8,21.7,1.0
77.8,21.8,1.0
77.8,21.9,1.0
77.8,22.0,1.0
77.8,22.1,1.0
77.8,22.2,1.0
77.8,22.3,1.0
77.8,22.4,1.0
77.8,22.5,1.0
77.8,22.6,1.5
77.8,22.7,1.5
77.8,22.8,1.15
77.8,22.9,1.15
77.8,23.0,1.0
77.8,23.1,1.0
77.8,23.2,1.0
77.8,23.3,1.0
77.8,23.4,1.0
77.8,23.5,1.0
77.8,23.6,1.0
77.8,23.7,1.0
77.8,23.8,1.0
77.8,23.9,1.0
77.8,24.0,1.0
77.8,24.1,1.0
77.8,24.2,1.0
77.8,24.3,1.0
77.8,24.4,1.0
77.8,24.5,1.0
77.8,24.6,1.0
77.8,24.7,1.15
77.8,24.8,1.0
77.8,24.9,1.0
77.8,25.0,1.15
77.8,25.1,1.15
77.8,25.2,1.15
77.8,25.3,1.15
77.8,25.4,1.0
77.8,25.5,1.0
77.8,25.6,1.0
77.8,25.7,1.15
77.8,25.8,1.15
77.8,25.9,1.15
77.8,26.0,1.15
77.8,26.1,1.15
77.8,26.2,1.15
77.8,26.3,1.5
77.8,26.4,1.5
77.8,26.5,1.5
77.8,26.6,1.5
77.8,26.7,1.5
77.8,26.8,1.5
77.8,26.9,1.5
77.8,27.0,1.5
77.8,27.1,1.5
77.8,27.2,1.5
77.8,27.3,1.5
77.8,27.4,1.5
77.8,27.5,1.5
77.8,27.6,1.5
77.8,27.7,1.5
77.8,27.8,1.5
77.8,27.9,1.5
77.8,28.0,1.5
77.8,28.1,1.5
77.8,28.2,1.5
77.8,28.3,1.5
77.8,28.4,1.5
77.8,28.5,1.5
77.8,28.6,1.5
77.8,28.7,1.5
77.8,28.8,1.5
77.8,28.9,1.5
77.8,29.0,1.5
77.8,29.1,1.5
77.8,29.2,1.5
77.8,29.3,1.5
77.8,29.4,1.5
77.8,29.5,1.5
77.8,29.6,1.5
77.8,29.7,1.5
77.8,29.8,1.5
77.8,29.9,1.5
77.8,30.0,1.5
77.8,30.1,1.5
77.8,30.2,1.5
77.8,30.3,1.15
77.8,30.4,1.15
77.8,30.5,1.15
77.8,30.6,1.15
77.8,30.7,1.15
77.8,30.8,1.15
77.8,30.9,1.0
77.8,31.0,1.0
77.8,31.1,1.0
77.8,31.2,1.0
77.8,31.3,1.0
77.8,31.4,1.0
77.8,31.5,1.0
77.8,31.6,1.0
77.8,31.7,1.0
77.8,31.8,1.0
77.8,31.9,1.0
77.8,32.0,1.0
77.8,32.1,1.0
77.8,32.2,1.0
77.8,32.3,1.0
77.8,32.4,1.0
77.8,32.5,1.0
77.8,32.6,1.0
77.8,32.7,1.0
77.8,32.8,1.0
77.8,32.9,1.15
77.8,33.0,1.15
77.8,33.1,1.15
77.8,33.2,1.15
77.8,33.3,1.15
77.8,33.4,1.15
77.8,33.5,1.15
77.8,33.6,1.15
77.8,33.7,1.15
77.8,33.8,1.15
77.8,33.9,1.15
77.8,34.0,1.15
77.8,34.1,1.15
77.8,34.2,1.15
77.8,34.3,1.15
77.8,34.4,1.0
77.8,34.5,1.0
77.8,34.6,1.0
77.8,34.7,1.0
77.8,34.8,1.0
77.8,34.9,1.0
77.8,35.0,1.0
77.8,35.1,1.0
77.8,35.2,1.0
77.8,35.3,1.15
77.8,35.4,1.15
77.8,35.5,1.15
77.8,35.6,1.15
77.9,8.2,1.0
77.9,8.3,1.5
77.9,8.4,1.5
77.9,8.5,1.0
77.9,8.6,1.5
77.9,8.7,1.0
77.9,8.8,1.0
77.9,8.9,1.0
77.9,9.0,1.0
77.9,9.1,1.0
77.9,9.2,1.0
77.9,9.3,1.0
77.9,9.4,1.0
77.9,9.5,1.0
77.9,9.6,1.0
77.9,9.7,1.0
77.9,9.8,1.0
77.9,9.9,1.0
77.9,10.0,1.0
77.9,10.1,1.0
77.9,10.2,1.0
77.9,10.3,1.0
77.9,10.4,1.0
77.9,10.5,1.0
77.9,10.6,1.0
77.9,10.7,1.0
77.9,10.8,1.0
77.9,10.9,1.0
77.9,11.0,1.0
77.9,11.1,1.0
77.9,11.2,1.0
77.9,11.3,1.0
77.9,11.4,1.0
77.9,11.5,1.0
77.9,11.6,1.0
77.9,11.7,1.0
77.9,11.8,1.0
77.9,11.9,1.0
77.9,12.0,1.0
77.9,12.1,1.0
77.9,12.2,1.0
77.9,12.3,1.0
77.9,12.4,1.0
77.9,12.5,1.0
77.9,12.6,1.0
77.9,12.7,1.0
77.9,12.8,1.0
77.9,12.9,1.0
77.9,13.0,1.0
77.9,13.1,1.0
77.9,13.2,1.0
77.9,13.3,1.0
77.9,13.4,1.0
77.9,13.5,1.0
77.9,13.6,1.0
77.9,13.7,1.0
77.9,13.8,1.0
77.9,13.9,1.0
77.9,14.0,1.0
77.9,14.1,1.0
77.9,14.2,1.0
77.9,14.3,1.0
77.9,14.4,1.0
77.9,14.5,1.15
77.9,14.6,1.15
77.9,14.7,1.15
77.9,14.8,1.15
77.9,14.9,1.15
77.9,15.0,1.15
77.9,15.1,1.15
77.9,15.2,1.15
77.9,15.3,1.15
77.9,15.4,1.0
77.9,15.5,1.0
77.9,15.6,1.15
77.9,15.7,1.15
77.9,15.8,1.15
77.9,15.9,1.0
77.9,16.0,1.0
77.9,16.1,1.0
77.9,16.2,1.0
77.9,16.3,1.0
77.9,16.4,1.0
77.9,16.5,1.0
77.9,16.6,1.0
77.9,16.7,1.0
77.9,16.8,1.0
77.9,16.9,1.0
77.9,17.0,1.0
77.9,17.1,1.0
77.9,17.2,1.0
77.9,17.3,1.0
77.9,17.4,1.0
77.9,17.5,1.35
77.9,17.6,1.35
77.9,17.7,1.35
77.9,17.8,1.35
77.9,17.9,1.0
77.9,18.0,1.0
77.9,18.1,1.0
77.9,18.2,1.0
77.9,18.3,1.0
77.9,18.4,1.0
77.9,18.5,1.0
77.9,18.6,1.0
77.9,18.7,1.0
77.9,18.8,1.0
77.9,18.9,1.0
77.9,19.0,1.0
77.9,19.1,1.0
77.9,19.2,1.0
77.9,19.3,1.0
77.9,19.4,1.0
77.9,19.5,1.0
77.9,19.6,1.0
77.9,19.7,1.0
77.9,19.8,1.0
77.9,19.9,1.0
77.9,20.0,1.0
77.9,20.1,1.0
77.9,20.2,1.0
77.9,20.3,1.0
77.9,20.4,1.0
77.9,20.5,1.0
77.9,20.6,1.0
77.9,20.7,1.0
77.9,20.8,1.5
77.9,20.9,1.5
77.9,21.0,1.5
77.9,21.1,1.5
77.9,21.2,1.5
77.9,21.3,1.0
77.9,21.4,1.0
77.9,21.5,1.0
77.9,21.6,1.0
77.9,21.7,1.0
77.9,21.8,1.0
77.9,21.9,1.0
77.9,22.0,1.0
77.9,22.1,1.0
77.9,22.2,1.0
77.9,22.3,1.0
77.9,22.4,1.0
77.9,22.5,1.0
77.9,22.6,1.5
77.9,22.7,1.5
77.9,22.8,1.5
77.9,22.9,1.15
77.9,23.0,1.0
77.9,23.1,1.0
77.9,23.2,1.0
77.9,23.3,1.0
77.9,23.4,1.0
77.9,23.5,1.0
77.9,23.6,1.0
77.9,23.7,1.0
77.9,23.8,1.0
77.9,23.9,1.0
77.9,24.0,1.0
77.9,24.1,1.0
77.9,24.2,1.0
77.9,24.3,1.0
77.9,24.4,1.0
77.9,24.5,1.15
77.9,24.6,1.15
77.9,24.7,1.15
77.9,24.8,1.15
77.9,24.9,1.15
77.9,25.0,1.15
77.9,25.1,1.0
77.9,25.2,1.0
77.9,25.3,1.0
77.9,25.4,1.0
77.9,25.5,1.0
77.9,25.6,1.0
77.9,25.7,1.0
77.9,25.8,1.0
77.9,25.9,1.0
77.9,26.0,1.15
77.9,26.1,1.15
77.9,26.2,1.15
77.9,26.3,1.5
77.9,26.4,1.5
77.9,26.5,1.5
77.9,26.6,1.5
77.9,26.7,1.5
77.9,26.8,1.5
77.9,26.9,1.5
77.9,27.0,1.5
77.9,27.1,1.5
77.9,27.2,1.5
77.9,27.3,1.5
77.9,27.4,1.5
77.9,27.5,1.5
77.9,27.6,1.5
77.9,27.7,1.5
77.9,27.8,1.5
77.9,27.9,1.5
77.9,28.0,1.5
77.9,28.1,1.5
77.9,28.2,1.5
77.9,28.3,1.5
77.9,28.4,1.5
77.9,28.5,1.5
77.9,28.6,1.5
77.9,28.7,1.5
77.9,28.8,1.5
77.9,28.9,1.5
77.9,29.0,1.5
77.9,29.1,1.5
77.9,29.2,1.5
77.9,29.3,1.5
77.9,29.4,1.5
77.9,29.5,1.5
77.9,29.6,1.5
77.9,29.7,1.5
77.9,29.8,1.5
77.9,29.9,1.5
77.9,30.0,1.5
77.9,30.1,1.5
77.9,30.2,1.15
77.9,30.3,1.15
77.9,30.4,1.15
77.9,30.5,1.15
77.9,30.6,1.15
77.9,30.7,1.15
77.9,30.8,1.0
77.9,30.9,1.0
77.9,31.0,1.0
77.9,31.1,1.0
77.9,31.2,1.0
77.9,31.3,1.0
77.9,31.4,1.0
77.9,31.5,1.0
77.9,31.6,1.0
77.9,31.7,1.0
77.9,31.8,1.0
77.9,31.9,1.0
77.9,32.0,1.0
77.9,32.1,1.0
77.9,32.2,1.0
77.9,32.3,1.0
77.9,32.4,1.0
77.9,32.5,1.0
77.9,32.6,1.0
77.9,32.7,1.0
77.9,32.8,1.15
77.9,32.9,1.15
77.9,33.0,1.15
77.9,33.1,1.15
77.9,33.2,1.15
77.9,33.3,1.15
77.9,33.4,1.15
77.9,33.5,1.15
77.9,33.6,1.15
77.9,33.7,1.15
77.9,33.8,1.15
77.9,33.9,1.15
77.9,34.0,1.15
77.9,34.1,1.15
77.9,34.2,1.15
77.9,34.3,1.0
77.9,34.4,1.0
77.9,34.5,1.0
77.9,34.6,1.0
77.9,34.7,1.0
77.9,34.8,1.0
77.9,34.9,1.0
77.9,35.0,1.0
77.9,35.1,1.0
77.9,35.2,1.0
77.9,35.3,1.15
77.9,35.4,1.15
77.9,35.5,1.15
78.0,8.3,1.5
78.0,8.4,1.5
78.0,8.5,1.5
78.0,8.6,1.5
78.0,8.7,1.5
78.0,8.8,1.0
78.0,8.9,1.0
78.0,9.0,1.0
78.0,9.1,1.0
78.0,9.2,1.5
78.0,9.3,1.0
78.0,9.4,1.0
78.0,9.5,1.0
78.0,9.6,1.0
78.0,9.7,1.0
78.0,9.8,1.0
78.0,9.9,1.0
78.0,10.0,1.0
78.0,10.1,1.0
78.0,10.2,1.0
78.0,10.3,1.0
78.0,10.4,1.0
78.0,10.5,1.0
78.0,10.6,1.0
78.0,10.7,1.0
78.0,10.8,1.0
78.0,10.9,1.0
78.0,11.0,1.0
78.0,11.1,1.0
78.0,11.2,1.0
78.0,11.3,1.0
78.0,11.4,1.0
78.0,11.5,1.0
78.0,11.6,1.0
78.0,11.7,1.0
78.0,11.8,1.0
78.0,11.9,1.0
78.0,12.0,1.0
78.0,12.1,1.0
78.0,12.2,1.0
78.0,12.3,1.0
78.0,12.4,1.0
78.0,12.5,1.0
78.0,12.6,1.0
78.0,12.7,1.0
78.0,12.8,1.0
78.0,12.9,1.0
78.0,13.0,1.0
78.0,13.1,1.0
78.0,13.2,1.0
78.0,13.3,1.0
78.0,13.4,1.0
78.0,13.5,1.0
78.0,13.6,1.0
78.0,13.7,1.0
78.0,13.8,1.0
78.0,13.9,1.0
78.0,14.0,1.0
78.0,14.1,1.0
78.0,14.2,1.0
78.0,14.3,1.15
78.0,14.4,1.15
78.0,14.5,1.15
78.0,14.6,1.15
78.0,14.7,1.15
78.0,14.8,1.15
78.0,14.9,1.15
78.0,15.0,1.15
78.0,15.1,1.15
78.0,15.2,1.15
78.0,15.3,1.15
78.0,15.4,1.15
78.0,15.5,1.15
78.0,15.6,1.15
78.0,15.7,1.15
78.0,15.8,1.15
78.0,15.9,1.15
78.0,16.0,1.0
78.0,16.1,1.0
78.0,16.2,1.0
78.0,16.3,1.0
78.0,16.4,1.0
78.0,16.5,1.0
78.0,16.6,1.0
78.0,16.7,1.0
78.0,16.8,1.0
78.0,16.9,1.0
78.0,17.0,1.0
78.0,17.1,1.0
78.0,17.2,1.0
78.0,17.3,1.0
78.0,17.4,1.0
78.0,17.5,1.35
78.0,17.6,1.35
78.0,17.7,1.35
78.0,17.8,1.0
78.0,17.9,1.0
78.0,18.0,1.0
78.0,18.1,1.0
78.0,18.2,1.0
78.0,18.3,1.0
78.0,18.4,1.0
78.0,18.5,1.0
78.0,18.6,1.0
78.0,18.7,1.0
78.0,18.8,1.0
78.0,18.9,1.0
78.0,19.0,1.0
78.0,19.1,1.0
78.0,19.2,1.0
78.0,19.3,1.0
78.0,19.4,1.0
78.0,19.5,1.0
78.0,19.6,1.0
78.0,19.7,1.0
78.0,19.8,1.0
78.0,19.9,1.0
78.0,20.0,1.0
78.0,20.1,1.0
78.0,20.2,1.0
78.0,20.3,1.0
78.0,20.4,1.0
78.0,20.5,1.0
78.0,20.6,1.0
78.0,20.7,1.0
78.0,20.8,1.5
78.0,20.9,1.5
78.0,21.0,1.5
78.0,21.1,1.5
78.0,21.2,1.5
78.0,21.3,1.5
78.0,21.4,1.0
78.0,21.5,1.0
78.0,21.6,1.0
78.0,21.7,1.0
78.0,21.8,1.0
78.0,21.9,1.0
78.0,22.0,1.0
78.0,22.1,1.0
78.0,22.2,1.0
78.0,22.3,1.0
78.0,22.4,1.0
78.0,22.5,1.0
78.0,22.6,1.0
78.0,22.7,1.5
78.0,22.8,1.5
78.0,22.9,1.15
78.0,23.0,1.0
78.0,23.1,1.0
78.0,23.2,1.0
78.0,23.3,1.0
78.0,23.4,1.0
78.0,23.5,1.0
78.0,23.6,1.0
78.0,23.7,1.0
78.0,23.8,1.0
78.0,23.9,1.0
78.0,24.0,1.0
78.0,24.1,1.0
78.0,24.2,1.0
78.0,24.3,1.0
78.0,24.4,1.0
78.0,24.5,1.0
78.0,24.6,1.15
78.0,24.7,1.15
78.0,24.8,1.15
78.0,24.9,1.0
78.0,25.0,1.0
78.0,25.1,1.0
78.0,25.2,1.0
78.0,25.3,1.0
78.0,25.4,1.0
78.0,25.5,1.0
78.0,25.6,1.0
78.0,25.7,1.0
78.0,25.8,1.0
78.0,25.9,1.0
78.0,26.0,1.0
78.0,26.1,1.0
78.0,26.2,1.5
78.0,26.3,1.5
78.0,26.4,1.5
78.0,26.5,1.5
78.0,26.6,1.5
78.0,26.7,1.5
78.0,26.8,1.5
78.0,26.9,1.5
78.0,27.0,1.5
78.0,27.1,1.5
78.0,27.2,1.5
78.0,27.3,1.5
78.0,27.4,1.5
78.0,27.5,1.5
78.0,27.6,1.5
78.0,27.7,1.5
78.0,27.8,1.5
78.0,27.9,1.5
78.0,28.0,1.5
78.0,28.1,1.5
78.0,28.2,1.5
78.0,28.3,1.5
78.0,28.4,1.5
78.0,28.5,1.5
78.0,28.6,1.5
78.0,28.7,1.5
78.0,28.8,1.5
78.0,28.9,1.5
78.0,29.0,1.5
78.0,29.1,1.5
78.0,29.2,1.5
78.0,29.3,1.5
78.0,29.4,1.5
78.0,29.5,1.5
78.0,29.6,1.5
78.0,29.7,1.5
78.0,29.8,1.5
78.0,29.9,1.5
78.0,30.0,1.5
78.0,30.1,1.15
78.0,30.2,1.15
78.0,30.3,1.15
78.0,30.4,1.15
78.0,30.5,1.15
78.0,30.6,1.15
78.0,30.7,1.0
78.0,30.8,1.0
78.0,30.9,1.0
78.0,31.0,1.0
78.0,31.1,1.0
78.0,31.2,1.0
78.0,31.3,1.0
78.0,31.4,1.0
78.0,31.5,1.0
78.0,31.6,1.0
78.0,31.7,1.0
78.0,31.8,1.0
78.0,31.9,1.0
78.0,32.0,1.0
78.0,32.1,1.0
78.0,32.2,1.0
78.0,32.3,1.0
78.0,32.4,1.0
78.0,32.5,1.15
78.0,32.6,1.15
78.0,32.7,1.15
78.0,32.8,1.15
78.0,32.9,1.15
78.0,33.0,1.15
78.0,33.1,1.15
78.0,33.2,1.15
78.0,33.3,1.15
78.0,33.4,1.15
78.0,33.5,1.15
78.0,33.6,1.15
78.0,33.7,1.15
78.0,33.8,1.15
78.0,33.9,1.15
78.0,34.0,1.15
78.0,34.1,1.15
78.0,34.2,1.0
78.0,34.3,1.0
78.0,34.4,1.0
78.0,34.5,1.0
78.0,34.6,1.0
78.0,34.7,1.0
78.0,34.8,1.0
78.0,34.9,1.0
78.0,35.0,1.0
78.0,35.1,1.0
78.0,35.2,1.15
78.0,35.3,1.15
78.0,35.4,1.0
78.0,35.5,1.0
78.1,8.5,1.5
78.1,8.6,1.5
78.1,8.7,1.5
78.1,8.8,1.5
78.1,8.9,1.5
78.1,9.0,1.5
78.1,9.1,1.0
78.1,9.2,1.0
78.1,9.3,1.0
78.1,9.4,1.0
78.1,9.5,1.0
78.1,9.6,1.0
78.1,9.7,1.0
78.1,9.8,1.5
78.1,9.9,1.0
78.1,10.0,1.0
78.1,10.1,1.0
78.1,10.2,1.0
78.1,10.3,1.0
78.1,10.4,1.0
78.1,10.5,1.0
78.1,10.6,1.0
78.1,10.7,1.0
78.1,10.8,1.0
78.1,10.9,1.0
78.1,11.0,1.5
78.1,11.1,1.0
78.1,11.2,1.0
78.1,11.3,1.0
78.1,11.4,1.0
78.1,11.5,1.0
78.1,11.6,1.0
78.1,11.7,1.0
78.1,11.8,1.0
78.1,11.9,1.0
78.1,12.0,1.0
78.1,12.1,1.0
78.1,12.2,1.0
78.1,12.3,1.0
78.1,12.4,1.0
78.1,12.5,1.0
78.1,12.6,1.0
78.1,12.7,1.0
78.1,12.8,1.0
78.1,12.9,1.0
78.1,13.0,1.0
78.1,13.1,1.0
78.1,13.2,1.0
78.1,13.3,1.0
78.1,13.4,1.0
78.1,13.5,1.0
78.1,13.6,1.0
78.1,13.7,1.0
78.1,13.8,1.0
78.1,13.9,1.0
78.1,14.0,1.0
78.1,14.1,1.0
78.1,14.2,1.0
78.1,14.3,1.15
78.1,14.4,1.15
78.1,14.5,1.15
78.1,14.6,1.15
78.1,14.7,1.15
78.1,14.8,1.15
78.1,14.9,1.15
78.1,15.0,1.15
78.1,15.1,1.15
78.1,15.2,1.15
78.1,15.3,1.15
78.1,15.4,1.15
78.1,15.5,1.15
78.1,15.6,1.15
78.1,15.7,1.15
78.1,15.8,1.15
78.1,15.9,1.15
78.1,16.0,1.0
78.1,16.1,1.0
78.1,16.2,1.0
78.1,16.3,1.0
78.1,16.4,1.0
78.1,16.5,1.0
78.1,16.6,1.0
78.1,16.7,1.0
78.1,16.8,1.0
78.1,16.9,1.0
78.1,17.0,1.0
78.1,17.1,1.0
78.1,17.2,1.0
78.1,17.3,1.0
78.1,17.4,1.35
78.1,17.5,1.35
78.1,17.6,1.35
78.1,17.7,1.35
78.1,17.8,1.0
78.1,17.9,1.0
78.1,18.0,1.0
78.1,18.1,1.0
78.1,18.2,1.0
78.1,18.3,1.0
78.1,18.4,1.0
78.1,18.5,1.0
78.1,18.6,1.0
78.1,18.7,1.0
78.1,18.8,1.0
78.1,18.9,1.0
78.1,19.0,1.0
78.1,19.1,1.0
78.1,19.2,1.0
78.1,19.3,1.0
78.1,19.4,1.0
78.1,19.5,1.0
78.1,19.6,1.0
78.1,19.7,1.0
78.1,19.8,1.0
78.1,19.9,1.0
78.1,20.0,1.0
78.1,20.1,1.0
78.1,20.2,1.0
78.1,20.3,1.0
78.1,20.4,1.0
78.1,20.5,1.0
78.1,20.6,1.0
78.1,20.7,1.0
78.1,20.8,1.5
78.1,20.9,1.5
78.1,21.0,1.5
78.1,21.1,1.5
78.1,21.2,1.5
78.1,21.3,1.5
78.1,21.4,1.0
78.1,21.5,1.0
78.1,21.6,1.0
78.1,21.7,1.0
78.1,21.8,1.0
78.1,21.9,1.0
78.1,22.0,1.0
78.1,22.1,1.0
78.1,22.2,1.0
78.1,22.3,1.0
78.1,22.4,1.0
78.1,22.5,1.0
78.1,22.6,1.0
78.1,22.7,1.5
78.1,22.8,1.5
78.1,22.9,1.15
78.1,23.0,1.15
78.1,23.1,1.0
78.1,23.2,1.0
78.1,23.3,1.0
78.1,23.4,1.0
78.1,23.5,1.0
78.1,23.6,1.0
78.1,23.7,1.0
78.1,23.8,1.0
78.1,23.9,1.0
78.1,24.0,1.0
78.1,24.1,1.0
78.1,24.2,1.0
78.1,24.3,1.0
78.1,24.4,1.15
78.1,24.5,1.15
78.1,24.6,1.0
78.1,24.7,1.0
78.1,24.8,1.0
78.1,24.9,1.0
78.1,25.0,1.0
78.1,25.1,1.0
78.1,25.2,1.0
78.1,25.3,1.0
78.1,25.4,1.0
78.1,25.5,1.0
78.1,25.6,1.0
78.1,25.7,1.0
78.1,25.8,1.0
78.1,25.9,1.0
78.1,26.0,1.0
78.1,26.1,1.0
78.1,26.2,1.5
78.1,26.3,1.5
78.1,26.4,1.5
78.1,26.5,1.5
78.1,26.6,1.5
78.1,26.7,1.5
78.1,26.8,1.5
78.1,26.9,1.5
78.1,27.0,1.5
78.1,27.1,1.5
78.1,27.2,1.5
78.1,27.3,1.5
78.1,27.4,1.5
78.1,27.5,1.5
78.1,27.6,1.5
78.1,27.7,1.5
78.1,27.8,1.5
78.1,27.9,1.5
78.1,28.0,1.5
78.1,28.1,1.5
78.1,28.2,1.5
78.1,28.3,1.5
78.1,28.4,1.5
78.1,28.5,1.5
78.1,28.6,1.5
78.1,28.7,1.5
78.1,28.8,1.5
78.1,28.9,1.5
78.1,29.0,1.5
78.1,29.1,1.5
78.1,29.2,1.5
78.1,29.3,1.5
78.1,29.4,1.5
78.1,29.5,1.5
78.1,29.6,1.5
78.1,29.7,1.5
78.1,29.8,1.5
78.1,29.9,1.5
78.1,30.0,1.15
78.1,30.1,1.15
78.1,30.2,1.15
78.1,30.3,1.15
78.1,30.4,1.15
78.1,30.5,1.15
78.1,30.6,1.15
78.1,30.7,1.0
78.1,30.8,1.0
78.1,30.9,1.0
78.1,31.0,1.0
78.1,31.1,1.0
78.1,31.2,1.0
78.1,31.3,1.0
78.1,31.4,1.0
78.1,31.5,1.0
78.1,31.6,1.0
78.1,31.7,1.0
78.1,31.8,1.0
78.1,31.9,1.0
78.1,32.0,1.0
78.1,32.1,1.0
78.1,32.2,1.0
78.1,32.3,1.15
78.1,32.4,1.15
78.1,32.5,1.15
78.1,32.6,1.15
78.1,32.7,1.15
78.1,32.8,1.15
78.1,32.9,1.15
78.1,33.0,1.15
78.1,33.1,1.15
78.1,33.2,1.15
78.1,33.3,1.15
78.1,33.4,1.15
78.1,33.5,1.15
78.1,33.6,1.15
78.1,33.7,1.15
78.1,33.8,1.15
78.1,33.9,1.15
78.1,34.0,1.15
78.1,34.1,1.0
78.1,34.2,1.0
78.1,34.3,1.0
78.1,34.4,1.0
78.1,34.5,1.0
78.1,34.6,1.0
78.1,34.7,1.0
78.1,34.8,1.0
78.1,34.9,1.0
78.1,35.0,1.0
78.1,35.1,1.15
78.1,35.2,1.15
78.1,35.3,1.15
78.1,35.4,1.0
78.1,35.5,1.0
78.2,8.9,1.0
78.2,9.0,1.5
78.2,9.1,1.0
78.2,9.2,1.5
78.2,9.3,1.5
78.2,9.4,1.0
78.2,9.5,1.5
78.2,9.6,1.5
78.2,9.7,1.5
78.2,9.8,1.0
78.2,9.9,1.0
78.2,10.0,1.0
78.2,10.1,1.0
78.2,10.2,1.0
78.2,10.3,1.0
78.2,10.4,1.0
78.2,10.5,1.0
78.2,10.6,1.0
78.2,10.7,1.0
78.2,10.8,1.0
78.2,10.9,1.0
78.2,11.0,1.5
78.2,11.1,1.0
78.2,11.2,1.0
78.2,11.3,1.0
78.2,11.4,1.0
78.2,11.5,1.0
78.2,11.6,1.0
78.2,11.7,1.0
78.2,11.8,1.0
78.2,11.9,1.0
78.2,12.0,1.0
78.2,12.1,1.0
78.2,12.2,1.0
78.2,12.3,1.0
78.2,12.4,1.0
78.2,12.5,1.0
78.2,12.6,1.0
78.2,12.7,1.0
78.2,12.8,1.0
78.2,12.9,1.0
78.2,13.0,1.0
78.2,13.1,1.0
78.2,13.2,1.0
78.2,13.3,1.0
78.2,13.4,1.0
78.2,13.5,1.0
78.2,13.6,1.0
78.2,13.7,1.0
78.2,13.8,1.0
78.2,13.9,1.0
78.2,14.0,1.0
78.2,14.1,1.0
78.2,14.2,1.15
78.2,14.3,1.15
78.2,14.4,1.15
78.2,14.5,1.15
78.2,14.6,1.15
78.2,14.7,1.15
78.2,14.8,1.15
78.2,14.9,1.15
78.2,15.0,1.15
78.2,15.1,1.15
78.2,15.2,1.15
78.2,15.3,1.15
78.2,15.4,1.15
78.2,15.5,1.15
78.2,15.6,1.15
78.2,15.7,1.15
78.2,15.8,1.15
78.2,15.9,1.15
78.2,16.0,1.0
78.2,16.1,1.0
78.2,16.2,1.0
78.2,16.3,1.0
78.2,16.4,1.0
78.2,16.5,1.0
78.2,16.6,1.0
78.2,16.7,1.0
78.2,16.8,1.0
78.2,16.9,1.0
78.2,17.0,1.0
78.2,17.1,1.0
78.2,17.2,1.0
78.2,17.3,1.0
78.2,17.4,1.0
78.2,17.5,1.0
78.2,17.6,1.35
78.2,17.7,1.0
78.2,17.8,1.0
78.2,17.9,1.0
78.2,18.0,1.0
78.2,18.1,1.0
78.2,18.2,1.0
78.2,18.3,1.0
78.2,18.4,1.0
78.2,18.5,1.0
78.2,18.6,1.0
78.2,18.7,1.0
78.2,18.8,1.0
78.2,18.9,1.0
78.2,19.0,1.0
78.2,19.1,1.0
78.2,19.2,1.0
78.2,19.3,1.0
78.2,19.4,1.0
78.2,19.5,1.0
78.2,19.6,1.0
78.2,19.7,1.0
78.2,19.8,1.0
78.2,19.9,1.0
78.2,20.0,1.0
78.2,20.1,1.0
78.2,20.2,1.0
78.2,20.3,1.0
78.2,20.4,1.0
78.2,20.5,1.0
78.2,20.6,1.0
78.2,20.7,1.0
78.2,20.8,1.5
78.2,20.9,1.5
78.2,21.0,1.5
78.2,21.1,1.5
78.2,21.2,1.5
78.2,21.3,1.5
78.2,21.4,1.0
78.2,21.5,1.0
78.2,21.6,1.0
78.2,21.7,1.0
78.2,21.8,1.0
78.2,21.9,1.0
78.2,22.0,1.0
78.2,22.1,1.0
78.2,22.2,1.0
78.2,22.3,1.0
78.2,22.4,1.0
78.2,22.5,1.0
78.2,22.6,1.0
78.2,22.7,1.5
78.2,22.8,1.5
78.2,22.9,1.5
78.2,23.0,1.15
78.2,23.1,1.0
78.2,23.2,1.0
78.2,23.3,1.0
78.2,23.4,1.0
78.2,23.5,1.0
78.2,23.6,1.0
78.2,23.7,1.0
78.2,23.8,1.0
78.2,23.9,1.0
78.2,24.0,1.0
78.2,24.1,1.0
78.2,24.2,1.0
78.2,24.3,1.15
78.2,24.4,1.15
78.2,24.5,1.0
78.2,24.6,1.0
78.2,24.7,1.0
78.2,24.8,1.0
78.2,24.9,1.0
78.2,25.0,1.0
78.2,25.1,1.0
78.2,25.2,1.0
78.2,25.3,1.0
78.2,25.4,1.0
78.2,25.5,1.0
78.2,25.6,1.0
78.2,25.7,1.0
78.2,25.8,1.0
78.2,25.9,1.0
78.2,26.0,1.0
78.2,26.1,1.0
78.2,26.2,1.5
78.2,26.3,1.5
78.2,26.4,1.5
78.2,26.5,1.5
78.2,26.6,1.5
78.2,26.7,1.5
78.2,26.8,1.5
78.2,26.9,1.5
78.2,27.0,1.5
78.2,27.1,1.5
78.2,27.2,1.5
78.2,27.3,1.5
78.2,27.4,1.5
78.2,27.5,1.5
78.2,27.6,1.5
78.2,27.7,1.5
78.2,27.8,1.5
78.2,27.9,1.5
78.2,28.0,1.5
78.2,28.1,1.5
78.2,28.2,1.5
78.2,28.3,1.5
78.2,28.4,1.5
78.2,28.5,1.5
78.2,28.6,1.5
78.2,28.7,1.5
78.2,28.8,1.5
78.2,28.9,1.5
78.2,29.0,1.5
78.2,29.1,1.5
78.2,29.2,1.5
78.2,29.3,1.5
78.2,29.4,1.5
78.2,29.5,1.5
78.2,29.6,1.5
78.2,29.7,1.5
78.2,29.8,1.5
78.2,29.9,1.5
78.2,30.0,1.15
78.2,30.1,1.15
78.2,30.2,1.15
78.2,30.3,1.15
78.2,30.4,1.15
78.2,30.5,1.15
78.2,30.6,1.0
78.2,30.7,1.0
78.2,30.8,1.0
78.2,30.9,1.0
78.2,31.0,1.0
78.2,31.1,1.0
78.2,31.2,1.0
78.2,31.3,1.0
78.2,31.4,1.0
78.2,31.5,1.0
78.2,31.6,1.0
78.2,31.7,1.0
78.2,31.8,1.0
78.2,31.9,1.0
78.2,32.0,1.0
78.2,32.1,1.0
78.2,32.2,1.15
78.2,32.3,1.15
78.2,32.4,1.15
78.2,32.5,1.15
78.2,32.6,1.15
78.2,32.7,1.15
78.2,32.8,1.15
78.2,32.9,1.15
78.2,33.0,1.15
78.2,33.1,1.15
78.2,33.2,1.15
78.2,33.3,1.15
78.2,33.4,1.15
78.2,33.5,1.15
78.2,33.6,1.15
78.2,33.7,1.15
78.2,33.8,1.15
78.2,33.9,1.15
78.2,34.0,1.0
78.2,34.1,1.0
78.2,34.2,1.0
78.2,34.3,1.0
78.2,34.4,1.0
78.2,34.5,1.0
78.2,34.6,1.0
78.2,34.7,1.0
78.2,34.8,1.0
78.2,34.9,1.0
78.2,35.0,1.15
78.2,35.1,1.15
78.2,35.2,1.15
78.2,35.3,1.15
78.2,35.4,1.0
78.2,35.5,1.0
78.3,9.0,1.0
78.3,9.1,1.5
78.3,9.2,1.5
78.3,9.3,1.5
78.3,9.4,1.5
78.3,9.5,1.5
78.3,9.6,1.5
78.3,9.7,1.5
78.3,9.8,1.5
78.3,9.9,1.0
78.3,10.0,1.0
78.3,10.1,1.0
78.3,10.2,1.0
78.3,10.3,1.0
78.3,10.4,1.0
78.3,10.5,1.0
78.3,10.6,1.0
78.3,10.7,1.0
78.3,10.8,1.0
78.3,10.9,1.5
78.3,11.0,1.0
78.3,11.1,1.0
78.3,11.2,1.0
78.3,11.3,1.0
78.3,11.4,1.0
78.3,11.5,1.0
78.3,11.6,1.0
78.3,11.7,1.0
78.3,11.8,1.0
78.3,11.9,1.0
78.3,12.0,1.0
78.3,12.1,1.0
78.3,12.2,1.0
78.3,12.3,1.0
78.3,12.4,1.0
78.3,12.5,1.0
78.3,12.6,1.0
78.3,12.7,1.0
78.3,12.8,1.0
78.3,12.9,1.0
78.3,13.0,1.0
78.3,13.1,1.0
78.3,13.2,1.0
78.3,13.3,1.0
78.3,13.4,1.0
78.3,13.5,1.0
78.3,13.6,1.0
78.3,13.7,1.0
78.3,13.8,1.0
78.3,13.9,1.0
78.3,14.0,1.0
78.3,14.1,1.0
78.3,14.2,1.15
78.3,14.3,1.15
78.3,14.4,1.15
78.3,14.5,1.15
78.3,14.6,1.15
78.3,14.7,1.15
78.3,14.8,1.15
78.3,14.9,1.15
78.3,15.0,1.15
78.3,15.1,1.15
78.3,15.2,1.15
78.3,15.3,1.15
78.3,15.4,1.15
78.3,15.5,1.15
78.3,15.6,1.15
78.3,15.7,1.15
78.3,15.8,1.15
78.3,15.9,1.15
78.3,16.0,1.0
78.3,16.1,1.0
78.3,16.2,1.0
78.3,16.3,1.0
78.3,16.4,1.0
78.3,16.5,1.0
78.3,16.6,1.0
78.3,16.7,1.0
78.3,16.8,1.0
78.3,16.9,1.0
78.3,17.0,1.0
78.3,17.1,1.0
78.3,17.2,1.0
78.3,17.3,1.0
78.3,17.4,1.0
78.3,17.5,1.0
78.3,17.6,1.0
78.3,17.7,1.0
78.3,17.8,1.0
78.3,17.9,1.0
78.3,18.0,1.0
78.3,18.1,1.0
78.3,18.2,1.0
78.3,18.3,1.0
78.3,18.4,1.0
78.3,18.5,1.0
78.3,18.6,1.0
78.3,18.7,1.0
78.3,18.8,1.0
78.3,18.9,1.0
78.3,19.0,1.0
78.3,19.1,1.0
78.3,19.2,1.0
78.3,19.3,1.0
78.3,19.4,1.0
78.3,19.5,1.0
78.3,19.6,1.0
78.3,19.7,1.0
78.3,19.8,1.0
78.3,19.9,1.0
78.3,20.0,1.0
78.3,20.1,1.0
78.3,20.2,1.0
78.3,20.3,1.0
78.3,20.4,1.0
78.3,20.5,1.0
78.3,20.6,1.0
78.3,20.7,1.0
78.3,20.8,1.0
78.3,20.9,1.5
78.3,21.0,1.5
78.3,21.1,1.5
78.3,21.2,1.5
78.3,21.3,1.5
78.3,21.4,1.0
78.3,21.5,1.0
78.3,21.6,1.0
78.3,21.7,1.0
78.3,21.8,1.0
78.3,21.9,1.0
78.3,22.0,1.0
78.3,22.1,1.0
78.3,22.2,1.0
78.3,22.3,1.0
78.3,22.4,1.0
78.3,22.5,1.0
78.3,22.6,1.5
78.3,22.7,1.5
78.3,22.8,1.5
78.3,22.9,1.5
78.3,23.0,1.15
78.3,23.1,1.15
78.3,23.2,1.0
78.3,23.3,1.0
78.3,23.4,1.0
78.3,23.5,1.0
78.3,23.6,1.0
78.3,23.7,1.0
78.3,23.8,1.0
78.3,23.9,1.0
78.3,24.0,1.0
78.3,24.1,1.0
78.3,24.2,1.0
78.3,24.3,1.15
78.3,24.4,1.0
78.3,24.5,1.0
78.3,24.6,1.0
78.3,24.7,1.0
78.3,24.8,1.0
78.3,24.9,1.0
78.3,25.0,1.0
78.3,25.1,1.0
78.3,25.2,1.0
78.3,25.3,1.0
78.3,25.4,1.0
78.3,25.5,1.0
78.3,25.6,1.0
78.3,25.7,1.0
78.3,25.8,1.0
78.3,25.9,1.0
78.3,26.0,1.0
78.3,26.1,1.0
78.3,26.2,1.5
78.3,26.3,1.5
78.3,26.4,1.5
78.3,26.5,1.5
78.3,26.6,1.5
78.3,26.7,1.5
78.3,26.8,1.5
78.3,26.9,1.5
78.3,27.0,1.5
78.3,27.1,1.5
78.3,27.2,1.5
78.3,27.3,1.5
78.3,27.4,1.5
78.3,27.5,1.5
78.3,27.6,1.5
78.3,27.7,1.5
78.3,27.8,1.5
78.3,27.9,1.5
78.3,28.0,1.5
78.3,28.1,1.5
78.3,28.2,1.5
78.3,28.3,1.5
78.3,28.4,1.5
78.3,28.5,1.5
78.3,28.6,1.5
78.3,28.7,1.5
78.3,28.8,1.5
78.3,28.9,1.5
78.3,29.0,1.5
78.3,29.1,1.5
78.3,29.2,1.5
78.3,29.3,1.5
78.3,29.4,1.5
78.3,29.5,1.5
78.3,29.6,1.5
78.3,29.7,1.5
78.3,29.8,1.5
78.3,29.9,1.5
78.3,30.0,1.15
78.3,30.1,1.15
78.3,30.2,1.15
78.3,30.3,1.15
78.3,30.4,1.15
78.3,30.5,1.0
78.3,30.6,1.0
78.3,30.7,1.0
78.3,30.8,1.0
78.3,30.9,1.0
78.3,31.0,1.0
78.3,31.1,1.0
78.3,31.2,1.0
78.3,31.3,1.0
78.3,31.4,1.0
78.3,31.5,1.0
78.3,31.6,1.0
78.3,31.7,1.0
78.3,31.8,1.0
78.3,31.9,1.0
78.3,32.0,1.0
78.3,32.1,1.0
78.3,32.2,1.15
78.3,32.3,1.15
78.3,32.4,1.15
78.3,32.5,1.15
78.3,32.6,1.15
78.3,32.7,1.15
78.3,32.8,1.15
78.3,32.9,1.15
78.3,33.0,1.15
78.3,33.1,1.15
78.3,33.2,1.15
78.3,33.3,1.15
78.3,33.4,1.15
78.3,33.5,1.0
78.3,33.6,1.15
78.3,33.7,1.15
78.3,33.8,1.15
78.3,33.9,1.0
78.3,34.0,1.0
78.3,34.1,1.0
78.3,34.2,1.0
78.3,34.3,1.0
78.3,34.4,1.0
78.3,34.5,1.0
78.3,34.6,1.0
78.3,34.7,1.15
78.3,34.8,1.15
78.3,34.9,1.15
78.3,35.0,1.15
78.3,35.1,1.15
78.3,35.2,1.15
78.3,35.3,1.15
78.3,35.4,1.15
78.3,35.5,1.0
78.3,35.6,1.0
78.4,9.0,1.0
78.4,9.1,1.5
78.4,9.2,1.5
78.4,9.3,1.5
78.4,9.4,1.5
78.4,9.5,1.5
78.4,9.6,1.5
78.4,9.7,1.5
78.4,9.8,1.35
78.4,9.9,1.35
78.4,10.0,1.35
78.4,10.1,1.0
78.4,10.2,1.0
78.4,10.3,1.0
78.4,10.4,1.0
78.4,10.5,1.0
78.4,10.6,1.0
78.4,10.7,1.0
78.4,10.8,1.0
78.4,10.9,1.5
78.4,11.0,1.0
78.4,11.1,1.0
78.4,11.2,1.0
78.4,11.3,1.0
78.4,11.4,1.0
78.4,11.5,1.0
78.4,11.6,1.0
78.4,11.7,1.0
78.4,11.8,1.0
78.4,11.9,1.0
78.4,12.0,1.0
78.4,12.1,1.0
78.4,12.2,1.0
78.4,12.3,1.0
78.4,12.4,1.0
78.4,12.5,1.0
78.4,12.6,1.0
78.4,12.7,1.0
78.4,12.8,1.0
78.4,12.9,1.0
78.4,13.0,1.0
78.4,13.1,1.0
78.4,13.2,1.0
78.4,13.3,1.0
78.4,13.4,1.0
78.4,13.5,1.0
78.4,13.6,1.0
78.4,13.7,1.0
78.4,13.8,1.0
78.4,13.9,1.0
78.4,14.0,1.0
78.4,14.1,1.0
78.4,14.2,1.15
78.4,14.3,1.15
78.4,14.4,1.15
78.4,14.5,1.15
78.4,14.6,1.15
78.4,14.7,1.15
78.4,14.8,1.15
78.4,14.9,1.15
78.4,15.0,1.15
78.4,15.1,1.15
78.4,15.2,1.15
78.4,15.3,1.15
78.4,15.4,1.15
78.4,15.5,1.15
78.4,15.6,1.15
78.4,15.7,1.15
78.4,15.8,1.15
78.4,15.9,1.15
78.4,16.0,1.15
78.4,16.1,1.0
78.4,16.2,1.0
78.4,16.3,1.0
78.4,16.4,1.0
78.4,16.5,1.0
78.4,16.6,1.0
78.4,16.7,1.0
78.4,16.8,1.0
78.4,16.9,1.0
78.4,17.0,1.0
78.4,17.1,1.0
78.4,17.2,1.0
78.4,17.3,1.0
78.4,17.4,1.0
78.4,17.5,1.0
78.4,17.6,1.0
78.4,17.7,1.0
78.4,17.8,1.0
78.4,17.9,1.0
78.4,18.0,1.0
78.4,18.1,1.0
78.4,18.2,1.0
78.4,18.3,1.0
78.4,18.4,1.0
78.4,18.5,1.0
78.4,18.6,1.0
78.4,18.7,1.0
78.4,18.8,1.0
78.4,18.9,1.0
78.4,19.0,1.0
78.4,19.1,1.0
78.4,19.2,1.0
78.4,19.3,1.0
78.4,19.4,1.0
78.4,19.5,1.15
78.4,19.6,1.15
78.4,19.7,1.15
78.4,19.8,1.0
78.4,19.9,1.0
78.4,20.0,1.0
78.4,20.1,1.0
78.4,20.2,1.0
78.4,20.3,1.0
78.4,20.4,1.0
78.4,20.5,1.0
78.4,20.6,1.0
78.4,20.7,1.0
78.4,20.8,1.0
78.4,20.9,1.0
78.4,21.0,1.5
78.4,21.1,1.5
78.4,21.2,1.5
78.4,21.3,1.5
78.4,21.4,1.0
78.4,21.5,1.0
78.4,21.6,1.0
78.4,21.7,1.0
78.4,21.8,1.0
78.4,21.9,1.0
78.4,22.0,1.0
78.4,22.1,1.0
78.4,22.2,1.0
78.4,22.3,1.0
78.4,22.4,1.0
78.4,22.5,1.0
78.4,22.6,1.0
78.4,22.7,1.5
78.4,22.8,1.5
78.4,22.9,1.5
78.4,23.0,1.15
78.4,23.1,1.15
78.4,23.2,1.0
78.4,23.3,1.0
78.4,23.4,1.0
78.4,23.5,1.0
78.4,23.6,1.0
78.4,23.7,1.0
78.4,23.8,1.0
78.4,23.9,1.0
78.4,24.0,1.0
78.4,24.1,1.0
78.4,24.2,1.0
78.4,24.3,1.15
78.4,24.4,1.0
78.4,24.5,1.0
78.4,24.6,1.0
78.4,24.7,1.0
78.4,24.8,1.0
78.4,24.9,1.0
78.4,25.0,1.0
78.4,25.1,1.0
78.4,25.2,1.0
78.4,25.3,1.0
78.4,25.4,1.0
78.4,25.5,1.0
78.4,25.6,1.0
78.4,25.7,1.0
78.4,25.8,1.0
78.4,25.9,1.0
78.4,26.0,1.0
78.4,26.1,1.0
78.4,26.2,1.5
78.4,26.3,1.5
78.4,26.4,1.5
78.4,26.5,1.5
78.4,26.6,1.5
78.4,26.7,1.5
78.4,26.8,1.5
78.4,26.9,1.5
78.4,27.0,1.5
78.4,27.1,1.5
78.4,27.2,1.5
78.4,27.3,1.5
78.4,27.4,1.5
78.4,27.5,1.5
78.4,27.6,1.5
78.4,27.7,1.5
78.4,27.8,1.5
78.4,27.9,1.5
78.4,28.0,1.5
78.4,28.1,1.5
78.4,28.2,1.5
78.4,28.3,1.5
78.4,28.4,1.5
78.4,28.5,1.5
78.4,28.6,1.5
78.4,28.7,1.5
78.4,28.8,1.5
78.4,28.9,1.5
78.4,29.0,1.5
78.4,29.1,1.5
78.4,29.2,1.5
78.4,29.3,1.5
78.4,29.4,1.5
78.4,29.5,1.5
78.4,29.6,1.5
78.4,29.7,1.5
78.4,29.8,1.5
78.4,29.9,1.15
78.4,30.0,1.15
78.4,30.1,1.15
78.4,30.2,1.15
78.4,30.3,1.0
78.4,30.4,1.0
78.4,30.5,1.0
78.4,30.6,1.0
78.4,30.7,1.0
78.4,30.8,1.0
78.4,30.9,1.0
78.4,31.0,1.0
78.4,31.1,1.0
78.4,31.2,1.0
78.4,31.3,1.0
78.4,31.4,1.0
78.4,31.5,1.0
78.4,31.6,1.0
78.4,31.7,1.0
78.4,31.8,1.0
78.4,31.9,1.0
78.4,32.0,1.0
78.4,32.1,1.15
78.4,32.2,1.15
78.4,32.3,1.15
78.4,32.4,1.15
78.4,32.5,1.15
78.4,32.6,1.15
78.4,32.7,1.15
78.4,32.8,1.15
78.4,32.9,1.15
78.4,33.0,1.15
78.4,33.1,1.15
78.4,33.2,1.15
78.4,33.3,1.0
78.4,33.4,1.0
78.4,33.5,1.15
78.4,33.6,1.15
78.4,33.7,1.15
78.4,33.8,1.0
78.4,33.9,1.0
78.4,34.0,1.0
78.4,34.1,1.0
78.4,34.2,1.0
78.4,34.3,1.0
78.4,34.4,1.0
78.4,34.5,1.15
78.4,34.6,1.15
78.4,34.7,1.15
78.4,34.8,1.15
78.4,34.9,1.15
78.4,35.0,1.15
78.4,35.1,1.15
78.4,35.2,1.15
78.4,35.3,1.15
78.4,35.4,1.15
78.4,35.5,1.15
78.4,35.6,1.0
78.4,35.7,1.0
78.5,9.0,1.0
78.5,9.1,1.0
78.5,9.2,1.5
78.5,9.3,1.5
78.5,9.4,1.5
78.5,9.5,1.5
78.5,9.6,1.5
78.5,9.7,1.35
78.5,9.8,1.35
78.5,9.9,1.35
78.5,10.0,1.35
78.5,10.1,1.35
78.5,10.2,1.0
78.5,10.3,1.0
78.5,10.4,1.0
78.5,10.5,1.0
78.5,10.6,1.0
78.5,10.7,1.0
78.5,10.8,1.0
78.5,10.9,1.5
78.5,11.0,1.0
78.5,11.1,1.0
78.5,11.2,1.0
78.5,11.3,1.0
78.5,11.4,1.0
78.5,11.5,1.0
78.5,11.6,1.0
78.5,11.7,1.0
78.5,11.8,1.0
78.5,11.9,1.0
78.5,12.0,1.0
78.5,12.1,1.0
78.5,12.2,1.0
78.5,12.3,1.0
78.5,12.4,1.0
78.5,12.5,1.0
78.5,12.6,1.0
78.5,12.7,1.0
78.5,12.8,1.0
78.5,12.9,1.0
78.5,13.0,1.0
78.5,13.1,1.0
78.5,13.2,1.0
78.5,13.3,1.0
78.5,13.4,1.0
78.5,13.5,1.0
78.5,13.6,1.0
78.5,13.7,1.0
78.5,13.8,1.0
78.5,13.9,1.0
78.5,14.0,1.0
78.5,14.1,1.0
78.5,14.2,1.15
78.5,14.3,1.15
78.5,14.4,1.15
78.5,14.5,1.15
78.5,14.6,1.15
78.5,14.7,1.15
78.5,14.8,1.15
78.5,14.9,1.15
78.5,15.0,1.15
78.5,15.1,1.15
78.5,15.2,1.15
78.5,15.3,1.15
78.5,15.4,1.15
78.5,15.5,1.15
78.5,15.6,1.15
78.5,15.7,1.15
78.5,15.8,1.15
78.5,15.9,1.15
78.5,16.0,1.15
78.5,16.1,1.0
78.5,16.2,1.0
78.5,16.3,1.0
78.5,16.4,1.0
78.5,16.5,1.0
78.5,16.6,1.0
78.5,16.7,1.0
78.5,16.8,1.0
78.5,16.9,1.0
78.5,17.0,1.0
78.5,17.1,1.0
78.5,17.2,1.0
78.5,17.3,1.0
78.5,17.4,1.0
78.5,17.5,1.0
78.5,17.6,1.0
78.5,17.7,1.0
78.5,17.8,1.0
78.5,17.9,1.0
78.5,18.0,1.0
78.5,18.1,1.0
78.5,18.2,1.0
78.5,18.3,1.0
78.5,18.4,1.0
78.5,18.5,1.0
78.5,18.6,1.0
78.5,18.7,1.0
78.5,18.8,1.0
78.5,18.9,1.0
78.5,19.0,1.0
78.5,19.1,1.0
78.5,19.2,1.0
78.5,19.3,1.0
78.5,19.4,1.0
78.5,19.5,1.15
78.5,19.6,1.15
78.5,19.7,1.15
78.5,19.8,1.15
78.5,19.9,1.0
78.5,20.0,1.0
78.5,20.1,1.0
78.5,20.2,1.0
78.5,20.3,1.0
78.5,20.4,1.0
78.5,20.5,1.0
78.5,20.6,1.0
78.5,20.7,1.0
78.5,20.8,1.0
78.5,20.9,1.0
78.5,21.0,1.0
78.5,21.1,1.5
78.5,21.2,1.5
78.5,21.3,1.5
78.5,21.4,1.0
78.5,21.5,1.0
78.5,21.6,1.0
78.5,21.7,1.0
78.5,21.8,1.0
78.5,21.9,1.0
78.5,22.0,1.0
78.5,22.1,1.0
78.5,22.2,1.0
78.5,22.3,1.0
78.5,22.4,1.0
78.5,22.5,1.0
78.5,22.6,1.0
78.5,22.7,1.0
78.5,22.8,1.5
78.5,22.9,1.5
78.5,23.0,1.15
78.5,23.1,1.0
78.5,23.2,1.0
78.5,23.3,1.0
78.5,23.4,1.0
78.5,23.5,1.0
78.5,23.6,1.0
78.5,23.7,1.0
78.5,23.8,1.0
78.5,23.9,1.0
78.5,24.0,1.15
78.5,24.1,1.0
78.5,24.2,1.0
78.5,24.3,1.15
78.5,24.4,1.0
78.5,24.5,1.0
78.5,24.6,1.0
78.5,24.7,1.0
78.5,24.8,1.0
78.5,24.9,1.0
78.5,25.0,1.0
78.5,25.1,1.0
78.5,25.2,1.0
78.5,25.3,1.0
78.5,25.4,1.0
78.5,25.5,1.0
78.5,25.6,1.0
78.5,25.7,1.0
78.5,25.8,1.0
78.5,25.9,1.0
78.5,26.0,1.0
78.5,26.1,1.0
78.5,26.2,1.5
78.5,26.3,1.5
78.5,26.4,1.5
78.5,26.5,1.5
78.5,26.6,1.5
78.5,26.7,1.5
78.5,26.8,1.5
78.5,26.9,1.5
78.5,27.0,1.5
78.5,27.1,1.5
78.5,27.2,1.5
78.5,27.3,1.5
78.5,27.4,1.5
78.5,27.5,1.5
78.5,27.6,1.5
78.5,27.7,1.5
78.5,27.8,1.5
78.5,27.9,1.5
78.5,28.0,1.5
78.5,28.1,1.5
78.5,28.2,1.5
78.5,28.3,1.5
78.5,28.4,1.5
78.5,28.5,1.5
78.5,28.6,1.5
78.5,28.7,1.5
78.5,28.8,1.5
78.5,28.9,1.5
78.5,29.0,1.5
78.5,29.1,1.5
78.5,29.2,1.5
78.5,29.3,1.5
78.5,29.4,1.5
78.5,29.5,1.5
78.5,29.6,1.5
78.5,29.7,1.5
78.5,29.8,1.15
78.5,29.9,1.15
78.5,30.0,1.15
78.5,30.1,1.15
78.5,30.2,1.0
78.5,30.3,1.0
78.5,30.4,1.0
78.5,30.5,1.0
78.5,30.6,1.0
78.5,30.7,1.0
78.5,30.8,1.0
78.5,30.9,1.0
78.5,31.0,1.0
78.5,31.1,1.0
78.5,31.2,1.0
78.5,31.3,1.0
78.5,31.4,1.0
78.5,31.5,1.0
78.5,31.6,1.0
78.5,31.7,1.0
78.5,31.8,1.0
78.5,31.9,1.0
78.5,32.0,1.15
78.5,32.1,1.15
78.5,32.2,1.15
78.5,32.3,1.15
78.5,32.4,1.15
78.5,32.5,1.15
78.5,32.6,1.15
78.5,32.7,1.15
78.5,32.8,1.15
78.5,32.9,1.15
78.5,33.0,1.15
78.5,33.1,1.0
78.5,33.2,1.0
78.5,33.3,1.0
78.5,33.4,1.0
78.5,33.5,1.15
78.5,33.6,1.15
78.5,33.7,1.0
78.5,33.8,1.0
78.5,33.9,1.0
78.5,34.0,1.0
78.5,34.1,1.0
78.5,34.2,1.0
78.5,34.3,1.0
78.5,34.4,1.0
78.5,34.5,1.15
78.5,34.6,1.15
78.5,34.7,1.15
78.5,34.8,1.15
78.5,34.9,1.15
78.5,35.0,1.15
78.5,35.1,1.15
78.5,35.2,1.15
78.5,35.3,1.15
78.5,35.4,1.15
78.5,35.5,1.0
78.5,35.6,1.0
78.5,35.7,1.0
78.6,9.1,1.0
78.6,9.2,1.5
78.6,9.3,1.5
78.6,9.4,1.5
78.6,9.5,1.5
78.6,9.6,1.5
78.6,9.7,1.35
78.6,9.8,1.35
78.6,9.9,1.35
78.6,10.0,1.35
78.6,10.1,1.35
78.6,10.2,1.35
78.6,10.3,1.0
78.6,10.4,1.0
78.6,10.5,1.0
78.6,10.6,1.0
78.6,10.7,1.0
78.6,10.8,1.0
78.6,10.9,1.0
78.6,11.0,1.0
78.6,11.1,1.0
78.6,11.2,1.0
78.6,11.3,1.0
78.6,11.4,1.0
78.6,11.5,1.0
78.6,11.6,1.0
78.6,11.7,1.0
78.6,11.8,1.0
78.6,11.9,1.0
78.6,12.0,1.0
78.6,12.1,1.0
78.6,12.2,1.0
78.6,12.3,1.0
78.6,12.4,1.0
78.6,12.5,1.0
78.6,12.6,1.0
78.6,12.7,1.0
78.6,12.8,1.0
78.6,12.9,1.0
78.6,13.0,1.0
78.6,13.1,1.0
78.6,13.2,1.0
78.6,13.3,1.0
78.6,13.4,1.0
78.6,13.5,1.0
78.6,13.6,1.0
78.6,13.7,1.0
78.6,13.8,1.0
78.6,13.9,1.0
78.6,14.0,1.0
78.6,14.1,1.0
78.6,14.2,1.15
78.6,14.3,1.15
78.6,14.4,1.15
78.6,14.5,1.15
78.6,14.6,1.15
78.6,14.7,1.15
78.6,14.8,1.15
78.6,14.9,1.15
78.6,15.0,1.15
78.6,15.1,1.15
78.6,15.2,1.15
78.6,15.3,1.15
78.6,15.4,1.15
78.6,15.5,1.15
78.6,15.6,1.15
78.6,15.7,1.15
78.6,15.8,1.15
78.6,15.9,1.15
78.6,16.0,1.15
78.6,16.1,1.15
78.6,16.2,1.0
78.6,16.3,1.0
78.6,16.4,1.0
78.6,16.5,1.0
78.6,16.6,1.0
78.6,16.7,1.0
78.6,16.8,1.0
78.6,16.9,1.0
78.6,17.0,1.0
78.6,17.1,1.0
78.6,17.2,1.0
78.6,17.3,1.0
78.6,17.4,1.0
78.6,17.5,1.0
78.6,17.6,1.0
78.6,17.7,1.0
78.6,17.8,1.0
78.6,17.9,1.0
78.6,18.0,1.0
78.6,18.1,1.0
78.6,18.2,1.0
78.6,18.3,1.0
78.6,18.4,1.0
78.6,18.5,1.0
78.6,18.6,1.0
78.6,18.7,1.0
78.6,18.8,1.0
78.6,18.9,1.0
78.6,19.0,1.0
78.6,19.1,1.0
78.6,19.2,1.0
78.6,19.3,1.0
78.6,19.4,1.0
78.6,19.5,1.15
78.6,19.6,1.15
78.6,19.7,1.15
78.6,19.8,1.15
78.6,19.9,1.15
78.6,20.0,1.0
78.6,20.1,1.0
78.6,20.2,1.0
78.6,20.3,1.0
78.6,20.4,1.0
78.6,20.5,1.0
78.6,20.6,1.0
78.6,20.7,1.0
78.6,20.8,1.0
78.6,20.9,1.0
78.6,21.0,1.0
78.6,21.1,1.0
78.6,21.2,1.0
78.6,21.3,1.0
78.6,21.4,1.0
78.6,21.5,1.0
78.6,21.6,1.0
78.6,21.7,1.0
78.6,21.8,1.0
78.6,21.9,1.0
78.6,22.0,1.0
78.6,22.1,1.0
78.6,22.2,1.0
78.6,22.3,1.0
78.6,22.4,1.0
78.6,22.5,1.0
78.6,22.6,1.0
78.6,22.7,1.5
78.6,22.8,1.5
78.6,22.9,1.5
78.6,23.0,1.15
78.6,23.1,1.0
78.6,23.2,1.0
78.6,23.3,1.0
78.6,23.4,1.0
78.6,23.5,1.0
78.6,23.6,1.0
78.6,23.7,1.0
78.6,23.8,1.0
78.6,23.9,1.15
78.6,24.0,1.15
78.6,24.1,1.15
78.6,24.2,1.15
78.6,24.3,1.0
78.6,24.4,1.0
78.6,24.5,1.0
78.6,24.6,1.0
78.6,24.7,1.0
78.6,24.8,1.0
78.6,24.9,1.0
78.6,25.0,1.0
78.6,25.1,1.0
78.6,25.2,1.0
78.6,25.3,1.0
78.6,25.4,1.0
78.6,25.5,1.0
78.6,25.6,1.0
78.6,25.7,1.0
78.6,25.8,1.0
78.6,25.9,1.0
78.6,26.0,1.0
78.6,26.1,1.0
78.6,26.2,1.0
78.6,26.3,1.5
78.6,26.4,1.5
78.6,26.5,1.5
78.6,26.6,1.5
78.6,26.7,1.5
78.6,26.8,1.5
78.6,26.9,1.5
78.6,27.0,1.5
78.6,27.1,1.5
78.6,27.2,1.5
78.6,27.3,1.5
78.6,27.4,1.5
78.6,27.5,1.5
78.6,27.6,1.5
78.6,27.7,1.5
78.6,27.8,1.5
78.6,27.9,1.5
78.6,28.0,1.5
78.6,28.1,1.5
78.6,28.2,1.5
78.6,28.3,1.5
78.6,28.4,1.5
78.6,28.5,1.5
78.6,28.6,1.5
78.6,28.7,1.5
78.6,28.8,1.5
78.6,28.9,1.5
78.6,29.0,1.5
78.6,29.1,1.5
78.6,29.2,1.5
78.6,29.3,1.5
78.6,29.4,1.5
78.6,29.5,1.5
78.6,29.6,1.5
78.6,29.7,1.15
78.6,29.8,1.15
78.6,29.9,1.15
78.6,30.0,1.15
78.6,30.1,1.0
78.6,30.2,1.0
78.6,30.3,1.0
78.6,30.4,1.0
78.6,30.5,1.0
78.6,30.6,1.0
78.6,30.7,1.0
78.6,30.8,1.0
78.6,30.9,1.0
78.6,31.0,1.0
78.6,31.1,1.0
78.6,31.2,1.0
78.6,31.3,1.0
78.6,31.4,1.0
78.6,31.5,1.0
78.6,31.6,1.0
78.6,31.7,1.0
78.6,31.8,1.0
78.6,31.9,1.0
78.6,32.0,1.15
78.6,32.1,1.15
78.6,32.2,1.15
78.6,32.3,1.15
78.6,32.4,1.15
78.6,32.5,1.15
78.6,32.6,1.15
78.6,32.7,1.15
78.6,32.8,1.15
78.6,32.9,1.15
78.6,33.0,1.0
78.6,33.1,1.0
78.6,33.2,1.0
78.6,33.3,1.0
78.6,33.4,1.15
78.6,33.5,1.15
78.6,33.6,1.0
78.6,33.7,1.0
78.6,33.8,1.0
78.6,33.9,1.0
78.6,34.0,1.0
78.6,34.1,1.0
78.6,34.2,1.0
78.6,34.3,1.0
78.6,34.4,1.15
78.6,34.5,1.15
78.6,34.6,1.15
78.6,34.7,1.15
78.6,34.8,1.15
78.6,34.9,1.15
78.6,35.0,1.15
78.6,35.1,1.15
78.6,35.2,1.15
78.6,35.3,1.15
78.6,35.4,1.0
78.6,35.5,1.0
78.6,35.6,1.0
78.6,35.7,1.0
78.7,9.1,1.0
78.7,9.2,1.5
78.7,9.3,1.5
78.7,9.4,1.5
78.7,9.5,1.5
78.7,9.6,1.5
78.7,9.7,1.5
78.7,9.8,1.5
78.7,9.9,1.35
78.7,10.0,1.35
78.7,10.1,1.35
78.7,10.2,1.35
78.7,10.3,1.35
78.7,10.4,1.0
78.7,10.5,1.0
78.7,10.6,1.0
78.7,10.7,1.0
78.7,10.8,1.5
78.7,10.9,1.0
78.7,11.0,1.0
78.7,11.1,1.0
78.7,11.2,1.0
78.7,11.3,1.0
78.7,11.4,1.0
78.7,11.5,1.0
78.7,11.6,1.0
78.7,11.7,1.0
78.7,11.8,1.0
78.7,11.9,1.0
78.7,12.0,1.0
78.7,12.1,1.0
78.7,12.2,1.0
78.7,12.3,1.0
78.7,12.4,1.0
78.7,12.5,1.0
78.7,12.6,1.0
78.7,12.7,1.0
78.7,12.8,1.5
78.7,12.9,1.0
78.7,13.0,1.0
78.7,13.1,1.0
78.7,13.2,1.0
78.7,13.3,1.0
78.7,13.4,1.0
78.7,13.5,1.0
78.7,13.6,1.0
78.7,13.7,1.0
78.7,13.8,1.0
78.7,13.9,1.0
78.7,14.0,1.0
78.7,14.1,1.0
78.7,14.2,1.15
78.7,14.3,1.15
78.7,14.4,1.15
78.7,14.5,1.15
78.7,14.6,1.15
78.7,14.7,1.15
78.7,14.8,1.15
78.7,14.9,1.15
78.7,15.0,1.15
78.7,15.1,1.15
78.7,15.2,1.15
78.7,15.3,1.15
78.7,15.4,1.15
78.7,15.5,1.15
78.7,15.6,1.15
78.7,15.7,1.15
78.7,15.8,1.15
78.7,15.9,1.15
78.7,16.0,1.15
78.7,16.1,1.15
78.7,16.2,1.15
78.7,16.3,1.0
78.7,16.4,1.0
78.7,16.5,1.0
78.7,16.6,1.0
78.7,16.7,1.0
78.7,16.8,1.0
78.7,16.9,1.0
78.7,17.0,1.0
78.7,17.1,1.0
78.7,17.2,1.0
78.7,17.3,1.0
78.7,17.4,1.0
78.7,17.5,1.0
78.7,17.6,1.0
78.7,17.7,1.0
78.7,17.8,1.0
78.7,17.9,1.0
78.7,18.0,1.0
78.7,18.1,1.0
78.7,18.2,1.0
78.7,18.3,1.0
78.7,18.4,1.0
78.7,18.5,1.0
78.7,18.6,1.0
78.7,18.7,1.0
78.7,18.8,1.0
78.7,18.9,1.0
78.7,19.0,1.0
78.7,19.1,1.0
78.7,19.2,1.0
78.7,19.3,1.0
78.7,19.4,1.0
78.7,19.5,1.0
78.7,19.6,1.15
78.7,19.7,1.15
78.7,19.8,1.0
78.7,19.9,1.0
78.7,20.0,1.0
78.7,20.1,1.0
78.7,20.2,1.0
78.7,20.3,1.0
78.7,20.4,1.0
78.7,20.5,1.0
78.7,20.6,1.0
78.7,20.7,1.0
78.7,20.8,1.0
78.7,20.9,1.0
78.7,21.0,1.0
78.7,21.1,1.0
78.7,21.2,1.0
78.7,21.3,1.0
78.7,21.4,1.0
78.7,21.5,1.0
78.7,21.6,1.0
78.7,21.7,1.0
78.7,21.8,1.0
78.7,21.9,1.0
78.7,22.0,1.0
78.7,22.1,1.0
78.7,22.2,1.0
78.7,22.3,1.0
78.7,22.4,1.0
78.7,22.5,1.0
78.7,22.6,1.0
78.7,22.7,1.5
78.7,22.8,1.5
78.7,22.9,1.5
78.7,23.0,1.15
78.7,23.1,1.0
78.7,23.2,1.0
78.7,23.3,1.0
78.7,23.4,1.0
78.7,23.5,1.0
78.7,23.6,1.0
78.7,23.7,1.0
78.7,23.8,1.0
78.7,23.9,1.0
78.7,24.0,1.0
78.7,24.1,1.15
78.7,24.2,1.15
78.7,24.3,1.0
78.7,24.4,1.0
78.7,24.5,1.0
78.7,24.6,1.0
78.7,24.7,1.0
78.7,24.8,1.0
78.7,24.9,1.0
78.7,25.0,1.0
78.7,25.1,1.0
78.7,25.2,1.0
78.7,25.3,1.0
78.7,25.4,1.0
78.7,25.5,1.0
78.7,25.6,1.0
78.7,25.7,1.0
78.7,25.8,1.0
78.7,25.9,1.5
78.7,26.0,1.5
78.7,26.1,1.5
78.7,26.2,1.5
78.7,26.3,1.5
78.7,26.4,1.5
78.7,26.5,1.5
78.7,26.6,1.5
78.7,26.7,1.5
78.7,26.8,1.5
78.7,26.9,1.5
78.7,27.0,1.5
78.7,27.1,1.5
78.7,27.2,1.5
78.7,27.3,1.5
78.7,27.4,1.5
78.7,27.5,1.5
78.7,27.6,1.5
78.7,27.7,1.5
78.7,27.8,1.5
78.7,27.9,1.5
78.7,28.0,1.5
78.7,28.1,1.5
78.7,28.2,1.5
78.7,28.3,1.5
78.7,28.4,1.5
78.7,28.5,1.5
78.7,28.6,1.5
78.7,28.7,1.5
78.7,28.8,1.5
78.7,28.9,1.5
78.7,29.0,1.5
78.7,29.1,1.5
78.7,29.2,1.5
78.7,29.3,1.5
78.7,29.4,1.5
78.7,29.5,1.5
78.7,29.6,1.0
78.7,29.7,1.15
78.7,29.8,1.15
78.7,29.9,1.15
78.7,30.0,1.15
78.7,30.1,1.0
78.7,30.2,1.0
78.7,30.3,1.0
78.7,30.4,1.0
78.7,30.5,1.0
78.7,30.6,1.0
78.7,30.7,1.0
78.7,30.8,1.0
78.7,30.9,1.0
78.7,31.0,1.0
78.7,31.1,1.0
78.7,31.2,1.0
78.7,31.3,1.0
78.7,31.4,1.0
78.7,31.5,1.0
78.7,31.6,1.0
78.7,31.7,1.0
78.7,31.8,1.0
78.7,31.9,1.0
78.7,32.0,1.15
78.7,32.1,1.15
78.7,32.2,1.15
78.7,32.6,1.0
78.7,32.7,1.15
78.7,32.8,1.0
78.7,32.9,1.0
78.7,33.0,1.0
78.7,33.1,1.0
78.7,33.2,1.0
78.7,33.3,1.0
78.7,33.4,1.15
78.7,33.5,1.0
78.7,33.6,1.0
78.7,33.7,1.0
78.7,33.8,1.0
78.7,33.9,1.0
78.7,34.0,1.0
78.7,34.1,1.0
78.7,34.2,1.0
78.7,34.3,1.15
78.7,34.4,1.15
78.7,34.5,1.15
78.7,34.6,1.15
78.7,34.7,1.15
78.7,34.8,1.15
78.7,34.9,1.15
78.7,35.0,1.15
78.7,35.1,1.15
78.7,35.2,1.15
78.7,35.3,1.15
78.7,35.4,1.0
78.7,35.5,1.0
78.7,35.6,1.0
78.7,35.7,1.0
78.7,35.8,1.0
78.8,9.2,1.5
78.8,9.3,1.5
78.8,9.4,1.5
78.8,9.5,1.5
78.8,9.6,1.5
78.8,9.7,1.5
78.8,9.8,1.5
78.8,9.9,1.5
78.8,10.0,1.35
78.8,10.1,1.35
78.8,10.2,1.35
78.8,10.3,1.35
78.8,10.4,1.35
78.8,10.5,1.35
78.8,10.6,1.0
78.8,10.7,1.0
78.8,10.8,1.5
78.8,10.9,1.0
78.8,11.0,1.0
78.8,11.1,1.0
78.8,11.2,1.0
78.8,11.3,1.0
78.8,11.4,1.0
78.8,11.5,1.0
78.8,11.6,1.0
78.8,11.7,1.0
78.8,11.8,1.0
78.8,11.9,1.0
78.8,12.0,1.0
78.8,12.1,1.0
78.8,12.2,1.0
78.8,12.3,1.0
78.8,12.4,1.0
78.8,12.5,1.0
78.8,12.6,1.0
78.8,12.7,1.0
78.8,12.8,1.5
78.8,12.9,1.0
78.8,13.0,1.0
78.8,13.1,1.0
78.8,13.2,1.0
78.8,13.3,1.0
78.8,13.4,1.0
78.8,13.5,1.0
78.8,13.6,1.0
78.8,13.7,1.0
78.8,13.8,1.0
78.8,13.9,1.0
78.8,14.0,1.0
78.8,14.1,1.0
78.8,14.2,1.15
78.8,14.3,1.15
78.8,14.4,1.15
78.8,14.5,1.15
78.8,14.6,1.15
78.8,14.7,1.15
78.8,14.8,1.15
78.8,14.9,1.15
78.8,15.0,1.15
78.8,15.1,1.15
78.8,15.2,1.15
78.8,15.3,1.15
78.8,15.4,1.15
78.8,15.5,1.15
78.8,15.6,1.15
78.8,15.7,1.15
78.8,15.8,1.15
78.8,15.9,1.15
78.8,16.0,1.15
78.8,16.1,1.15
78.8,16.2,1.15
78.8,16.3,1.0
78.8,16.4,1.0
78.8,16.5,1.0
78.8,16.6,1.0
78.8,16.7,1.0
78.8,16.8,1.0
78.8,16.9,1.0
78.8,17.0,1.0
78.8,17.1,1.0
78.8,17.2,1.0
78.8,17.3,1.0
78.8,17.4,1.0
78.8,17.5,1.0
78.8,17.6,1.0
78.8,17.7,1.0
78.8,17.8,1.0
78.8,17.9,1.0
78.8,18.0,1.0
78.8,18.1,1.0
78.8,18.2,1.0
78.8,18.3,1.0
78.8,18.4,1.0
78.8,18.5,1.0
78.8,18.6,1.0
78.8,18.7,1.0
78.8,18.8,1.0
78.8,18.9,1.0
78.8,19.0,1.0
78.8,19.1,1.0
78.8,19.2,1.0
78.8,19.3,1.0
78.8,19.4,1.0
78.8,19.5,1.0
78.8,19.6,1.0
78.8,19.7,1.15
78.8,19.8,1.15
78.8,19.9,1.15
78.8,20.0,1.15
78.8,20.1,1.15
78.8,20.2,1.0
78.8,20.3,1.0
78.8,20.4,1.0
78.8,20.5,1.0
78.8,20.6,1.0
78.8,20.7,1.0
78.8,20.8,1.0
78.8,20.9,1.0
78.8,21.0,1.0
78.8,21.1,1.0
78.8,21.2,1.0
78.8,21.3,1.0
78.8,21.4,1.0
78.8,21.5,1.0
78.8,21.6,1.0
78.8,21.7,1.0
78.8,21.8,1.0
78.8,21.9,1.0
78.8,22.0,1.0
78.8,22.1,1.0
78.8,22.2,1.0
78.8,22.3,1.0
78.8,22.4,1.0
78.8,22.5,1.0
78.8,22.6,1.0
78.8,22.7,1.0
78.8,22.8,1.5
78.8,22.9,1.5
78.8,23.0,1.15
78.8,23.1,1.0
78.8,23.2,1.0
78.8,23.3,1.0
78.8,23.4,1.0
78.8,23.5,1.15
78.8,23.6,1.0
78.8,23.7,1.0
78.8,23.8,1.0
78.8,23.9,1.0
78.8,24.0,1.15
78.8,24.1,1.15
78.8,24.2,1.15
78.8,24.3,1.0
78.8,24.4,1.0
78.8,24.5,1.0
78.8,24.6,1.0
78.8,24.7,1.0
78.8,24.8,1.0
78.8,24.9,1.0
78.8,25.0,1.0
78.8,25.1,1.0
78.8,25.2,1.0
78.8,25.3,1.0
78.8,25.4,1.0
78.8,25.5,1.0
78.8,25.6,1.0
78.8,25.7,1.0
78.8,25.8,1.5
78.8,25.9,1.5
78.8,26.0,1.5
78.8,26.1,1.5
78.8,26.2,1.5
78.8,26.3,1.5
78.8,26.4,1.5
78.8,26.5,1.5
78.8,26.6,1.5
78.8,26.7,1.5
78.8,26.8,1.5
78.8,26.9,1.5
78.8,27.0,1.5
78.8,27.1,1.5
78.8,27.2,1.5
78.8,27.3,1.5
78.8,27.4,1.5
78.8,27.5,1.5
78.8,27.6,1.5
78.8,27.7,1.5
78.8,27.8,1.5
78.8,27.9,1.5
78.8,28.0,1.5
78.8,28.1,1.5
78.8,28.2,1.5
78.8,28.3,1.5
78.8,28.4,1.5
78.8,28.5,1.5
78.8,28.6,1.5
78.8,28.7,1.5
78.8,28.8,1.5
78.8,28.9,1.5
78.8,29.0,1.5
78.8,29.1,1.5
78.8,29.2,1.5
78.8,29.3,1.5
78.8,29.4,1.5
78.8,29.5,1.5
78.8,29.6,1.0
78.8,29.7,1.15
78.8,29.8,1.15
78.8,29.9,1.15
78.8,30.0,1.15
78.8,30.1,1.15
78.8,30.2,1.15
78.8,30.3,1.0
78.8,30.4,1.0
78.8,30.5,1.0
78.8,30.6,1.0
78.8,30.7,1.0
78.8,30.8,1.0
78.8,30.9,1.0
78.8,31.0,1.0
78.8,31.1,1.0
78.8,31.2,1.0
78.8,31.3,1.0
78.8,31.4,1.0
78.8,31.5,1.0
78.8,31.6,1.0
78.8,31.7,1.0
78.8,31.8,1.0
78.8,31.9,1.0
78.8,32.0,1.0
78.8,32.6,1.0
78.8,32.7,1.0
78.8,32.8,1.0
78.8,32.9,1.0
78.8,33.0,1.0
78.8,33.1,1.0
78.8,33.2,1.0
78.8,33.3,1.0
78.8,33.4,1.15
78.8,33.5,1.0
78.8,33.6,1.0
78.8,33.7,1.0
78.8,33.8,1.0
78.8,33.9,1.0
78.8,34.0,1.0
78.8,34.1,1.0
78.8,34.2,1.15
78.8,34.3,1.15
78.8,34.4,1.15
78.8,34.5,1.15
78.8,34.6,1.15
78.8,34.7,1.15
78.8,34.8,1.15
78.8,34.9,1.15
78.8,35.0,1.15
78.8,35.1,1.15
78.8,35.2,1.15
78.8,35.3,1.15
78.8,35.4,1.0
78.8,35.5,1.0
78.8,35.6,1.0
78.8,35.7,1.0
78.8,35.8,1.0
78.9,9.2,1.5
78.9,9.3,1.5
78.9,9.6,1.5
78.9,9.7,1.5
78.9,9.8,1.5
78.9,9.9,1.5
78.9,10.0,1.5
78.9,10.1,1.35
78.9,10.2,1.35
78.9,10.3,1.35
78.9,10.4,1.35
78.9,10.5,1.35
78.9,10.6,1.35
78.9,10.7,1.0
78.9,10.8,1.5
78.9,10.9,1.0
78.9,11.0,1.0
78.9,11.1,1.0
78.9,11.2,1.0
78.9,11.3,1.0
78.9,11.4,1.0
78.9,11.5,1.0
78.9,11.6,1.0
78.9,11.7,1.0
78.9,11.8,1.0
78.9,11.9,1.0
78.9,12.0,1.0
78.9,12.1,1.0
78.9,12.2,1.0
78.9,12.3,1.0
78.9,12.4,1.0
78.9,12.5,1.0
78.9,12.6,1.0
78.9,12.7,1.0
78.9,12.8,1.0
78.9,12.9,1.5
78.9,13.0,1.0
78.9,13.1,1.0
78.9,13.2,1.0
78.9,13.3,1.0
78.9,13.4,1.0
78.9,13.5,1.0
78.9,13.6,1.0
78.9,13.7,1.0
78.9,13.8,1.0
78.9,13.9,1.0
78.9,14.0,1.0
78.9,14.1,1.15
78.9,14.2,1.15
78.9,14.3,1.15
78.9,14.4,1.15
78.9,14.5,1.15
78.9,14.6,1.15
78.9,14.7,1.15
78.9,14.8,1.15
78.9,14.9,1.15
78.9,15.0,1.15
78.9,15.1,1.15
78.9,15.2,1.15
78.9,15.3,1.15
78.9,15.4,1.15
78.9,15.5,1.15
78.9,15.6,1.15
78.9,15.7,1.15
78.9,15.8,1.15
78.9,15.9,1.15
78.9,16.0,1.15
78.9,16.1,1.15
78.9,16.2,1.15
78.9,16.3,1.15
78.9,16.4,1.0
78.9,16.5,1.0
78.9,16.6,1.0
78.9,16.7,1.0
78.9,16.8,1.0
78.9,16.9,1.0
78.9,17.0,1.0
78.9,17.1,1.0
78.9,17.2,1.0
78.9,17.3,1.0
78.9,17.4,1.0
78.9,17.5,1.0
78.9,17.6,1.0
78.9,17.7,1.0
78.9,17.8,1.0
78.9,17.9,1.0
78.9,18.0,1.0
78.9,18.1,1.0
78.9,18.2,1.0
78.9,18.3,1.0
78.9,18.4,1.0
78.9,18.5,1.0
78.9,18.6,1.0
78.9,18.7,1.0
78.9,18.8,1.0
78.9,18.9,1.15
78.9,19.0,1.0
78.9,19.1,1.0
78.9,19.2,1.0
78.9,19.3,1.0
78.9,19.4,1.0
78.9,19.5,1.0
78.9,19.6,1.0
78.9,19.7,1.15
78.9,19.8,1.15
78.9,19.9,1.15
78.9,20.0,1.15
78.9,20.1,1.15
78.9,20.2,1.0
78.9,20.3,1.0
78.9,20.4,1.0
78.9,20.5,1.0
78.9,20.6,1.0
78.9,20.7,1.0
78.9,20.8,1.0
78.9,20.9,1.0
78.9,21.0,1.0
78.9,21.1,1.0
78.9,21.2,1.0
78.9,21.3,1.0
78.9,21.4,1.0
78.9,21.5,1.0
78.9,21.6,1.0
78.9,21.7,1.0
78.9,21.8,1.0
78.9,21.9,1.0
78.9,22.0,1.0
78.9,22.1,1.0
78.9,22.2,1.0
78.9,22.3,1.0
78.9,22.4,1.0
78.9,22.5,1.0
78.9,22.6,1.0
78.9,22.7,1.0
78.9,22.8,1.5
78.9,22.9,1.5
78.9,23.0,1.5
78.9,23.1,1.0
78.9,23.2,1.0
78.9,23.3,1.0
78.9,23.4,1.0
78.9,23.5,1.0
78.9,23.6,1.15
78.9,23.7,1.0
78.9,23.8,1.0
78.9,23.9,1.0
78.9,24.0,1.0
78.9,24.1,1.0
78.9,24.2,1.15
78.9,24.3,1.0
78.9,24.4,1.0
78.9,24.5,1.0
78.9,24.6,1.0
78.9,24.7,1.0
78.9,24.8,1.0
78.9,24.9,1.0
78.9,25.0,1.0
78.9,25.1,1.0
78.9,25.2,1.0
78.9,25.3,1.0
78.9,25.4,1.0
78.9,25.5,1.0
78.9,25.6,1.5
78.9,25.7,1.5
78.9,25.8,1.5
78.9,25.9,1.5
78.9,26.0,1.5
78.9,26.1,1.5
78.9,26.2,1.5
78.9,26.3,1.5
78.9,26.4,1.5
78.9,26.5,1.5
78.9,26.6,1.5
78.9,26.7,1.5
78.9,26.8,1.5
78.9,26.9,1.5
78.9,27.0,1.5
78.9,27.1,1.5
78.9,27.2,1.5
78.9,27.3,1.5
78.9,27.4,1.5
78.9,27.5,1.5
78.9,27.6,1.5
78.9,27.7,1.5
78.9,27.8,1.5
78.9,27.9,1.5
78.9,28.0,1.5
78.9,28.1,1.5
78.9,28.2,1.5
78.9,28.3,1.5
78.9,28.4,1.5
78.9,28.5,1.5
78.9,28.6,1.5
78.9,28.7,1.5
78.9,28.8,1.5
78.9,28.9,1.5
78.9,29.0,1.5
78.9,29.1,1.5
78.9,29.2,1.5
78.9,29.3,1.5
78.9,29.4,1.5
78.9,29.5,1.5
78.9,29.6,1.0
78.9,29.7,1.15
78.9,29.8,1.15
78.9,29.9,1.15
78.9,30.0,1.15
78.9,30.1,1.15
78.9,30.2,1.15
78.9,30.3,1.15
78.9,30.4,1.0
78.9,30.5,1.0
78.9,30.6,1.15
78.9,30.7,1.0
78.9,30.8,1.0
78.9,30.9,1.0
78.9,31.0,1.0
78.9,31.1,1.0
78.9,31.2,1.0
78.9,31.3,1.0
78.9,31.5,1.0
78.9,31.6,1.0
78.9,32.5,1.0
78.9,32.6,1.0
78.9,32.7,1.0
78.9,32.8,1.0
78.9,32.9,1.0
78.9,33.0,1.0
78.9,33.1,1.15
78.9,33.2,1.15
78.9,33.3,1.15
78.9,33.4,1.0
78.9,33.5,1.0
78.9,33.6,1.0
78.9,33.7,1.0
78.9,33.8,1.0
78.9,33.9,1.0
78.9,34.0,1.0
78.9,34.1,1.0
78.9,34.2,1.15
78.9,34.3,1.15
78.9,34.4,1.15
78.9,34.5,1.15
78.9,34.6,1.15
78.9,34.7,1.15
78.9,34.8,1.15
78.9,34.9,1.15
78.9,35.0,1.15
78.9,35.1,1.15
78.9,35.2,1.15
78.9,35.3,1.15
78.9,35.4,1.0
78.9,35.5,1.0
78.9,35.6,1.0
78.9,35.7,1.0
78.9,35.8,1.0
79.0,9.3,1.5
79.0,9.7,1.5
79.0,9.8,1.5
79.0,9.9,1.5
79.0,10.0,1.5
79.0,10.1,1.35
79.0,10.2,1.35
79.0,10.3,1.35
79.0,10.4,1.35
79.0,10.5,1.35
79.0,10.6,1.35
79.0,10.7,1.35
79.0,10.8,1.35
79.0,10.9,1.0
79.0,11.0,1.0
79.0,11.1,1.0
79.0,11.2,1.0
79.0,11.3,1.0
79.0,11.4,1.0
79.0,11.5,1.0
79.0,11.6,1.0
79.0,11.7,1.0
79.0,11.8,1.0
79.0,11.9,1.0
79.0,12.0,1.0
79.0,12.1,1.0
79.0,12.2,1.0
79.0,12.3,1.0
79.0,12.4,1.0
79.0,12.5,1.0
79.0,12.6,1.0
79.0,12.7,1.0
79.0,12.8,1.0
79.0,12.9,1.5
79.0,13.0,1.0
79.0,13.1,1.0
79.0,13.2,1.0
79.0,13.3,1.0
79.0,13.4,1.0
79.0,13.5,1.0
79.0,13.6,1.0
79.0,13.7,1.0
79.0,13.8,1.0
79.0,13.9,1.15
79.0,14.0,1.15
79.0,14.1,1.15
79.0,14.2,1.15
79.0,14.3,1.15
79.0,14.4,1.15
79.0,14.5,1.15
79.0,14.6,1.15
79.0,14.7,1.15
79.0,14.8,1.15
79.0,14.9,1.15
79.0,15.0,1.15
79.0,15.1,1.15
79.0,15.2,1.15
79.0,15.3,1.15
79.0,15.4,1.15
79.0,15.5,1.15
79.0,15.6,1.15
79.0,15.7,1.15
79.0,15.8,1.15
79.0,15.9,1.15
79.0,16.0,1.15
79.0,16.1,1.15
79.0,16.2,1.15
79.0,16.3,1.15
79.0,16.4,1.0
79.0,16.5,1.0
79.0,16.6,1.0
79.0,16.7,1.0
79.0,16.8,1.0
79.0,16.9,1.0
79.0,17.0,1.0
79.0,17.1,1.0
79.0,17.2,1.0
79.0,17.3,1.0
79.0,17.4,1.0
79.0,17.5,1.0
79.0,17.6,1.0
79.0,17.7,1.0
79.0,17.8,1.0
79.0,17.9,1.0
79.0,18.0,1.0
79.0,18.1,1.0
79.0,18.2,1.0
79.0,18.3,1.0
79.0,18.4,1.0
79.0,18.5,1.0
79.0,18.6,1.0
79.0,18.7,1.0
79.0,18.8,1.15
79.0,18.9,1.0
79.0,19.0,1.0
79.0,19.1,1.0
79.0,19.2,1.0
79.0,19.3,1.0
79.0,19.4,1.0
79.0,19.5,1.0
79.0,19.6,1.0
79.0,19.7,1.15
79.0,19.8,1.15
79.0,19.9,1.15
79.0,20.0,1.15
79.0,20.1,1.15
79.0,20.2,1.15
79.0,20.3,1.15
79.0,20.4,1.0
79.0,20.5,1.0
79.0,20.6,1.0
79.0,20.7,1.0
79.0,20.8,1.0
79.0,20.9,1.0
79.0,21.0,1.0
79.0,21.1,1.0
79.0,21.2,1.0
79.0,21.3,1.0
79.0,21.4,1.0
79.0,21.5,1.0
79.0,21.6,1.0
79.0,21.7,1.0
79.0,21.8,1.0
79.0,21.9,1.0
79.0,22.0,1.0
79.0,22.1,1.0
79.0,22.2,1.0
79.0,22.3,1.0
79.0,22.4,1.0
79.0,22.5,1.0
79.0,22.6,1.0
79.0,22.7,1.0
79.0,22.8,1.5
79.0,22.9,1.5
79.0,23.0,1.5
79.0,23.1,1.15
79.0,23.2,1.15
79.0,23.3,1.15
79.0,23.4,1.15
79.0,23.5,1.15
79.0,23.6,1.15
79.0,23.7,1.15
79.0,23.8,1.15
79.0,23.9,1.15
79.0,24.0,1.15
79.0,24.1,1.0
79.0,24.2,1.15
79.0,24.3,1.0
79.0,24.4,1.0
79.0,24.5,1.0
79.0,24.6,1.0
79.0,24.7,1.0
79.0,24.8,1.0
79.0,24.9,1.0
79.0,25.0,1.0
79.0,25.1,1.0
79.0,25.2,1.0
79.0,25.3,1.0
79.0,25.4,1.0
79.0,25.5,1.0
79.0,25.6,1.5
79.0,25.7,1.5
79.0,25.8,1.5
79.0,25.9,1.5
79.0,26.0,1.5
79.0,26.1,1.5
79.0,26.2,1.5
79.0,26.3,1.5
79.0,26.4,1.5
79.0,26.5,1.5
79.0,26.6,1.5
79.0,26.7,1.5
79.0,26.8,1.5
79.0,26.9,1.5
79.0,27.0,1.5
79.0,27.1,1.5
79.0,27.2,1.5
79.0,27.3,1.5
79.0,27.4,1.5
79.0,27.5,1.5
79.0,27.6,1.5
79.0,27.7,1.5
79.0,27.8,1.5
79.0,27.9,1.5
79.0,28.0,1.5
79.0,28.1,1.5
79.0,28.2,1.5
79.0,28.3,1.5
79.0,28.4,1.5
79.0,28.5,1.5
79.0,28.6,1.5
79.0,28.7,1.5
79.0,28.8,1.5
79.0,28.9,1.5
79.0,29.0,1.5
79.0,29.1,1.5
79.0,29.2,1.5
79.0,29.3,1.5
79.0,29.4,1.5
79.0,29.5,1.0
79.0,29.6,1.0
79.0,29.7,1.15
79.0,29.8,1.15
79.0,29.9,1.15
79.0,30.0,1.15
79.0,30.1,1.15
79.0,30.2,1.15
79.0,30.3,1.15
79.0,30.4,1.15
79.0,30.5,1.15
79.0,30.6,1.15
79.0,30.7,1.0
79.0,30.8,1.0
79.0,30.9,1.0
79.0,31.0,1.0
79.0,31.1,1.0
79.0,31.2,1.0
79.0,32.4,1.0
79.0,32.5,1.0
79.0,32.6,1.0
79.0,32.7,1.0
79.0,32.8,1.0
79.0,32.9,1.0
79.0,33.0,1.15
79.0,33.1,1.15
79.0,33.2,1.15
79.0,33.3,1.15
79.0,33.4,1.0
79.0,33.5,1.0
79.0,33.6,1.0
79.0,33.7,1.0
79.0,33.8,1.0
79.0,33.9,1.0
79.0,34.0,1.0
79.0,34.1,1.0
79.0,34.2,1.15
79.0,34.3,1.15
79.0,34.4,1.15
79.0,34.5,1.15
79.0,34.6,1.15
79.0,34.7,1.15
79.0,34.8,1.15
79.0,34.9,1.15
79.0,35.0,1.15
79.0,35.1,1.15
79.0,35.2,1.15
79.0,35.3,1.15
79.0,35.4,1.0
79.0,35.5,1.0
79.0,35.6,1.0
79.0,35.7,1.0
79.0,35.8,1.0
79.1,9.8,1.0
79.1,9.9,1.5
79.1,10.0,1.5
79.1,10.1,1.5
79.1,10.2,1.35
79.1,10.3,1.35
79.1,10.4,1.35
79.1,10.5,1.35
79.1,10.6,1.35
79.1,10.7,1.35
79.1,10.8,1.35
79.1,10.9,1.5
79.1,11.0,1.5
79.1,11.1,1.0
79.1,11.2,1.0
79.1,11.3,1.0
79.1,11.4,1.5
79.1,11.5,1.0
79.1,11.6,1.0
79.1,11.7,1.0
79.1,11.8,1.0
79.1,11.9,1.0
79.1,12.0,1.0
79.1,12.1,1.0
79.1,12.2,1.0
79.1,12.3,1.0
79.1,12.4,1.0
79.1,12.5,1.0
79.1,12.6,1.0
79.1,12.7,1.0
79.1,12.8,1.0
79.1,12.9,1.5
79.1,13.0,1.0
79.1,13.1,1.0
79.1,13.2,1.0
79.1,13.3,1.0
79.1,13.4,1.0
79.1,13.5,1.0
79.1,13.6,1.0
79.1,13.7,1.0
79.1,13.8,1.15
79.1,13.9,1.15
79.1,14.0,1.15
79.1,14.1,1.15
79.1,14.2,1.15
79.1,14.3,1.15
79.1,14.4,1.15
79.1,14.5,1.15
79.1,14.6,1.15
79.1,14.7,1.15
79.1,14.8,1.15
79.1,14.9,1.15
79.1,15.0,1.15
79.1,15.1,1.15
79.1,15.2,1.15
79.1,15.3,1.15
79.1,15.4,1.15
79.1,15.5,1.15
79.1,15.6,1.15
79.1,15.7,1.15
79.1,15.8,1.15
79.1,15.9,1.15
79.1,16.0,1.15
79.1,16.1,1.15
79.1,16.2,1.15
79.1,16.3,1.15
79.1,16.4,1.15
79.1,16.5,1.0
79.1,16.6,1.0
79.1,16.7,1.0
79.1,16.8,1.0
79.1,16.9,1.0
79.1,17.0,1.0
79.1,17.1,1.0
79.1,17.2,1.0
79.1,17.3,1.0
79.1,17.4,1.0
79.1,17.5,1.0
79.1,17.6,1.0
79.1,17.7,1.0
79.1,17.8,1.0
79.1,17.9,1.0
79.1,18.0,1.0
79.1,18.1,1.0
79.1,18.2,1.0
79.1,18.3,1.0
79.1,18.4,1.0
79.1,18.5,1.0
79.1,18.6,1.0
79.1,18.7,1.0
79.1,18.8,1.15
79.1,18.9,1.0
79.1,19.0,1.0
79.1,19.1,1.0
79.1,19.2,1.0
79.1,19.3,1.0
79.1,19.4,1.0
79.1,19.5,1.0
79.1,19.6,1.15
79.1,19.7,1.15
79.1,19.8,1.15
79.1,19.9,1.15
79.1,20.0,1.15
79.1,20.1,1.15
79.1,20.2,1.15
79.1,20.3,1.15
79.1,20.4,1.0
79.1,20.5,1.0
79.1,20.6,1.0
79.1,20.7,1.0
79.1,20.8,1.0
79.1,20.9,1.0
79.1,21.0,1.0
79.1,21.1,1.0
79.1,21.2,1.0
79.1,21.3,1.0
79.1,21.4,1.0
79.1,21.5,1.0
79.1,21.6,1.0
79.1,21.7,1.0
79.1,21.8,1.0
79.1,21.9,1.0
79.1,22.0,1.0
79.1,22.1,1.0
79.1,22.2,1.0
79.1,22.3,1.0
79.1,22.4,1.0
79.1,22.5,1.0
79.1,22.6,1.0
79.1,22.7,1.0
79.1,22.8,1.0
79.1,22.9,1.5
79.1,23.0,1.15
79.1,23.1,1.15
79.1,23.2,1.15
79.1,23.3,1.15
79.1,23.4,1.15
79.1,23.5,1.15
79.1,23.6,1.15
79.1,23.7,1.15
79.1,23.8,1.15
79.1,23.9,1.15
79.1,24.0,1.15
79.1,24.1,1.15
79.1,24.2,1.15
79.1,24.3,1.0
79.1,24.4,1.0
79.1,24.5,1.0
79.1,24.6,1.0
79.1,24.7,1.0
79.1,24.8,1.0
79.1,24.9,1.0
79.1,25.0,1.0
79.1,25.1,1.0
79.1,25.2,1.0
79.1,25.3,1.0
79.1,25.4,1.0
79.1,25.5,1.0
79.1,25.6,1.5
79.1,25.7,1.5
79.1,25.8,1.5
79.1,25.9,1.5
79.1,26.0,1.5
79.1,26.1,1.5
79.1,26.2,1.5
79.1,26.3,1.5
79.1,26.4,1.5
79.1,26.5,1.5
79.1,26.6,1.5
79.1,26.7,1.5
79.1,26.8,1.5
79.1,26.9,1.5
79.1,27.0,1.5
79.1,27.1,1.5
79.1,27.2,1.5
79.1,27.3,1.5
79.1,27.4,1.5
79.1,27.5,1.5
79.1,27.6,1.5
79.1,27.7,1.5
79.1,27.8,1.5
79.1,27.9,1.5
79.1,28.0,1.5
79.1,28.1,1.5
79.1,28.2,1.5
79.1,28.3,1.5
79.1,28.4,1.5
79.1,28.5,1.5
79.1,28.6,1.5
79.1,28.7,1.5
79.1,28.8,1.5
79.1,28.9,1.5
79.1,29.0,1.5
79.1,29.1,1.5
79.1,29.2,1.5
79.1,29.3,1.5
79.1,29.4,1.5
79.1,29.5,1.0
79.1,29.6,1.0
79.1,29.7,1.15
79.1,29.8,1.15
79.1,29.9,1.15
79.1,30.0,1.15
79.1,30.1,1.15
79.1,30.2,1.15
79.1,30.3,1.15
79.1,30.4,1.15
79.1,30.5,1.15
79.1,30.6,1.0
79.1,30.7,1.0
79.1,30.8,1.0
79.1,30.9,1.0
79.1,31.0,1.0
79.1,31.1,1.0
79.1,31.2,1.0
79.1,31.3,1.0
79.1,32.4,1.0
79.1,32.5,1.0
79.1,32.6,1.0
79.1,32.7,1.0
79.1,32.8,1.0
79.1,32.9,1.0
79.1,33.0,1.0
79.1,33.1,1.15
79.1,33.2,1.0
79.1,33.6,1.0
79.1,33.7,1.0
79.1,33.8,1.0
79.1,34.1,1.0
79.1,34.2,1.15
79.1,34.3,1.15
79.1,34.4,1.15
79.1,34.5,1.15
79.1,34.6,1.15
79.1,34.7,1.15
79.1,34.8,1.0
79.1,34.9,1.15
79.1,35.0,1.15
79.1,35.1,1.15
79.1,35.2,1.15
79.1,35.3,1.15
79.1,35.4,1.0
79.1,35.5,1.0
79.1,35.6,1.0
79.1,35.7,1.0
79.1,35.8,1.0
79.2,10.0,1.5
79.2,10.1,1.5
79.2,10.2,1.5
79.2,10.3,1.35
79.2,10.4,1.35
79.2,10.5,1.35
79.2,10.6,1.35
79.2,10.7,1.35
79.2,10.8,1.35
79.2,10.9,1.5
79.2,11.0,1.5
79.2,11.1,1.5
79.2,11.2,1.0
79.2,11.3,1.5
79.2,11.4,1.5
79.2,11.5,1.0
79.2,11.6,1.0
79.2,11.7,1.0
79.2,11.8,1.0
79.2,11.9,1.0
79.2,12.0,1.0
79.2,12.1,1.0
79.2,12.2,1.0
79.2,12.3,1.0
79.2,12.4,1.0
79.2,12.5,1.0
79.2,12.6,1.0
79.2,12.7,1.0
79.2,12.8,1.0
79.2,12.9,1.5
79.2,13.0,1.0
79.2,13.1,1.0
79.2,13.2,1.0
79.2,13.3,1.0
79.2,13.4,1.0
79.2,13.5,1.0
79.2,13.6,1.0
79.2,13.7,1.15
79.2,13.8,1.15
79.2,13.9,1.15
79.2,14.0,1.15
79.2,14.1,1.15
79.2,14.2,1.15
79.2,14.3,1.15
79.2,14.4,1.15
79.2,14.5,1.15
79.2,14.6,1.0
79.2,14.7,1.0
79.2,14.8,1.0
79.2,14.9,1.0
79.2,15.0,1.0
79.2,15.1,1.0
79.2,15.2,1.0
79.2,15.3,1.15
79.2,15.4,1.15
79.2,15.5,1.15
79.2,15.6,1.15
79.2,15.7,1.15
79.2,15.8,1.15
79.2,15.9,1.15
79.2,16.0,1.15
79.2,16.1,1.15
79.2,16.2,1.15
79.2,16.3,1.15
79.2,16.4,1.0
79.2,16.5,1.0
79.2,16.6,1.0
79.2,16.7,1.0
79.2,16.8,1.0
79.2,16.9,1.0
79.2,17.0,1.0
79.2,17.1,1.0
79.2,17.2,1.0
79.2,17.3,1.0
79.2,17.4,1.0
79.2,17.5,1.0
79.2,17.6,1.0
79.2,17.7,1.0
79.2,17.8,1.0
79.2,17.9,1.0
79.2,18.0,1.0
79.2,18.1,1.0
79.2,18.2,1.0
79.2,18.3,1.0
79.2,18.4,1.0
79.2,18.5,1.0
79.2,18.6,1.0
79.2,18.7,1.15
79.2,18.8,1.0
79.2,18.9,1.0
79.2,19.0,1.0
79.2,19.1,1.0
79.2,19.2,1.15
79.2,19.3,1.0
79.2,19.4,1.0
79.2,19.5,1.15
79.2,19.6,1.15
79.2,19.7,1.15
79.2,19.8,1.15
79.2,19.9,1.15
79.2,20.0,1.15
79.2,20.1,1.15
79.2,20.2,1.15
79.2,20.3,1.15
79.2,20.4,1.15
79.2,20.5,1.15
79.2,20.6,1.15
79.2,20.7,1.15
79.2,20.8,1.0
79.2,20.9,1.0
79.2,21.0,1.0
79.2,21.1,1.0
79.2,21.2,1.0
79.2,21.3,1.0
79.2,21.4,1.0
79.2,21.5,1.0
79.2,21.6,1.0
79.2,21.7,1.0
79.2,21.8,1.0
79.2,21.9,1.0
79.2,22.0,1.0
79.2,22.1,1.0
79.2,22.2,1.0
79.2,22.3,1.0
79.2,22.4,1.0
79.2,22.5,1.0
79.2,22.6,1.0
79.2,22.7,1.0
79.2,22.8,1.0
79.2,22.9,1.5
79.2,23.0,1.5
79.2,23.1,1.15
79.2,23.2,1.15
79.2,23.3,1.15
79.2,23.4,1.15
79.2,23.5,1.15
79.2,23.6,1.15
79.2,23.7,1.15
79.2,23.8,1.15
79.2,23.9,1.15
79.2,24.0,1.15
79.2,24.1,1.15
79.2,24.2,1.15
79.2,24.3,1.0
79.2,24.4,1.0
79.2,24.5,1.0
79.2,24.6,1.0
79.2,24.7,1.0
79.2,24.8,1.0
79.2,24.9,1.0
79.2,25.0,1.0
79.2,25.1,1.0
79.2,25.2,1.0
79.2,25.3,1.0
79.2,25.4,1.5
79.2,25.5,1.5
79.2,25.6,1.5
79.2,25.7,1.5
79.2,25.8,1.5
79.2,25.9,1.5
79.2,26.0,1.5
79.2,26.1,1.5
79.2,26.2,1.5
79.2,26.3,1.5
79.2,26.4,1.5
79.2,26.5,1.5
79.2,26.6,1.5
79.2,26.7,1.5
79.2,26.8,1.5
79.2,26.9,1.5
79.2,27.0,1.5
79.2,27.1,1.5
79.2,27.2,1.5
79.2,27.3,1.5
79.2,27.4,1.5
79.2,27.5,1.5
79.2,27.6,1.5
79.2,27.7,1.5
79.2,27.8,1.5
79.2,27.9,1.5
79.2,28.0,1.5
79.2,28.1,1.5
79.2,28.2,1.5
79.2,28.3,1.5
79.2,28.4,1.5
79.2,28.5,1.5
79.2,28.6,1.5
79.2,28.7,1.5
79.2,28.8,1.5
79.2,28.9,1.5
79.2,29.0,1.5
79.2,29.1,1.5
79.2,29.2,1.5
79.2,29.3,1.5
79.2,29.4,1.5
79.2,29.5,1.0
79.2,29.6,1.0
79.2,29.7,1.15
79.2,29.8,1.15
79.2,29.9,1.15
79.2,30.0,1.15
79.2,30.1,1.15
79.2,30.2,1.0
79.2,30.3,1.15
79.2,30.4,1.15
79.2,30.5,1.15
79.2,30.6,1.0
79.2,30.7,1.0
79.2,30.8,1.0
79.2,30.9,1.0
79.2,31.0,1.0
79.2,31.1,1.0
79.2,31.2,1.0
79.2,31.3,1.0
79.2,32.4,1.0
79.2,32.5,1.0
79.2,32.6,1.0
79.2,32.7,1.0
79.2,32.8,1.0
79.2,32.9,1.0
79.2,33.0,1.0
79.2,33.1,1.0
79.2,33.2,1.0
79.2,33.6,1.0
79.2,34.0,1.0
79.2,34.1,1.0
79.2,34.2,1.15
79.2,34.3,1.15
79.2,34.4,1.15
79.2,34.5,1.15
79.2,34.6,1.15
79.2,34.7,1.15
79.2,34.8,1.0
79.2,34.9,1.5
79.2,35.0,1.15
79.2,35.1,1.15
79.2,35.2,1.15
79.2,35.3,1.15
79.2,35.4,1.0
79.2,35.5,1.0
79.2,35.6,1.0
79.2,35.7,1.0
79.2,35.8,1.0
79.3,10.2,1.0
79.3,10.3,1.5
79.3,10.4,1.35
79.3,10.5,1.35
79.3,10.6,1.35
79.3,10.7,1.35
79.3,10.8,1.35
79.3,10.9,1.5
79.3,11.0,1.5
79.3,11.1,1.5
79.3,11.2,1.5
79.3,11.3,1.5
79.3,11.4,1.5
79.3,11.5,1.5
79.3,11.6,1.0
79.3,11.7,1.5
79.3,11.8,1.5
79.3,11.9,1.5
79.3,12.0,1.0
79.3,12.1,1.0
79.3,12.2,1.0
79.3,12.3,1.0
79.3,12.4,1.0
79.3,12.5,1.0
79.3,12.6,1.0
79.3,12.7,1.0
79.3,12.8,1.0
79.3,12.9,1.5
79.3,13.0,1.0
79.3,13.1,1.0
79.3,13.2,1.0
79.3,13.3,1.0
79.3,13.4,1.0
79.3,13.5,1.0
79.3,13.6,1.15
79.3,13.7,1.15
79.3,13.8,1.15
79.3,13.9,1.15
79.3,14.0,1.15
79.3,14.1,1.15
79.3,14.2,1.15
79.3,14.3,1.15
79.3,14.4,1.0
79.3,14.5,1.0
79.3,14.6,1.0
79.3,14.7,1.0
79.3,14.8,1.0
79.3,14.9,1.0
79.3,15.0,1.0
79.3,15.1,1.0
79.3,15.2,1.0
79.3,15.3,1.0
79.3,15.4,1.0
79.3,15.5,1.15
79.3,15.6,1.15
79.3,15.7,1.15
79.3,15.8,1.15
79.3,15.9,1.15
79.3,16.0,1.15
79.3,16.1,1.15
79.3,16.2,1.15
79.3,16.3,1.15
79.3,16.4,1.15
79.3,16.5,1.15
79.3,16.6,1.0
79.3,16.7,1.0
79.3,16.8,1.0
79.3,16.9,1.0
79.3,17.0,1.0
79.3,17.1,1.0
79.3,17.2,1.0
79.3,17.3,1.0
79.3,17.4,1.0
79.3,17.5,1.0
79.3,17.6,1.0
79.3,17.7,1.0
79.3,17.8,1.0
79.3,17.9,1.0
79.3,18.0,1.0
79.3,18.1,1.0
79.3,18.2,1.0
79.3,18.3,1.0
79.3,18.4,1.0
79.3,18.5,1.0
79.3,18.6,1.0
79.3,18.7,1.15
79.3,18.8,1.15
79.3,18.9,1.15
79.3,19.0,1.0
79.3,19.1,1.15
79.3,19.2,1.15
79.3,19.3,1.0
79.3,19.4,1.0
79.3,19.5,1.15
79.3,19.6,1.15
79.3,19.7,1.15
79.3,19.8,1.15
79.3,19.9,1.15
79.3,20.0,1.15
79.3,20.1,1.15
79.3,20.2,1.15
79.3,20.3,1.15
79.3,20.4,1.15
79.3,20.5,1.15
79.3,20.6,1.15
79.3,20.7,1.0
79.3,20.8,1.0
79.3,20.9,1.0
79.3,21.0,1.0
79.3,21.1,1.0
79.3,21.2,1.0
79.3,21.3,1.0
79.3,21.4,1.0
79.3,21.5,1.0
79.3,21.6,1.0
79.3,21.7,1.0
79.3,21.8,1.0
79.3,21.9,1.0
79.3,22.0,1.0
79.3,22.1,1.0
79.3,22.2,1.0
79.3,22.3,1.0
79.3,22.4,1.0
79.3,22.5,1.0
79.3,22.6,1.0
79.3,22.7,1.0
79.3,22.8,1.0
79.3,22.9,1.5
79.3,23.0,1.5
79.3,23.1,1.15
79.3,23.2,1.15
79.3,23.3,1.15
79.3,23.4,1.15
79.3,23.5,1.15
79.3,23.6,1.15
79.3,23.7,1.15
79.3,23.8,1.15
79.3,23.9,1.15
79.3,24.0,1.15
79.3,24.1,1.15
79.3,24.2,1.15
79.3,24.3,1.15
79.3,24.4,1.0
79.3,24.5,1.0
79.3,24.6,1.0
79.3,24.7,1.0
79.3,24.8,1.0
79.3,24.9,1.0
79.3,25.0,1.0
79.3,25.1,1.0
79.3,25.2,1.0
79.3,25.3,1.0
79.3,25.4,1.5
79.3,25.5,1.5
79.3,25.6,1.5
79.3,25.7,1.5
79.3,25.8,1.5
79.3,25.9,1.5
79.3,26.0,1.5
79.3,26.1,1.5
79.3,26.2,1.5
79.3,26.3,1.5
79.3,26.4,1.5
79.3,26.5,1.5
79.3,26.6,1.5
79.3,26.7,1.5
79.3,26.8,1.5
79.3,26.9,1.5
79.3,27.0,1.5
79.3,27.1,1.5
79.3,27.2,1.5
79.3,27.3,1.5
79.3,27.4,1.5
79.3,27.5,1.5
79.3,27.6,1.5
79.3,27.7,1.5
79.3,27.8,1.5
79.3,27.9,1.5
79.3,28.0,1.5
79.3,28.1,1.5
79.3,28.2,1.5
79.3,28.3,1.5
79.3,28.4,1.5
79.3,28.5,1.5
79.3,28.6,1.5
79.3,28.7,1.5
79.3,28.8,1.5
79.3,28.9,1.5
79.3,29.0,1.5
79.3,29.1,1.5
79.3,29.2,1.5
79.3,29.3,1.5
79.3,29.4,1.0
79.3,29.5,1.0
79.3,29.6,1.0
79.3,29.7,1.15
79.3,29.8,1.0
79.3,29.9,1.0
79.3,30.0,1.0
79.3,30.1,1.0
79.3,30.2,1.0
79.3,30.3,1.0
79.3,30.4,1.15
79.3,30.5,1.15
79.3,30.6,1.0
79.3,30.7,1.0
79.3,30.8,1.0
79.3,30.9,1.0
79.3,31.0,1.0
79.3,31.1,1.0
79.3,31.2,1.0
79.3,32.5,1.0
79.3,32.6,1.0
79.3,32.7,1.0
79.3,32.8,1.0
79.3,32.9,1.0
79.3,33.0,1.0
79.3,33.1,1.0
79.3,33.2,1.0
79.3,34.1,1.0
79.3,34.2,1.15
79.3,34.3,1.15
79.3,34.4,1.15
79.3,34.5,1.15
79.3,34.6,1.15
79.3,34.7,1.0
79.3,34.8,1.5
79.3,34.9,1.5
79.3,35.0,1.15
79.3,35.1,1.15
79.3,35.2,1.15
79.3,35.3,1.15
79.3,35.4,1.0
79.3,35.5,1.0
79.3,35.6,1.0
79.3,35.7,1.0
79.3,35.8,1.0
79.3,35.9,1.0
79.4,10.3,1.35
79.4,10.4,1.35
79.4,10.5,1.35
79.4,10.6,1.35
79.4,10.7,1.35
79.4,10.8,1.5
79.4,10.9,1.5
79.4,11.0,1.5
79.4,11.1,1.5
79.4,11.2,1.5
79.4,11.3,1.5
79.4,11.4,1.5
79.4,11.5,1.5
79.4,11.6,1.5
79.4,11.7,1.5
79.4,11.8,1.5
79.4,11.9,1.0
79.4,12.0,1.0
79.4,12.1,1.0
79.4,12.2,1.0
79.4,12.3,1.0
79.4,12.4,1.0
79.4,12.5,1.0
79.4,12.6,1.0
79.4,12.7,1.0
79.4,12.8,1.5
79.4,12.9,1.5
79.4,13.0,1.0
79.4,13.1,1.0
79.4,13.2,1.0
79.4,13.3,1.0
79.4,13.4,1.0
79.4,13.5,1.15
79.4,13.6,1.15
79.4,13.7,1.15
79.4,13.8,1.15
79.4,13.9,1.15
79.4,14.0,1.15
79.4,14.1,1.15
79.4,14.2,1.0
79.4,14.3,1.0
79.4,14.4,1.0
79.4,14.5,1.0
79.4,14.6,1.0
79.4,14.7,1.0
79.4,14.8,1.0
79.4,14.9,1.0
79.4,15.0,1.0
79.4,15.1,1.0
79.4,15.2,1.0
79.4,15.3,1.0
79.4,15.4,1.0
79.4,15.5,1.0
79.4,15.6,1.15
79.4,15.7,1.15
79.4,15.8,1.15
79.4,15.9,1.15
79.4,16.0,1.15
79.4,16.1,1.15
79.4,16.2,1.15
79.4,16.3,1.15
79.4,16.4,1.15
79.4,16.5,1.0
79.4,16.6,1.15
79.4,16.7,1.0
79.4,16.8,1.0
79.4,16.9,1.0
79.4,17.0,1.0
79.4,17.1,1.0
79.4,17.2,1.0
79.4,17.3,1.0
79.4,17.4,1.0
79.4,17.5,1.0
79.4,17.6,1.0
79.4,17.7,1.0
79.4,17.8,1.0
79.4,17.9,1.0
79.4,18.0,1.0
79.4,18.1,1.0
79.4,18.2,1.0
79.4,18.3,1.0
79.4,18.4,1.0
79.4,18.5,1.0
79.4,18.6,1.15
79.4,18.7,1.15
79.4,18.8,1.15
79.4,18.9,1.15
79.4,19.0,1.15
79.4,19.1,1.15
79.4,19.2,1.15
79.4,19.3,1.0
79.4,19.4,1.0
79.4,19.5,1.15
79.4,19.6,1.15
79.4,19.7,1.15
79.4,19.8,1.15
79.4,19.9,1.15
79.4,20.0,1.15
79.4,20.1,1.15
79.4,20.2,1.15
79.4,20.3,1.15
79.4,20.4,1.0
79.4,20.5,1.0
79.4,20.6,1.0
79.4,20.7,1.0
79.4,20.8,1.0
79.4,20.9,1.0
79.4,21.0,1.0
79.4,21.1,1.0
79.4,21.2,1.0
79.4,21.3,1.0
79.4,21.4,1.0
79.4,21.5,1.0
79.4,21.6,1.0
79.4,21.7,1.0
79.4,21.8,1.0
79.4,21.9,1.0
79.4,22.0,1.0
79.4,22.1,1.0
79.4,22.2,1.0
79.4,22.3,1.0
79.4,22.4,1.0
79.4,22.5,1.0
79.4,22.6,1.0
79.4,22.7,1.0
79.4,22.8,1.0
79.4,22.9,1.0
79.4,23.0,1.5
79.4,23.1,1.5
79.4,23.2,1.15
79.4,23.3,1.15
79.4,23.4,1.15
79.4,23.5,1.15
79.4,23.6,1.15
79.4,23.7,1.15
79.4,23.8,1.15
79.4,23.9,1.15
79.4,24.0,1.15
79.4,24.1,1.15
79.4,24.2,1.15
79.4,24.3,1.15
79.4,24.4,1.0
79.4,24.5,1.0
79.4,24.6,1.0
79.4,24.7,1.0
79.4,24.8,1.0
79.4,24.9,1.0
79.4,25.0,1.0
79.4,25.1,1.0
79.4,25.2,1.0
79.4,25.3,1.0
79.4,25.4,1.5
79.4,25.5,1.5
79.4,25.6,1.5
79.4,25.7,1.5
79.4,25.8,1.5
79.4,25.9,1.5
79.4,26.0,1.5
79.4,26.1,1.5
79.4,26.2,1.5
79.4,26.3,1.5
79.4,26.4,1.5
79.4,26.5,1.5
79.4,26.6,1.5
79.4,26.7,1.5
79.4,26.8,1.5
79.4,26.9,1.5
79.4,27.0,1.5
79.4,27.1,1.5
79.4,27.2,1.5
79.4,27.3,1.5
79.4,27.4,1.5
79.4,27.5,1.5
79.4,27.6,1.5
79.4,27.7,1.5
79.4,27.8,1.5
79.4,27.9,1.5
79.4,28.0,1.5
79.4,28.1,1.5
79.4,28.2,1.5
79.4,28.3,1.5
79.4,28.4,1.5
79.4,28.5,1.5
79.4,28.6,1.5
79.4,28.7,1.5
79.4,28.8,1.5
79.4,28.9,1.5
79.4,29.0,1.5
79.4,29.1,1.5
79.4,29.2,1.5
79.4,29.3,1.5
79.4,29.4,1.0
79.4,29.5,1.0
79.4,29.6,1.0
79.4,29.7,1.0
79.4,29.8,1.0
79.4,29.9,1.0
79.4,30.0,1.0
79.4,30.1,1.0
79.4,30.2,1.0
79.4,30.3,1.0
79.4,30.4,1.0
79.4,30.5,1.0
79.4,30.6,1.0
79.4,30.7,1.0
79.4,30.8,1.0
79.4,30.9,1.0
79.4,31.0,1.0
79.4,31.1,1.0
79.4,32.5,1.0
79.4,32.6,1.0
79.4,32.7,1.0
79.4,32.8,1.0
79.4,32.9,1.0
79.4,33.0,1.0
79.4,33.1,1.0
79.4,33.2,1.0
79.4,34.0,1.0
79.4,34.1,1.0
79.4,34.2,1.0
79.4,34.3,1.15
79.4,34.4,1.15
79.4,34.5,1.15
79.4,34.6,1.0
79.4,34.7,1.5
79.4,34.8,1.5
79.4,34.9,1.5
79.4,35.0,1.5
79.4,35.1,1.15
79.4,35.2,1.0
79.4,35.3,1.0
79.4,35.4,1.0
79.4,35.5,1.0
79.4,35.6,1.0
79.4,35.7,1.0
79.4,35.8,1.0
79.4,35.9,1.0
79.5,10.3,1.35
79.5,10.4,1.35
79.5,10.5,1.35
79.5,10.6,1.35
79.5,10.7,1.35
79.5,10.8,1.5
79.5,10.9,1.5
79.5,11.0,1.5
79.5,11.1,1.5
79.5,11.2,1.5
79.5,11.3,1.5
79.5,11.4,1.5
79.5,11.5,1.5
79.5,11.6,1.5
79.5,11.7,1.5
79.5,11.8,1.5
79.5,11.9,1.5
79.5,12.0,1.5
79.5,12.1,1.0
79.5,12.2,1.0
79.5,12.3,1.0
79.5,12.4,1.0
79.5,12.5,1.0
79.5,12.6,1.0
79.5,12.7,1.0
79.5,12.8,1.5
79.5,12.9,1.5
79.5,13.0,1.0
79.5,13.1,1.0
79.5,13.2,1.0
79.5,13.3,1.0
79.5,13.4,1.0
79.5,13.5,1.0
79.5,13.6,1.15
79.5,13.7,1.15
79.5,13.8,1.0
79.5,13.9,1.15
79.5,14.0,1.15
79.5,14.1,1.0
79.5,14.2,1.0
79.5,14.3,1.0
79.5,14.4,1.0
79.5,14.5,1.0
79.5,14.6,1.0
79.5,14.7,1.0
79.5,14.8,1.0
79.5,14.9,1.0
79.5,15.0,1.0
79.5,15.1,1.0
79.5,15.2,1.0
79.5,15.3,1.0
79.5,15.4,1.0
79.5,15.5,1.0
79.5,15.6,1.0
79.5,15.7,1.0
79.5,15.8,1.0
79.5,15.9,1.15
79.5,16.0,1.15
79.5,16.1,1.15
79.5,16.2,1.15
79.5,16.3,1.15
79.5,16.4,1.15
79.5,16.5,1.15
79.5,16.6,1.15
79.5,16.7,1.0
79.5,16.8,1.0
79.5,16.9,1.0
79.5,17.0,1.0
79.5,17.1,1.0
79.5,17.2,1.0
79.5,17.3,1.0
79.5,17.4,1.0
79.5,17.5,1.0
79.5,17.6,1.0
79.5,17.7,1.0
79.5,17.8,1.0
79.5,17.9,1.0
79.5,18.0,1.0
79.5,18.1,1.0
79.5,18.2,1.0
79.5,18.3,1.0
79.5,18.4,1.0
79.5,18.5,1.15
79.5,18.6,1.15
79.5,18.7,1.15
79.5,18.8,1.15
79.5,18.9,1.15
79.5,19.0,1.15
79.5,19.1,1.15
79.5,19.2,1.15
79.5,19.3,1.15
79.5,19.4,1.15
79.5,19.5,1.15
79.5,19.6,1.15
79.5,19.7,1.15
79.5,19.8,1.15
79.5,19.9,1.15
79.5,20.0,1.15
79.5,20.1,1.15
79.5,20.2,1.0
79.5,20.3,1.0
79.5,20.4,1.0
79.5,20.5,1.0
79.5,20.6,1.0
79.5,20.7,1.0
79.5,20.8,1.0
79.5,20.9,1.0
79.5,21.0,1.0
79.5,21.1,1.0
79.5,21.2,1.0
79.5,21.3,1.0
79.5,21.4,1.0
79.5,21.5,1.0
79.5,21.6,1.0
79.5,21.7,1.0
79.5,21.8,1.0
79.5,21.9,1.0
79.5,22.0,1.0
79.5,22.1,1.0
79.5,22.2,1.0
79.5,22.3,1.0
79.5,22.4,1.0
79.5,22.5,1.0
79.5,22.6,1.0
79.5,22.7,1.0
79.5,22.8,1.0
79.5,22.9,1.0
79.5,23.0,1.5
79.5,23.1,1.5
79.5,23.2,1.5
79.5,23.3,1.15
79.5,23.4,1.15
79.5,23.5,1.15
79.5,23.6,1.15
79.5,23.7,1.15
79.5,23.8,1.15
79.5,23.9,1.15
79.5,24.0,1.15
79.5,24.1,1.15
79.5,24.2,1.15
79.5,24.3,1.15
79.5,24.4,1.0
79.5,24.5,1.0
79.5,24.6,1.0
79.5,24.7,1.0
79.5,24.8,1.0
79.5,24.9,1.0
79.5,25.0,1.0
79.5,25.1,1.0
79.5,25.2,1.0
79.5,25.3,1.5
79.5,25.4,1.5
79.5,25.5,1.5
79.5,25.6,1.5
79.5,25.7,1.5
79.5,25.8,1.5
79.5,25.9,1.5
79.5,26.0,1.5
79.5,26.1,1.5
79.5,26.2,1.5
79.5,26.3,1.5
79.5,26.4,1.5
79.5,26.5,1.5
79.5,26.6,1.5
79.5,26.7,1.5
79.5,26.8,1.5
79.5,26.9,1.5
79.5,27.0,1.5
79.5,27.1,1.5
79.5,27.2,1.5
79.5,27.3,1.5
79.5,27.4,1.5
79.5,27.5,1.5
79.5,27.6,1.5
79.5,27.7,1.5
79.5,27.8,1.5
79.5,27.9,1.5
79.5,28.0,1.5
79.5,28.1,1.5
79.5,28.2,1.5
79.5,28.3,1.5
79.5,28.4,1.5
79.5,28.5,1.5
79.5,28.6,1.5
79.5,28.7,1.5
79.5,28.8,1.5
79.5,28.9,1.5
79.5,29.0,1.5
79.5,29.1,1.5
79.5,29.2,1.5
79.5,29.3,1.0
79.5,29.4,1.0
79.5,29.5,1.0
79.5,29.6,1.0
79.5,29.7,1.0
79.5,29.8,1.0
79.5,29.9,1.0
79.5,30.0,1.0
79.5,30.1,1.0
79.5,30.2,1.0
79.5,30.3,1.0
79.5,30.4,1.0
79.5,30.5,1.0
79.5,30.6,1.0
79.5,30.7,1.0
79.5,30.8,1.0
79.5,30.9,1.0
79.5,31.0,1.0
79.5,32.5,1.0
79.5,32.6,1.0
79.5,32.7,1.0
79.5,32.8,1.0
79.5,32.9,1.0
79.5,33.1,1.0
79.5,33.2,1.0
79.5,34.0,1.0
79.5,34.1,1.0
79.5,34.2,1.0
79.5,34.3,1.15
79.5,34.4,1.15
79.5,34.5,1.15
79.5,34.6,1.0
79.5,34.7,1.5
79.5,34.8,1.5
79.5,34.9,1.5
79.5,35.0,1.5
79.5,35.1,1.5
79.5,35.2,1.0
79.5,35.3,1.5
79.5,35.4,1.5
79.5,35.5,1.5
79.5,35.6,1.0
79.5,35.7,1.0
79.5,35.8,1.0
79.5,35.9,1.0
79.6,10.3,1.35
79.6,10.4,1.35
79.6,10.5,1.35
79.6,10.6,1.35
79.6,10.7,1.35
79.6,10.8,1.5
79.6,10.9,1.5
79.6,11.0,1.5
79.6,11.1,1.5
79.6,11.2,1.5
79.6,11.3,1.5
79.6,11.4,1.5
79.6,11.5,1.5
79.6,11.6,1.5
79.6,11.7,1.5
79.6,11.8,1.5
79.6,11.9,1.5
79.6,12.0,1.0
79.6,12.1,1.0
79.6,12.2,1.0
79.6,12.3,1.0
79.6,12.4,1.0
79.6,12.5,1.0
79.6,12.6,1.0
79.6,12.7,1.0
79.6,12.8,1.0
79.6,12.9,1.5
79.6,13.0,1.5
79.6,13.1,1.0
79.6,13.2,1.5
79.6,13.3,1.5
79.6,13.4,1.5
79.6,13.5,1.5
79.6,13.6,1.0
79.6,13.7,1.0
79.6,13.8,1.0
79.6,13.9,1.0
79.6,14.0,1.0
79.6,14.1,1.0
79.6,14.2,1.0
79.6,14.3,1.0
79.6,14.4,1.0
79.6,14.5,1.0
79.6,14.6,1.0
79.6,14.7,1.0
79.6,14.8,1.0
79.6,14.9,1.0
79.6,15.0,1.35
79.6,15.1,1.35
79.6,15.2,1.35
79.6,15.3,1.35
79.6,15.4,1.0
79.6,15.5,1.0
79.6,15.6,1.0
79.6,15.7,1.0
79.6,15.8,1.0
79.6,15.9,1.0
79.6,16.0,1.15
79.6,16.1,1.15
79.6,16.2,1.15
79.6,16.3,1.15
79.6,16.4,1.15
79.6,16.5,1.15
79.6,16.6,1.15
79.6,16.7,1.0
79.6,16.8,1.0
79.6,16.9,1.0
79.6,17.0,1.0
79.6,17.1,1.0
79.6,17.2,1.0
79.6,17.3,1.0
79.6,17.4,1.0
79.6,17.5,1.0
79.6,17.6,1.0
79.6,17.7,1.0
79.6,17.8,1.0
79.6,17.9,1.0
79.6,18.0,1.0
79.6,18.1,1.0
79.6,18.2,1.0
79.6,18.3,1.15
79.6,18.4,1.15
79.6,18.5,1.15
79.6,18.6,1.15
79.6,18.7,1.15
79.6,18.8,1.15
79.6,18.9,1.15
79.6,19.0,1.15
79.6,19.1,1.15
79.6,19.2,1.15
79.6,19.3,1.15
79.6,19.4,1.15
79.6,19.5,1.15
79.6,19.6,1.15
79.6,19.7,1.15
79.6,19.8,1.0
79.6,19.9,1.0
79.6,20.0,1.0
79.6,20.1,1.0
79.6,20.2,1.0
79.6,20.3,1.0
79.6,20.4,1.0
79.6,20.5,1.0
79.6,20.6,1.0
79.6,20.7,1.0
79.6,20.8,1.0
79.6,20.9,1.0
79.6,21.0,1.0
79.6,21.1,1.0
79.6,21.2,1.0
79.6,21.3,1.0
79.6,21.4,1.0
79.6,21.5,1.0
79.6,21.6,1.0
79.6,21.7,1.0
79.6,21.8,1.0
79.6,21.9,1.0
79.6,22.0,1.0
79.6,22.1,1.0
79.6,22.2,1.0
79.6,22.3,1.0
79.6,22.4,1.0
79.6,22.5,1.0
79.6,22.6,1.0
79.6,22.7,1.0
79.6,22.8,1.0
79.6,22.9,1.0
79.6,23.0,1.0
79.6,23.1,1.5
79.6,23.2,1.5
79.6,23.3,1.15
79.6,23.4,1.15
79.6,23.5,1.15
79.6,23.6,1.15
79.6,23.7,1.15
79.6,23.8,1.15
79.6,23.9,1.15
79.6,24.0,1.15
79.6,24.1,1.15
79.6,24.2,1.15
79.6,24.3,1.15
79.6,24.4,1.15
79.6,24.5,1.0
79.6,24.6,1.0
79.6,24.7,1.0
79.6,24.8,1.0
79.6,24.9,1.0
79.6,25.0,1.0
79.6,25.1,1.0
79.6,25.2,1.0
79.6,25.3,1.5
79.6,25.4,1.5
79.6,25.5,1.5
79.6,25.6,1.5
79.6,25.7,1.5
79.6,25.8,1.5
79.6,25.9,1.5
79.6,26.0,1.5
79.6,26.1,1.5
79.6,26.2,1.5
79.6,26.3,1.5
79.6,26.4,1.5
79.6,26.5,1.5
79.6,26.6,1.5
79.6,26.7,1.5
79.6,26.8,1.5
79.6,26.9,1.5
79.6,27.0,1.5
79.6,27.1,1.5
79.6,27.2,1.5
79.6,27.3,1.5
79.6,27.4,1.5
79.6,27.5,1.5
79.6,27.6,1.5
79.6,27.7,1.5
79.6,27.8,1.5
79.6,27.9,1.5
79.6,28.0,1.5
79.6,28.1,1.5
79.6,28.2,1.5
79.6,28.3,1.5
79.6,28.4,1.5
79.6,28.5,1.5
79.6,28.6,1.5
79.6,28.7,1.5
79.6,28.8,1.5
79.6,28.9,1.5
79.6,29.0,1.5
79.6,29.1,1.5
79.6,29.2,1.0
79.6,29.3,1.0
79.6,29.4,1.0
79.6,29.5,1.0
79.6,29.6,1.0
79.6,29.7,1.0
79.6,29.8,1.0
79.6,29.9,1.0
79.6,30.0,1.0
79.6,30.1,1.0
79.6,30.2,1.0
79.6,30.3,1.0
79.6,30.4,1.0
79.6,30.5,1.0
79.6,30.6,1.0
79.6,30.7,1.0
79.6,30.8,1.0
79.6,30.9,1.0
79.6,32.6,1.0
79.6,32.7,1.0
79.6,32.8,1.0
79.6,34.1,1.0
79.6,34.2,1.0
79.6,34.3,1.0
79.6,34.4,1.15
79.6,34.5,1.15
79.6,34.6,1.0
79.6,34.7,1.5
79.6,34.8,1.5
79.6,34.9,1.5
79.6,35.0,1.5
79.6,35.1,1.5
79.6,35.2,1.5
79.6,35.3,1.5
79.6,35.4,1.5
79.6,35.5,1.5
79.6,35.6,1.0
79.6,35.7,1.0
79.6,35.8,1.0
79.7,10.2,1.35
79.7,10.3,1.35
79.7,10.4,1.35
79.7,10.5,1.35
79.7,10.6,1.35
79.7,10.7,1.35
79.7,10.8,1.5
79.7,10.9,1.5
79.7,11.0,1.5
79.7,11.1,1.5
79.7,11.2,1.5
79.7,11.3,1.5
79.7,11.4,1.5
79.7,11.5,1.5
79.7,11.6,1.5
79.7,11.7,1.5
79.7,11.8,1.5
79.7,11.9,1.5
79.7,12.0,1.5
79.7,12.1,1.0
79.7,12.2,1.0
79.7,12.3,1.0
79.7,12.4,1.0
79.7,12.5,1.0
79.7,12.6,1.0
79.7,12.7,1.0
79.7,12.8,1.0
79.7,12.9,1.0
79.7,13.0,1.5
79.7,13.1,1.5
79.7,13.2,1.5
79.7,13.3,1.5
79.7,13.4,1.5
79.7,13.5,1.0
79.7,13.6,1.0
79.7,13.7,1.0
79.7,13.8,1.0
79.7,13.9,1.0
79.7,14.0,1.0
79.7,14.1,1.0
79.7,14.2,1.0
79.7,14.3,1.0
79.7,14.4,1.0
79.7,14.5,1.0
79.7,14.6,1.0
79.7,14.7,1.35
79.7,14.8,1.35
79.7,14.9,1.35
79.7,15.0,1.35
79.7,15.1,1.35
79.7,15.2,1.35
79.7,15.3,1.35
79.7,15.4,1.0
79.7,15.5,1.0
79.7,15.6,1.0
79.7,15.7,1.0
79.7,15.8,1.0
79.7,15.9,1.0
79.7,16.0,1.0
79.7,16.1,1.15
79.7,16.2,1.15
79.7,16.3,1.15
79.7,16.4,1.15
79.7,16.5,1.15
79.7,16.6,1.15
79.7,16.7,1.15
79.7,16.8,1.0
79.7,16.9,1.0
79.7,17.0,1.0
79.7,17.1,1.0
79.7,17.2,1.0
79.7,17.3,1.0
79.7,17.4,1.0
79.7,17.5,1.0
79.7,17.6,1.0
79.7,17.7,1.0
79.7,17.8,1.0
79.7,17.9,1.0
79.7,18.0,1.0
79.7,18.1,1.0
79.7,18.2,1.15
79.7,18.3,1.15
79.7,18.4,1.15
79.7,18.5,1.15
79.7,18.6,1.15
79.7,18.7,1.15
79.7,18.8,1.15
79.7,18.9,1.15
79.7,19.0,1.15
79.7,19.1,1.15
79.7,19.2,1.15
79.7,19.3,1.15
79.7,19.4,1.15
79.7,19.5,1.15
79.7,19.6,1.0
79.7,19.7,1.0
79.7,19.8,1.0
79.7,19.9,1.0
79.7,20.0,1.0
79.7,20.1,1.0
79.7,20.2,1.0
79.7,20.3,1.0
79.7,20.4,1.0
79.7,20.5,1.0
79.7,20.6,1.0
79.7,20.7,1.0
79.7,20.8,1.0
79.7,20.9,1.0
79.7,21.0,1.0
79.7,21.1,1.0
79.7,21.2,1.0
79.7,21.3,1.0
79.7,21.4,1.0
79.7,21.5,1.0
79.7,21.6,1.0
79.7,21.7,1.0
79.7,21.8,1.0
79.7,21.9,1.0
79.7,22.0,1.0
79.7,22.1,1.0
79.7,22.2,1.0
79.7,22.3,1.0
79.7,22.4,1.0
79.7,22.5,1.0
79.7,22.6,1.0
79.7,22.7,1.0
79.7,22.8,1.0
79.7,22.9,1.0
79.7,23.0,1.0
79.7,23.1,1.5
79.7,23.2,1.5
79.7,23.3,1.5
79.7,23.4,1.15
79.7,23.5,1.15
79.7,23.6,1.15
79.7,23.7,1.15
79.7,23.8,1.15
79.7,23.9,1.15
79.7,24.0,1.15
79.7,24.1,1.15
79.7,24.2,1.15
79.7,24.3,1.15
79.7,24.4,1.15
79.7,24.5,1.15
79.7,24.6,1.0
79.7,24.7,1.0
79.7,24.8,1.0
79.7,24.9,1.0
79.7,25.0,1.0
79.7,25.1,1.0
79.7,25.2,1.0
79.7,25.3,1.0
79.7,25.4,1.5
79.7,25.5,1.5
79.7,25.6,1.5
79.7,25.7,1.5
79.7,25.8,1.5
79.7,25.9,1.5
79.7,26.0,1.5
79.7,26.1,1.5
79.7,26.2,1.5
79.7,26.3,1.5
79.7,26.4,1.5
79.7,26.5,1.5
79.7,26.6,1.5
79.7,26.7,1.5
79.7,26.8,1.5
79.7,26.9,1.5
79.7,27.0,1.5
79.7,27.1,1.5
79.7,27.2,1.5
79.7,27.3,1.5
79.7,27.4,1.5
79.7,27.5,1.5
79.7,27.6,1.5
79.7,27.7,1.5
79.7,27.8,1.5
79.7,27.9,1.5
79.7,28.0,1.5
79.7,28.1,1.5
79.7,28.2,1.5
79.7,28.3,1.5
79.7,28.4,1.5
79.7,28.5,1.5
79.7,28.6,1.5
79.7,28.7,1.5
79.7,28.8,1.5
79.7,28.9,1.5
79.7,29.0,1.5
79.7,29.1,1.5
79.7,29.2,1.0
79.7,29.3,1.0
79.7,29.4,1.0
79.7,29.5,1.0
79.7,29.6,1.0
79.7,29.7,1.0
79.7,29.8,1.0
79.7,29.9,1.0
79.7,30.0,1.0
79.7,30.1,1.0
79.7,30.2,1.0
79.7,30.3,1.0
79.7,30.4,1.0
79.7,30.5,1.0
79.7,30.6,1.0
79.7,30.7,1.0
79.7,30.8,1.0
79.7,32.7,1.0
79.7,34.4,1.15
79.7,34.5,1.15
79.7,34.6,1.15
79.7,34.7,1.15
79.7,34.8,1.5
79.7,34.9,1.5
79.7,35.0,1.5
79.7,35.1,1.5
79.7,35.2,1.5
79.7,35.3,1.5
79.7,35.4,1.5
79.7,35.5,1.0
79.7,35.6,1.0
79.7,35.7,1.0
79.7,35.8,1.0
79.8,10.2,1.35
79.8,10.3,1.35
79.8,10.4,1.35
79.8,10.5,1.35
79.8,10.6,1.35
79.8,10.7,1.35
79.8,10.8,1.5
79.8,10.9,1.5
79.8,11.0,1.5
79.8,11.2,1.0
79.8,11.9,1.5
79.8,12.0,1.5
79.8,12.1,1.5
79.8,12.2,1.5
79.8,12.3,1.0
79.8,12.4,1.0
79.8,12.5,1.0
79.8,12.6,1.0
79.8,12.7,1.5
79.8,12.8,1.0
79.8,12.9,1.0
79.8,13.0,1.5
79.8,13.1,1.5
79.8,13.2,1.5
79.8,13.3,1.5
79.8,13.4,1.5
79.8,13.5,1.5
79.8,13.6,1.0
79.8,13.7,1.0
79.8,13.8,1.0
79.8,13.9,1.0
79.8,14.0,1.0
79.8,14.1,1.0
79.8,14.2,1.0
79.8,14.3,1.0
79.8,14.4,1.0
79.8,14.5,1.0
79.8,14.6,1.0
79.8,14.7,1.35
79.8,14.8,1.35
79.8,14.9,1.35
79.8,15.0,1.35
79.8,15.1,1.35
79.8,15.2,1.35
79.8,15.3,1.35
79.8,15.4,1.35
79.8,15.5,1.0
79.8,15.6,1.35
79.8,15.7,1.35
79.8,15.8,1.0
79.8,15.9,1.0
79.8,16.0,1.0
79.8,16.1,1.0
79.8,16.2,1.15
79.8,16.3,1.15
79.8,16.4,1.15
79.8,16.5,1.15
79.8,16.6,1.15
79.8,16.7,1.15
79.8,16.8,1.0
79.8,16.9,1.0
79.8,17.0,1.0
79.8,17.1,1.0
79.8,17.2,1.0
79.8,17.3,1.0
79.8,17.4,1.0
79.8,17.5,1.0
79.8,17.6,1.0
79.8,17.7,1.0
79.8,17.8,1.0
79.8,17.9,1.0
79.8,18.0,1.0
79.8,18.1,1.15
79.8,18.2,1.15
79.8,18.3,1.15
79.8,18.4,1.15
79.8,18.5,1.15
79.8,18.6,1.15
79.8,18.7,1.15
79.8,18.8,1.15
79.8,18.9,1.15
79.8,19.0,1.15
79.8,19.1,1.15
79.8,19.2,1.15
79.8,19.3,1.0
79.8,19.4,1.0
79.8,19.5,1.0
79.8,19.6,1.0
79.8,19.7,1.0
79.8,19.8,1.0
79.8,19.9,1.0
79.8,20.0,1.0
79.8,20.1,1.0
79.8,20.2,1.0
79.8,20.3,1.0
79.8,20.4,1.0
79.8,20.5,1.0
79.8,20.6,1.0
79.8,20.7,1.0
79.8,20.8,1.0
79.8,20.9,1.0
79.8,21.0,1.0
79.8,21.1,1.0
79.8,21.2,1.0
79.8,21.3,1.0
79.8,21.4,1.0
79.8,21.5,1.0
79.8,21.6,1.0
79.8,21.7,1.0
79.8,21.8,1.0
79.8,21.9,1.0
79.8,22.0,1.0
79.8,22.1,1.0
79.8,22.2,1.0
79.8,22.3,1.0
79.8,22.4,1.0
79.8,22.5,1.0
79.8,22.6,1.0
79.8,22.7,1.0
79.8,22.8,1.0
79.8,22.9,1.0
79.8,23.0,1.0
79.8,23.1,1.5
79.8,23.2,1.5
79.8,23.3,1.5
79.8,23.4,1.15
79.8,23.5,1.15
79.8,23.6,1.15
79.8,23.7,1.15
79.8,23.8,1.15
79.8,23.9,1.15
79.8,24.0,1.15
79.8,24.1,1.15
79.8,24.2,1.15
79.8,24.3,1.15
79.8,24.4,1.15
79.8,24.5,1.15
79.8,24.6,1.0
79.8,24.7,1.0
79.8,24.8,1.0
79.8,24.9,1.0
79.8,25.0,1.0
79.8,25.1,1.0
79.8,25.2,1.0
79.8,25.3,1.5
79.8,25.4,1.5
79.8,25.5,1.5
79.8,25.6,1.5
79.8,25.7,1.5
79.8,25.8,1.5
79.8,25.9,1.5
79.8,26.0,1.5
79.8,26.1,1.5
79.8,26.2,1.5
79.8,26.3,1.5
79.8,26.4,1.5
79.8,26.5,1.5
79.8,26.6,1.5
79.8,26.7,1.5
79.8,26.8,1.5
79.8,26.9,1.5
79.8,27.0,1.5
79.8,27.1,1.5
79.8,27.2,1.5
79.8,27.3,1.5
79.8,27.4,1.5
79.8,27.5,1.5
79.8,27.6,1.5
79.8,27.7,1.5
79.8,27.8,1.5
79.8,27.9,1.5
79.8,28.0,1.5
79.8,28.1,1.5
79.8,28.2,1.5
79.8,28.3,1.5
79.8,28.4,1.5
79.8,28.5,1.5
79.8,28.6,1.5
79.8,28.7,1.5
79.8,28.8,1.5
79.8,28.9,1.5
79.8,29.0,1.5
79.8,29.1,1.5
79.8,29.2,1.0
79.8,29.3,1.0
79.8,29.4,1.0
79.8,29.5,1.0
79.8,29.6,1.0
79.8,29.7,1.0
79.8,29.8,1.0
79.8,29.9,1.0
79.8,30.0,1.0
79.8,30.1,1.0
79.8,30.2,1.0
79.8,30.3,1.0
79.8,30.4,1.0
79.8,30.5,1.0
79.8,30.6,1.0
79.8,30.7,1.0
79.8,30.8,1.0
79.8,30.9,1.0
79.8,34.5,1.15
79.8,34.6,1.15
79.8,34.7,1.15
79.8,34.8,1.15
79.8,34.9,1.0
79.8,35.0,1.5
79.8,35.1,1.5
79.8,35.2,1.5
79.8,35.3,1.5
79.8,35.4,1.0
79.8,35.5,1.0
79.8,35.6,1.0
79.8,35.7,1.0
79.8,35.8,1.0
79.9,12.1,1.5
79.9,12.2,1.5
79.9,12.3,1.0
79.9,12.4,1.0
79.9,12.5,1.5
79.9,12.6,1.5
79.9,12.7,1.0
79.9,12.8,1.0
79.9,12.9,1.0
79.9,13.0,1.0
79.9,13.1,1.5
79.9,13.2,1.5
79.9,13.3,1.5
79.9,13.4,1.5
79.9,13.5,1.5
79.9,13.6,1.0
79.9,13.7,1.0
79.9,13.8,1.0
79.9,13.9,1.5
79.9,14.0,1.5
79.9,14.1,1.0
79.9,14.2,1.0
79.9,14.3,1.0
79.9,14.4,1.0
79.9,14.5,1.0
79.9,14.6,1.0
79.9,14.7,1.35
79.9,14.8,1.35
79.9,14.9,1.35
79.9,15.0,1.35
79.9,15.1,1.35
79.9,15.2,1.35
79.9,15.3,1.35
79.9,15.4,1.0
79.9,15.5,1.35
79.9,15.6,1.35
79.9,15.7,1.0
79.9,15.8,1.0
79.9,15.9,1.0
79.9,16.0,1.0
79.9,16.1,1.0
79.9,16.2,1.0
79.9,16.3,1.15
79.9,16.4,1.15
79.9,16.5,1.15
79.9,16.6,1.15
79.9,16.7,1.15
79.9,16.8,1.0
79.9,16.9,1.0
79.9,17.0,1.0
79.9,17.1,1.0
79.9,17.2,1.0
79.9,17.3,1.0
79.9,17.4,1.0
79.9,17.5,1.0
79.9,17.6,1.0
79.9,17.7,1.0
79.9,17.8,1.0
79.9,17.9,1.0
79.9,18.0,1.15
79.9,18.1,1.15
79.9,18.2,1.15
79.9,18.3,1.15
79.9,18.4,1.15
79.9,18.5,1.15
79.9,18.6,1.15
79.9,18.7,1.15
79.9,18.8,1.15
79.9,18.9,1.15
79.9,19.0,1.15
79.9,19.1,1.0
79.9,19.2,1.0
79.9,19.3,1.0
79.9,19.4,1.0
79.9,19.5,1.0
79.9,19.6,1.0
79.9,19.7,1.0
79.9,19.8,1.0
79.9,19.9,1.0
79.9,20.0,1.0
79.9,20.1,1.0
79.9,20.2,1.0
79.9,20.3,1.0
79.9,20.4,1.0
79.9,20.5,1.0
79.9,20.6,1.0
79.9,20.7,1.0
79.9,20.8,1.0
79.9,20.9,1.0
79.9,21.0,1.0
79.9,21.1,1.0
79.9,21.2,1.0
79.9,21.3,1.0
79.9,21.4,1.0
79.9,21.5,1.0
79.9,21.6,1.0
79.9,21.7,1.0
79.9,21.8,1.0
79.9,21.9,1.0
79.9,22.0,1.0
79.9,22.1,1.0
79.9,22.2,1.0
79.9,22.3,1.0
79.9,22.4,1.0
79.9,22.5,1.0
79.9,22.6,1.0
79.9,22.7,1.0
79.9,22.8,1.0
79.9,22.9,1.0
79.9,23.0,1.0
79.9,23.1,1.0
79.9,23.2,1.5
79.9,23.3,1.5
79.9,23.4,1.5
79.9,23.5,1.15
79.9,23.6,1.15
79.9,23.7,1.15
79.9,23.8,1.15
79.9,23.9,1.15
79.9,24.0,1.15
79.9,24.1,1.15
79.9,24.2,1.15
79.9,24.3,1.15
79.9,24.4,1.15
79.9,24.5,1.15
79.9,24.6,1.15
79.9,24.7,1.0
79.9,24.8,1.0
79.9,24.9,1.0
79.9,25.0,1.0
79.9,25.1,1.5
79.9,25.2,1.5
79.9,25.3,1.5
79.9,25.4,1.5
79.9,25.5,1.5
79.9,25.6,1.5
79.9,25.7,1.5
79.9,25.8,1.5
79.9,25.9,1.5
79.9,26.0,1.5
79.9,26.1,1.5
79.9,26.2,1.5
79.9,26.3,1.5
79.9,26.4,1.5
79.9,26.5,1.5
79.9,26.6,1.5
79.9,26.7,1.5
79.9,26.8,1.5
79.9,26.9,1.5
79.9,27.0,1.5
79.9,27.1,1.5
79.9,27.2,1.5
79.9,27.3,1.5
79.9,27.4,1.5
79.9,27.5,1.5
79.9,27.6,1.5
79.9,27.7,1.5
79.9,27.8,1.5
79.9,27.9,1.5
79.9,28.0,1.5
79.9,28.1,1.5
79.9,28.2,1.5
79.9,28.3,1.5
79.9,28.4,1.5
79.9,28.5,1.5
79.9,28.6,1.5
79.9,28.7,1.5
79.9,28.8,1.5
79.9,28.9,1.5
79.9,29.0,1.0
79.9,29.1,1.5
79.9,29.2,1.0
79.9,29.3,1.0
79.9,29.4,1.0
79.9,29.5,1.0
79.9,29.6,1.0
79.9,29.7,1.0
79.9,29.8,1.0
79.9,29.9,1.0
79.9,30.0,1.0
79.9,30.1,1.0
79.9,30.2,1.0
79.9,30.3,1.0
79.9,30.4,1.0
79.9,30.5,1.0
79.9,30.6,1.0
79.9,30.7,1.0
79.9,30.8,1.0
79.9,30.9,1.0
79.9,34.6,1.15
79.9,34.7,1.15
79.9,34.8,1.15
79.9,34.9,1.0
79.9,35.0,1.5
79.9,35.1,1.5
79.9,35.2,1.5
79.9,35.3,1.0
79.9,35.4,1.0
79.9,35.5,1.0
79.9,35.6,1.0
79.9,35.7,1.0
79.9,35.8,1.0
80.0,12.2,1.0
80.0,12.3,1.5
80.0,12.4,1.5
80.0,12.5,1.5
80.0,12.6,1.0
80.0,12.7,1.0
80.0,12.8,1.0
80.0,12.9,1.0
80.0,13.0,1.0
80.0,13.1,1.0
80.0,13.2,1.5
80.0,13.3,1.5
80.0,13.4,1.5
80.0,13.5,1.5
80.0,13.6,1.5
80.0,13.7,1.5
80.0,13.8,1.5
80.0,13.9,1.5
80.0,14.0,1.5
80.0,14.1,1.5
80.0,14.2,1.0
80.0,14.3,1.5
80.0,14.4,1.5
80.0,14.5,1.5
80.0,14.6,1.5
80.0,14.7,1.35
80.0,14.8,1.35
80.0,14.9,1.5
80.0,15.0,1.5
80.0,15.1,1.5
80.0,15.2,1.5
80.0,15.3,1.35
80.0,15.4,1.35
80.0,15.5,1.35
80.0,15.6,1.5
80.0,15.7,1.0
80.0,15.8,1.0
80.0,15.9,1.0
80.0,16.0,1.0
80.0,16.1,1.0
80.0,16.2,1.0
80.0,16.3,1.0
80.0,16.4,1.0
80.0,16.5,1.15
80.0,16.6,1.15
80.0,16.7,1.15
80.0,16.8,1.15
80.0,16.9,1.0
80.0,17.0,1.0
80.0,17.1,1.0
80.0,17.2,1.0
80.0,17.3,1.0
80.0,17.4,1.0
80.0,17.5,1.0
80.0,17.6,1.0
80.0,17.7,1.0
80.0,17.8,1.15
80.0,17.9,1.15
80.0,18.0,1.15
80.0,18.1,1.15
80.0,18.2,1.15
80.0,18.3,1.15
80.0,18.4,1.15
80.0,18.5,1.15
80.0,18.6,1.15
80.0,18.7,1.15
80.0,18.8,1.15
80.0,18.9,1.15
80.0,19.0,1.0
80.0,19.1,1.0
80.0,19.2,1.0
80.0,19.3,1.0
80.0,19.4,1.0
80.0,19.5,1.0
80.0,19.6,1.0
80.0,19.7,1.0
80.0,19.8,1.0
80.0,19.9,1.0
80.0,20.0,1.0
80.0,20.1,1.0
80.0,20.2,1.0
80.0,20.3,1.0
80.0,20.4,1.0
80.0,20.5,1.0
80.0,20.6,1.0
80.0,20.7,1.0
80.0,20.8,1.0
80.0,20.9,1.0
80.0,21.0,1.0
80.0,21.1,1.0
80.0,21.2,1.0
80.0,21.3,1.0
80.0,21.4,1.0
80.0,21.5,1.0
80.0,21.6,1.0
80.0,21.7,1.0
80.0,21.8,1.0
80.0,21.9,1.0
80.0,22.0,1.0
80.0,22.1,1.0
80.0,22.2,1.0
80.0,22.3,1.0
80.0,22.4,1.0
80.0,22.5,1.0
80.0,22.6,1.0
80.0,22.7,1.0
80.0,22.8,1.0
80.0,22.9,1.0
80.0,23.0,1.0
80.0,23.1,1.0
80.0,23.2,1.5
80.0,23.3,1.0
80.0,23.4,1.0
80.0,23.5,1.0
80.0,23.6,1.15
80.0,23.7,1.15
80.0,23.8,1.15
80.0,23.9,1.15
80.0,24.0,1.15
80.0,24.1,1.15
80.0,24.2,1.15
80.0,24.3,1.15
80.0,24.4,1.15
80.0,24.5,1.15
80.0,24.6,1.15
80.0,24.7,1.0
80.0,24.8,1.0
80.0,24.9,1.5
80.0,25.0,1.0
80.0,25.1,1.5
80.0,25.2,1.5
80.0,25.3,1.5
80.0,25.4,1.5
80.0,25.5,1.5
80.0,25.6,1.5
80.0,25.7,1.5
80.0,25.8,1.5
80.0,25.9,1.5
80.0,26.0,1.5
80.0,26.1,1.5
80.0,26.2,1.5
80.0,26.3,1.5
80.0,26.4,1.5
80.0,26.5,1.5
80.0,26.6,1.5
80.0,26.7,1.5
80.0,26.8,1.5
80.0,26.9,1.5
80.0,27.0,1.5
80.0,27.1,1.5
80.0,27.2,1.5
80.0,27.3,1.5
80.0,27.4,1.5
80.0,27.5,1.5
80.0,27.6,1.5
80.0,27.7,1.5
80.0,27.8,1.5
80.0,27.9,1.5
80.0,28.0,1.5
80.0,28.1,1.5
80.0,28.2,1.5
80.0,28.3,1.5
80.0,28.4,1.5
80.0,28.5,1.5
80.0,28.6,1.5
80.0,28.7,1.5
80.0,28.8,1.5
80.0,28.9,1.0
80.0,29.0,1.0
80.0,29.1,1.0
80.0,29.2,1.0
80.0,29.3,1.0
80.0,29.4,1.0
80.0,29.5,1.0
80.0,29.6,1.0
80.0,29.7,1.0
80.0,29.8,1.0
80.0,29.9,1.0
80.0,30.0,1.0
80.0,30.1,1.0
80.0,30.2,1.0
80.0,30.3,1.0
80.0,30.4,1.0
80.0,30.5,1.0
80.0,30.6,1.0
80.0,30.7,1.0
80.0,30.8,1.0
80.0,34.7,1.0
80.0,34.8,1.0
80.0,34.9,1.0
80.0,35.0,1.0
80.0,35.1,1.0
80.0,35.2,1.0
80.0,35.3,1.0
80.0,35.4,1.0
80.0,35.5,1.0
80.0,35.6,1.0
80.0,35.7,1.0
80.1,12.4,1.0
80.1,12.5,1.0
80.1,12.6,1.0
80.1,12.7,1.0
80.1,12.8,1.0
80.1,12.9,1.0
80.1,13.0,1.0
80.1,13.1,1.0
80.1,13.2,1.5
80.1,13.3,1.5
80.1,13.4,1.5
80.1,13.5,1.0
80.1,13.6,1.0
80.1,13.7,1.5
80.1,13.8,1.5
80.1,13.9,1.5
80.1,14.0,1.5
80.1,14.1,1.5
80.1,14.2,1.0
80.1,14.3,1.0
80.1,14.4,1.5
80.1,14.5,1.5
80.1,14.6,1.5
80.1,14.7,1.0
80.1,15.2,1.0
80.1,15.3,1.0
80.1,15.4,1.5
80.1,15.5,1.5
80.1,15.6,1.5
80.1,15.7,1.5
80.1,15.8,1.0
80.1,15.9,1.0
80.1,16.0,1.0
80.1,16.1,1.0
80.1,16.2,1.0
80.1,16.3,1.0
80.1,16.4,1.0
80.1,16.5,1.0
80.1,16.6,1.0
80.1,16.7,1.15
80.1,16.8,1.15
80.1,16.9,1.0
80.1,17.0,1.0
80.1,17.1,1.0
80.1,17.2,1.0
80.1,17.3,1.0
80.1,17.4,1.0
80.1,17.5,1.0
80.1,17.6,1.15
80.1,17.7,1.15
80.1,17.8,1.15
80.1,17.9,1.15
80.1,18.0,1.15
80.1,18.1,1.15
80.1,18.2,1.15
80.1,18.3,1.15
80.1,18.4,1.15
80.1,18.5,1.15
80.1,18.6,1.15
80.1,18.7,1.15
80.1,18.8,1.15
80.1,18.9,1.0
80.1,19.0,1.0
80.1,19.1,1.0
80.1,19.2,1.0
80.1,19.3,1.0
80.1,19.4,1.0
80.1,19.5,1.0
80.1,19.6,1.0
80.1,19.7,1.0
80.1,19.8,1.0
80.1,19.9,1.0
80.1,20.0,1.0
80.1,20.1,1.0
80.1,20.2,1.0
80.1,20.3,1.0
80.1,20.4,1.0
80.1,20.5,1.0
80.1,20.6,1.0
80.1,20.7,1.0
80.1,20.8,1.0
80.1,20.9,1.0
80.1,21.0,1.0
80.1,21.1,1.0
80.1,21.2,1.0
80.1,21.3,1.0
80.1,21.4,1.0
80.1,21.5,1.0
80.1,21.6,1.0
80.1,21.7,1.0
80.1,21.8,1.0
80.1,21.9,1.0
80.1,22.0,1.0
80.1,22.1,1.0
80.1,22.2,1.0
80.1,22.3,1.0
80.1,22.4,1.0
80.1,22.5,1.0
80.1,22.6,1.0
80.1,22.7,1.0
80.1,22.8,1.0
80.1,22.9,1.0
80.1,23.0,1.0
80.1,23.1,1.0
80.1,23.2,1.5
80.1,23.3,1.0
80.1,23.4,1.0
80.1,23.5,1.0
80.1,23.6,1.0
80.1,23.7,1.15
80.1,23.8,1.15
80.1,23.9,1.15
80.1,24.0,1.15
80.1,24.1,1.15
80.1,24.2,1.15
80.1,24.3,1.15
80.1,24.4,1.15
80.1,24.5,1.15
80.1,24.6,1.15
80.1,24.7,1.15
80.1,24.8,1.0
80.1,24.9,1.5
80.1,25.0,1.5
80.1,25.1,1.5
80.1,25.2,1.5
80.1,25.3,1.5
80.1,25.4,1.5
80.1,25.5,1.5
80.1,25.6,1.5
80.1,25.7,1.5
80.1,25.8,1.5
80.1,25.9,1.5
80.1,26.0,1.5
80.1,26.1,1.5
80.1,26.2,1.5
80.1,26.3,1.5
80.1,26.4,1.5
80.1,26.5,1.5
80.1,26.6,1.5
80.1,26.7,1.5
80.1,26.8,1.5
80.1,26.9,1.5
80.1,27.0,1.5
80.1,27.1,1.5
80.1,27.2,1.5
80.1,27.3,1.5
80.1,27.4,1.5
80.1,27.5,1.5
80.1,27.6,1.5
80.1,27.7,1.5
80.1,27.8,1.5
80.1,27.9,1.5
80.1,28.0,1.5
80.1,28.1,1.5
80.1,28.2,1.5
80.1,28.3,1.5
80.1,28.4,1.5
80.1,28.5,1.5
80.1,28.6,1.5
80.1,28.7,1.5
80.1,28.8,1.5
80.1,28.9,1.0
80.1,29.0,1.0
80.1,29.1,1.0
80.1,29.2,1.0
80.1,29.3,1.0
80.1,29.4,1.0
80.1,29.5,1.0
80.1,29.6,1.0
80.1,29.7,1.0
80.1,29.8,1.0
80.1,29.9,1.0
80.1,30.0,1.0
80.1,30.1,1.0
80.1,30.2,1.0
80.1,30.3,1.0
80.1,30.4,1.0
80.1,30.5,1.0
80.1,30.6,1.0
80.1,30.7,1.0
80.1,34.7,1.0
80.1,34.8,1.0
80.1,34.9,1.0
80.1,35.0,1.0
80.1,35.1,1.0
80.1,35.2,1.0
80.1,35.3,1.0
80.1,35.4,1.0
80.1,35.5,1.0
80.1,35.6,1.0
80.1,35.7,1.0
80.1,35.8,1.0
80.2,12.6,1.0
80.2,12.7,1.0
80.2,12.8,1.0
80.2,12.9,1.0
80.2,13.0,1.0
80.2,13.1,1.5
80.2,13.2,1.5
80.2,13.3,1.5
80.2,13.4,1.5
80.2,13.5,1.0
80.2,13.6,1.5
80.2,13.7,1.5
80.2,13.8,1.5
80.2,15.5,1.0
80.2,15.6,1.0
80.2,15.7,1.5
80.2,15.8,1.5
80.2,15.9,1.5
80.2,16.0,1.0
80.2,16.1,1.0
80.2,16.2,1.0
80.2,16.3,1.0
80.2,16.4,1.0
80.2,16.5,1.0
80.2,16.6,1.0
80.2,16.7,1.0
80.2,16.8,1.0
80.2,16.9,1.0
80.2,17.0,1.0
80.2,17.1,1.0
80.2,17.2,1.0
80.2,17.3,1.0
80.2,17.4,1.0
80.2,17.5,1.15
80.2,17.6,1.15
80.2,17.7,1.15
80.2,17.8,1.15
80.2,17.9,1.15
80.2,18.0,1.15
80.2,18.1,1.15
80.2,18.2,1.15
80.2,18.3,1.15
80.2,18.4,1.15
80.2,18.5,1.15
80.2,18.6,1.15
80.2,18.7,1.0
80.2,18.8,1.0
80.2,18.9,1.0
80.2,19.0,1.0
80.2,19.1,1.0
80.2,19.2,1.0
80.2,19.3,1.0
80.2,19.4,1.0
80.2,19.5,1.0
80.2,19.6,1.0
80.2,19.7,1.0
80.2,19.8,1.0
80.2,19.9,1.0
80.2,20.0,1.0
80.2,20.1,1.0
80.2,20.2,1.0
80.2,20.3,1.0
80.2,20.4,1.0
80.2,20.5,1.0
80.2,20.6,1.0
80.2,20.7,1.0
80.2,20.8,1.0
80.2,20.9,1.0
80.2,21.0,1.0
80.2,21.1,1.0
80.2,21.2,1.0
80.2,21.3,1.0
80.2,21.4,1.0
80.2,21.5,1.0
80.2,21.6,1.0
80.2,21.7,1.0
80.2,21.8,1.0
80.2,21.9,1.0
80.2,22.0,1.0
80.2,22.1,1.0
80.2,22.2,1.0
80.2,22.3,1.0
80.2,22.4,1.0
80.2,22.5,1.0
80.2,22.6,1.0
80.2,22.7,1.0
80.2,22.8,1.0
80.2,22.9,1.0
80.2,23.0,1.0
80.2,23.1,1.0
80.2,23.2,1.0
80.2,23.3,1.5
80.2,23.4,1.5
80.2,23.5,1.0
80.2,23.6,1.0
80.2,23.7,1.0
80.2,23.8,1.0
80.2,23.9,1.15
80.2,24.0,1.15
80.2,24.1,1.15
80.2,24.2,1.15
80.2,24.3,1.15
80.2,24.4,1.15
80.2,24.5,1.15
80.2,24.6,1.15
80.2,24.7,1.15
80.2,24.8,1.0
80.2,24.9,1.5
80.2,25.0,1.5
80.2,25.1,1.5
80.2,25.2,1.5
80.2,25.3,1.5
80.2,25.4,1.5
80.2,25.5,1.5
80.2,25.6,1.5
80.2,25.7,1.5
80.2,25.8,1.5
80.2,25.9,1.5
80.2,26.0,1.5
80.2,26.1,1.5
80.2,26.2,1.5
80.2,26.3,1.5
80.2,26.4,1.5
80.2,26.5,1.5
80.2,26.6,1.5
80.2,26.7,1.5
80.2,26.8,1.5
80.2,26.9,1.5
80.2,27.0,1.5
80.2,27.1,1.5
80.2,27.2,1.5
80.2,27.3,1.5
80.2,27.4,1.5
80.2,27.5,1.5
80.2,27.6,1.5
80.2,27.7,1.5
80.2,27.8,1.5
80.2,27.9,1.5
80.2,28.0,1.5
80.2,28.1,1.5
80.2,28.2,1.5
80.2,28.3,1.5
80.2,28.4,1.5
80.2,28.5,1.5
80.2,28.6,1.5
80.2,28.7,1.0
80.2,28.9,1.0
80.2,29.0,1.0
80.2,29.1,1.0
80.2,29.2,1.0
80.2,29.3,1.0
80.2,29.4,1.0
80.2,29.5,1.0
80.2,29.6,1.0
80.2,29.7,1.0
80.2,29.8,1.0
80.2,29.9,1.0
80.2,30.0,1.0
80.2,30.1,1.0
80.2,30.2,1.0
80.2,30.3,1.0
80.2,30.4,1.0
80.2,30.5,1.0
80.2,30.6,1.0
80.2,30.7,1.0
80.2,34.9,1.0
80.2,35.0,1.0
80.2,35.1,1.0
80.2,35.2,1.0
80.2,35.3,1.0
80.2,35.4,1.0
80.2,35.5,1.0
80.2,35.6,1.0
80.2,35.7,1.0
80.3,13.1,1.5
80.3,13.2,1.5
80.3,13.3,1.5
80.3,13.4,1.5
80.3,15.7,1.0
80.3,15.8,1.5
80.3,15.9,1.5
80.3,16.0,1.5
80.3,16.1,1.5
80.3,16.2,1.0
80.3,16.3,1.0
80.3,16.4,1.0
80.3,16.5,1.0
80.3,16.6,1.0
80.3,16.7,1.0
80.3,16.8,1.0
80.3,16.9,1.0
80.3,17.0,1.0
80.3,17.1,1.0
80.3,17.2,1.0
80.3,17.3,1.0
80.3,17.4,1.15
80.3,17.5,1.0
80.3,17.6,1.15
80.3,17.7,1.15
80.3,17.8,1.15
80.3,17.9,1.15
80.3,18.0,1.15
80.3,18.1,1.15
80.3,18.2,1.15
80.3,18.3,1.15
80.3,18.4,1.15
80.3,18.5,1.15
80.3,18.6,1.0
80.3,18.7,1.0
80.3,18.8,1.0
80.3,18.9,1.0
80.3,19.0,1.0
80.3,19.1,1.0
80.3,19.2,1.0
80.3,19.3,1.0
80.3,19.4,1.0
80.3,19.5,1.0
80.3,19.6,1.0
80.3,19.7,1.0
80.3,19.8,1.0
80.3,19.9,1.0
80.3,20.0,1.0
80.3,20.1,1.0
80.3,20.2,1.0
80.3,20.3,1.0
80.3,20.4,1.0
80.3,20.5,1.0
80.3,20.6,1.0
80.3,20.7,1.0
80.3,20.8,1.0
80.3,20.9,1.0
80.3,21.0,1.0
80.3,21.1,1.0
80.3,21.2,1.0
80.3,21.3,1.0
80.3,21.4,1.0
80.3,21.5,1.0
80.3,21.6,1.0
80.3,21.7,1.0
80.3,21.8,1.0
80.3,21.9,1.0
80.3,22.0,1.0
80.3,22.1,1.0
80.3,22.2,1.0
80.3,22.3,1.0
80.3,22.4,1.0
80.3,22.5,1.0
80.3,22.6,1.0
80.3,22.7,1.0
80.3,22.8,1.0
80.3,22.9,1.0
80.3,23.0,1.0
80.3,23.1,1.0
80.3,23.2,1.0
80.3,23.3,1.0
80.3,23.4,1.5
80.3,23.5,1.0
80.3,23.6,1.0
80.3,23.7,1.0
80.3,23.8,1.0
80.3,23.9,1.15
80.3,24.0,1.15
80.3,24.1,1.15
80.3,24.2,1.15
80.3,24.3,1.15
80.3,24.4,1.15
80.3,24.5,1.15
80.3,24.6,1.15
80.3,24.7,1.15
80.3,24.8,1.0
80.3,24.9,1.0
80.3,25.0,1.5
80.3,25.1,1.5
80.3,25.2,1.5
80.3,25.3,1.5
80.3,25.4,1.5
80.3,25.5,1.5
80.3,25.6,1.5
80.3,25.7,1.5
80.3,25.8,1.5
80.3,25.9,1.5
80.3,26.0,1.5
80.3,26.1,1.5
80.3,26.2,1.5
80.3,26.3,1.5
80.3,26.4,1.5
80.3,26.5,1.5
80.3,26.6,1.5
80.3,26.7,1.5
80.3,26.8,1.5
80.3,26.9,1.5
80.3,27.0,1.5
80.3,27.1,1.5
80.3,27.2,1.5
80.3,27.3,1.5
80.3,27.4,1.5
80.3,27.5,1.5
80.3,27.6,1.5
80.3,27.7,1.5
80.3,27.8,1.5
80.3,27.9,1.5
80.3,28.0,1.5
80.3,28.1,1.5
80.3,28.2,1.5
80.3,28.3,1.5
80.3,28.4,1.5
80.3,28.5,1.5
80.3,28.6,1.5
80.3,28.7,1.0
80.3,29.1,1.0
80.3,29.2,1.0
80.3,29.3,1.0
80.3,29.4,1.0
80.3,29.5,1.0
80.3,29.6,1.0
80.3,29.7,1.0
80.3,29.8,1.0
80.3,29.9,1.0
80.3,30.0,1.0
80.3,30.1,1.0
80.3,30.2,1.0
80.3,30.3,1.0
80.3,30.4,1.0
80.3,30.5,1.0
80.3,30.6,1.0
80.3,30.7,1.0
80.3,35.2,1.0
80.3,35.3,1.0
80.3,35.4,1.0
80.3,35.5,1.0
80.3,35.6,1.0
80.4,15.8,1.0
80.4,15.9,1.5
80.4,16.0,1.5
80.4,16.1,1.5
80.4,16.2,1.5
80.4,16.3,1.0
80.4,16.4,1.0
80.4,16.5,1.0
80.4,16.6,1.0
80.4,16.7,1.0
80.4,16.8,1.0
80.4,16.9,1.0
80.4,17.0,1.0
80.4,17.1,1.0
80.4,17.2,1.0
80.4,17.3,1.0
80.4,17.4,1.0
80.4,17.5,1.15
80.4,17.6,1.15
80.4,17.7,1.15
80.4,17.8,1.15
80.4,17.9,1.15
80.4,18.0,1.15
80.4,18.1,1.15
80.4,18.2,1.15
80.4,18.3,1.15
80.4,18.4,1.15
80.4,18.5,1.0
80.4,18.6,1.0
80.4,18.7,1.0
80.4,18.8,1.0
80.4,18.9,1.0
80.4,19.0,1.0
80.4,19.1,1.0
80.4,19.2,1.0
80.4,19.3,1.0
80.4,19.4,1.0
80.4,19.5,1.0
80.4,19.6,1.0
80.4,19.7,1.0
80.4,19.8,1.0
80.4,19.9,1.0
80.4,20.0,1.0
80.4,20.1,1.0
80.4,20.2,1.0
80.4,20.3,1.0
80.4,20.4,1.0
80.4,20.5,1.0
80.4,20.6,1.0
80.4,20.7,1.0
80.4,20.8,1.0
80.4,20.9,1.0
80.4,21.0,1.0
80.4,21.1,1.0
80.4,21.2,1.0
80.4,21.3,1.0
80.4,21.4,1.0
80.4,21.5,1.0
80.4,21.6,1.0
80.4,21.7,1.0
80.4,21.8,1.0
80.4,21.9,1.0
80.4,22.0,1.0
80.4,22.1,1.0
80.4,22.2,1.0
80.4,22.3,1.0
80.4,22.4,1.0
80.4,22.5,1.0
80.4,22.6,1.0
80.4,22.7,1.0
80.4,22.8,1.0
80.4,22.9,1.0
80.4,23.0,1.0
80.4,23.1,1.0
80.4,23.2,1.0
80.4,23.3,1.15
80.4,23.4,1.15
80.4,23.5,1.0
80.4,23.6,1.0
80.4,23.7,1.0
80.4,23.8,1.0
80.4,23.9,1.0
80.4,24.0,1.15
80.4,24.1,1.15
80.4,24.2,1.15
80.4,24.3,1.15
80.4,24.4,1.15
80.4,24.5,1.15
80.4,24.6,1.15
80.4,24.7,1.15
80.4,24.8,1.15
80.4,24.9,1.5
80.4,25.0,1.5
80.4,25.1,1.5
80.4,25.2,1.5
80.4,25.3,1.5
80.4,25.4,1.5
80.4,25.5,1.5
80.4,25.6,1.5
80.4,25.7,1.5
80.4,25.8,1.5
80.4,25.9,1.5
80.4,26.0,1.5
80.4,26.1,1.5
80.4,26.2,1.5
80.4,26.3,1.5
80.4,26.4,1.5
80.4,26.5,1.5
80.4,26.6,1.5
80.4,26.7,1.5
80.4,26.8,1.5
80.4,26.9,1.5
80.4,27.0,1.5
80.4,27.1,1.5
80.4,27.2,1.5
80.4,27.3,1.5
80.4,27.4,1.5
80.4,27.5,1.5
80.4,27.6,1.5
80.4,27.7,1.5
80.4,27.8,1.5
80.4,27.9,1.5
80.4,28.0,1.5
80.4,28.1,1.5
80.4,28.2,1.5
80.4,28.3,1.5
80.4,28.4,1.5
80.4,28.5,1.5
80.4,28.6,1.5
80.4,28.7,1.5
80.4,29.2,1.0
80.4,29.5,1.0
80.4,29.6,1.0
80.4,29.7,1.0
80.4,29.8,1.0
80.4,29.9,1.0
80.4,30.0,1.0
80.4,30.1,1.0
80.4,30.2,1.0
80.4,30.3,1.0
80.4,30.4,1.0
80.4,35.5,1.0
80.5,15.8,1.0
80.5,15.9,1.5
80.5,16.0,1.5
80.5,16.1,1.5
80.5,16.2,1.5
80.5,16.3,1.5
80.5,16.4,1.5
80.5,16.5,1.5
80.5,16.6,1.0
80.5,16.7,1.0
80.5,16.8,1.0
80.5,16.9,1.0
80.5,17.0,1.0
80.5,17.1,1.0
80.5,17.2,1.0
80.5,17.3,1.0
80.5,17.4,1.0
80.5,17.5,1.0
80.5,17.6,1.15
80.5,17.7,1.15
80.5,17.8,1.15
80.5,17.9,1.15
80.5,18.0,1.15
80.5,18.1,1.15
80.5,18.2,1.15
80.5,18.3,1.0
80.5,18.4,1.0
80.5,18.5,1.0
80.5,18.6,1.0
80.5,18.7,1.0
80.5,18.8,1.0
80.5,18.9,1.0
80.5,19.0,1.0
80.5,19.1,1.0
80.5,19.2,1.0
80.5,19.3,1.0
80.5,19.4,1.0
80.5,19.5,1.0
80.5,19.6,1.0
80.5,19.7,1.0
80.5,19.8,1.0
80.5,19.9,1.0
80.5,20.0,1.0
80.5,20.1,1.0
80.5,20.2,1.0
80.5,20.3,1.0
80.5,20.4,1.0
80.5,20.5,1.0
80.5,20.6,1.0
80.5,20.7,1.0
80.5,20.8,1.0
80.5,20.9,1.0
80.5,21.0,1.0
80.5,21.1,1.0
80.5,21.2,1.0
80.5,21.3,1.0
80.5,21.4,1.0
80.5,21.5,1.0
80.5,21.6,1.0
80.5,21.7,1.0
80.5,21.8,1.0
80.5,21.9,1.0
80.5,22.0,1.35
80.5,22.1,1.0
80.5,22.2,1.0
80.5,22.3,1.0
80.5,22.4,1.0
80.5,22.5,1.0
80.5,22.6,1.0
80.5,22.7,1.0
80.5,22.8,1.0
80.5,22.9,1.0
80.5,23.0,1.0
80.5,23.1,1.0
80.5,23.2,1.0
80.5,23.3,1.15
80.5,23.4,1.15
80.5,23.5,1.15
80.5,23.6,1.15
80.5,23.7,1.0
80.5,23.8,1.0
80.5,23.9,1.0
80.5,24.0,1.15
80.5,24.1,1.15
80.5,24.2,1.15
80.5,24.3,1.15
80.5,24.4,1.15
80.5,24.5,1.15
80.5,24.6,1.15
80.5,24.7,1.15
80.5,24.8,1.15
80.5,24.9,1.15
80.5,25.0,1.5
80.5,25.1,1.5
80.5,25.2,1.5
80.5,25.3,1.5
80.5,25.4,1.5
80.5,25.5,1.5
80.5,25.6,1.5
80.5,25.7,1.5
80.5,25.8,1.5
80.5,25.9,1.5
80.5,26.0,1.5
80.5,26.1,1.5
80.5,26.2,1.5
80.5,26.3,1.5
80.5,26.4,1.5
80.5,26.5,1.5
80.5,26.6,1.5
80.5,26.7,1.5
80.5,26.8,1.5
80.5,26.9,1.5
80.5,27.0,1.5
80.5,27.1,1.5
80.5,27.2,1.5
80.5,27.3,1.5
80.5,27.4,1.5
80.5,27.5,1.5
80.5,27.6,1.5
80.5,27.7,1.5
80.5,27.8,1.5
80.5,27.9,1.5
80.5,28.0,1.5
80.5,28.1,1.5
80.5,28.2,1.5
80.5,28.3,1.5
80.5,28.4,1.5
80.5,28.5,1.5
80.5,28.6,1.5
80.5,29.6,1.0
80.5,29.9,1.0
80.5,30.0,1.0
80.5,30.1,1.0
80.5,30.2,1.0
80.5,30.3,1.0
80.5,30.4,1.0
80.6,15.9,1.5
80.6,16.0,1.5
80.6,16.1,1.5
80.6,16.2,1.5
80.6,16.3,1.5
80.6,16.4,1.5
80.6,16.5,1.5
80.6,16.6,1.5
80.6,16.7,1.0
80.6,16.8,1.0
80.6,16.9,1.0
80.6,17.0,1.0
80.6,17.1,1.0
80.6,17.2,1.0
80.6,17.3,1.0
80.6,17.4,1.0
80.6,17.5,1.15
80.6,17.6,1.0
80.6,17.7,1.0
80.6,17.8,1.0
80.6,17.9,1.15
80.6,18.0,1.15
80.6,18.1,1.0
80.6,18.2,1.0
80.6,18.3,1.0
80.6,18.4,1.0
80.6,18.5,1.0
80.6,18.6,1.0
80.6,18.7,1.0
80.6,18.8,1.0
80.6,18.9,1.0
80.6,19.0,1.0
80.6,19.1,1.0
80.6,19.2,1.0
80.6,19.3,1.0
80.6,19.4,1.0
80.6,19.5,1.0
80.6,19.6,1.0
80.6,19.7,1.0
80.6,19.8,1.0
80.6,19.9,1.0
80.6,20.0,1.0
80.6,20.1,1.0
80.6,20.2,1.0
80.6,20.3,1.0
80.6,20.4,1.0
80.6,20.5,1.0
80.6,20.6,1.0
80.6,20.7,1.0
80.6,20.8,1.0
80.6,20.9,1.0
80.6,21.0,1.0
80.6,21.1,1.0
80.6,21.2,1.0
80.6,21.3,1.0
80.6,21.4,1.0
80.6,21.5,1.0
80.6,21.6,1.0
80.6,21.7,1.0
80.6,21.8,1.0
80.6,21.9,1.35
80.6,22.0,1.35
80.6,22.1,1.0
80.6,22.2,1.0
80.6,22.3,1.0
80.6,22.4,1.0
80.6,22.5,1.0
80.6,22.6,1.0
80.6,22.7,1.0
80.6,22.8,1.0
80.6,22.9,1.0
80.6,23.0,1.0
80.6,23.1,1.0
80.6,23.2,1.0
80.6,23.3,1.0
80.6,23.4,1.15
80.6,23.5,1.15
80.6,23.6,1.15
80.6,23.7,1.15
80.6,23.8,1.0
80.6,23.9,1.0
80.6,24.0,1.15
80.6,24.1,1.15
80.6,24.2,1.15
80.6,24.3,1.15
80.6,24.4,1.15
80.6,24.5,1.15
80.6,24.6,1.15
80.6,24.7,1.15
80.6,24.8,1.15
80.6,24.9,1.15
80.6,25.0,1.15
80.6,25.1,1.5
80.6,25.2,1.5
80.6,25.3,1.5
80.6,25.4,1.5
80.6,25.5,1.5
80.6,25.6,1.5
80.6,25.7,1.5
80.6,25.8,1.5
80.6,25.9,1.5
80.6,26.0,1.5
80.6,26.1,1.5
80.6,26.2,1.5
80.6,26.3,1.5
80.6,26.4,1.5
80.6,26.5,1.5
80.6,26.6,1.5
80.6,26.7,1.5
80.6,26.8,1.5
80.6,26.9,1.5
80.6,27.0,1.5
80.6,27.1,1.5
80.6,27.2,1.5
80.6,27.3,1.5
80.6,27.4,1.5
80.6,27.5,1.5
80.6,27.6,1.5
80.6,27.7,1.5
80.6,27.8,1.5
80.6,27.9,1.5
80.6,28.0,1.5
80.6,28.1,1.5
80.6,28.2,1.5
80.6,28.3,1.5
80.6,28.4,1.5
80.6,28.5,1.5
80.6,29.9,1.0
80.6,30.0,1.0
80.6,30.1,1.0
80.6,30.2,1.0
80.6,30.3,1.0
80.6,30.4,1.0
80.7,15.9,1.5
80.7,16.0,1.5
80.7,16.1,1.5
80.7,16.2,1.5
80.7,16.3,1.5
80.7,16.4,1.5
80.7,16.5,1.5
80.7,16.6,1.0
80.7,16.7,1.0
80.7,16.8,1.0
80.7,16.9,1.0
80.7,17.0,1.0
80.7,17.1,1.0
80.7,17.2,1.15
80.7,17.3,1.15
80.7,17.4,1.15
80.7,17.5,1.15
80.7,17.6,1.0
80.7,17.7,1.0
80.7,17.8,1.0
80.7,17.9,1.15
80.7,18.0,1.0
80.7,18.1,1.0
80.7,18.2,1.0
80.7,18.3,1.0
80.7,18.4,1.0
80.7,18.5,1.0
80.7,18.6,1.0
80.7,18.7,1.0
80.7,18.8,1.0
80.7,18.9,1.0
80.7,19.0,1.0
80.7,19.1,1.0
80.7,19.2,1.0
80.7,19.3,1.0
80.7,19.4,1.0
80.7,19.5,1.0
80.7,19.6,1.0
80.7,19.7,1.0
80.7,19.8,1.0
80.7,19.9,1.0
80.7,20.0,1.0
80.7,20.1,1.0
80.7,20.2,1.0
80.7,20.3,1.0
80.7,20.4,1.0
80.7,20.5,1.0
80.7,20.6,1.0
80.7,20.7,1.0
80.7,20.8,1.0
80.7,20.9,1.15
80.7,21.0,1.0
80.7,21.1,1.0
80.7,21.2,1.0
80.7,21.3,1.0
80.7,21.4,1.0
80.7,21.5,1.0
80.7,21.6,1.0
80.7,21.7,1.0
80.7,21.8,1.0
80.7,21.9,1.35
80.7,22.0,1.35
80.7,22.1,1.35
80.7,22.2,1.0
80.7,22.3,1.0
80.7,22.4,1.0
80.7,22.5,1.0
80.7,22.6,1.0
80.7,22.7,1.0
80.7,22.8,1.0
80.7,22.9,1.0
80.7,23.0,1.0
80.7,23.1,1.0
80.7,23.2,1.15
80.7,23.3,1.15
80.7,23.4,1.15
80.7,23.5,1.15
80.7,23.6,1.15
80.7,23.7,1.15
80.7,23.8,1.15
80.7,23.9,1.15
80.7,24.0,1.15
80.7,24.1,1.15
80.7,24.2,1.15
80.7,24.3,1.15
80.7,24.4,1.15
80.7,24.5,1.15
80.7,24.6,1.15
80.7,24.7,1.15
80.7,24.8,1.15
80.7,24.9,1.15
80.7,25.0,1.15
80.7,25.1,1.5
80.7,25.2,1.5
80.7,25.3,1.5
80.7,25.4,1.5
80.7,25.5,1.5
80.7,25.6,1.5
80.7,25.7,1.5
80.7,25.8,1.5
80.7,25.9,1.5
80.7,26.0,1.5
80.7,26.1,1.5
80.7,26.2,1.5
80.7,26.3,1.5
80.7,26.4,1.5
80.7,26.5,1.5
80.7,26.6,1.5
80.7,26.7,1.5
80.7,26.8,1.5
80.7,26.9,1.5
80.7,27.0,1.5
80.7,27.1,1.5
80.7,27.2,1.5
80.7,27.3,1.5
80.7,27.4,1.5
80.7,27.5,1.5
80.7,27.6,1.5
80.7,27.7,1.5
80.7,27.8,1.5
80.7,27.9,1.5
80.7,28.0,1.5
80.7,28.1,1.5
80.7,28.2,1.5
80.7,28.3,1.5
80.7,28.4,1.5
80.7,28.5,1.5
80.7,29.9,1.0
80.7,30.0,1.0
80.7,30.1,1.0
80.7,30.2,1.0
80.7,30.3,1.0
80.7,30.4,1.0
80.8,15.7,1.5
80.8,15.8,1.5
80.8,15.9,1.5
80.8,16.0,1.5
80.8,16.1,1.5
80.8,16.2,1.5
80.8,16.3,1.5
80.8,16.4,1.5
80.8,16.5,1.5
80.8,16.6,1.0
80.8,16.7,1.0
80.8,16.8,1.0
80.8,16.9,1.0
80.8,17.0,1.0
80.8,17.1,1.15
80.8,17.2,1.15
80.8,17.3,1.15
80.8,17.4,1.15
80.8,17.5,1.15
80.8,17.6,1.15
80.8,17.7,1.0
80.8,17.8,1.0
80.8,17.9,1.0
80.8,18.0,1.0
80.8,18.1,1.0
80.8,18.2,1.0
80.8,18.3,1.0
80.8,18.4,1.0
80.8,18.5,1.0
80.8,18.6,1.0
80.8,18.7,1.0
80.8,18.8,1.0
80.8,18.9,1.0
80.8,19.0,1.0
80.8,19.1,1.0
80.8,19.2,1.0
80.8,19.3,1.0
80.8,19.4,1.0
80.8,19.5,1.0
80.8,19.6,1.0
80.8,19.7,1.0
80.8,19.8,1.0
80.8,19.9,1.0
80.8,20.0,1.0
80.8,20.1,1.0
80.8,20.2,1.0
80.8,20.3,1.0
80.8,20.4,1.0
80.8,20.5,1.0
80.8,20.6,1.0
80.8,20.7,1.0
80.8,20.8,1.0
80.8,20.9,1.15
80.8,21.0,1.15
80.8,21.1,1.15
80.8,21.2,1.15
80.8,21.3,1.15
80.8,21.4,1.15
80.8,21.5,1.0
80.8,21.6,1.0
80.8,21.7,1.0
80.8,21.8,1.0
80.8,21.9,1.35
80.8,22.0,1.35
80.8,22.1,1.35
80.8,22.2,1.0
80.8,22.3,1.0
80.8,22.4,1.0
80.8,22.5,1.0
80.8,22.6,1.0
80.8,22.7,1.0
80.8,22.8,1.0
80.8,22.9,1.0
80.8,23.0,1.0
80.8,23.1,1.0
80.8,23.2,1.15
80.8,23.3,1.15
80.8,23.4,1.15
80.8,23.5,1.15
80.8,23.6,1.15
80.8,23.7,1.15
80.8,23.8,1.15
80.8,23.9,1.15
80.8,24.0,1.15
80.8,24.1,1.15
80.8,24.2,1.15
80.8,24.3,1.15
80.8,24.4,1.15
80.8,24.5,1.15
80.8,24.6,1.15
80.8,24.7,1.15
80.8,24.8,1.15
80.8,24.9,1.15
80.8,25.0,1.15
80.8,25.1,1.15
80.8,25.2,1.5
80.8,25.3,1.5
80.8,25.4,1.5
80.8,25.5,1.5
80.8,25.6,1.5
80.8,25.7,1.5
80.8,25.8,1.5
80.8,25.9,1.5
80.8,26.0,1.5
80.8,26.1,1.5
80.8,26.2,1.5
80.8,26.3,1.5
80.8,26.4,1.5
80.8,26.5,1.5
80.8,26.6,1.5
80.8,26.7,1.5
80.8,26.8,1.5
80.8,26.9,1.5
80.8,27.0,1.5
80.8,27.1,1.5
80.8,27.2,1.5
80.8,27.3,1.5
80.8,27.4,1.5
80.8,27.5,1.5
80.8,27.6,1.5
80.8,27.7,1.5
80.8,27.8,1.5
80.8,27.9,1.5
80.8,28.0,1.5
80.8,28.1,1.5
80.8,28.2,1.5
80.8,28.3,1.5
80.8,28.4,1.5
80.8,28.5,1.0
80.8,30.0,1.0
80.8,30.1,1.0
80.8,30.2,1.0
80.8,30.3,1.0
80.9,15.7,1.0
80.9,15.8,1.5
80.9,15.9,1.5
80.9,16.0,1.5
80.9,16.1,1.5
80.9,16.2,1.5
80.9,16.3,1.5
80.9,16.4,1.5
80.9,16.5,1.5
80.9,16.6,1.15
80.9,16.7,1.15
80.9,16.8,1.15
80.9,16.9,1.0
80.9,17.0,1.0
80.9,17.1,1.15
80.9,17.2,1.15
80.9,17.3,1.15
80.9,17.4,1.15
80.9,17.5,1.15
80.9,17.6,1.15
80.9,17.7,1.15
80.9,17.8,1.0
80.9,17.9,1.0
80.9,18.0,1.0
80.9,18.1,1.0
80.9,18.2,1.0
80.9,18.3,1.0
80.9,18.4,1.0
80.9,18.5,1.0
80.9,18.6,1.0
80.9,18.7,1.0
80.9,18.8,1.0
80.9,18.9,1.0
80.9,19.0,1.0
80.9,19.1,1.0
80.9,19.2,1.0
80.9,19.3,1.0
80.9,19.4,1.0
80.9,19.5,1.0
80.9,19.6,1.0
80.9,19.7,1.0
80.9,19.8,1.0
80.9,19.9,1.0
80.9,20.0,1.0
80.9,20.1,1.0
80.9,20.2,1.0
80.9,20.3,1.0
80.9,20.4,1.0
80.9,20.5,1.0
80.9,20.6,1.0
80.9,20.7,1.15
80.9,20.8,1.15
80.9,20.9,1.15
80.9,21.0,1.15
80.9,21.1,1.15
80.9,21.2,1.15
80.9,21.3,1.15
80.9,21.4,1.15
80.9,21.5,1.15
80.9,21.6,1.0
80.9,21.7,1.0
80.9,21.8,1.0
80.9,21.9,1.35
80.9,22.0,1.35
80.9,22.1,1.35
80.9,22.2,1.35
80.9,22.3,1.35
80.9,22.4,1.35
80.9,22.5,1.0
80.9,22.6,1.0
80.9,22.7,1.0
80.9,22.8,1.0
80.9,22.9,1.0
80.9,23.0,1.0
80.9,23.1,1.0
80.9,23.2,1.15
80.9,23.3,1.15
80.9,23.4,1.15
80.9,23.5,1.15
80.9,23.6,1.15
80.9,23.7,1.15
80.9,23.8,1.15
80.9,23.9,1.0
80.9,24.0,1.15
80.9,24.1,1.15
80.9,24.2,1.15
80.9,24.3,1.15
80.9,24.4,1.15
80.9,24.5,1.15
80.9,24.6,1.15
80.9,24.7,1.15
80.9,24.8,1.15
80.9,24.9,1.15
80.9,25.0,1.15
80.9,25.1,1.15
80.9,25.2,1.5
80.9,25.3,1.5
80.9,25.4,1.5
80.9,25.5,1.5
80.9,25.6,1.5
80.9,25.7,1.5
80.9,25.8,1.5
80.9,25.9,1.5
80.9,26.0,1.5
80.9,26.1,1.5
80.9,26.2,1.5
80.9,26.3,1.5
80.9,26.4,1.5
80.9,26.5,1.5
80.9,26.6,1.5
80.9,26.7,1.5
80.9,26.8,1.5
80.9,26.9,1.5
80.9,27.0,1.5
80.9,27.1,1.5
80.9,27.2,1.5
80.9,27.3,1.5
80.9,27.4,1.5
80.9,27.5,1.5
80.9,27.6,1.5
80.9,27.7,1.5
80.9,27.8,1.5
80.9,27.9,1.5
80.9,28.0,1.5
80.9,28.1,1.5
80.9,28.2,1.5
80.9,28.3,1.5
80.9,28.4,1.5
80.9,30.1,1.0
80.9,30.2,1.0
81.0,15.8,1.0
81.0,15.9,1.0
81.0,16.0,1.5
81.0,16.1,1.5
81.0,16.2,1.5
81.0,16.3,1.5
81.0,16.4,1.5
81.0,16.5,1.5
81.0,16.6,1.5
81.0,16.7,1.5
81.0,16.8,1.15
81.0,16.9,1.15
81.0,17.0,1.15
81.0,17.1,1.15
81.0,17.2,1.15
81.0,17.3,1.15
81.0,17.4,1.15
81.0,17.5,1.0
81.0,17.6,1.15
81.0,17.7,1.15
81.0,17.8,1.0
81.0,17.9,1.0
81.0,18.0,1.0
81.0,18.1,1.0
81.0,18.2,1.0
81.0,18.3,1.0
81.0,18.4,1.0
81.0,18.5,1.0
81.0,18.6,1.0
81.0,18.7,1.0
81.0,18.8,1.0
81.0,18.9,1.0
81.0,19.0,1.0
81.0,19.1,1.0
81.0,19.2,1.0
81.0,19.3,1.0
81.0,19.4,1.0
81.0,19.5,1.0
81.0,19.6,1.0
81.0,19.7,1.0
81.0,19.8,1.0
81.0,19.9,1.0
81.0,20.0,1.0
81.0,20.1,1.0
81.0,20.2,1.0
81.0,20.3,1.0
81.0,20.4,1.0
81.0,20.5,1.0
81.0,20.6,1.0
81.0,20.7,1.15
81.0,20.8,1.15
81.0,20.9,1.15
81.0,21.0,1.15
81.0,21.1,1.15
81.0,21.2,1.15
81.0,21.3,1.15
81.0,21.4,1.15
81.0,21.5,1.15
81.0,21.6,1.15
81.0,21.7,1.15
81.0,21.8,1.0
81.0,21.9,1.0
81.0,22.0,1.35
81.0,22.1,1.35
81.0,22.2,1.35
81.0,22.3,1.35
81.0,22.4,1.0
81.0,22.5,1.0
81.0,22.6,1.0
81.0,22.7,1.0
81.0,22.8,1.0
81.0,22.9,1.0
81.0,23.0,1.0
81.0,23.1,1.0
81.0,23.2,1.15
81.0,23.3,1.15
81.0,23.4,1.15
81.0,23.5,1.15
81.0,23.6,1.15
81.0,23.7,1.15
81.0,23.8,1.15
81.0,23.9,1.0
81.0,24.0,1.0
81.0,24.1,1.15
81.0,24.2,1.15
81.0,24.3,1.15
81.0,24.4,1.15
81.0,24.5,1.15
81.0,24.6,1.15
81.0,24.7,1.15
81.0,24.8,1.15
81.0,24.9,1.15
81.0,25.0,1.15
81.0,25.1,1.15
81.0,25.2,1.5
81.0,25.3,1.5
81.0,25.4,1.5
81.0,25.5,1.5
81.0,25.6,1.5
81.0,25.7,1.5
81.0,25.8,1.5
81.0,25.9,1.5
81.0,26.0,1.5
81.0,26.1,1.5
81.0,26.2,1.5
81.0,26.3,1.5
81.0,26.4,1.5
81.0,26.5,1.5
81.0,26.6,1.5
81.0,26.7,1.5
81.0,26.8,1.5
81.0,26.9,1.5
81.0,27.0,1.5
81.0,27.1,1.5
81.0,27.2,1.5
81.0,27.3,1.5
81.0,27.4,1.5
81.0,27.5,1.5
81.0,27.6,1.5
81.0,27.7,1.5
81.0,27.8,1.5
81.0,27.9,1.5
81.0,28.0,1.5
81.0,28.1,1.5
81.0,28.2,1.5
81.0,28.3,1.5
81.0,28.4,1.5
81.0,30.2,1.0
81.1,15.9,1.0
81.1,16.0,1.0
81.1,16.1,1.0
81.1,16.2,1.5
81.1,16.3,1.5
81.1,16.4,1.5
81.1,16.5,1.5
81.1,16.6,1.5
81.1,16.7,1.5
81.1,16.8,1.15
81.1,16.9,1.15
81.1,17.0,1.15
81.1,17.1,1.15
81.1,17.2,1.15
81.1,17.3,1.15
81.1,17.4,1.0
81.1,17.5,1.0
81.1,17.6,1.0
81.1,17.7,1.0
81.1,17.8,1.0
81.1,17.9,1.0
81.1,18.0,1.0
81.1,18.1,1.0
81.1,18.2,1.0
81.1,18.3,1.0
81.1,18.4,1.0
81.1,18.5,1.0
81.1,18.6,1.0
81.1,18.7,1.0
81.1,18.8,1.0
81.1,18.9,1.0
81.1,19.0,1.0
81.1,19.1,1.0
81.1,19.2,1.0
81.1,19.3,1.0
81.1,19.4,1.0
81.1,19.5,1.0
81.1,19.6,1.0
81.1,19.7,1.0
81.1,19.8,1.0
81.1,19.9,1.0
81.1,20.0,1.0
81.1,20.1,1.0
81.1,20.2,1.0
81.1,20.3,1.0
81.1,20.4,1.0
81.1,20.5,1.0
81.1,20.6,1.15
81.1,20.7,1.15
81.1,20.8,1.15
81.1,20.9,1.15
81.1,21.0,1.15
81.1,21.1,1.15
81.1,21.2,1.15
81.1,21.3,1.15
81.1,21.4,1.15
81.1,21.5,1.15
81.1,21.6,1.15
81.1,21.7,1.15
81.1,21.8,1.15
81.1,21.9,1.15
81.1,22.0,1.15
81.1,22.1,1.35
81.1,22.2,1.35
81.1,22.3,1.0
81.1,22.4,1.0
81.1,22.5,1.0
81.1,22.6,1.0
81.1,22.7,1.0
81.1,22.8,1.0
81.1,22.9,1.0
81.1,23.0,1.0
81.1,23.1,1.0
81.1,23.2,1.15
81.1,23.3,1.15
81.1,23.4,1.15
81.1,23.5,1.15
81.1,23.6,1.15
81.1,23.7,1.15
81.1,23.8,1.15
81.1,23.9,1.15
81.1,24.0,1.0
81.1,24.1,1.0
81.1,24.2,1.15
81.1,24.3,1.15
81.1,24.4,1.15
81.1,24.5,1.15
81.1,24.6,1.15
81.1,24.7,1.15
81.1,24.8,1.15
81.1,24.9,1.15
81.1,25.0,1.15
81.1,25.1,1.15
81.1,25.2,1.5
81.1,25.3,1.5
81.1,25.4,1.5
81.1,25.5,1.5
81.1,25.6,1.5
81.1,25.7,1.5
81.1,25.8,1.5
81.1,25.9,1.5
81.1,26.0,1.5
81.1,26.1,1.5
81.1,26.2,1.5
81.1,26.3,1.5
81.1,26.4,1.5
81.1,26.5,1.5
81.1,26.6,1.5
81.1,26.7,1.5
81.1,26.8,1.5
81.1,26.9,1.5
81.1,27.0,1.5
81.1,27.1,1.5
81.1,27.2,1.5
81.1,27.3,1.5
81.1,27.4,1.5
81.1,27.5,1.5
81.1,27.6,1.5
81.1,27.7,1.5
81.1,27.8,1.5
81.1,27.9,1.5
81.1,28.0,1.5
81.1,28.1,1.5
81.1,28.2,1.5
81.1,28.3,1.0
81.2,16.1,1.0
81.2,16.2,1.0
81.2,16.3,1.0
81.2,16.4,1.5
81.2,16.5,1.5
81.2,16.6,1.5
81.2,16.7,1.5
81.2,16.8,1.5
81.2,16.9,1.15
81.2,17.0,1.15
81.2,17.1,1.15
81.2,17.2,1.0
81.2,17.3,1.0
81.2,17.4,1.0
81.2,17.5,1.0
81.2,17.6,1.0
81.2,17.7,1.0
81.2,17.8,1.0
81.2,17.9,1.0
81.2,18.0,1.0
81.2,18.1,1.0
81.2,18.2,1.0
81.2,18.3,1.0
81.2,18.4,1.0
81.2,18.5,1.0
81.2,18.6,1.0
81.2,18.7,1.0
81.2,18.8,1.0
81.2,18.9,1.0
81.2,19.0,1.0
81.2,19.1,1.0
81.2,19.2,1.0
81.2,19.3,1.0
81.2,19.4,1.0
81.2,19.5,1.0
81.2,19.6,1.0
81.2,19.7,1.0
81.2,19.8,1.0
81.2,19.9,1.0
81.2,20.0,1.0
81.2,20.1,1.0
81.2,20.2,1.0
81.2,20.3,1.0
81.2,20.4,1.0
81.2,20.5,1.15
81.2,20.6,1.15
81.2,20.7,1.15
81.2,20.8,1.15
81.2,20.9,1.15
81.2,21.0,1.15
81.2,21.1,1.15
81.2,21.2,1.15
81.2,21.3,1.15
81.2,21.4,1.15
81.2,21.5,1.15
81.2,21.6,1.15
81.2,21.7,1.15
81.2,21.8,1.15
81.2,21.9,1.15
81.2,22.0,1.15
81.2,22.1,1.15
81.2,22.2,1.35
81.2,22.3,1.0
81.2,22.4,1.0
81.2,22.5,1.0
81.2,22.6,1.0
81.2,22.7,1.0
81.2,22.8,1.0
81.2,22.9,1.0
81.2,23.0,1.0
81.2,23.1,1.15
81.2,23.2,1.15
81.2,23.3,1.15
81.2,23.4,1.15
81.2,23.5,1.15
81.2,23.6,1.15
81.2,23.7,1.15
81.2,23.8,1.15
81.2,23.9,1.15
81.2,24.0,1.15
81.2,24.1,1.0
81.2,24.2,1.15
81.2,24.3,1.15
81.2,24.4,1.15
81.2,24.5,1.15
81.2,24.6,1.15
81.2,24.7,1.15
81.2,24.8,1.15
81.2,24.9,1.15
81.2,25.0,1.15
81.2,25.1,1.15
81.2,25.2,1.5
81.2,25.3,1.5
81.2,25.4,1.5
81.2,25.5,1.5
81.2,25.6,1.5
81.2,25.7,1.5
81.2,25.8,1.5
81.2,25.9,1.5
81.2,26.0,1.5
81.2,26.1,1.5
81.2,26.2,1.5
81.2,26.3,1.5
81.2,26.4,1.5
81.2,26.5,1.5
81.2,26.6,1.5
81.2,26.7,1.5
81.2,26.8,1.5
81.2,26.9,1.5
81.2,27.0,1.5
81.2,27.1,1.5
81.2,27.2,1.5
81.2,27.3,1.5
81.2,27.4,1.5
81.2,27.5,1.5
81.2,27.6,1.5
81.2,27.7,1.5
81.2,27.8,1.5
81.2,27.9,1.5
81.2,28.0,1.5
81.2,28.1,1.5
81.2,28.2,1.0
81.2,28.3,1.0
81.3,16.4,1.0
81.3,16.5,1.5
81.3,16.6,1.5
81.3,16.7,1.5
81.3,16.8,1.5
81.3,16.9,1.15
81.3,17.0,1.15
81.3,17.1,1.15
81.3,17.2,1.0
81.3,17.3,1.0
81.3,17.4,1.0
81.3,17.5,1.0
81.3,17.6,1.0
81.3,17.7,1.0
81.3,17.8,1.0
81.3,17.9,1.0
81.3,18.0,1.0
81.3,18.1,1.0
81.3,18.2,1.0
81.3,18.3,1.0
81.3,18.4,1.0
81.3,18.5,1.0
81.3,18.6,1.0
81.3,18.7,1.0
81.3,18.8,1.0
81.3,18.9,1.0
81.3,19.0,1.0
81.3,19.1,1.0
81.3,19.2,1.0
81.3,19.3,1.0
81.3,19.4,1.0
81.3,19.5,1.0
81.3,19.6,1.0
81.3,19.7,1.0
81.3,19.8,1.0
81.3,19.9,1.0
81.3,20.0,1.0
81.3,20.1,1.0
81.3,20.2,1.0
81.3,20.3,1.0
81.3,20.4,1.0
81.3,20.5,1.15
81.3,20.6,1.15
81.3,20.7,1.15
81.3,20.8,1.15
81.3,20.9,1.15
81.3,21.0,1.15
81.3,21.1,1.15
81.3,21.2,1.15
81.3,21.3,1.15
81.3,21.4,1.15
81.3,21.5,1.15
81.3,21.6,1.15
81.3,21.7,1.15
81.3,21.8,1.15
81.3,21.9,1.15
81.3,22.0,1.15
81.3,22.1,1.15
81.3,22.2,1.15
81.3,22.3,1.0
81.3,22.4,1.0
81.3,22.5,1.0
81.3,22.6,1.0
81.3,22.7,1.0
81.3,22.8,1.0
81.3,22.9,1.0
81.3,23.0,1.15
81.3,23.1,1.15
81.3,23.2,1.15
81.3,23.3,1.15
81.3,23.4,1.15
81.3,23.5,1.15
81.3,23.6,1.15
81.3,23.7,1.15
81.3,23.8,1.15
81.3,23.9,1.15
81.3,24.0,1.15
81.3,24.1,1.0
81.3,24.2,1.0
81.3,24.3,1.15
81.3,24.4,1.15
81.3,24.5,1.15
81.3,24.6,1.15
81.3,24.7,1.15
81.3,24.8,1.15
81.3,24.9,1.15
81.3,25.0,1.15
81.3,25.1,1.15
81.3,25.2,1.5
81.3,25.3,1.5
81.3,25.4,1.5
81.3,25.5,1.5
81.3,25.6,1.5
81.3,25.7,1.5
81.3,25.8,1.5
81.3,25.9,1.5
81.3,26.0,1.5
81.3,26.1,1.5
81.3,26.2,1.5
81.3,26.3,1.5
81.3,26.4,1.5
81.3,26.5,1.5
81.3,26.6,1.5
81.3,26.7,1.5
81.3,26.8,1.5
81.3,26.9,1.5
81.3,27.0,1.5
81.3,27.1,1.5
81.3,27.2,1.5
81.3,27.3,1.5
81.3,27.4,1.5
81.3,27.5,1.5
81.3,27.6,1.5
81.3,27.7,1.5
81.3,27.8,1.5
81.3,27.9,1.5
81.3,28.0,1.5
81.3,28.1,1.5
81.3,28.2,1.0
81.4,16.4,1.5
81.4,16.5,1.5
81.4,16.6,1.5
81.4,16.7,1.5
81.4,16.8,1.5
81.4,16.9,1.15
81.4,17.0,1.15
81.4,17.1,1.15
81.4,17.2,1.0
81.4,17.3,1.0
81.4,17.4,1.0
81.4,17.5,1.0
81.4,17.6,1.0
81.4,17.7,1.0
81.4,17.8,1.0
81.4,17.9,1.0
81.4,18.0,1.0
81.4,18.1,1.0
81.4,18.2,1.0
81.4,18.3,1.0
81.4,18.4,1.0
81.4,18.5,1.0
81.4,18.6,1.0
81.4,18.7,1.0
81.4,18.8,1.0
81.4,18.9,1.0
81.4,19.0,1.0
81.4,19.1,1.0
81.4,19.2,1.0
81.4,19.3,1.0
81.4,19.4,1.0
81.4,19.5,1.0
81.4,19.6,1.0
81.4,19.7,1.0
81.4,19.8,1.0
81.4,19.9,1.0
81.4,20.0,1.0
81.4,20.1,1.0
81.4,20.2,1.0
81.4,20.3,1.0
81.4,20.4,1.0
81.4,20.5,1.15
81.4,20.6,1.15
81.4,20.7,1.15
81.4,20.8,1.15
81.4,20.9,1.15
81.4,21.0,1.15
81.4,21.1,1.15
81.4,21.2,1.15
81.4,21.3,1.15
81.4,21.4,1.15
81.4,21.5,1.15
81.4,21.6,1.15
81.4,21.7,1.15
81.4,21.8,1.15
81.4,21.9,1.15
81.4,22.0,1.15
81.4,22.1,1.15
81.4,22.2,1.15
81.4,22.3,1.0
81.4,22.4,1.0
81.4,22.5,1.0
81.4,22.6,1.0
81.4,22.7,1.0
81.4,22.8,1.0
81.4,22.9,1.0
81.4,23.0,1.15
81.4,23.1,1.15
81.4,23.2,1.15
81.4,23.3,1.15
81.4,23.4,1.15
81.4,23.5,1.15
81.4,23.6,1.15
81.4,23.7,1.15
81.4,23.8,1.15
81.4,23.9,1.15
81.4,24.0,1.15
81.4,24.1,1.0
81.4,24.2,1.0
81.4,24.3,1.15
81.4,24.4,1.15
81.4,24.5,1.15
81.4,24.6,1.15
81.4,24.7,1.15
81.4,24.8,1.15
81.4,24.9,1.15
81.4,25.0,1.15
81.4,25.1,1.15
81.4,25.2,1.5
81.4,25.3,1.5
81.4,25.4,1.5
81.4,25.5,1.5
81.4,25.6,1.5
81.4,25.7,1.5
81.4,25.8,1.5
81.4,25.9,1.5
81.4,26.0,1.5
81.4,26.1,1.5
81.4,26.2,1.5
81.4,26.3,1.5
81.4,26.4,1.5
81.4,26.5,1.5
81.4,26.6,1.5
81.4,26.7,1.5
81.4,26.8,1.5
81.4,26.9,1.5
81.4,27.0,1.5
81.4,27.1,1.5
81.4,27.2,1.5
81.4,27.3,1.5
81.4,27.4,1.5
81.4,27.5,1.5
81.4,27.6,1.5
81.4,27.7,1.5
81.4,27.8,1.5
81.4,27.9,1.5
81.4,28.0,1.5
81.4,28.1,1.0
81.5,16.4,1.5
81.5,16.5,1.5
81.5,16.6,1.5
81.5,16.7,1.5
81.5,16.8,1.5
81.5,16.9,1.5
81.5,17.0,1.15
81.5,17.1,1.15
81.5,17.2,1.0
81.5,17.3,1.0
81.5,17.4,1.0
81.5,17.5,1.0
81.5,17.6,1.0
81.5,17.7,1.0
81.5,17.8,1.0
81.5,17.9,1.0
81.5,18.0,1.0
81.5,18.1,1.0
81.5,18.2,1.15
81.5,18.3,1.15
81.5,18.4,1.15
81.5,18.5,1.15
81.5,18.6,1.0
81.5,18.7,1.0
81.5,18.8,1.0
81.5,18.9,1.0
81.5,19.0,1.15
81.5,19.1,1.15
81.5,19.2,1.15
81.5,19.3,1.0
81.5,19.4,1.0
81.5,19.5,1.0
81.5,19.6,1.0
81.5,19.7,1.0
81.5,19.8,1.0
81.5,19.9,1.0
81.5,20.0,1.0
81.5,20.1,1.0
81.5,20.2,1.0
81.5,20.3,1.0
81.5,20.4,1.0
81.5,20.5,1.15
81.5,20.6,1.15
81.5,20.7,1.15
81.5,20.8,1.15
81.5,20.9,1.15
81.5,21.0,1.15
81.5,21.1,1.15
81.5,21.2,1.15
81.5,21.3,1.15
81.5,21.4,1.15
81.5,21.5,1.15
81.5,21.6,1.15
81.5,21.7,1.15
81.5,21.8,1.15
81.5,21.9,1.15
81.5,22.0,1.15
81.5,22.1,1.15
81.5,22.2,1.15
81.5,22.3,1.0
81.5,22.4,1.0
81.5,22.5,1.0
81.5,22.6,1.0
81.5,22.7,1.0
81.5,22.8,1.0
81.5,22.9,1.15
81.5,23.0,1.15
81.5,23.1,1.15
81.5,23.2,1.15
81.5,23.3,1.15
81.5,23.4,1.15
81.5,23.5,1.15
81.5,23.6,1.15
81.5,23.7,1.15
81.5,23.8,1.15
81.5,23.9,1.15
81.5,24.0,1.15
81.5,24.1,1.15
81.5,24.2,1.0
81.5,24.3,1.0
81.5,24.4,1.15
81.5,24.5,1.15
81.5,24.6,1.15
81.5,24.7,1.15
81.5,24.8,1.15
81.5,24.9,1.15
81.5,25.0,1.15
81.5,25.1,1.5
81.5,25.2,1.5
81.5,25.3,1.5
81.5,25.4,1.5
81.5,25.5,1.5
81.5,25.6,1.5
81.5,25.7,1.5
81.5,25.8,1.5
81.5,25.9,1.5
81.5,26.0,1.5
81.5,26.1,1.5
81.5,26.2,1.5
81.5,26.3,1.5
81.5,26.4,1.5
81.5,26.5,1.5
81.5,26.6,1.5
81.5,26.7,1.5
81.5,26.8,1.5
81.5,26.9,1.5
81.5,27.0,1.5
81.5,27.1,1.5
81.5,27.2,1.5
81.5,27.3,1.5
81.5,27.4,1.5
81.5,27.5,1.5
81.5,27.6,1.5
81.5,27.7,1.5
81.5,27.8,1.5
81.5,27.9,1.5
81.5,28.0,1.0
81.5,28.1,1.0
81.6,16.4,1.5
81.6,16.5,1.5
81.6,16.6,1.5
81.6,16.7,1.5
81.6,16.8,1.5
81.6,16.9,1.5
81.6,17.0,1.5
81.6,17.1,1.15
81.6,17.2,1.5
81.6,17.3,1.0
81.6,17.4,1.0
81.6,17.5,1.0
81.6,17.6,1.0
81.6,17.7,1.0
81.6,17.8,1.0
81.6,17.9,1.0
81.6,18.0,1.0
81.6,18.1,1.0
81.6,18.2,1.15
81.6,18.3,1.15
81.6,18.4,1.15
81.6,18.5,1.15
81.6,18.6,1.0
81.6,18.7,1.0
81.6,18.8,1.15
81.6,18.9,1.15
81.6,19.0,1.15
81.6,19.1,1.15
81.6,19.2,1.15
81.6,19.3,1.0
81.6,19.4,1.0
81.6,19.5,1.0
81.6,19.6,1.0
81.6,19.7,1.0
81.6,19.8,1.0
81.6,19.9,1.0
81.6,20.0,1.0
81.6,20.1,1.0
81.6,20.2,1.0
81.6,20.3,1.0
81.6,20.4,1.0
81.6,20.5,1.15
81.6,20.6,1.15
81.6,20.7,1.15
81.6,20.8,1.15
81.6,20.9,1.15
81.6,21.0,1.15
81.6,21.1,1.15
81.6,21.2,1.15
81.6,21.3,1.15
81.6,21.4,1.15
81.6,21.5,1.15
81.6,21.6,1.15
81.6,21.7,1.15
81.6,21.8,1.15
81.6,21.9,1.15
81.6,22.0,1.15
81.6,22.1,1.15
81.6,22.2,1.15
81.6,22.3,1.0
81.6,22.4,1.0
81.6,22.5,1.0
81.6,22.6,1.0
81.6,22.7,1.0
81.6,22.8,1.15
81.6,22.9,1.15
81.6,23.0,1.15
81.6,23.1,1.15
81.6,23.2,1.15
81.6,23.3,1.15
81.6,23.4,1.15
81.6,23.5,1.15
81.6,23.6,1.15
81.6,23.7,1.15
81.6,23.8,1.15
81.6,23.9,1.15
81.6,24.0,1.15
81.6,24.1,1.15
81.6,24.2,1.0
81.6,24.3,1.0
81.6,24.4,1.15
81.6,24.5,1.15
81.6,24.6,1.15
81.6,24.7,1.15
81.6,24.8,1.15
81.6,24.9,1.15
81.6,25.0,1.15
81.6,25.1,1.5
81.6,25.2,1.5
81.6,25.3,1.5
81.6,25.4,1.5
81.6,25.5,1.5
81.6,25.6,1.5
81.6,25.7,1.5
81.6,25.8,1.5
81.6,25.9,1.5
81.6,26.0,1.5
81.6,26.1,1.5
81.6,26.2,1.5
81.6,26.3,1.5
81.6,26.4,1.5
81.6,26.5,1.5
81.6,26.6,1.5
81.6,26.7,1.5
81.6,26.8,1.5
81.6,26.9,1.5
81.6,27.0,1.5
81.6,27.1,1.5
81.6,27.2,1.5
81.6,27.3,1.5
81.6,27.4,1.5
81.6,27.5,1.5
81.6,27.6,1.5
81.6,27.7,1.5
81.6,27.8,1.5
81.6,27.9,1.5
81.7,16.4,1.5
81.7,16.5,1.5
81.7,16.6,1.5
81.7,16.7,1.5
81.7,16.8,1.5
81.7,16.9,1.5
81.7,17.0,1.5
81.7,17.1,1.5
81.7,17.2,1.0
81.7,17.3,1.0
81.7,17.4,1.0
81.7,17.5,1.0
81.7,17.6,1.0
81.7,17.7,1.0
81.7,17.8,1.0
81.7,17.9,1.0
81.7,18.0,1.0
81.7,18.1,1.0
81.7,18.2,1.0
81.7,18.3,1.0
81.7,18.4,1.15
81.7,18.5,1.15
81.7,18.6,1.0
81.7,18.7,1.0
81.7,18.8,1.15
81.7,18.9,1.15
81.7,19.0,1.15
81.7,19.1,1.15
81.7,19.2,1.15
81.7,19.3,1.15
81.7,19.4,1.0
81.7,19.5,1.0
81.7,19.6,1.0
81.7,19.7,1.0
81.7,19.8,1.0
81.7,19.9,1.0
81.7,20.0,1.0
81.7,20.1,1.0
81.7,20.2,1.0
81.7,20.3,1.0
81.7,20.4,1.0
81.7,20.5,1.15
81.7,20.6,1.15
81.7,20.7,1.15
81.7,20.8,1.15
81.7,20.9,1.15
81.7,21.0,1.15
81.7,21.1,1.15
81.7,21.2,1.15
81.7,21.3,1.15
81.7,21.4,1.15
81.7,21.5,1.15
81.7,21.6,1.15
81.7,21.7,1.15
81.7,21.8,1.15
81.7,21.9,1.15
81.7,22.0,1.15
81.7,22.1,1.15
81.7,22.2,1.15
81.7,22.3,1.0
81.7,22.4,1.0
81.7,22.5,1.0
81.7,22.6,1.0
81.7,22.7,1.0
81.7,22.8,1.15
81.7,22.9,1.0
81.7,23.0,1.15
81.7,23.1,1.15
81.7,23.2,1.15
81.7,23.3,1.15
81.7,23.4,1.15
81.7,23.5,1.15
81.7,23.6,1.15
81.7,23.7,1.15
81.7,23.8,1.15
81.7,23.9,1.15
81.7,24.0,1.15
81.7,24.1,1.15
81.7,24.2,1.0
81.7,24.3,1.0
81.7,24.4,1.15
81.7,24.5,1.15
81.7,24.6,1.15
81.7,24.7,1.15
81.7,24.8,1.15
81.7,24.9,1.15
81.7,25.0,1.15
81.7,25.1,1.15
81.7,25.2,1.5
81.7,25.3,1.5
81.7,25.4,1.5
81.7,25.5,1.5
81.7,25.6,1.5
81.7,25.7,1.5
81.7,25.8,1.5
81.7,25.9,1.5
81.7,26.0,1.5
81.7,26.1,1.5
81.7,26.2,1.5
81.7,26.3,1.5
81.7,26.4,1.5
81.7,26.5,1.5
81.7,26.6,1.5
81.7,26.7,1.5
81.7,26.8,1.5
81.7,26.9,1.5
81.7,27.0,1.5
81.7,27.1,1.5
81.7,27.2,1.5
81.7,27.3,1.5
81.7,27.4,1.5
81.7,27.5,1.5
81.7,27.6,1.5
81.7,27.7,1.5
81.7,27.8,1.5
81.7,27.9,1.5
81.8,16.4,1.5
81.8,16.5,1.5
81.8,16.6,1.5
81.8,16.7,1.5
81.8,16.8,1.5
81.8,16.9,1.5
81.8,17.0,1.5
81.8,17.1,1.5
81.8,17.2,1.0
81.8,17.3,1.0
81.8,17.4,1.0
81.8,17.5,1.0
81.8,17.6,1.0
81.8,17.7,1.0
81.8,17.8,1.0
81.8,17.9,1.0
81.8,18.0,1.0
81.8,18.1,1.0
81.8,18.2,1.0
81.8,18.3,1.0
81.8,18.4,1.0
81.8,18.5,1.0
81.8,18.6,1.0
81.8,18.7,1.15
81.8,18.8,1.15
81.8,18.9,1.15
81.8,19.0,1.15
81.8,19.1,1.15
81.8,19.2,1.15
81.8,19.3,1.15
81.8,19.4,1.0
81.8,19.5,1.0
81.8,19.6,1.0
81.8,19.7,1.0
81.8,19.8,1.0
81.8,19.9,1.0
81.8,20.0,1.0
81.8,20.1,1.0
81.8,20.2,1.0
81.8,20.3,1.0
81.8,20.4,1.0
81.8,20.5,1.0
81.8,20.6,1.15
81.8,20.7,1.15
81.8,20.8,1.15
81.8,20.9,1.15
81.8,21.0,1.15
81.8,21.1,1.15
81.8,21.2,1.15
81.8,21.3,1.15
81.8,21.4,1.15
81.8,21.5,1.15
81.8,21.6,1.15
81.8,21.7,1.15
81.8,21.8,1.15
81.8,21.9,1.15
81.8,22.0,1.15
81.8,22.1,1.15
81.8,22.2,1.15
81.8,22.3,1.0
81.8,22.4,1.0
81.8,22.5,1.0
81.8,22.6,1.0
81.8,22.7,1.0
81.8,22.8,1.0
81.8,22.9,1.15
81.8,23.0,1.15
81.8,23.1,1.15
81.8,23.2,1.15
81.8,23.3,1.15
81.8,23.4,1.15
81.8,23.5,1.15
81.8,23.6,1.15
81.8,23.7,1.15
81.8,23.8,1.15
81.8,23.9,1.15
81.8,24.0,1.15
81.8,24.1,1.15
81.8,24.2,1.0
81.8,24.3,1.0
81.8,24.4,1.0
81.8,24.5,1.15
81.8,24.6,1.15
81.8,24.7,1.15
81.8,24.8,1.15
81.8,24.9,1.15
81.8,25.0,1.15
81.8,25.1,1.15
81.8,25.2,1.5
81.8,25.3,1.5
81.8,25.4,1.5
81.8,25.5,1.5
81.8,25.6,1.5
81.8,25.7,1.5
81.8,25.8,1.5
81.8,25.9,1.5
81.8,26.0,1.5
81.8,26.1,1.5
81.8,26.2,1.5
81.8,26.3,1.5
81.8,26.4,1.5
81.8,26.5,1.5
81.8,26.6,1.5
81.8,26.7,1.5
81.8,26.8,1.5
81.8,26.9,1.5
81.8,27.0,1.5
81.8,27.1,1.5
81.8,27.2,1.5
81.8,27.3,1.5
81.8,27.4,1.5
81.8,27.5,1.5
81.8,27.6,1.5
81.8,27.7,1.5
81.8,27.8,1.5
81.8,27.9,1.5
81.9,16.4,1.0
81.9,16.5,1.5
81.9,16.6,1.5
81.9,16.7,1.5
81.9,16.8,1.5
81.9,16.9,1.5
81.9,17.0,1.5
81.9,17.1,1.5
81.9,17.2,1.0
81.9,17.3,1.0
81.9,17.4,1.0
81.9,17.5,1.0
81.9,17.6,1.0
81.9,17.7,1.0
81.9,17.8,1.0
81.9,17.9,1.0
81.9,18.0,1.0
81.9,18.1,1.0
81.9,18.2,1.0
81.9,18.3,1.0
81.9,18.4,1.0
81.9,18.5,1.0
81.9,18.6,1.0
81.9,18.7,1.15
81.9,18.8,1.15
81.9,18.9,1.15
81.9,19.0,1.15
81.9,19.1,1.15
81.9,19.2,1.15
81.9,19.3,1.15
81.9,19.4,1.0
81.9,19.5,1.0
81.9,19.6,1.0
81.9,19.7,1.0
81.9,19.8,1.0
81.9,19.9,1.0
81.9,20.0,1.0
81.9,20.1,1.0
81.9,20.2,1.0
81.9,20.3,1.0
81.9,20.4,1.0
81.9,20.5,1.0
81.9,20.6,1.0
81.9,20.7,1.15
81.9,20.8,1.15
81.9,20.9,1.15
81.9,21.0,1.15
81.9,21.1,1.15
81.9,21.2,1.15
81.9,21.3,1.15
81.9,21.4,1.15
81.9,21.5,1.15
81.9,21.6,1.15
81.9,21.7,1.15
81.9,21.8,1.15
81.9,21.9,1.15
81.9,22.0,1.15
81.9,22.1,1.15
81.9,22.2,1.15
81.9,22.3,1.0
81.9,22.4,1.0
81.9,22.5,1.0
81.9,22.6,1.0
81.9,22.7,1.0
81.9,22.8,1.0
81.9,22.9,1.15
81.9,23.0,1.15
81.9,23.1,1.15
81.9,23.2,1.15
81.9,23.3,1.15
81.9,23.4,1.15
81.9,23.5,1.15
81.9,23.6,1.15
81.9,23.7,1.15
81.9,23.8,1.15
81.9,23.9,1.15
81.9,24.0,1.15
81.9,24.1,1.15
81.9,24.2,1.0
81.9,24.3,1.0
81.9,24.4,1.0
81.9,24.5,1.15
81.9,24.6,1.15
81.9,24.7,1.15
81.9,24.8,1.15
81.9,24.9,1.15
81.9,25.0,1.15
81.9,25.1,1.5
81.9,25.2,1.5
81.9,25.3,1.5
81.9,25.4,1.5
81.9,25.5,1.5
81.9,25.6,1.5
81.9,25.7,1.5
81.9,25.8,1.5
81.9,25.9,1.5
81.9,26.0,1.5
81.9,26.1,1.5
81.9,26.2,1.5
81.9,26.3,1.5
81.9,26.4,1.5
81.9,26.5,1.5
81.9,26.6,1.5
81.9,26.7,1.5
81.9,26.8,1.5
81.9,26.9,1.5
81.9,27.0,1.5
81.9,27.1,1.5
81.9,27.2,1.5
81.9,27.3,1.5
81.9,27.4,1.5
81.9,27.5,1.5
81.9,27.6,1.5
81.9,27.7,1.5
81.9,27.8,1.5
81.9,27.9,1.5
82.0,16.4,1.0
82.0,16.5,1.5
82.0,16.6,1.5
82.0,16.7,1.5
82.0,16.8,1.5
82.0,16.9,1.5
82.0,17.0,1.5
82.0,17.1,1.5
82.0,17.2,1.5
82.0,17.3,1.0
82.0,17.4,1.0
82.0,17.5,1.0
82.0,17.6,1.0
82.0,17.7,1.0
82.0,17.8,1.0
82.0,17.9,1.0
82.0,18.0,1.0
82.0,18.1,1.0
82.0,18.2,1.0
82.0,18.3,1.0
82.0,18.4,1.0
82.0,18.5,1.0
82.0,18.6,1.0
82.0,18.7,1.15
82.0,18.8,1.15
82.0,18.9,1.15
82.0,19.0,1.15
82.0,19.1,1.15
82.0,19.2,1.15
82.0,19.3,1.15
82.0,19.4,1.0
82.0,19.5,1.0
82.0,19.6,1.0
82.0,19.7,1.0
82.0,19.8,1.0
82.0,19.9,1.0
82.0,20.0,1.0
82.0,20.1,1.0
82.0,20.2,1.0
82.0,20.3,1.0
82.0,20.4,1.0
82.0,20.5,1.0
82.0,20.6,1.0
82.0,20.7,1.15
82.0,20.8,1.0
82.0,20.9,1.0
82.0,21.0,1.0
82.0,21.1,1.15
82.0,21.2,1.15
82.0,21.3,1.15
82.0,21.4,1.15
82.0,21.5,1.15
82.0,21.6,1.15
82.0,21.7,1.15
82.0,21.8,1.15
82.0,21.9,1.15
82.0,22.0,1.15
82.0,22.1,1.15
82.0,22.2,1.15
82.0,22.3,1.0
82.0,22.4,1.0
82.0,22.5,1.0
82.0,22.6,1.0
82.0,22.7,1.15
82.0,22.8,1.15
82.0,22.9,1.15
82.0,23.0,1.15
82.0,23.1,1.15
82.0,23.2,1.15
82.0,23.3,1.15
82.0,23.4,1.15
82.0,23.5,1.15
82.0,23.6,1.15
82.0,23.7,1.15
82.0,23.8,1.15
82.0,23.9,1.15
82.0,24.0,1.15
82.0,24.1,1.15
82.0,24.2,1.0
82.0,24.3,1.0
82.0,24.4,1.0
82.0,24.5,1.15
82.0,24.6,1.15
82.0,24.7,1.15
82.0,24.8,1.15
82.0,24.9,1.15
82.0,25.0,1.15
82.0,25.1,1.5
82.0,25.2,1.5
82.0,25.3,1.5
82.0,25.4,1.5
82.0,25.5,1.5
82.0,25.6,1.5
82.0,25.7,1.5
82.0,25.8,1.5
82.0,25.9,1.5
82.0,26.0,1.5
82.0,26.1,1.5
82.0,26.2,1.5
82.0,26.3,1.5
82.0,26.4,1.5
82.0,26.5,1.5
82.0,26.6,1.5
82.0,26.7,1.5
82.0,26.8,1.5
82.0,26.9,1.5
82.0,27.0,1.5
82.0,27.1,1.5
82.0,27.2,1.5
82.0,27.3,1.5
82.0,27.4,1.5
82.0,27.5,1.5
82.0,27.6,1.5
82.0,27.7,1.5
82.0,27.8,1.5
82.1,16.5,1.0
82.1,16.6,1.5
82.1,16.7,1.5
82.1,16.8,1.5
82.1,16.9,1.5
82.1,17.0,1.5
82.1,17.1,1.5
82.1,17.2,1.5
82.1,17.3,1.0
82.1,17.4,1.0
82.1,17.5,1.0
82.1,17.6,1.0
82.1,17.7,1.0
82.1,17.8,1.0
82.1,17.9,1.0
82.1,18.0,1.0
82.1,18.1,1.0
82.1,18.2,1.0
82.1,18.3,1.0
82.1,18.4,1.0
82.1,18.5,1.0
82.1,18.6,1.0
82.1,18.7,1.0
82.1,18.8,1.15
82.1,18.9,1.15
82.1,19.0,1.15
82.1,19.1,1.15
82.1,19.2,1.15
82.1,19.3,1.0
82.1,19.4,1.0
82.1,19.5,1.0
82.1,19.6,1.0
82.1,19.7,1.0
82.1,19.8,1.0
82.1,19.9,1.0
82.1,20.0,1.0
82.1,20.1,1.15
82.1,20.2,1.15
82.1,20.3,1.15
82.1,20.4,1.0
82.1,20.5,1.0
82.1,20.6,1.0
82.1,20.7,1.0
82.1,20.8,1.0
82.1,20.9,1.0
82.1,21.0,1.0
82.1,21.1,1.0
82.1,21.2,1.0
82.1,21.3,1.15
82.1,21.4,1.15
82.1,21.5,1.15
82.1,21.6,1.15
82.1,21.7,1.15
82.1,21.8,1.15
82.1,21.9,1.15
82.1,22.0,1.15
82.1,22.1,1.15
82.1,22.2,1.0
82.1,22.3,1.0
82.1,22.4,1.0
82.1,22.5,1.0
82.1,22.6,1.15
82.1,22.7,1.15
82.1,22.8,1.15
82.1,22.9,1.15
82.1,23.0,1.15
82.1,23.1,1.15
82.1,23.2,1.15
82.1,23.3,1.15
82.1,23.4,1.15
82.1,23.5,1.15
82.1,23.6,1.15
82.1,23.7,1.15
82.1,23.8,1.15
82.1,23.9,1.15
82.1,24.0,1.15
82.1,24.1,1.15
82.1,24.2,1.0
82.1,24.3,1.0
82.1,24.4,1.0
82.1,24.5,1.15
82.1,24.6,1.15
82.1,24.7,1.15
82.1,24.8,1.15
82.1,24.9,1.15
82.1,25.0,1.15
82.1,25.1,1.5
82.1,25.2,1.5
82.1,25.3,1.5
82.1,25.4,1.5
82.1,25.5,1.5
82.1,25.6,1.5
82.1,25.7,1.5
82.1,25.8,1.5
82.1,25.9,1.5
82.1,26.0,1.5
82.1,26.1,1.5
82.1,26.2,1.5
82.1,26.3,1.5
82.1,26.4,1.5
82.1,26.5,1.5
82.1,26.6,1.5
82.1,26.7,1.5
82.1,26.8,1.5
82.1,26.9,1.5
82.1,27.0,1.5
82.1,27.1,1.5
82.1,27.2,1.5
82.1,27.3,1.5
82.1,27.4,1.5
82.1,27.5,1.5
82.1,27.6,1.5
82.1,27.7,1.5
82.1,27.8,1.0
82.2,16.6,1.5
82.2,16.7,1.5
82.2,16.8,1.5
82.2,16.9,1.0
82.2,17.0,1.0
82.2,17.1,1.5
82.2,17.2,1.5
82.2,17.3,1.0
82.2,17.4,1.0
82.2,17.5,1.0
82.2,17.6,1.0
82.2,17.7,1.0
82.2,17.8,1.0
82.2,17.9,1.0
82.2,18.0,1.0
82.2,18.1,1.0
82.2,18.2,1.0
82.2,18.3,1.0
82.2,18.4,1.0
82.2,18.5,1.0
82.2,18.6,1.0
82.2,18.7,1.0
82.2,18.8,1.0
82.2,18.9,1.15
82.2,19.0,1.15
82.2,19.1,1.15
82.2,19.2,1.15
82.2,19.3,1.0
82.2,19.4,1.0
82.2,19.5,1.0
82.2,19.6,1.0
82.2,19.7,1.0
82.2,19.8,1.0
82.2,19.9,1.0
82.2,20.0,1.15
82.2,20.1,1.15
82.2,20.2,1.15
82.2,20.3,1.15
82.2,20.4,1.15
82.2,20.5,1.15
82.2,20.6,1.0
82.2,20.7,1.0
82.2,20.8,1.0
82.2,20.9,1.0
82.2,21.0,1.0
82.2,21.1,1.0
82.2,21.2,1.0
82.2,21.3,1.0
82.2,21.4,1.15
82.2,21.5,1.15
82.2,21.6,1.15
82.2,21.7,1.15
82.2,21.8,1.15
82.2,21.9,1.15
82.2,22.0,1.15
82.2,22.1,1.0
82.2,22.2,1.0
82.2,22.3,1.15
82.2,22.4,1.0
82.2,22.5,1.0
82.2,22.6,1.15
82.2,22.7,1.15
82.2,22.8,1.15
82.2,22.9,1.15
82.2,23.0,1.15
82.2,23.1,1.15
82.2,23.2,1.15
82.2,23.3,1.15
82.2,23.4,1.15
82.2,23.5,1.15
82.2,23.6,1.15
82.2,23.7,1.15
82.2,23.8,1.15
82.2,23.9,1.15
82.2,24.0,1.15
82.2,24.1,1.15
82.2,24.2,1.0
82.2,24.3,1.0
82.2,24.4,1.0
82.2,24.5,1.15
82.2,24.6,1.15
82.2,24.7,1.15
82.2,24.8,1.15
82.2,24.9,1.15
82.2,25.0,1.15
82.2,25.1,1.5
82.2,25.2,1.5
82.2,25.3,1.5
82.2,25.4,1.5
82.2,25.5,1.5
82.2,25.6,1.5
82.2,25.7,1.5
82.2,25.8,1.5
82.2,25.9,1.5
82.2,26.0,1.5
82.2,26.1,1.5
82.2,26.2,1.5
82.2,26.3,1.5
82.2,26.4,1.5
82.2,26.5,1.5
82.2,26.6,1.5
82.2,26.7,1.5
82.2,26.8,1.5
82.2,26.9,1.5
82.2,27.0,1.5
82.2,27.1,1.5
82.2,27.2,1.5
82.2,27.3,1.5
82.2,27.4,1.5
82.2,27.5,1.5
82.2,27.6,1.5
82.2,27.7,1.5
82.2,27.8,1.0
82.3,16.6,1.0
82.3,16.7,1.0
82.3,16.8,1.0
82.3,16.9,1.5
82.3,17.0,1.0
82.3,17.1,1.0
82.3,17.2,1.5
82.3,17.3,1.0
82.3,17.4,1.0
82.3,17.5,1.0
82.3,17.6,1.0
82.3,17.7,1.0
82.3,17.8,1.0
82.3,17.9,1.0
82.3,18.0,1.0
82.3,18.1,1.0
82.3,18.2,1.0
82.3,18.3,1.0
82.3,18.4,1.0
82.3,18.5,1.0
82.3,18.6,1.0
82.3,18.7,1.0
82.3,18.8,1.0
82.3,18.9,1.0
82.3,19.0,1.15
82.3,19.1,1.15
82.3,19.2,1.15
82.3,19.3,1.0
82.3,19.4,1.0
82.3,19.5,1.15
82.3,19.6,1.0
82.3,19.7,1.0
82.3,19.8,1.0
82.3,19.9,1.15
82.3,20.0,1.15
82.3,20.1,1.15
82.3,20.2,1.15
82.3,20.3,1.15
82.3,20.4,1.15
82.3,20.5,1.15
82.3,20.6,1.15
82.3,20.7,1.0
82.3,20.8,1.0
82.3,20.9,1.0
82.3,21.0,1.0
82.3,21.1,1.0
82.3,21.2,1.0
82.3,21.3,1.0
82.3,21.4,1.0
82.3,21.5,1.15
82.3,21.6,1.15
82.3,21.7,1.15
82.3,21.8,1.15
82.3,21.9,1.15
82.3,22.0,1.15
82.3,22.1,1.0
82.3,22.2,1.0
82.3,22.3,1.15
82.3,22.4,1.15
82.3,22.5,1.15
82.3,22.6,1.15
82.3,22.7,1.15
82.3,22.8,1.15
82.3,22.9,1.15
82.3,23.0,1.15
82.3,23.1,1.15
82.3,23.2,1.15
82.3,23.3,1.15
82.3,23.4,1.15
82.3,23.5,1.15
82.3,23.6,1.15
82.3,23.7,1.15
82.3,23.8,1.15
82.3,23.9,1.15
82.3,24.0,1.15
82.3,24.1,1.0
82.3,24.2,1.0
82.3,24.3,1.0
82.3,24.4,1.0
82.3,24.5,1.15
82.3,24.6,1.15
82.3,24.7,1.15
82.3,24.8,1.15
82.3,24.9,1.15
82.3,25.0,1.15
82.3,25.1,1.5
82.3,25.2,1.5
82.3,25.3,1.5
82.3,25.4,1.5
82.3,25.5,1.5
82.3,25.6,1.5
82.3,25.7,1.5
82.3,25.8,1.5
82.3,25.9,1.5
82.3,26.0,1.5
82.3,26.1,1.5
82.3,26.2,1.5
82.3,26.3,1.5
82.3,26.4,1.5
82.3,26.5,1.5
82.3,26.6,1.5
82.3,26.7,1.5
82.3,26.8,1.5
82.3,26.9,1.5
82.3,27.0,1.5
82.3,27.1,1.5
82.3,27.2,1.5
82.3,27.3,1.5
82.3,27.4,1.5
82.3,27.5,1.5
82.3,27.6,1.5
82.3,27.7,1.5
82.4,17.2,1.0
82.4,17.3,1.0
82.4,17.4,1.0
82.4,17.5,1.0
82.4,17.6,1.0
82.4,17.7,1.0
82.4,17.8,1.0
82.4,17.9,1.0
82.4,18.0,1.0
82.4,18.1,1.0
82.4,18.2,1.0
82.4,18.3,1.0
82.4,18.4,1.0
82.4,18.5,1.0
82.4,18.6,1.0
82.4,18.7,1.0
82.4,18.8,1.0
82.4,18.9,1.0
82.4,19.0,1.0
82.4,19.1,1.15
82.4,19.2,1.0
82.4,19.3,1.0
82.4,19.4,1.15
82.4,19.5,1.15
82.4,19.6,1.15
82.4,19.7,1.0
82.4,19.8,1.0
82.4,19.9,1.0
82.4,20.0,1.15
82.4,20.1,1.15
82.4,20.2,1.15
82.4,20.3,1.0
82.4,20.4,1.0
82.4,20.5,1.0
82.4,20.6,1.0
82.4,20.7,1.0
82.4,20.8,1.0
82.4,20.9,1.0
82.4,21.0,1.0
82.4,21.1,1.0
82.4,21.2,1.0
82.4,21.3,1.0
82.4,21.4,1.0
82.4,21.5,1.0
82.4,21.6,1.15
82.4,21.7,1.15
82.4,21.8,1.15
82.4,21.9,1.15
82.4,22.0,1.15
82.4,22.1,1.0
82.4,22.2,1.15
82.4,22.3,1.15
82.4,22.4,1.15
82.4,22.5,1.15
82.4,22.6,1.15
82.4,22.7,1.15
82.4,22.8,1.15
82.4,22.9,1.15
82.4,23.0,1.15
82.4,23.1,1.15
82.4,23.2,1.15
82.4,23.3,1.15
82.4,23.4,1.15
82.4,23.5,1.15
82.4,23.6,1.15
82.4,23.7,1.15
82.4,23.8,1.15
82.4,23.9,1.0
82.4,24.0,1.15
82.4,24.1,1.15
82.4,24.2,1.0
82.4,24.3,1.0
82.4,24.4,1.0
82.4,24.5,1.15
82.4,24.6,1.15
82.4,24.7,1.15
82.4,24.8,1.15
82.4,24.9,1.15
82.4,25.0,1.15
82.4,25.1,1.5
82.4,25.2,1.5
82.4,25.3,1.5
82.4,25.4,1.5
82.4,25.5,1.5
82.4,25.6,1.5
82.4,25.7,1.5
82.4,25.8,1.5
82.4,25.9,1.5
82.4,26.0,1.5
82.4,26.1,1.5
82.4,26.2,1.5
82.4,26.3,1.5
82.4,26.4,1.5
82.4,26.5,1.5
82.4,26.6,1.5
82.4,26.7,1.5
82.4,26.8,1.5
82.4,26.9,1.5
82.4,27.0,1.5
82.4,27.1,1.5
82.4,27.2,1.5
82.4,27.3,1.5
82.4,27.4,1.5
82.4,27.5,1.5
82.4,27.6,1.5
82.4,27.7,1.5
82.5,17.2,1.0
82.5,17.3,1.0
82.5,17.4,1.0
82.5,17.5,1.0
82.5,17.6,1.0
82.5,17.7,1.0
82.5,17.8,1.0
82.5,17.9,1.0
82.5,18.0,1.0
82.5,18.1,1.0
82.5,18.2,1.0
82.5,18.3,1.0
82.5,18.4,1.0
82.5,18.5,1.0
82.5,18.6,1.0
82.5,18.7,1.0
82.5,18.8,1.0
82.5,18.9,1.0
82.5,19.0,1.0
82.5,19.1,1.0
82.5,19.2,1.0
82.5,19.3,1.0
82.5,19.4,1.0
82.5,19.5,1.0
82.5,19.6,1.0
82.5,19.7,1.0
82.5,19.8,1.0
82.5,19.9,1.0
82.5,20.0,1.0
82.5,20.1,1.0
82.5,20.2,1.0
82.5,20.3,1.0
82.5,20.4,1.0
82.5,20.5,1.0
82.5,20.6,1.0
82.5,20.7,1.0
82.5,20.8,1.0
82.5,20.9,1.0
82.5,21.0,1.0
82.5,21.1,1.0
82.5,21.2,1.0
82.5,21.3,1.0
82.5,21.4,1.0
82.5,21.5,1.0
82.5,21.6,1.15
82.5,21.7,1.15
82.5,21.8,1.15
82.5,21.9,1.15
82.5,22.0,1.15
82.5,22.1,1.0
82.5,22.2,1.15
82.5,22.3,1.15
82.5,22.4,1.15
82.5,22.5,1.15
82.5,22.6,1.15
82.5,22.7,1.15
82.5,22.8,1.15
82.5,22.9,1.15
82.5,23.0,1.15
82.5,23.1,1.15
82.5,23.2,1.15
82.5,23.3,1.15
82.5,23.4,1.15
82.5,23.5,1.15
82.5,23.6,1.15
82.5,23.7,1.15
82.5,23.8,1.0
82.5,23.9,1.0
82.5,24.0,1.0
82.5,24.1,1.15
82.5,24.2,1.0
82.5,24.3,1.0
82.5,24.4,1.0
82.5,24.5,1.0
82.5,24.6,1.15
82.5,24.7,1.15
82.5,24.8,1.15
82.5,24.9,1.15
82.5,25.0,1.15
82.5,25.1,1.5
82.5,25.2,1.5
82.5,25.3,1.5
82.5,25.4,1.5
82.5,25.5,1.5
82.5,25.6,1.5
82.5,25.7,1.5
82.5,25.8,1.5
82.5,25.9,1.5
82.5,26.0,1.5
82.5,26.1,1.5
82.5,26.2,1.5
82.5,26.3,1.5
82.5,26.4,1.5
82.5,26.5,1.5
82.5,26.6,1.5
82.5,26.7,1.5
82.5,26.8,1.5
82.5,26.9,1.5
82.5,27.0,1.5
82.5,27.1,1.5
82.5,27.2,1.5
82.5,27.3,1.5
82.5,27.4,1.5
82.5,27.5,1.5
82.5,27.6,1.0
82.6,17.3,1.0
82.6,17.4,1.0
82.6,17.5,1.0
82.6,17.6,1.0
82.6,17.7,1.0
82.6,17.8,1.0
82.6,17.9,1.0
82.6,18.0,1.0
82.6,18.1,1.0
82.6,18.2,1.0
82.6,18.3,1.0
82.6,18.4,1.0
82.6,18.5,1.0
82.6,18.6,1.0
82.6,18.7,1.0
82.6,18.8,1.0
82.6,18.9,1.0
82.6,19.0,1.0
82.6,19.1,1.0
82.6,19.2,1.0
82.6,19.3,1.0
82.6,19.4,1.0
82.6,19.5,1.0
82.6,19.6,1.0
82.6,19.7,1.0
82.6,19.8,1.0
82.6,19.9,1.0
82.6,20.0,1.0
82.6,20.1,1.0
82.6,20.2,1.0
82.6,20.3,1.0
82.6,20.4,1.0
82.6,20.5,1.0
82.6,20.6,1.0
82.6,20.7,1.0
82.6,20.8,1.0
82.6,20.9,1.0
82.6,21.0,1.0
82.6,21.1,1.0
82.6,21.2,1.0
82.6,21.3,1.0
82.6,21.4,1.0
82.6,21.5,1.15
82.6,21.6,1.15
82.6,21.7,1.15
82.6,21.8,1.15
82.6,21.9,1.15
82.6,22.0,1.15
82.6,22.1,1.0
82.6,22.2,1.15
82.6,22.3,1.15
82.6,22.4,1.15
82.6,22.5,1.15
82.6,22.6,1.15
82.6,22.7,1.15
82.6,22.8,1.15
82.6,22.9,1.15
82.6,23.0,1.15
82.6,23.1,1.15
82.6,23.2,1.0
82.6,23.3,1.0
82.6,23.4,1.0
82.6,23.5,1.15
82.6,23.6,1.15
82.6,23.7,1.15
82.6,23.8,1.0
82.6,23.9,1.0
82.6,24.0,1.0
82.6,24.1,1.15
82.6,24.2,1.0
82.6,24.3,1.0
82.6,24.4,1.0
82.6,24.5,1.0
82.6,24.6,1.15
82.6,24.7,1.15
82.6,24.8,1.15
82.6,24.9,1.15
82.6,25.0,1.15
82.6,25.1,1.5
82.6,25.2,1.5
82.6,25.3,1.5
82.6,25.4,1.5
82.6,25.5,1.5
82.6,25.6,1.5
82.6,25.7,1.5
82.6,25.8,1.5
82.6,25.9,1.5
82.6,26.0,1.5
82.6,26.1,1.5
82.6,26.2,1.5
82.6,26.3,1.5
82.6,26.4,1.5
82.6,26.5,1.5
82.6,26.6,1.5
82.6,26.7,1.5
82.6,26.8,1.5
82.6,26.9,1.5
82.6,27.0,1.5
82.6,27.1,1.5
82.6,27.2,1.5
82.6,27.3,1.5
82.6,27.4,1.5
82.6,27.5,1.5
82.6,27.6,1.0
82.7,17.4,1.0
82.7,17.5,1.0
82.7,17.6,1.0
82.7,17.7,1.0
82.7,17.8,1.0
82.7,17.9,1.0
82.7,18.0,1.0
82.7,18.1,1.0
82.7,18.2,1.0
82.7,18.3,1.0
82.7,18.4,1.0
82.7,18.5,1.0
82.7,18.6,1.0
82.7,18.7,1.0
82.7,18.8,1.0
82.7,18.9,1.0
82.7,19.0,1.0
82.7,19.1,1.0
82.7,19.2,1.0
82.7,19.3,1.0
82.7,19.4,1.0
82.7,19.5,1.0
82.7,19.6,1.0
82.7,19.7,1.0
82.7,19.8,1.0
82.7,19.9,1.0
82.7,20.0,1.0
82.7,20.1,1.0
82.7,20.2,1.0
82.7,20.3,1.0
82.7,20.4,1.0
82.7,20.5,1.0
82.7,20.6,1.0
82.7,20.7,1.0
82.7,20.8,1.0
82.7,20.9,1.0
82.7,21.0,1.15
82.7,21.1,1.15
82.7,21.2,1.0
82.7,21.3,1.0
82.7,21.4,1.0
82.7,21.5,1.15
82.7,21.6,1.15
82.7,21.7,1.15
82.7,21.8,1.15
82.7,21.9,1.15
82.7,22.0,1.15
82.7,22.1,1.0
82.7,22.2,1.15
82.7,22.3,1.15
82.7,22.4,1.15
82.7,22.5,1.15
82.7,22.6,1.15
82.7,22.7,1.15
82.7,22.8,1.15
82.7,22.9,1.15
82.7,23.0,1.15
82.7,23.1,1.15
82.7,23.2,1.15
82.7,23.3,1.0
82.7,23.4,1.0
82.7,23.5,1.15
82.7,23.6,1.15
82.7,23.7,1.15
82.7,23.8,1.0
82.7,23.9,1.0
82.7,24.0,1.0
82.7,24.1,1.0
82.7,24.2,1.0
82.7,24.3,1.0
82.7,24.4,1.0
82.7,24.5,1.15
82.7,24.6,1.15
82.7,24.7,1.15
82.7,24.8,1.15
82.7,24.9,1.15
82.7,25.0,1.5
82.7,25.1,1.5
82.7,25.2,1.5
82.7,25.3,1.5
82.7,25.4,1.5
82.7,25.5,1.5
82.7,25.6,1.5
82.7,25.7,1.5
82.7,25.8,1.5
82.7,25.9,1.5
82.7,26.0,1.5
82.7,26.1,1.5
82.7,26.2,1.5
82.7,26.3,1.5
82.7,26.4,1.5
82.7,26.5,1.5
82.7,26.6,1.5
82.7,26.7,1.5
82.7,26.8,1.5
82.7,26.9,1.5
82.7,27.0,1.5
82.7,27.1,1.5
82.7,27.2,1.5
82.7,27.3,1.5
82.7,27.4,1.5
82.7,27.5,1.5
82.7,27.6,1.0
82.8,17.4,1.0
82.8,17.5,1.0
82.8,17.6,1.0
82.8,17.7,1.0
82.8,17.8,1.0
82.8,17.9,1.0
82.8,18.0,1.0
82.8,18.1,1.0
82.8,18.2,1.0
82.8,18.3,1.0
82.8,18.4,1.0
82.8,18.5,1.0
82.8,18.6,1.0
82.8,18.7,1.0
82.8,18.8,1.0
82.8,18.9,1.0
82.8,19.0,1.0
82.8,19.1,1.0
82.8,19.2,1.0
82.8,19.3,1.0
82.8,19.4,1.0
82.8,19.5,1.0
82.8,19.6,1.0
82.8,19.7,1.0
82.8,19.8,1.0
82.8,19.9,1.0
82.8,20.0,1.0
82.8,20.1,1.0
82.8,20.2,1.0
82.8,20.3,1.0
82.8,20.4,1.0
82.8,20.5,1.0
82.8,20.6,1.0
82.8,20.7,1.0
82.8,20.8,1.0
82.8,20.9,1.0
82.8,21.0,1.0
82.8,21.1,1.15
82.8,21.2,1.15
82.8,21.3,1.15
82.8,21.4,1.15
82.8,21.5,1.15
82.8,21.6,1.15
82.8,21.7,1.15
82.8,21.8,1.15
82.8,21.9,1.15
82.8,22.0,1.15
82.8,22.1,1.15
82.8,22.2,1.15
82.8,22.3,1.15
82.8,22.4,1.15
82.8,22.5,1.15
82.8,22.6,1.15
82.8,22.7,1.15
82.8,22.8,1.15
82.8,22.9,1.15
82.8,23.0,1.15
82.8,23.1,1.15
82.8,23.2,1.15
82.8,23.3,1.0
82.8,23.4,1.0
82.8,23.5,1.15
82.8,23.6,1.15
82.8,23.7,1.15
82.8,23.8,1.0
82.8,23.9,1.0
82.8,24.0,1.0
82.8,24.1,1.0
82.8,24.2,1.0
82.8,24.3,1.0
82.8,24.4,1.0
82.8,24.5,1.15
82.8,24.6,1.15
82.8,24.7,1.15
82.8,24.8,1.15
82.8,24.9,1.15
82.8,25.0,1.5
82.8,25.1,1.5
82.8,25.2,1.5
82.8,25.3,1.5
82.8,25.4,1.5
82.8,25.5,1.5
82.8,25.6,1.5
82.8,25.7,1.5
82.8,25.8,1.5
82.8,25.9,1.5
82.8,26.0,1.5
82.8,26.1,1.5
82.8,26.2,1.5
82.8,26.3,1.5
82.8,26.4,1.5
82.8,26.5,1.5
82.8,26.6,1.5
82.8,26.7,1.5
82.8,26.8,1.5
82.8,26.9,1.5
82.8,27.0,1.5
82.8,27.1,1.5
82.8,27.2,1.5
82.8,27.3,1.5
82.8,27.4,1.5
82.8,27.5,1.5
82.9,17.5,1.0
82.9,17.6,1.0
82.9,17.7,1.0
82.9,17.8,1.0
82.9,17.9,1.0
82.9,18.0,1.0
82.9,18.1,1.0
82.9,18.2,1.0
82.9,18.3,1.0
82.9,18.4,1.0
82.9,18.5,1.0
82.9,18.6,1.0
82.9,18.7,1.0
82.9,18.8,1.0
82.9,18.9,1.0
82.9,19.0,1.0
82.9,19.1,1.0
82.9,19.2,1.0
82.9,19.3,1.0
82.9,19.4,1.0
82.9,19.5,1.0
82.9,19.6,1.0
82.9,19.7,1.0
82.9,19.8,1.0
82.9,19.9,1.0
82.9,20.0,1.0
82.9,20.1,1.0
82.9,20.2,1.0
82.9,20.3,1.0
82.9,20.4,1.0
82.9,20.5,1.0
82.9,20.6,1.0
82.9,20.7,1.0
82.9,20.8,1.0
82.9,20.9,1.0
82.9,21.0,1.0
82.9,21.1,1.15
82.9,21.2,1.15
82.9,21.3,1.15
82.9,21.4,1.15
82.9,21.5,1.15
82.9,21.6,1.15
82.9,21.7,1.15
82.9,21.8,1.15
82.9,21.9,1.15
82.9,22.0,1.15
82.9,22.1,1.15
82.9,22.2,1.15
82.9,22.3,1.15
82.9,22.4,1.15
82.9,22.5,1.15
82.9,22.6,1.15
82.9,22.7,1.15
82.9,22.8,1.15
82.9,22.9,1.15
82.9,23.0,1.15
82.9,23.1,1.15
82.9,23.2,1.15
82.9,23.3,1.15
82.9,23.4,1.0
82.9,23.5,1.0
82.9,23.6,1.15
82.9,23.7,1.15
82.9,23.8,1.0
82.9,23.9,1.0
82.9,24.0,1.0
82.9,24.1,1.0
82.9,24.2,1.0
82.9,24.3,1.0
82.9,24.4,1.15
82.9,24.5,1.15
82.9,24.6,1.15
82.9,24.7,1.15
82.9,24.8,1.15
82.9,24.9,1.15
82.9,25.0,1.5
82.9,25.1,1.5
82.9,25.2,1.5
82.9,25.3,1.5
82.9,25.4,1.5
82.9,25.5,1.5
82.9,25.6,1.5
82.9,25.7,1.5
82.9,25.8,1.5
82.9,25.9,1.5
82.9,26.0,1.5
82.9,26.1,1.5
82.9,26.2,1.5
82.9,26.3,1.5
82.9,26.4,1.5
82.9,26.5,1.5
82.9,26.6,1.5
82.9,26.7,1.5
82.9,26.8,1.5
82.9,26.9,1.5
82.9,27.0,1.5
82.9,27.1,1.5
82.9,27.2,1.5
82.9,27.3,1.5
82.9,27.4,1.5
83.0,17.5,1.0
83.0,17.6,1.0
83.0,17.7,1.0
83.0,17.8,1.0
83.0,17.9,1.0
83.0,18.0,1.0
83.0,18.1,1.0
83.0,18.2,1.0
83.0,18.3,1.0
83.0,18.4,1.0
83.0,18.5,1.0
83.0,18.6,1.0
83.0,18.7,1.0
83.0,18.8,1.0
83.0,18.9,1.0
83.0,19.0,1.0
83.0,19.1,1.0
83.0,19.2,1.0
83.0,19.3,1.0
83.0,19.4,1.0
83.0,19.5,1.0
83.0,19.6,1.0
83.0,19.7,1.0
83.0,19.8,1.0
83.0,19.9,1.0
83.0,20.0,1.0
83.0,20.1,1.0
83.0,20.2,1.0
83.0,20.3,1.0
83.0,20.4,1.0
83.0,20.5,1.0
83.0,20.6,1.0
83.0,20.7,1.0
83.0,20.8,1.0
83.0,20.9,1.0
83.0,21.0,1.0
83.0,21.1,1.15
83.0,21.2,1.15
83.0,21.3,1.15
83.0,21.4,1.15
83.0,21.5,1.15
83.0,21.6,1.15
83.0,21.7,1.15
83.0,21.8,1.15
83.0,21.9,1.15
83.0,22.0,1.15
83.0,22.1,1.15
83.0,22.2,1.15
83.0,22.3,1.15
83.0,22.4,1.15
83.0,22.5,1.0
83.0,22.6,1.15
83.0,22.7,1.15
83.0,22.8,1.0
83.0,22.9,1.0
83.0,23.0,1.0
83.0,23.1,1.0
83.0,23.2,1.15
83.0,23.3,1.15
83.0,23.4,1.0
83.0,23.5,1.0
83.0,23.6,1.15
83.0,23.7,1.15
83.0,23.8,1.0
83.0,23.9,1.0
83.0,24.0,1.0
83.0,24.1,1.0
83.0,24.2,1.0
83.0,24.3,1.0
83.0,24.4,1.15
83.0,24.5,1.15
83.0,24.6,1.15
83.0,24.7,1.15
83.0,24.8,1.15
83.0,24.9,1.15
83.0,25.0,1.15
83.0,25.1,1.5
83.0,25.2,1.5
83.0,25.3,1.5
83.0,25.4,1.5
83.0,25.5,1.5
83.0,25.6,1.5
83.0,25.7,1.5
83.0,25.8,1.5
83.0,25.9,1.5
83.0,26.0,1.5
83.0,26.1,1.5
83.0,26.2,1.5
83.0,26.3,1.5
83.0,26.4,1.5
83.0,26.5,1.5
83.0,26.6,1.5
83.0,26.7,1.5
83.0,26.8,1.5
83.0,26.9,1.5
83.0,27.0,1.5
83.0,27.1,1.5
83.0,27.2,1.5
83.0,27.3,1.5
83.0,27.4,1.5
83.1,17.6,1.0
83.1,17.7,1.0
83.1,17.8,1.0
83.1,17.9,1.0
83.1,18.0,1.0
83.1,18.1,1.0
83.1,18.2,1.0
83.1,18.3,1.0
83.1,18.4,1.0
83.1,18.5,1.0
83.1,18.6,1.0
83.1,18.7,1.0
83.1,18.8,1.0
83.1,18.9,1.0
83.1,19.0,1.0
83.1,19.1,1.0
83.1,19.2,1.0
83.1,19.3,1.0
83.1,19.4,1.0
83.1,19.5,1.0
83.1,19.6,1.0
83.1,19.7,1.0
83.1,19.8,1.0
83.1,19.9,1.0
83.1,20.0,1.0
83.1,20.1,1.0
83.1,20.2,1.0
83.1,20.3,1.0
83.1,20.4,1.0
83.1,20.5,1.0
83.1,20.6,1.0
83.1,20.7,1.0
83.1,20.8,1.0
83.1,20.9,1.0
83.1,21.0,1.0
83.1,21.1,1.0
83.1,21.2,1.0
83.1,21.3,1.15
83.1,21.4,1.15
83.1,21.5,1.15
83.1,21.6,1.15
83.1,21.7,1.15
83.1,21.8,1.15
83.1,21.9,1.15
83.1,22.0,1.15
83.1,22.1,1.15
83.1,22.2,1.15
83.1,22.3,1.15
83.1,22.4,1.15
83.1,22.5,1.0
83.1,22.6,1.15
83.1,22.7,1.15
83.1,22.8,1.0
83.1,22.9,1.0
83.1,23.0,1.0
83.1,23.1,1.0
83.1,23.2,1.0
83.1,23.3,1.15
83.1,23.4,1.0
83.1,23.5,1.0
83.1,23.6,1.0
83.1,23.7,1.15
83.1,23.8,1.15
83.1,23.9,1.0
83.1,24.0,1.0
83.1,24.1,1.0
83.1,24.2,1.0
83.1,24.3,1.0
83.1,24.4,1.15
83.1,24.5,1.15
83.1,24.6,1.15
83.1,24.7,1.15
83.1,24.8,1.15
83.1,24.9,1.15
83.1,25.0,1.15
83.1,25.1,1.5
83.1,25.2,1.5
83.1,25.3,1.5
83.1,25.4,1.5
83.1,25.5,1.5
83.1,25.6,1.5
83.1,25.7,1.5
83.1,25.8,1.5
83.1,25.9,1.5
83.1,26.0,1.5
83.1,26.1,1.5
83.1,26.2,1.5
83.1,26.3,1.5
83.1,26.4,1.5
83.1,26.5,1.5
83.1,26.6,1.5
83.1,26.7,1.5
83.1,26.8,1.5
83.1,26.9,1.5
83.1,27.0,1.5
83.1,27.1,1.5
83.1,27.2,1.5
83.1,27.3,1.5
83.1,27.4,1.5
83.2,17.6,1.0
83.2,17.7,1.0
83.2,17.8,1.0
83.2,17.9,1.0
83.2,18.0,1.0
83.2,18.1,1.0
83.2,18.2,1.0
83.2,18.3,1.0
83.2,18.4,1.0
83.2,18.5,1.0
83.2,18.6,1.0
83.2,18.7,1.0
83.2,18.8,1.0
83.2,18.9,1.0
83.2,19.0,1.0
83.2,19.1,1.0
83.2,19.2,1.0
83.2,19.3,1.0
83.2,19.4,1.0
83.2,19.5,1.0
83.2,19.6,1.0
83.2,19.7,1.0
83.2,19.8,1.0
83.2,19.9,1.0
83.2,20.0,1.0
83.2,20.1,1.0
83.2,20.2,1.0
83.2,20.3,1.0
83.2,20.4,1.0
83.2,20.5,1.0
83.2,20.6,1.0
83.2,20.7,1.0
83.2,20.8,1.0
83.2,20.9,1.0
83.2,21.0,1.0
83.2,21.1,1.0
83.2,21.2,1.0
83.2,21.3,1.0
83.2,21.4,1.15
83.2,21.5,1.15
83.2,21.6,1.15
83.2,21.7,1.15
83.2,21.8,1.15
83.2,21.9,1.15
83.2,22.0,1.15
83.2,22.1,1.15
83.2,22.2,1.15
83.2,22.3,1.15
83.2,22.4,1.0
83.2,22.5,1.0
83.2,22.6,1.0
83.2,22.7,1.0
83.2,22.8,1.0
83.2,22.9,1.0
83.2,23.0,1.0
83.2,23.1,1.0
83.2,23.2,1.0
83.2,23.3,1.15
83.2,23.4,1.0
83.2,23.5,1.0
83.2,23.6,1.15
83.2,23.7,1.15
83.2,23.8,1.15
83.2,23.9,1.0
83.2,24.0,1.0
83.2,24.1,1.0
83.2,24.2,1.0
83.2,24.3,1.0
83.2,24.4,1.15
83.2,24.5,1.15
83.2,24.6,1.15
83.2,24.7,1.15
83.2,24.8,1.15
83.2,24.9,1.15
83.2,25.0,1.5
83.2,25.1,1.5
83.2,25.2,1.5
83.2,25.3,1.5
83.2,25.4,1.5
83.2,25.5,1.5
83.2,25.6,1.5
83.2,25.7,1.5
83.2,25.8,1.5
83.2,25.9,1.5
83.2,26.0,1.5
83.2,26.1,1.5
83.2,26.2,1.5
83.2,26.3,1.5
83.2,26.4,1.5
83.2,26.5,1.5
83.2,26.6,1.5
83.2,26.7,1.5
83.2,26.8,1.5
83.2,26.9,1.5
83.2,27.0,1.5
83.2,27.1,1.5
83.2,27.2,1.5
83.2,27.3,1.5
83.2,27.4,1.5
83.2,27.5,1.5
83.3,17.7,1.0
83.3,17.8,1.0
83.3,17.9,1.0
83.3,18.0,1.0
83.3,18.1,1.0
83.3,18.2,1.0
83.3,18.3,1.0
83.3,18.4,1.0
83.3,18.5,1.0
83.3,18.6,1.0
83.3,18.7,1.0
83.3,18.8,1.0
83.3,18.9,1.0
83.3,19.0,1.0
83.3,19.1,1.0
83.3,19.2,1.0
83.3,19.3,1.0
83.3,19.4,1.0
83.3,19.5,1.0
83.3,19.6,1.0
83.3,19.7,1.0
83.3,19.8,1.0
83.3,19.9,1.0
83.3,20.0,1.0
83.3,20.1,1.0
83.3,20.2,1.0
83.3,20.3,1.0
83.3,20.4,1.0
83.3,20.5,1.0
83.3,20.6,1.0
83.3,20.7,1.0
83.3,20.8,1.0
83.3,20.9,1.0
83.3,21.0,1.0
83.3,21.1,1.0
83.3,21.2,1.0
83.3,21.3,1.0
83.3,21.4,1.0
83.3,21.5,1.15
83.3,21.6,1.15
83.3,21.7,1.15
83.3,21.8,1.0
83.3,21.9,1.15
83.3,22.0,1.15
83.3,22.1,1.15
83.3,22.2,1.0
83.3,22.3,1.0
83.3,22.4,1.0
83.3,22.5,1.0
83.3,22.6,1.0
83.3,22.7,1.0
83.3,22.8,1.0
83.3,22.9,1.0
83.3,23.0,1.0
83.3,23.1,1.0
83.3,23.2,1.0
83.3,23.3,1.0
83.3,23.4,1.0
83.3,23.5,1.0
83.3,23.6,1.15
83.3,23.7,1.15
83.3,23.8,1.0
83.3,23.9,1.0
83.3,24.0,1.0
83.3,24.1,1.0
83.3,24.2,1.0
83.3,24.3,1.0
83.3,24.4,1.15
83.3,24.5,1.15
83.3,24.6,1.15
83.3,24.7,1.15
83.3,24.8,1.15
83.3,24.9,1.15
83.3,25.0,1.5
83.3,25.1,1.5
83.3,25.2,1.5
83.3,25.3,1.5
83.3,25.4,1.5
83.3,25.5,1.5
83.3,25.6,1.5
83.3,25.7,1.5
83.3,25.8,1.5
83.3,25.9,1.5
83.3,26.0,1.5
83.3,26.1,1.5
83.3,26.2,1.5
83.3,26.3,1.5
83.3,26.4,1.5
83.3,26.5,1.5
83.3,26.6,1.5
83.3,26.7,1.5
83.3,26.8,1.5
83.3,26.9,1.5
83.3,27.0,1.5
83.3,27.1,1.5
83.3,27.2,1.5
83.3,27.3,1.5
83.3,27.4,1.5
83.3,27.5,1.5
83.4,17.8,1.0
83.4,17.9,1.0
83.4,18.0,1.0
83.4,18.1,1.0
83.4,18.2,1.0
83.4,18.3,1.0
83.4,18.4,1.0
83.4,18.5,1.0
83.4,18.6,1.0
83.4,18.7,1.0
83.4,18.8,1.0
83.4,18.9,1.0
83.4,19.0,1.0
83.4,19.1,1.0
83.4,19.2,1.0
83.4,19.3,1.0
83.4,19.4,1.0
83.4,19.5,1.0
83.4,19.6,1.0
83.4,19.7,1.0
83.4,19.8,1.0
83.4,19.9,1.0
83.4,20.0,1.0
83.4,20.1,1.0
83.4,20.2,1.0
83.4,20.3,1.0
83.4,20.4,1.0
83.4,20.5,1.0
83.4,20.6,1.0
83.4,20.7,1.0
83.4,20.8,1.0
83.4,20.9,1.0
83.4,21.0,1.0
83.4,21.1,1.0
83.4,21.2,1.0
83.4,21.3,1.0
83.4,21.4,1.0
83.4,21.5,1.15
83.4,21.6,1.15
83.4,21.7,1.0
83.4,21.8,1.15
83.4,21.9,1.15
83.4,22.0,1.15
83.4,22.1,1.15
83.4,22.2,1.0
83.4,22.3,1.0
83.4,22.4,1.0
83.4,22.5,1.0
83.4,22.6,1.0
83.4,22.7,1.0
83.4,22.8,1.0
83.4,22.9,1.0
83.4,23.0,1.0
83.4,23.1,1.0
83.4,23.2,1.0
83.4,23.3,1.0
83.4,23.4,1.0
83.4,23.5,1.0
83.4,23.6,1.15
83.4,23.7,1.0
83.4,23.8,1.0
83.4,23.9,1.0
83.4,24.0,1.0
83.4,24.1,1.0
83.4,24.2,1.0
83.4,24.3,1.0
83.4,24.4,1.15
83.4,24.5,1.5
83.4,24.6,1.15
83.4,24.7,1.15
83.4,24.8,1.15
83.4,24.9,1.5
83.4,25.0,1.5
83.4,25.1,1.5
83.4,25.2,1.5
83.4,25.3,1.5
83.4,25.4,1.5
83.4,25.5,1.5
83.4,25.6,1.5
83.4,25.7,1.5
83.4,25.8,1.5
83.4,25.9,1.5
83.4,26.0,1.5
83.4,26.1,1.5
83.4,26.2,1.5
83.4,26.3,1.5
83.4,26.4,1.5
83.4,26.5,1.5
83.4,26.6,1.5
83.4,26.7,1.5
83.4,26.8,1.5
83.4,26.9,1.5
83.4,27.0,1.5
83.4,27.1,1.5
83.4,27.2,1.5
83.4,27.3,1.5
83.4,27.4,1.5
83.4,27.5,1.5
83.5,18.0,1.0
83.5,18.1,1.0
83.5,18.2,1.0
83.5,18.3,1.0
83.5,18.4,1.0
83.5,18.5,1.0
83.5,18.6,1.0
83.5,18.7,1.0
83.5,18.8,1.0
83.5,18.9,1.0
83.5,19.0,1.0
83.5,19.1,1.0
83.5,19.2,1.0
83.5,19.3,1.0
83.5,19.4,1.0
83.5,19.5,1.0
83.5,19.6,1.0
83.5,19.7,1.0
83.5,19.8,1.0
83.5,19.9,1.0
83.5,20.0,1.0
83.5,20.1,1.0
83.5,20.2,1.0
83.5,20.3,1.0
83.5,20.4,1.0
83.5,20.5,1.0
83.5,20.6,1.0
83.5,20.7,1.0
83.5,20.8,1.0
83.5,20.9,1.0
83.5,21.0,1.0
83.5,21.1,1.0
83.5,21.2,1.0
83.5,21.3,1.0
83.5,21.4,1.0
83.5,21.5,1.0
83.5,21.6,1.0
83.5,21.7,1.0
83.5,21.8,1.15
83.5,21.9,1.15
83.5,22.0,1.0
83.5,22.1,1.0
83.5,22.2,1.0
83.5,22.3,1.0
83.5,22.4,1.0
83.5,22.5,1.0
83.5,22.6,1.0
83.5,22.7,1.0
83.5,22.8,1.0
83.5,22.9,1.0
83.5,23.0,1.0
83.5,23.1,1.0
83.5,23.2,1.0
83.5,23.3,1.0
83.5,23.4,1.0
83.5,23.5,1.0
83.5,23.6,1.0
83.5,23.7,1.0
83.5,23.8,1.0
83.5,23.9,1.0
83.5,24.0,1.0
83.5,24.1,1.0
83.5,24.2,1.0
83.5,24.3,1.0
83.5,24.4,1.5
83.5,24.5,1.5
83.5,24.6,1.15
83.5,24.7,1.15
83.5,24.8,1.15
83.5,24.9,1.5
83.5,25.0,1.5
83.5,25.1,1.5
83.5,25.2,1.5
83.5,25.3,1.5
83.5,25.4,1.5
83.5,25.5,1.5
83.5,25.6,1.5
83.5,25.7,1.5
83.5,25.8,1.5
83.5,25.9,1.5
83.5,26.0,1.5
83.5,26.1,1.5
83.5,26.2,1.5
83.5,26.3,1.5
83.5,26.4,1.5
83.5,26.5,1.5
83.5,26.6,1.5
83.5,26.7,1.5
83.5,26.8,1.5
83.5,26.9,1.5
83.5,27.0,1.5
83.5,27.1,1.5
83.5,27.2,1.5
83.5,27.3,1.5
83.5,27.4,1.5
83.5,27.5,1.5
83.6,18.1,1.0
83.6,18.2,1.0
83.6,18.3,1.0
83.6,18.4,1.0
83.6,18.5,1.0
83.6,18.6,1.0
83.6,18.7,1.0
83.6,18.8,1.0
83.6,18.9,1.0
83.6,19.0,1.0
83.6,19.1,1.0
83.6,19.2,1.0
83.6,19.3,1.0
83.6,19.4,1.0
83.6,19.5,1.0
83.6,19.6,1.0
83.6,19.7,1.0
83.6,19.8,1.0
83.6,19.9,1.0
83.6,20.0,1.0
83.6,20.1,1.0
83.6,20.2,1.0
83.6,20.3,1.0
83.6,20.4,1.0
83.6,20.5,1.0
83.6,20.6,1.0
83.6,20.7,1.0
83.6,20.8,1.0
83.6,20.9,1.0
83.6,21.0,1.0
83.6,21.1,1.0
83.6,21.2,1.0
83.6,21.3,1.0
83.6,21.4,1.0
83.6,21.5,1.0
83.6,21.6,1.0
83.6,21.7,1.15
83.6,21.8,1.15
83.6,21.9,1.0
83.6,22.0,1.0
83.6,22.1,1.0
83.6,22.2,1.0
83.6,22.3,1.0
83.6,22.4,1.0
83.6,22.5,1.0
83.6,22.6,1.0
83.6,22.7,1.0
83.6,22.8,1.0
83.6,22.9,1.0
83.6,23.0,1.0
83.6,23.1,1.0
83.6,23.2,1.0
83.6,23.3,1.0
83.6,23.4,1.0
83.6,23.5,1.0
83.6,23.6,1.0
83.6,23.7,1.0
83.6,23.8,1.0
83.6,23.9,1.0
83.6,24.0,1.0
83.6,24.1,1.0
83.6,24.2,1.0
83.6,24.3,1.0
83.6,24.4,1.0
83.6,24.5,1.5
83.6,24.6,1.15
83.6,24.7,1.15
83.6,24.8,1.15
83.6,24.9,1.15
83.6,25.0,1.5
83.6,25.1,1.5
83.6,25.2,1.5
83.6,25.3,1.5
83.6,25.4,1.5
83.6,25.5,1.5
83.6,25.6,1.5
83.6,25.7,1.5
83.6,25.8,1.5
83.6,25.9,1.5
83.6,26.0,1.5
83.6,26.1,1.5
83.6,26.2,1.5
83.6,26.3,1.5
83.6,26.4,1.5
83.6,26.5,1.5
83.6,26.6,1.5
83.6,26.7,1.5
83.6,26.8,1.5
83.6,26.9,1.5
83.6,27.0,1.5
83.6,27.1,1.5
83.6,27.2,1.5
83.6,27.3,1.5
83.6,27.4,1.5
83.6,27.5,1.5
83.7,18.2,1.0
83.7,18.3,1.0
83.7,18.4,1.0
83.7,18.5,1.0
83.7,18.6,1.0
83.7,18.7,1.0
83.7,18.8,1.0
83.7,18.9,1.0
83.7,19.0,1.0
83.7,19.1,1.0
83.7,19.2,1.0
83.7,19.3,1.0
83.7,19.4,1.0
83.7,19.5,1.0
83.7,19.6,1.0
83.7,19.7,1.0
83.7,19.8,1.0
83.7,19.9,1.0
83.7,20.0,1.0
83.7,20.1,1.0
83.7,20.2,1.0
83.7,20.3,1.0
83.7,20.4,1.0
83.7,20.5,1.0
83.7,20.6,1.0
83.7,20.7,1.0
83.7,20.8,1.0
83.7,20.9,1.0
83.7,21.0,1.0
83.7,21.1,1.0
83.7,21.2,1.0
83.7,21.3,1.0
83.7,21.4,1.0
83.7,21.5,1.0
83.7,21.6,1.0
83.7,21.7,1.15
83.7,21.8,1.0
83.7,21.9,1.0
83.7,22.0,1.0
83.7,22.1,1.0
83.7,22.2,1.0
83.7,22.3,1.0
83.7,22.4,1.0
83.7,22.5,1.0
83.7,22.6,1.0
83.7,22.7,1.0
83.7,22.8,1.0
83.7,22.9,1.0
83.7,23.0,1.0
83.7,23.1,1.0
83.7,23.2,1.0
83.7,23.3,1.0
83.7,23.4,1.0
83.7,23.5,1.0
83.7,23.6,1.0
83.7,23.7,1.0
83.7,23.8,1.0
83.7,23.9,1.0
83.7,24.0,1.0
83.7,24.1,1.0
83.7,24.2,1.0
83.7,24.3,1.0
83.7,24.4,1.0
83.7,24.5,1.5
83.7,24.6,1.5
83.7,24.7,1.5
83.7,24.8,1.15
83.7,24.9,1.15
83.7,25.0,1.5
83.7,25.1,1.5
83.7,25.2,1.5
83.7,25.3,1.5
83.7,25.4,1.5
83.7,25.5,1.5
83.7,25.6,1.5
83.7,25.7,1.5
83.7,25.8,1.5
83.7,25.9,1.5
83.7,26.0,1.5
83.7,26.1,1.5
83.7,26.2,1.5
83.7,26.3,1.5
83.7,26.4,1.5
83.7,26.5,1.5
83.7,26.6,1.5
83.7,26.7,1.5
83.7,26.8,1.5
83.7,26.9,1.5
83.7,27.0,1.5
83.7,27.1,1.5
83.7,27.2,1.5
83.7,27.3,1.5
83.7,27.4,1.5
83.7,27.5,1.5
83.8,18.2,1.0
83.8,18.3,1.0
83.8,18.4,1.0
83.8,18.5,1.0
83.8,18.6,1.0
83.8,18.7,1.0
83.8,18.8,1.0
83.8,18.9,1.0
83.8,19.0,1.0
83.8,19.1,1.0
83.8,19.2,1.0
83.8,19.3,1.0
83.8,19.4,1.0
83.8,19.5,1.0
83.8,19.6,1.0
83.8,19.7,1.0
83.8,19.8,1.0
83.8,19.9,1.0
83.8,20.0,1.0
83.8,20.1,1.0
83.8,20.2,1.0
83.8,20.3,1.0
83.8,20.4,1.0
83.8,20.5,1.0
83.8,20.6,1.0
83.8,20.7,1.0
83.8,20.8,1.0
83.8,20.9,1.0
83.8,21.0,1.0
83.8,21.1,1.0
83.8,21.2,1.0
83.8,21.3,1.0
83.8,21.4,1.0
83.8,21.5,1.0
83.8,21.6,1.0
83.8,21.7,1.15
83.8,21.8,1.0
83.8,21.9,1.0
83.8,22.0,1.0
83.8,22.1,1.0
83.8,22.2,1.0
83.8,22.3,1.0
83.8,22.4,1.0
83.8,22.5,1.0
83.8,22.6,1.0
83.8,22.7,1.0
83.8,22.8,1.0
83.8,22.9,1.0
83.8,23.0,1.0
83.8,23.1,1.0
83.8,23.2,1.0
83.8,23.3,1.0
83.8,23.4,1.0
83.8,23.5,1.0
83.8,23.6,1.0
83.8,23.7,1.0
83.8,23.8,1.0
83.8,23.9,1.0
83.8,24.0,1.0
83.8,24.1,1.0
83.8,24.2,1.0
83.8,24.3,1.0
83.8,24.4,1.0
83.8,24.5,1.0
83.8,24.6,1.5
83.8,24.7,1.5
83.8,24.8,1.5
83.8,24.9,1.5
83.8,25.0,1.5
83.8,25.1,1.5
83.8,25.2,1.5
83.8,25.3,1.5
83.8,25.4,1.5
83.8,25.5,1.5
83.8,25.6,1.5
83.8,25.7,1.5
83.8,25.8,1.5
83.8,25.9,1.5
83.8,26.0,1.5
83.8,26.1,1.5
83.8,26.2,1.5
83.8,26.3,1.5
83.8,26.4,1.5
83.8,26.5,1.5
83.8,26.6,1.5
83.8,26.7,1.5
83.8,26.8,1.5
83.8,26.9,1.5
83.8,27.0,1.5
83.8,27.1,1.5
83.8,27.2,1.5
83.8,27.3,1.5
83.8,27.4,1.5
83.8,27.5,1.5
83.9,18.2,1.0
83.9,18.3,1.0
83.9,18.4,1.0
83.9,18.5,1.0
83.9,18.6,1.0
83.9,18.7,1.0
83.9,18.8,1.0
83.9,18.9,1.0
83.9,19.0,1.0
83.9,19.1,1.0
83.9,19.2,1.0
83.9,19.3,1.0
83.9,19.4,1.0
83.9,19.5,1.0
83.9,19.6,1.0
83.9,19.7,1.0
83.9,19.8,1.0
83.9,19.9,1.0
83.9,20.0,1.0
83.9,20.1,1.0
83.9,20.2,1.0
83.9,20.3,1.0
83.9,20.4,1.0
83.9,20.5,1.0
83.9,20.6,1.0
83.9,20.7,1.0
83.9,20.8,1.0
83.9,20.9,1.0
83.9,21.0,1.0
83.9,21.1,1.0
83.9,21.2,1.0
83.9,21.3,1.0
83.9,21.4,1.0
83.9,21.5,1.0
83.9,21.6,1.0
83.9,21.7,1.0
83.9,21.8,1.0
83.9,21.9,1.0
83.9,22.0,1.0
83.9,22.1,1.0
83.9,22.2,1.0
83.9,22.3,1.0
83.9,22.4,1.0
83.9,22.5,1.0
83.9,22.6,1.0
83.9,22.7,1.0
83.9,22.8,1.0
83.9,22.9,1.0
83.9,23.0,1.0
83.9,23.1,1.0
83.9,23.2,1.0
83.9,23.3,1.0
83.9,23.4,1.0
83.9,23.5,1.0
83.9,23.6,1.0
83.9,23.7,1.0
83.9,23.8,1.0
83.9,23.9,1.0
83.9,24.0,1.0
83.9,24.1,1.0
83.9,24.2,1.0
83.9,24.3,1.0
83.9,24.4,1.0
83.9,24.5,1.0
83.9,24.6,1.5
83.9,24.7,1.5
83.9,24.8,1.5
83.9,24.9,1.5
83.9,25.0,1.5
83.9,25.1,1.5
83.9,25.2,1.5
83.9,25.3,1.5
83.9,25.4,1.5
83.9,25.5,1.5
83.9,25.6,1.5
83.9,25.7,1.5
83.9,25.8,1.5
83.9,25.9,1.5
83.9,26.0,1.5
83.9,26.1,1.5
83.9,26.2,1.5
83.9,26.3,1.5
83.9,26.4,1.5
83.9,26.5,1.5
83.9,26.6,1.5
83.9,26.7,1.5
83.9,26.8,1.5
83.9,26.9,1.5
83.9,27.0,1.5
83.9,27.1,1.5
83.9,27.2,1.5
83.9,27.3,1.5
83.9,27.4,1.5
84.0,18.3,1.0
84.0,18.4,1.0
84.0,18.5,1.0
84.0,18.6,1.0
84.0,18.7,1.0
84.0,18.8,1.0
84.0,18.9,1.0
84.0,19.0,1.0
84.0,19.1,1.0
84.0,19.2,1.0
84.0,19.3,1.0
84.0,19.4,1.0
84.0,19.5,1.0
84.0,19.6,1.0
84.0,19.7,1.0
84.0,19.8,1.0
84.0,19.9,1.0
84.0,20.0,1.0
84.0,20.1,1.0
84.0,20.2,1.0
84.0,20.3,1.0
84.0,20.4,1.0
84.0,20.5,1.0
84.0,20.6,1.0
84.0,20.7,1.0
84.0,20.8,1.0
84.0,20.9,1.0
84.0,21.0,1.0
84.0,21.1,1.0
84.0,21.2,1.0
84.0,21.3,1.0
84.0,21.4,1.0
84.0,21.5,1.0
84.0,21.6,1.0
84.0,21.7,1.0
84.0,21.8,1.0
84.0,21.9,1.0
84.0,22.0,1.0
84.0,22.1,1.0
84.0,22.2,1.0
84.0,22.3,1.0
84.0,22.4,1.0
84.0,22.5,1.0
84.0,22.6,1.0
84.0,22.7,1.0
84.0,22.8,1.0
84.0,22.9,1.0
84.0,23.0,1.0
84.0,23.1,1.0
84.0,23.2,1.0
84.0,23.3,1.0
84.0,23.4,1.0
84.0,23.5,1.0
84.0,23.6,1.0
84.0,23.7,1.0
84.0,23.8,1.0
84.0,23.9,1.0
84.0,24.0,1.0
84.0,24.1,1.0
84.0,24.2,1.0
84.0,24.3,1.0
84.0,24.4,1.0
84.0,24.5,1.0
84.0,24.6,1.5
84.0,24.7,1.5
84.0,24.8,1.5
84.0,24.9,1.5
84.0,25.0,1.5
84.0,25.1,1.5
84.0,25.2,1.5
84.0,25.3,1.5
84.0,25.4,1.5
84.0,25.5,1.5
84.0,25.6,1.5
84.0,25.7,1.5
84.0,25.8,1.5
84.0,25.9,1.5
84.0,26.0,1.5
84.0,26.1,1.5
84.0,26.2,1.5
84.0,26.3,1.5
84.0,26.4,1.5
84.0,26.5,1.5
84.0,26.6,1.5
84.0,26.7,1.5
84.0,26.8,1.5
84.0,26.9,1.5
84.0,27.0,1.5
84.0,27.1,1.5
84.0,27.2,1.5
84.0,27.3,1.5
84.0,27.4,1.5
84.1,18.4,1.0
84.1,18.5,1.0
84.1,18.6,1.0
84.1,18.7,1.0
84.1,18.8,1.0
84.1,18.9,1.0
84.1,19.0,1.0
84.1,19.1,1.0
84.1,19.2,1.0
84.1,19.3,1.0
84.1,19.4,1.0
84.1,19.5,1.0
84.1,19.6,1.0
84.1,19.7,1.0
84.1,19.8,1.0
84.1,19.9,1.0
84.1,20.0,1.0
84.1,20.1,1.0
84.1,20.2,1.0
84.1,20.3,1.0
84.1,20.4,1.0
84.1,20.5,1.0
84.1,20.6,1.0
84.1,20.7,1.0
84.1,20.8,1.0
84.1,20.9,1.0
84.1,21.0,1.0
84.1,21.1,1.0
84.1,21.2,1.0
84.1,21.3,1.0
84.1,21.4,1.0
84.1,21.5,1.0
84.1,21.6,1.0
84.1,21.7,1.0
84.1,21.8,1.0
84.1,21.9,1.0
84.1,22.0,1.0
84.1,22.1,1.0
84.1,22.2,1.0
84.1,22.3,1.0
84.1,22.4,1.0
84.1,22.5,1.0
84.1,22.6,1.0
84.1,22.7,1.0
84.1,22.8,1.0
84.1,22.9,1.0
84.1,23.0,1.0
84.1,23.1,1.0
84.1,23.2,1.0
84.1,23.3,1.0
84.1,23.4,1.0
84.1,23.5,1.0
84.1,23.6,1.0
84.1,23.7,1.0
84.1,23.8,1.0
84.1,23.9,1.0
84.1,24.0,1.0
84.1,24.1,1.0
84.1,24.2,1.0
84.1,24.3,1.0
84.1,24.4,1.5
84.1,24.5,1.0
84.1,24.6,1.5
84.1,24.7,1.5
84.1,24.8,1.5
84.1,24.9,1.5
84.1,25.0,1.5
84.1,25.1,1.5
84.1,25.2,1.5
84.1,25.3,1.5
84.1,25.4,1.5
84.1,25.5,1.5
84.1,25.6,1.5
84.1,25.7,1.5
84.1,25.8,1.5
84.1,25.9,1.5
84.1,26.0,1.5
84.1,26.1,1.5
84.1,26.2,1.5
84.1,26.3,1.5
84.1,26.4,1.5
84.1,26.5,1.5
84.1,26.6,1.5
84.1,26.7,1.5
84.1,26.8,1.5
84.1,26.9,1.5
84.1,27.0,1.5
84.1,27.1,1.5
84.1,27.2,1.5
84.1,27.3,1.5
84.1,27.4,1.0
84.2,18.5,1.0
84.2,18.6,1.0
84.2,18.7,1.0
84.2,18.8,1.0
84.2,18.9,1.0
84.2,19.0,1.0
84.2,19.1,1.0
84.2,19.2,1.0
84.2,19.3,1.0
84.2,19.4,1.0
84.2,19.5,1.0
84.2,19.6,1.0
84.2,19.7,1.0
84.2,19.8,1.0
84.2,19.9,1.0
84.2,20.0,1.0
84.2,20.1,1.0
84.2,20.2,1.0
84.2,20.3,1.0
84.2,20.4,1.0
84.2,20.5,1.0
84.2,20.6,1.0
84.2,20.7,1.0
84.2,20.8,1.0
84.2,20.9,1.0
84.2,21.0,1.0
84.2,21.1,1.0
84.2,21.2,1.0
84.2,21.3,1.0
84.2,21.4,1.0
84.2,21.5,1.0
84.2,21.6,1.0
84.2,21.7,1.0
84.2,21.8,1.0
84.2,21.9,1.0
84.2,22.0,1.0
84.2,22.1,1.0
84.2,22.2,1.0
84.2,22.3,1.0
84.2,22.4,1.0
84.2,22.5,1.0
84.2,22.6,1.0
84.2,22.7,1.0
84.2,22.8,1.0
84.2,22.9,1.0
84.2,23.0,1.0
84.2,23.1,1.0
84.2,23.2,1.0
84.2,23.3,1.0
84.2,23.4,1.0
84.2,23.5,1.0
84.2,23.6,1.0
84.2,23.7,1.0
84.2,23.8,1.0
84.2,23.9,1.0
84.2,24.0,1.0
84.2,24.1,1.0
84.2,24.2,1.0
84.2,24.3,1.0
84.2,24.4,1.5
84.2,24.5,1.0
84.2,24.6,1.5
84.2,24.7,1.5
84.2,24.8,1.5
84.2,24.9,1.5
84.2,25.0,1.5
84.2,25.1,1.5
84.2,25.2,1.5
84.2,25.3,1.5
84.2,25.4,1.5
84.2,25.5,1.5
84.2,25.6,1.5
84.2,25.7,1.5
84.2,25.8,1.5
84.2,25.9,1.5
84.2,26.0,1.5
84.2,26.1,1.5
84.2,26.2,1.5
84.2,26.3,1.5
84.2,26.4,1.5
84.2,26.5,1.5
84.2,26.6,1.5
84.2,26.7,1.5
84.2,26.8,1.5
84.2,26.9,1.5
84.2,27.0,1.5
84.2,27.1,1.5
84.2,27.2,1.5
84.2,27.3,1.5
84.2,27.4,1.0
84.3,18.5,1.0
84.3,18.6,1.0
84.3,18.7,1.0
84.3,18.8,1.0
84.3,18.9,1.0
84.3,19.0,1.0
84.3,19.1,1.0
84.3,19.2,1.0
84.3,19.3,1.0
84.3,19.4,1.0
84.3,19.5,1.0
84.3,19.6,1.5
84.3,19.7,1.0
84.3,19.8,1.0
84.3,19.9,1.0
84.3,20.0,1.0
84.3,20.1,1.0
84.3,20.2,1.0
84.3,20.3,1.0
84.3,20.4,1.0
84.3,20.5,1.0
84.3,20.6,1.0
84.3,20.7,1.0
84.3,20.8,1.0
84.3,20.9,1.0
84.3,21.0,1.0
84.3,21.1,1.0
84.3,21.2,1.0
84.3,21.3,1.0
84.3,21.4,1.0
84.3,21.5,1.0
84.3,21.6,1.0
84.3,21.7,1.0
84.3,21.8,1.0
84.3,21.9,1.0
84.3,22.0,1.0
84.3,22.1,1.0
84.3,22.2,1.0
84.3,22.3,1.0
84.3,22.4,1.0
84.3,22.5,1.0
84.3,22.6,1.0
84.3,22.7,1.0
84.3,22.8,1.0
84.3,22.9,1.0
84.3,23.0,1.0
84.3,23.1,1.0
84.3,23.2,1.0
84.3,23.3,1.0
84.3,23.4,1.0
84.3,23.5,1.0
84.3,23.6,1.0
84.3,23.7,1.0
84.3,23.8,1.0
84.3,23.9,1.0
84.3,24.0,1.0
84.3,24.1,1.0
84.3,24.2,1.0
84.3,24.3,1.0
84.3,24.4,1.5
84.3,24.5,1.5
84.3,24.6,1.0
84.3,24.7,1.5
84.3,24.8,1.5
84.3,24.9,1.5
84.3,25.0,1.5
84.3,25.1,1.5
84.3,25.2,1.5
84.3,25.3,1.5
84.3,25.4,1.5
84.3,25.5,1.5
84.3,25.6,1.5
84.3,25.7,1.5
84.3,25.8,1.5
84.3,25.9,1.5
84.3,26.0,1.5
84.3,26.1,1.5
84.3,26.2,1.5
84.3,26.3,1.5
84.3,26.4,1.5
84.3,26.5,1.5
84.3,26.6,1.5
84.3,26.7,1.5
84.3,26.8,1.5
84.3,26.9,1.5
84.3,27.0,1.5
84.3,27.1,1.0
84.3,27.2,1.0
84.3,27.3,1.0
84.4,18.7,1.0
84.4,18.8,1.0
84.4,18.9,1.0
84.4,19.0,1.0
84.4,19.1,1.0
84.4,19.2,1.0
84.4,19.3,1.0
84.4,19.4,1.0
84.4,19.5,1.5
84.4,19.6,1.5
84.4,19.7,1.5
84.4,19.8,1.5
84.4,19.9,1.0
84.4,20.0,1.0
84.4,20.1,1.0
84.4,20.2,1.0
84.4,20.3,1.0
84.4,20.4,1.0
84.4,20.5,1.0
84.4,20.6,1.0
84.4,20.7,1.0
84.4,20.8,1.0
84.4,20.9,1.0
84.4,21.0,1.0
84.4,21.1,1.0
84.4,21.2,1.0
84.4,21.3,1.0
84.4,21.4,1.0
84.4,21.5,1.0
84.4,21.6,1.0
84.4,21.7,1.0
84.4,21.8,1.0
84.4,21.9,1.0
84.4,22.0,1.0
84.4,22.1,1.0
84.4,22.2,1.0
84.4,22.3,1.0
84.4,22.4,1.0
84.4,22.5,1.0
84.4,22.6,1.0
84.4,22.7,1.0
84.4,22.8,1.0
84.4,22.9,1.0
84.4,23.0,1.0
84.4,23.1,1.0
84.4,23.2,1.0
84.4,23.3,1.0
84.4,23.4,1.0
84.4,23.5,1.0
84.4,23.6,1.0
84.4,23.7,1.0
84.4,23.8,1.0
84.4,23.9,1.0
84.4,24.0,1.0
84.4,24.1,1.0
84.4,24.2,1.0
84.4,24.3,1.0
84.4,24.4,1.0
84.4,24.5,1.5
84.4,24.6,1.5
84.4,24.7,1.5
84.4,24.8,1.5
84.4,24.9,1.5
84.4,25.0,1.5
84.4,25.1,1.5
84.4,25.2,1.5
84.4,25.3,1.5
84.4,25.4,1.5
84.4,25.5,1.5
84.4,25.6,1.5
84.4,25.7,1.5
84.4,25.8,1.5
84.4,25.9,1.5
84.4,26.0,1.5
84.4,26.1,1.5
84.4,26.2,1.5
84.4,26.3,1.5
84.4,26.4,1.5
84.4,26.5,1.5
84.4,26.6,1.5
84.4,26.7,1.5
84.4,26.8,1.5
84.4,26.9,1.5
84.4,27.0,1.5
84.4,27.1,1.0
84.4,27.2,1.0
84.4,27.3,1.0
84.5,18.8,1.0
84.5,18.9,1.0
84.5,19.0,1.0
84.5,19.1,1.0
84.5,19.2,1.0
84.5,19.3,1.5
84.5,19.4,1.5
84.5,19.5,1.5
84.5,19.6,1.5
84.5,19.7,1.5
84.5,19.8,1.5
84.5,19.9,1.5
84.5,20.0,1.5
84.5,20.1,1.0
84.5,20.2,1.0
84.5,20.3,1.0
84.5,20.4,1.0
84.5,20.5,1.0
84.5,20.6,1.0
84.5,20.7,1.0
84.5,20.8,1.0
84.5,20.9,1.0
84.5,21.0,1.0
84.5,21.1,1.0
84.5,21.2,1.0
84.5,21.3,1.0
84.5,21.4,1.0
84.5,21.5,1.0
84.5,21.6,1.0
84.5,21.7,1.0
84.5,21.8,1.0
84.5,21.9,1.0
84.5,22.0,1.0
84.5,22.1,1.0
84.5,22.2,1.0
84.5,22.3,1.0
84.5,22.4,1.0
84.5,22.5,1.0
84.5,22.6,1.0
84.5,22.7,1.0
84.5,22.8,1.0
84.5,22.9,1.0
84.5,23.0,1.0
84.5,23.1,1.0
84.5,23.2,1.0
84.5,23.3,1.0
84.5,23.4,1.0
84.5,23.5,1.0
84.5,23.6,1.0
84.5,23.7,1.0
84.5,23.8,1.0
84.5,23.9,1.0
84.5,24.0,1.0
84.5,24.1,1.0
84.5,24.2,1.0
84.5,24.3,1.0
84.5,24.4,1.0
84.5,24.5,1.5
84.5,24.6,1.5
84.5,24.7,1.5
84.5,24.8,1.5
84.5,24.9,1.5
84.5,25.0,1.5
84.5,25.1,1.5
84.5,25.2,1.5
84.5,25.3,1.5
84.5,25.4,1.5
84.5,25.5,1.5
84.5,25.6,1.5
84.5,25.7,1.5
84.5,25.8,1.5
84.5,25.9,1.5
84.5,26.0,1.5
84.5,26.1,1.5
84.5,26.2,1.5
84.5,26.3,1.5
84.5,26.4,1.5
84.5,26.5,1.5
84.5,26.6,1.5
84.5,26.7,1.5
84.5,26.8,1.5
84.5,26.9,1.5
84.5,27.0,1.0
84.5,27.1,1.0
84.5,27.2,1.0
84.5,27.3,1.0
84.6,18.9,1.0
84.6,19.0,1.0
84.6,19.1,1.0
84.6,19.2,1.0
84.6,19.3,1.5
84.6,19.4,1.5
84.6,19.5,1.5
84.6,19.6,1.5
84.6,19.7,1.5
84.6,19.8,1.0
84.6,19.9,1.5
84.6,20.0,1.5
84.6,20.1,1.0
84.6,20.2,1.0
84.6,20.3,1.0
84.6,20.4,1.0
84.6,20.5,1.0
84.6,20.6,1.0
84.6,20.7,1.0
84.6,20.8,1.0
84.6,20.9,1.0
84.6,21.0,1.0
84.6,21.1,1.0
84.6,21.2,1.0
84.6,21.3,1.0
84.6,21.4,1.0
84.6,21.5,1.0
84.6,21.6,1.0
84.6,21.7,1.0
84.6,21.8,1.0
84.6,21.9,1.0
84.6,22.0,1.0
84.6,22.1,1.0
84.6,22.2,1.0
84.6,22.3,1.0
84.6,22.4,1.0
84.6,22.5,1.0
84.6,22.6,1.0
84.6,22.7,1.0
84.6,22.8,1.0
84.6,22.9,1.0
84.6,23.0,1.0
84.6,23.1,1.0
84.6,23.2,1.0
84.6,23.3,1.0
84.6,23.4,1.0
84.6,23.5,1.0
84.6,23.6,1.0
84.6,23.7,1.0
84.6,23.8,1.0
84.6,23.9,1.0
84.6,24.0,1.0
84.6,24.1,1.0
84.6,24.2,1.0
84.6,24.3,1.0
84.6,24.4,1.0
84.6,24.5,1.5
84.6,24.6,1.5
84.6,24.7,1.5
84.6,24.8,1.5
84.6,24.9,1.5
84.6,25.0,1.5
84.6,25.1,1.5
84.6,25.2,1.5
84.6,25.3,1.5
84.6,25.4,1.5
84.6,25.5,1.5
84.6,25.6,1.5
84.6,25.7,1.5
84.6,25.8,1.5
84.6,25.9,1.5
84.6,26.0,1.5
84.6,26.1,1.5
84.6,26.2,1.5
84.6,26.3,1.5
84.6,26.4,1.5
84.6,26.5,1.5
84.6,26.6,1.5
84.6,26.7,1.5
84.6,26.8,1.5
84.6,26.9,1.5
84.6,27.0,1.0
84.6,27.1,1.0
84.6,27.2,1.0
84.7,19.1,1.0
84.7,19.2,1.0
84.7,19.3,1.5
84.7,19.4,1.5
84.7,19.5,1.5
84.7,19.6,1.5
84.7,19.7,1.0
84.7,19.8,1.0
84.7,19.9,1.0
84.7,20.0,1.0
84.7,20.1,1.0
84.7,20.2,1.0
84.7,20.3,1.0
84.7,20.4,1.0
84.7,20.5,1.0
84.7,20.6,1.0
84.7,20.7,1.0
84.7,20.8,1.0
84.7,20.9,1.0
84.7,21.0,1.0
84.7,21.1,1.0
84.7,21.2,1.0
84.7,21.3,1.0
84.7,21.4,1.0
84.7,21.5,1.0
84.7,21.6,1.0
84.7,21.7,1.0
84.7,21.8,1.0
84.7,21.9,1.0
84.7,22.0,1.0
84.7,22.1,1.0
84.7,22.2,1.0
84.7,22.3,1.0
84.7,22.4,1.0
84.7,22.5,1.0
84.7,22.6,1.0
84.7,22.7,1.0
84.7,22.8,1.0
84.7,22.9,1.0
84.7,23.0,1.0
84.7,23.1,1.0
84.7,23.2,1.0
84.7,23.3,1.0
84.7,23.4,1.0
84.7,23.5,1.0
84.7,23.6,1.0
84.7,23.7,1.0
84.7,23.8,1.0
84.7,23.9,1.0
84.7,24.0,1.0
84.7,24.1,1.0
84.7,24.2,1.0
84.7,24.3,1.0
84.7,24.4,1.0
84.7,24.5,1.0
84.7,24.6,1.5
84.7,24.7,1.5
84.7,24.8,1.5
84.7,24.9,1.5
84.7,25.0,1.5
84.7,25.1,1.5
84.7,25.2,1.5
84.7,25.3,1.5
84.7,25.4,1.5
84.7,25.5,1.5
84.7,25.6,1.5
84.7,25.7,1.5
84.7,25.8,1.5
84.7,25.9,1.5
84.7,26.0,1.5
84.7,26.1,1.5
84.7,26.2,1.5
84.7,26.3,1.5
84.7,26.4,1.5
84.7,26.5,1.5
84.7,26.6,1.5
84.7,26.7,1.5
84.7,26.8,1.5
84.7,26.9,1.0
84.7,27.0,1.0
84.7,27.1,1.0
84.8,19.2,1.0
84.8,19.3,1.5
84.8,19.4,1.5
84.8,19.5,1.5
84.8,19.6,1.5
84.8,19.7,1.5
84.8,19.8,1.5
84.8,19.9,1.0
84.8,20.0,1.0
84.8,20.1,1.0
84.8,20.2,1.0
84.8,20.3,1.0
84.8,20.4,1.0
84.8,20.5,1.0
84.8,20.6,1.0
84.8,20.7,1.0
84.8,20.8,1.0
84.8,20.9,1.0
84.8,21.0,1.0
84.8,21.1,1.0
84.8,21.2,1.0
84.8,21.3,1.0
84.8,21.4,1.0
84.8,21.5,1.0
84.8,21.6,1.0
84.8,21.7,1.0
84.8,21.8,1.0
84.8,21.9,1.0
84.8,22.0,1.0
84.8,22.1,1.0
84.8,22.2,1.0
84.8,22.3,1.0
84.8,22.4,1.0
84.8,22.5,1.0
84.8,22.6,1.0
84.8,22.7,1.0
84.8,22.8,1.0
84.8,22.9,1.0
84.8,23.0,1.0
84.8,23.1,1.0
84.8,23.2,1.0
84.8,23.3,1.0
84.8,23.4,1.0
84.8,23.5,1.0
84.8,23.6,1.0
84.8,23.7,1.0
84.8,23.8,1.0
84.8,23.9,1.0
84.8,24.0,1.0
84.8,24.1,1.0
84.8,24.2,1.0
84.8,24.3,1.0
84.8,24.4,1.0
84.8,24.5,1.0
84.8,24.6,1.0
84.8,24.7,1.5
84.8,24.8,1.5
84.8,24.9,1.5
84.8,25.0,1.5
84.8,25.1,1.5
84.8,25.2,1.5
84.8,25.3,1.5
84.8,25.4,1.5
84.8,25.5,1.5
84.8,25.6,1.5
84.8,25.7,1.5
84.8,25.8,1.5
84.8,25.9,1.5
84.8,26.0,1.5
84.8,26.1,1.5
84.8,26.2,1.5
84.8,26.3,1.5
84.8,26.4,1.5
84.8,26.5,1.5
84.8,26.6,1.5
84.8,26.7,1.5
84.8,26.8,1.5
84.8,26.9,1.0
84.9,19.3,1.5
84.9,19.4,1.5
84.9,19.5,1.5
84.9,19.6,1.5
84.9,19.7,1.5
84.9,19.8,1.5
84.9,19.9,1.0
84.9,20.0,1.0
84.9,20.1,1.0
84.9,20.2,1.0
84.9,20.3,1.0
84.9,20.4,1.0
84.9,20.5,1.0
84.9,20.6,1.0
84.9,20.7,1.0
84.9,20.8,1.5
84.9,20.9,1.0
84.9,21.0,1.0
84.9,21.1,1.0
84.9,21.2,1.0
84.9,21.3,1.0
84.9,21.4,1.0
84.9,21.5,1.0
84.9,21.6,1.0
84.9,21.7,1.0
84.9,21.8,1.0
84.9,21.9,1.0
84.9,22.0,1.0
84.9,22.1,1.0
84.9,22.2,1.0
84.9,22.3,1.0
84.9,22.4,1.0
84.9,22.5,1.0
84.9,22.6,1.0
84.9,22.7,1.0
84.9,22.8,1.0
84.9,22.9,1.0
84.9,23.0,1.0
84.9,23.1,1.0
84.9,23.2,1.0
84.9,23.3,1.0
84.9,23.4,1.0
84.9,23.5,1.0
84.9,23.6,1.0
84.9,23.7,1.0
84.9,23.8,1.0
84.9,23.9,1.0
84.9,24.0,1.0
84.9,24.1,1.0
84.9,24.2,1.0
84.9,24.3,1.0
84.9,24.4,1.0
84.9,24.5,1.0
84.9,24.6,1.0
84.9,24.7,1.5
84.9,24.8,1.5
84.9,24.9,1.5
84.9,25.0,1.5
84.9,25.1,1.5
84.9,25.2,1.5
84.9,25.3,1.5
84.9,25.4,1.5
84.9,25.5,1.5
84.9,25.6,1.5
84.9,25.7,1.5
84.9,25.8,1.5
84.9,25.9,1.5
84.9,26.0,1.5
84.9,26.1,1.5
84.9,26.2,1.5
84.9,26.3,1.5
84.9,26.4,1.5
84.9,26.5,1.5
84.9,26.6,1.5
84.9,26.7,1.5
84.9,26.8,1.5
84.9,26.9,1.0
85.0,19.2,1.5
85.0,19.3,1.5
85.0,19.4,1.5
85.0,19.5,1.5
85.0,19.6,1.5
85.0,19.7,1.5
85.0,19.8,1.5
85.0,19.9,1.5
85.0,20.0,1.5
85.0,20.1,1.5
85.0,20.2,1.0
85.0,20.3,1.0
85.0,20.4,1.0
85.0,20.5,1.0
85.0,20.6,1.0
85.0,20.7,1.0
85.0,20.8,1.5
85.0,20.9,1.0
85.0,21.0,1.0
85.0,21.1,1.0
85.0,21.2,1.0
85.0,21.3,1.0
85.0,21.4,1.0
85.0,21.5,1.0
85.0,21.6,1.0
85.0,21.7,1.0
85.0,21.8,1.0
85.0,21.9,1.0
85.0,22.0,1.0
85.0,22.1,1.0
85.0,22.2,1.0
85.0,22.3,1.0
85.0,22.4,1.0
85.0,22.5,1.0
85.0,22.6,1.0
85.0,22.7,1.0
85.0,22.8,1.0
85.0,22.9,1.0
85.0,23.0,1.0
85.0,23.1,1.0
85.0,23.2,1.0
85.0,23.3,1.0
85.0,23.4,1.0
85.0,23.5,1.0
85.0,23.6,1.0
85.0,23.7,1.0
85.0,23.8,1.0
85.0,23.9,1.0
85.0,24.0,1.0
85.0,24.1,1.0
85.0,24.2,1.0
85.0,24.3,1.0
85.0,24.4,1.0
85.0,24.5,1.0
85.0,24.6,1.5
85.0,24.7,1.5
85.0,24.8,1.5
85.0,24.9,1.5
85.0,25.0,1.5
85.0,25.1,1.5
85.0,25.2,1.5
85.0,25.3,1.5
85.0,25.4,1.5
85.0,25.5,1.5
85.0,25.6,1.5
85.0,25.7,1.5
85.0,25.8,1.5
85.0,25.9,1.5
85.0,26.0,1.5
85.0,26.1,1.5
85.0,26.2,1.5
85.0,26.3,1.5
85.0,26.4,1.5
85.0,26.5,1.5
85.0,26.6,1.5
85.0,26.7,1.5
85.0,26.8,1.5
85.0,26.9,1.5
85.1,19.3,1.5
85.1,19.4,1.5
85.1,19.5,1.5
85.1,19.6,1.5
85.1,19.7,1.5
85.1,19.8,1.5
85.1,19.9,1.5
85.1,20.0,1.5
85.1,20.1,1.5
85.1,20.2,1.0
85.1,20.3,1.0
85.1,20.4,1.0
85.1,20.5,1.0
85.1,20.6,1.0
85.1,20.7,1.5
85.1,20.8,1.5
85.1,20.9,1.5
85.1,21.0,1.0
85.1,21.1,1.0
85.1,21.2,1.0
85.1,21.3,1.0
85.1,21.4,1.0
85.1,21.5,1.0
85.1,21.6,1.0
85.1,21.7,1.0
85.1,21.8,1.0
85.1,21.9,1.0
85.1,22.0,1.0
85.1,22.1,1.0
85.1,22.2,1.0
85.1,22.3,1.0
85.1,22.4,1.0
85.1,22.5,1.0
85.1,22.6,1.0
85.1,22.7,1.0
85.1,22.8,1.0
85.1,22.9,1.0
85.1,23.0,1.0
85.1,23.1,1.0
85.1,23.2,1.0
85.1,23.3,1.0
85.1,23.4,1.0
85.1,23.5,1.0
85.1,23.6,1.0
85.1,23.7,1.0
85.1,23.8,1.0
85.1,23.9,1.0
85.1,24.0,1.0
85.1,24.1,1.0
85.1,24.2,1.0
85.1,24.3,1.0
85.1,24.4,1.0
85.1,24.5,1.0
85.1,24.6,1.0
85.1,24.7,1.5
85.1,24.8,1.5
85.1,24.9,1.5
85.1,25.0,1.5
85.1,25.1,1.5
85.1,25.2,1.5
85.1,25.3,1.5
85.1,25.4,1.5
85.1,25.5,1.5
85.1,25.6,1.5
85.1,25.7,1.5
85.1,25.8,1.5
85.1,25.9,1.5
85.1,26.0,1.5
85.1,26.1,1.5
85.1,26.2,1.5
85.1,26.3,1.5
85.1,26.4,1.5
85.1,26.5,1.5
85.1,26.6,1.5
85.1,26.7,1.5
85.1,26.8,1.5
85.1,26.9,1.5
85.2,19.3,1.5
85.2,19.4,1.5
85.2,19.5,1.5
85.2,19.6,1.5
85.2,19.7,1.5
85.2,19.8,1.5
85.2,19.9,1.5
85.2,20.0,1.5
85.2,20.1,1.5
85.2,20.2,1.5
85.2,20.3,1.0
85.2,20.4,1.0
85.2,20.5,1.0
85.2,20.6,1.0
85.2,20.7,1.5
85.2,20.8,1.5
85.2,20.9,1.5
85.2,21.0,1.5
85.2,21.1,1.0
85.2,21.2,1.0
85.2,21.3,1.0
85.2,21.4,1.0
85.2,21.5,1.0
85.2,21.6,1.0
85.2,21.7,1.0
85.2,21.8,1.0
85.2,21.9,1.0
85.2,22.0,1.0
85.2,22.1,1.0
85.2,22.2,1.0
85.2,22.3,1.0
85.2,22.4,1.0
85.2,22.5,1.0
85.2,22.6,1.0
85.2,22.7,1.0
85.2,22.8,1.0
85.2,22.9,1.0
85.2,23.0,1.0
85.2,23.1,1.0
85.2,23.2,1.0
85.2,23.3,1.0
85.2,23.4,1.0
85.2,23.5,1.0
85.2,23.6,1.0
85.2,23.7,1.0
85.2,23.8,1.0
85.2,23.9,1.0
85.2,24.0,1.0
85.2,24.1,1.0
85.2,24.2,1.0
85.2,24.3,1.0
85.2,24.4,1.0
85.2,24.5,1.0
85.2,24.6,1.0
85.2,24.7,1.5
85.2,24.8,1.0
85.2,24.9,1.5
85.2,25.0,1.5
85.2,25.1,1.5
85.2,25.2,1.5
85.2,25.3,1.5
85.2,25.4,1.5
85.2,25.5,1.5
85.2,25.6,1.5
85.2,25.7,1.5
85.2,25.8,1.5
85.2,25.9,1.5
85.2,26.0,1.5
85.2,26.1,1.5
85.2,26.2,1.5
85.2,26.3,1.5
85.2,26.4,1.5
85.2,26.5,1.5
85.2,26.6,1.5
85.2,26.7,1.5
85.2,26.8,1.5
85.3,19.4,1.5
85.3,19.5,1.5
85.3,19.6,1.5
85.3,19.7,1.5
85.3,19.8,1.5
85.3,19.9,1.5
85.3,20.0,1.5
85.3,20.1,1.5
85.3,20.2,1.5
85.3,20.3,1.5
85.3,20.4,1.0
85.3,20.5,1.0
85.3,20.6,1.0
85.3,20.7,1.5
85.3,20.8,1.5
85.3,20.9,1.5
85.3,21.0,1.5
85.3,21.1,1.0
85.3,21.2,1.0
85.3,21.3,1.0
85.3,21.4,1.0
85.3,21.5,1.0
85.3,21.6,1.0
85.3,21.7,1.0
85.3,21.8,1.0
85.3,21.9,1.0
85.3,22.0,1.0
85.3,22.1,1.0
85.3,22.2,1.0
85.3,22.3,1.0
85.3,22.4,1.0
85.3,22.5,1.0
85.3,22.6,1.0
85.3,22.7,1.0
85.3,22.8,1.0
85.3,22.9,1.0
85.3,23.0,1.0
85.3,23.1,1.0
85.3,23.2,1.0
85.3,23.3,1.0
85.3,23.4,1.0
85.3,23.5,1.0
85.3,23.6,1.0
85.3,23.7,1.0
85.3,23.8,1.0
85.3,23.9,1.0
85.3,24.0,1.0
85.3,24.1,1.0
85.3,24.2,1.0
85.3,24.3,1.0
85.3,24.4,1.0
85.3,24.5,1.0
85.3,24.6,1.0
85.3,24.7,1.0
85.3,24.8,1.0
85.3,24.9,1.5
85.3,25.0,1.5
85.3,25.1,1.5
85.3,25.2,1.5
85.3,25.3,1.5
85.3,25.4,1.5
85.3,25.5,1.5
85.3,25.6,1.5
85.3,25.7,1.5
85.3,25.8,1.5
85.3,25.9,1.5
85.3,26.0,1.5
85.3,26.1,1.5
85.3,26.2,1.5
85.3,26.3,1.5
85.3,26.4,1.5
85.3,26.5,1.5
85.3,26.6,1.5
85.3,26.7,1.0
85.4,19.5,1.5
85.4,19.7,1.5
85.4,19.8,1.5
85.4,19.9,1.5
85.4,20.0,1.5
85.4,20.1,1.5
85.4,20.2,1.5
85.4,20.3,1.5
85.4,20.4,1.0
85.4,20.5,1.5
85.4,20.6,1.0
85.4,20.7,1.5
85.4,20.8,1.5
85.4,20.9,1.5
85.4,21.0,1.5
85.4,21.1,1.0
85.4,21.2,1.0
85.4,21.3,1.0
85.4,21.4,1.0
85.4,21.5,1.0
85.4,21.6,1.0
85.4,21.7,1.0
85.4,21.8,1.0
85.4,21.9,1.0
85.4,22.0,1.0
85.4,22.1,1.0
85.4,22.2,1.0
85.4,22.3,1.0
85.4,22.4,1.0
85.4,22.5,1.0
85.4,22.6,1.0
85.4,22.7,1.0
85.4,22.8,1.0
85.4,22.9,1.0
85.4,23.0,1.0
85.4,23.1,1.0
85.4,23.2,1.0
85.4,23.3,1.0
85.4,23.4,1.0
85.4,23.5,1.0
85.4,23.6,1.0
85.4,23.7,1.0
85.4,23.8,1.0
85.4,23.9,1.0
85.4,24.0,1.0
85.4,24.1,1.0
85.4,24.2,1.0
85.4,24.3,1.0
85.4,24.4,1.0
85.4,24.5,1.0
85.4,24.6,1.0
85.4,24.7,1.0
85.4,24.8,1.0
85.4,24.9,1.5
85.4,25.0,1.5
85.4,25.1,1.5
85.4,25.2,1.5
85.4,25.3,1.5
85.4,25.4,1.5
85.4,25.5,1.5
85.4,25.6,1.5
85.4,25.7,1.5
85.4,25.8,1.5
85.4,25.9,1.5
85.4,26.0,1.5
85.4,26.1,1.5
85.4,26.2,1.5
85.4,26.3,1.5
85.4,26.4,1.5
85.4,26.5,1.5
85.4,26.6,1.5
85.4,26.7,1.0
85.5,19.7,1.0
85.5,19.8,1.0
85.5,19.9,1.5
85.5,20.0,1.5
85.5,20.1,1.5
85.5,20.2,1.5
85.5,20.3,1.5
85.5,20.4,1.5
85.5,20.5,1.0
85.5,20.6,1.5
85.5,20.7,1.5
85.5,20.8,1.5
85.5,20.9,1.5
85.5,21.0,1.5
85.5,21.1,1.0
85.5,21.2,1.0
85.5,21.3,1.0
85.5,21.4,1.0
85.5,21.5,1.0
85.5,21.6,1.0
85.5,21.7,1.0
85.5,21.8,1.0
85.5,21.9,1.0
85.5,22.0,1.0
85.5,22.1,1.0
85.5,22.2,1.0
85.5,22.3,1.0
85.5,22.4,1.0
85.5,22.5,1.0
85.5,22.6,1.0
85.5,22.7,1.0
85.5,22.8,1.0
85.5,22.9,1.0
85.5,23.0,1.0
85.5,23.1,1.0
85.5,23.2,1.0
85.5,23.3,1.0
85.5,23.4,1.0
85.5,23.5,1.0
85.5,23.6,1.0
85.5,23.7,1.0
85.5,23.8,1.0
85.5,23.9,1.0
85.5,24.0,1.0
85.5,24.1,1.0
85.5,24.2,1.0
85.5,24.3,1.0
85.5,24.4,1.0
85.5,24.5,1.0
85.5,24.6,1.0
85.5,24.7,1.0
85.5,24.8,1.0
85.5,24.9,1.0
85.5,25.0,1.5
85.5,25.1,1.5
85.5,25.2,1.5
85.5,25.3,1.5
85.5,25.4,1.5
85.5,25.5,1.5
85.5,25.6,1.5
85.5,25.7,1.5
85.5,25.8,1.5
85.5,25.9,1.5
85.5,26.0,1.5
85.5,26.1,1.5
85.5,26.2,1.5
85.5,26.3,1.5
85.5,26.4,1.5
85.5,26.5,1.5
85.5,26.6,1.5
85.5,26.7,1.5
85.6,19.8,1.0
85.6,19.9,1.0
85.6,20.0,1.5
85.6,20.1,1.5
85.6,20.2,1.5
85.6,20.3,1.5
85.6,20.4,1.5
85.6,20.5,1.5
85.6,20.6,1.5
85.6,20.7,1.5
85.6,20.8,1.5
85.6,20.9,1.5
85.6,21.0,1.5
85.6,21.1,1.0
85.6,21.2,1.0
85.6,21.3,1.0
85.6,21.4,1.0
85.6,21.5,1.0
85.6,21.6,1.0
85.6,21.7,1.0
85.6,21.8,1.0
85.6,21.9,1.0
85.6,22.0,1.0
85.6,22.1,1.0
85.6,22.2,1.0
85.6,22.3,1.0
85.6,22.4,1.0
85.6,22.5,1.0
85.6,22.6,1.0
85.6,22.7,1.0
85.6,22.8,1.0
85.6,22.9,1.0
85.6,23.0,1.0
85.6,23.1,1.0
85.6,23.2,1.0
85.6,23.3,1.0
85.6,23.4,1.0
85.6,23.5,1.0
85.6,23.6,1.0
85.6,23.7,1.0
85.6,23.8,1.0
85.6,23.9,1.0
85.6,24.0,1.0
85.6,24.1,1.0
85.6,24.2,1.0
85.6,24.3,1.0
85.6,24.4,1.0
85.6,24.5,1.0
85.6,24.6,1.0
85.6,24.7,1.0
85.6,24.8,1.0
85.6,24.9,1.5
85.6,25.0,1.5
85.6,25.1,1.5
85.6,25.2,1.5
85.6,25.3,1.5
85.6,25.4,1.5
85.6,25.5,1.5
85.6,25.6,1.5
85.6,25.7,1.5
85.6,25.8,1.5
85.6,25.9,1.5
85.6,26.0,1.5
85.6,26.1,1.5
85.6,26.2,1.5
85.6,26.3,1.5
85.6,26.4,1.5
85.6,26.5,1.5
85.6,26.6,1.5
85.6,26.7,1.5
85.6,26.8,1.0
85.7,19.8,1.0
85.7,19.9,1.0
85.7,20.0,1.5
85.7,20.1,1.5
85.7,20.2,1.5
85.7,20.3,1.5
85.7,20.4,1.5
85.7,20.5,1.5
85.7,20.6,1.5
85.7,20.7,1.5
85.7,20.8,1.5
85.7,20.9,1.5
85.7,21.0,1.5
85.7,21.1,1.5
85.7,21.2,1.0
85.7,21.3,1.0
85.7,21.4,1.0
85.7,21.5,1.0
85.7,21.6,1.0
85.7,21.7,1.0
85.7,21.8,1.0
85.7,21.9,1.0
85.7,22.0,1.0
85.7,22.1,1.0
85.7,22.2,1.0
85.7,22.3,1.0
85.7,22.4,1.0
85.7,22.5,1.0
85.7,22.6,1.0
85.7,22.7,1.0
85.7,22.8,1.0
85.7,22.9,1.0
85.7,23.0,1.0
85.7,23.1,1.0
85.7,23.2,1.0
85.7,23.3,1.0
85.7,23.4,1.0
85.7,23.5,1.0
85.7,23.6,1.0
85.7,23.7,1.0
85.7,23.8,1.0
85.7,23.9,1.0
85.7,24.0,1.0
85.7,24.1,1.0
85.7,24.2,1.0
85.7,24.3,1.0
85.7,24.4,1.0
85.7,24.5,1.0
85.7,24.6,1.0
85.7,24.7,1.0
85.7,24.8,1.0
85.7,24.9,1.5
85.7,25.0,1.5
85.7,25.1,1.5
85.7,25.2,1.5
85.7,25.3,1.5
85.7,25.4,1.5
85.7,25.5,1.5
85.7,25.6,1.5
85.7,25.7,1.5
85.7,25.8,1.5
85.7,25.9,1.5
85.7,26.0,1.5
85.7,26.1,1.5
85.7,26.2,1.5
85.7,26.3,1.5
85.7,26.4,1.5
85.7,26.5,1.5
85.7,26.6,1.5
85.7,26.7,1.0
85.8,19.8,1.5
85.8,19.9,1.5
85.8,20.0,1.5
85.8,20.1,1.5
85.8,20.2,1.5
85.8,20.3,1.5
85.8,20.4,1.5
85.8,20.5,1.5
85.8,20.6,1.5
85.8,20.7,1.5
85.8,20.8,1.5
85.8,20.9,1.5
85.8,21.0,1.5
85.8,21.1,1.5
85.8,21.2,1.5
85.8,21.3,1.0
85.8,21.4,1.0
85.8,21.5,1.0
85.8,21.6,1.0
85.8,21.7,1.0
85.8,21.8,1.0
85.8,21.9,1.0
85.8,22.0,1.0
85.8,22.1,1.0
85.8,22.2,1.0
85.8,22.3,1.0
85.8,22.4,1.0
85.8,22.5,1.0
85.8,22.6,1.0
85.8,22.7,1.0
85.8,22.8,1.0
85.8,22.9,1.0
85.8,23.0,1.0
85.8,23.1,1.0
85.8,23.2,1.0
85.8,23.3,1.0
85.8,23.4,1.0
85.8,23.5,1.0
85.8,23.6,1.0
85.8,23.7,1.0
85.8,23.8,1.0
85.8,23.9,1.0
85.8,24.0,1.0
85.8,24.1,1.0
85.8,24.2,1.0
85.8,24.3,1.0
85.8,24.4,1.0
85.8,24.5,1.0
85.8,24.6,1.0
85.8,24.7,1.0
85.8,24.8,1.0
85.8,24.9,1.5
85.8,25.0,1.0
85.8,25.1,1.0
85.8,25.2,1.0
85.8,25.3,1.5
85.8,25.4,1.5
85.8,25.5,1.5
85.8,25.6,1.5
85.8,25.7,1.5
85.8,25.8,1.5
85.8,25.9,1.5
85.8,26.0,1.5
85.8,26.1,1.5
85.8,26.2,1.5
85.8,26.3,1.5
85.8,26.4,1.5
85.8,26.5,1.5
85.8,26.6,1.5
85.9,19.8,1.5
85.9,19.9,1.5
85.9,20.0,1.5
85.9,20.1,1.5
85.9,20.2,1.5
85.9,20.3,1.5
85.9,20.4,1.5
85.9,20.5,1.5
85.9,20.6,1.5
85.9,20.7,1.5
85.9,20.8,1.5
85.9,20.9,1.5
85.9,21.0,1.5
85.9,21.1,1.5
85.9,21.2,1.5
85.9,21.3,1.0
85.9,21.4,1.0
85.9,21.5,1.0
85.9,21.6,1.0
85.9,21.7,1.0
85.9,21.8,1.0
85.9,21.9,1.0
85.9,22.0,1.0
85.9,22.1,1.0
85.9,22.2,1.0
85.9,22.3,1.0
85.9,22.4,1.0
85.9,22.5,1.0
85.9,22.6,1.0
85.9,22.7,1.0
85.9,22.8,1.0
85.9,22.9,1.0
85.9,23.0,1.0
85.9,23.1,1.0
85.9,23.2,1.0
85.9,23.3,1.0
85.9,23.4,1.0
85.9,23.5,1.0
85.9,23.6,1.0
85.9,23.7,1.0
85.9,23.8,1.0
85.9,23.9,1.0
85.9,24.0,1.0
85.9,24.1,1.0
85.9,24.2,1.0
85.9,24.3,1.0
85.9,24.4,1.0
85.9,24.5,1.0
85.9,24.6,1.0
85.9,24.7,1.0
85.9,24.8,1.0
85.9,24.9,1.0
85.9,25.0,1.0
85.9,25.1,1.0
85.9,25.2,1.0
85.9,25.3,1.5
85.9,25.4,1.5
85.9,25.5,1.5
85.9,25.6,1.5
85.9,25.7,1.5
85.9,25.8,1.5
85.9,25.9,1.5
85.9,26.0,1.5
85.9,26.1,1.5
85.9,26.2,1.5
85.9,26.3,1.5
85.9,26.4,1.5
85.9,26.5,1.5
85.9,26.6,1.5
86.0,19.8,1.5
86.0,19.9,1.5
86.0,20.0,1.5
86.0,20.1,1.5
86.0,20.2,1.5
86.0,20.3,1.5
86.0,20.4,1.5
86.0,20.5,1.5
86.0,20.6,1.5
86.0,20.7,1.5
86.0,20.8,1.5
86.0,20.9,1.5
86.0,21.0,1.5
86.0,21.1,1.5
86.0,21.2,1.5
86.0,21.3,1.0
86.0,21.4,1.0
86.0,21.5,1.0
86.0,21.6,1.0
86.0,21.7,1.0
86.0,21.8,1.0
86.0,21.9,1.0
86.0,22.0,1.0
86.0,22.1,1.0
86.0,22.2,1.0
86.0,22.3,1.0
86.0,22.4,1.0
86.0,22.5,1.0
86.0,22.6,1.0
86.0,22.7,1.0
86.0,22.8,1.0
86.0,22.9,1.0
86.0,23.0,1.0
86.0,23.1,1.0
86.0,23.2,1.0
86.0,23.3,1.0
86.0,23.4,1.0
86.0,23.5,1.0
86.0,23.6,1.0
86.0,23.7,1.0
86.0,23.8,1.0
86.0,23.9,1.0
86.0,24.0,1.0
86.0,24.1,1.0
86.0,24.2,1.0
86.0,24.3,1.0
86.0,24.4,1.0
86.0,24.5,1.0
86.0,24.6,1.0
86.0,24.7,1.0
86.0,24.8,1.0
86.0,24.9,1.0
86.0,25.0,1.0
86.0,25.1,1.5
86.0,25.2,1.5
86.0,25.3,1.5
86.0,25.4,1.5
86.0,25.5,1.5
86.0,25.6,1.5
86.0,25.7,1.5
86.0,25.8,1.5
86.0,25.9,1.5
86.0,26.0,1.5
86.0,26.1,1.5
86.0,26.2,1.5
86.0,26.3,1.5
86.0,26.4,1.5
86.0,26.5,1.5
86.0,26.6,1.5
86.1,19.9,1.5
86.1,20.0,1.5
86.1,20.1,1.5
86.1,20.2,1.5
86.1,20.3,1.5
86.1,20.4,1.5
86.1,20.5,1.5
86.1,20.6,1.5
86.1,20.7,1.5
86.1,20.8,1.5
86.1,20.9,1.5
86.1,21.0,1.5
86.1,21.1,1.5
86.1,21.2,1.5
86.1,21.3,1.5
86.1,21.4,1.0
86.1,21.5,1.0
86.1,21.6,1.0
86.1,21.7,1.0
86.1,21.8,1.0
86.1,21.9,1.0
86.1,22.0,1.0
86.1,22.1,1.0
86.1,22.2,1.0
86.1,22.3,1.0
86.1,22.4,1.0
86.1,22.5,1.0
86.1,22.6,1.0
86.1,22.7,1.0
86.1,22.8,1.0
86.1,22.9,1.0
86.1,23.0,1.0
86.1,23.1,1.0
86.1,23.2,1.0
86.1,23.3,1.0
86.1,23.4,1.0
86.1,23.5,1.0
86.1,23.6,1.0
86.1,23.7,1.0
86.1,23.8,1.0
86.1,23.9,1.0
86.1,24.0,1.0
86.1,24.1,1.0
86.1,24.2,1.0
86.1,24.3,1.0
86.1,24.4,1.0
86.1,24.5,1.0
86.1,24.6,1.0
86.1,24.7,1.0
86.1,24.8,1.0
86.1,24.9,1.0
86.1,25.0,1.0
86.1,25.1,1.5
86.1,25.2,1.5
86.1,25.3,1.5
86.1,25.4,1.5
86.1,25.5,1.5
86.1,25.6,1.5
86.1,25.7,1.5
86.1,25.8,1.5
86.1,25.9,1.5
86.1,26.0,1.5
86.1,26.1,1.5
86.1,26.2,1.5
86.1,26.3,1.5
86.1,26.4,1.5
86.1,26.5,1.5
86.2,19.9,1.5
86.2,20.0,1.5
86.2,20.1,1.5
86.2,20.2,1.5
86.2,20.3,1.5
86.2,20.4,1.5
86.2,20.5,1.5
86.2,20.6,1.5
86.2,20.7,1.5
86.2,20.8,1.5
86.2,20.9,1.5
86.2,21.0,1.5
86.2,21.1,1.5
86.2,21.2,1.5
86.2,21.3,1.5
86.2,21.4,1.0
86.2,21.5,1.0
86.2,21.6,1.0
86.2,21.7,1.5
86.2,21.8,1.0
86.2,21.9,1.0
86.2,22.0,1.0
86.2,22.1,1.0
86.2,22.2,1.0
86.2,22.3,1.0
86.2,22.4,1.0
86.2,22.5,1.0
86.2,22.6,1.0
86.2,22.7,1.0
86.2,22.8,1.0
86.2,22.9,1.0
86.2,23.0,1.0
86.2,23.1,1.0
86.2,23.2,1.0
86.2,23.3,1.0
86.2,23.4,1.0
86.2,23.5,1.0
86.2,23.6,1.0
86.2,23.7,1.0
86.2,23.8,1.0
86.2,23.9,1.0
86.2,24.0,1.0
86.2,24.1,1.0
86.2,24.2,1.0
86.2,24.3,1.0
86.2,24.4,1.0
86.2,24.5,1.0
86.2,24.6,1.0
86.2,24.7,1.0
86.2,24.8,1.0
86.2,24.9,1.0
86.2,25.0,1.0
86.2,25.1,1.5
86.2,25.2,1.5
86.2,25.3,1.5
86.2,25.4,1.5
86.2,25.5,1.5
86.2,25.6,1.5
86.2,25.7,1.5
86.2,25.8,1.5
86.2,25.9,1.5
86.2,26.0,1.5
86.2,26.1,1.5
86.2,26.2,1.5
86.2,26.3,1.5
86.2,26.4,1.5
86.2,26.5,1.5
86.3,20.0,1.5
86.3,20.1,1.5
86.3,20.2,1.5
86.3,20.3,1.5
86.3,20.4,1.5
86.3,20.5,1.5
86.3,20.6,1.5
86.3,20.7,1.5
86.3,20.8,1.5
86.3,20.9,1.5
86.3,21.0,1.5
86.3,21.1,1.5
86.3,21.2,1.5
86.3,21.3,1.5
86.3,21.4,1.5
86.3,21.5,1.0
86.3,21.6,1.5
86.3,21.7,1.5
86.3,21.8,1.5
86.3,21.9,1.5
86.3,22.0,1.5
86.3,22.1,1.5
86.3,22.2,1.5
86.3,22.3,1.5
86.3,22.4,1.5
86.3,22.5,1.0
86.3,22.6,1.0
86.3,22.7,1.0
86.3,22.8,1.0
86.3,22.9,1.0
86.3,23.0,1.0
86.3,23.1,1.0
86.3,23.2,1.0
86.3,23.3,1.0
86.3,23.4,1.0
86.3,23.5,1.0
86.3,23.6,1.0
86.3,23.7,1.0
86.3,23.8,1.0
86.3,23.9,1.0
86.3,24.0,1.0
86.3,24.1,1.0
86.3,24.2,1.0
86.3,24.3,1.0
86.3,24.4,1.0
86.3,24.5,1.0
86.3,24.6,1.0
86.3,24.7,1.0
86.3,24.8,1.0
86.3,24.9,1.0
86.3,25.0,1.5
86.3,25.1,1.5
86.3,25.2,1.5
86.3,25.3,1.5
86.3,25.4,1.5
86.3,25.5,1.5
86.3,25.6,1.5
86.3,25.7,1.5
86.3,25.8,1.5
86.3,25.9,1.5
86.3,26.0,1.5
86.3,26.1,1.5
86.3,26.2,1.5
86.3,26.3,1.5
86.3,26.4,1.5
86.3,26.5,1.5
86.4,20.0,1.5
86.4,20.1,1.5
86.4,20.2,1.5
86.4,20.3,1.5
86.4,20.4,1.5
86.4,20.5,1.5
86.4,20.6,1.5
86.4,20.7,1.5
86.4,20.8,1.5
86.4,20.9,1.5
86.4,21.0,1.5
86.4,21.1,1.5
86.4,21.2,1.5
86.4,21.3,1.5
86.4,21.4,1.5
86.4,21.5,1.5
86.4,21.6,1.5
86.4,21.7,1.5
86.4,21.8,1.5
86.4,21.9,1.5
86.4,22.0,1.5
86.4,22.1,1.5
86.4,22.2,1.5
86.4,22.3,1.5
86.4,22.4,1.0
86.4,22.5,1.5
86.4,22.6,1.5
86.4,22.7,1.5
86.4,22.8,1.5
86.4,22.9,1.0
86.4,23.0,1.0
86.4,23.1,1.0
86.4,23.2,1.0
86.4,23.3,1.0
86.4,23.4,1.0
86.4,23.5,1.0
86.4,23.6,1.0
86.4,23.7,1.0
86.4,23.8,1.0
86.4,23.9,1.0
86.4,24.0,1.0
86.4,24.1,1.0
86.4,24.2,1.0
86.4,24.3,1.0
86.4,24.4,1.0
86.4,24.5,1.0
86.4,24.6,1.0
86.4,24.7,1.0
86.4,24.8,1.0
86.4,24.9,1.0
86.4,25.0,1.5
86.4,25.1,1.5
86.4,25.2,1.5
86.4,25.3,1.5
86.4,25.4,1.5
86.4,25.5,1.5
86.4,25.6,1.5
86.4,25.7,1.5
86.4,25.8,1.5
86.4,25.9,1.5
86.4,26.0,1.5
86.4,26.1,1.5
86.4,26.2,1.5
86.4,26.3,1.5
86.4,26.4,1.5
86.4,26.5,1.5
86.4,26.6,1.5
86.5,20.1,1.5
86.5,20.2,1.5
86.5,20.3,1.5
86.5,20.4,1.5
86.5,20.5,1.5
86.5,20.6,1.5
86.5,20.7,1.5
86.5,20.8,1.5
86.5,20.9,1.5
86.5,21.0,1.5
86.5,21.1,1.5
86.5,21.2,1.5
86.5,21.3,1.5
86.5,21.4,1.5
86.5,21.5,1.5
86.5,21.6,1.5
86.5,21.7,1.5
86.5,21.8,1.5
86.5,21.9,1.5
86.5,22.0,1.5
86.5,22.1,1.5
86.5,22.2,1.5
86.5,22.3,1.5
86.5,22.4,1.5
86.5,22.5,1.5
86.5,22.6,1.5
86.5,22.7,1.5
86.5,22.8,1.0
86.5,22.9,1.0
86.5,23.0,1.0
86.5,23.1,1.0
86.5,23.2,1.0
86.5,23.3,1.0
86.5,23.4,1.0
86.5,23.5,1.0
86.5,23.6,1.0
86.5,23.7,1.0
86.5,23.8,1.0
86.5,23.9,1.0
86.5,24.0,1.0
86.5,24.1,1.0
86.5,24.2,1.0
86.5,24.3,1.0
86.5,24.4,1.0
86.5,24.5,1.0
86.5,24.6,1.0
86.5,24.7,1.0
86.5,24.8,1.0
86.5,24.9,1.5
86.5,25.0,1.5
86.5,25.1,1.5
86.5,25.2,1.5
86.5,25.3,1.5
86.5,25.4,1.5
86.5,25.5,1.5
86.5,25.6,1.5
86.5,25.7,1.5
86.5,25.8,1.5
86.5,25.9,1.5
86.5,26.0,1.5
86.5,26.1,1.5
86.5,26.2,1.5
86.5,26.3,1.5
86.5,26.4,1.5
86.5,26.5,1.5
86.5,26.6,1.5
86.6,20.1,1.5
86.6,20.2,1.5
86.6,20.3,1.5
86.6,20.4,1.5
86.6,20.5,1.5
86.6,20.6,1.5
86.6,20.7,1.5
86.6,20.8,1.5
86.6,20.9,1.5
86.6,21.0,1.5
86.6,21.1,1.5
86.6,21.2,1.5
86.6,21.3,1.5
86.6,21.4,1.5
86.6,21.5,1.5
86.6,21.6,1.5
86.6,21.7,1.5
86.6,21.8,1.5
86.6,21.9,1.5
86.6,22.0,1.5
86.6,22.1,1.5
86.6,22.2,1.5
86.6,22.3,1.5
86.6,22.4,1.5
86.6,22.5,1.5
86.6,22.6,1.5
86.6,22.7,1.5
86.6,22.8,1.5
86.6,22.9,1.5
86.6,23.0,1.5
86.6,23.1,1.0
86.6,23.2,1.0
86.6,23.3,1.0
86.6,23.4,1.0
86.6,23.5,1.0
86.6,23.6,1.0
86.6,23.7,1.0
86.6,23.8,1.0
86.6,23.9,1.0
86.6,24.0,1.0
86.6,24.1,1.0
86.6,24.2,1.0
86.6,24.3,1.0
86.6,24.4,1.0
86.6,24.5,1.0
86.6,24.6,1.0
86.6,24.7,1.0
86.6,24.8,1.0
86.6,24.9,1.5
86.6,25.0,1.5
86.6,25.1,1.5
86.6,25.2,1.5
86.6,25.3,1.5
86.6,25.4,1.5
86.6,25.5,1.5
86.6,25.6,1.5
86.6,25.7,1.5
86.6,25.8,1.5
86.6,25.9,1.5
86.6,26.0,1.5
86.6,26.1,1.5
86.6,26.2,1.5
86.6,26.3,1.5
86.6,26.4,1.5
86.6,26.5,1.5
86.7,20.2,1.5
86.7,20.3,1.5
86.7,20.4,1.5
86.7,20.5,1.5
86.7,20.6,1.5
86.7,20.7,1.5
86.7,20.8,1.5
86.7,20.9,1.5
86.7,21.0,1.5
86.7,21.1,1.5
86.7,21.2,1.5
86.7,21.3,1.5
86.7,21.4,1.5
86.7,21.5,1.5
86.7,21.6,1.5
86.7,21.7,1.5
86.7,21.8,1.5
86.7,21.9,1.5
86.7,22.0,1.5
86.7,22.1,1.5
86.7,22.2,1.5
86.7,22.3,1.5
86.7,22.4,1.5
86.7,22.5,1.5
86.7,22.6,1.5
86.7,22.7,1.5
86.7,22.8,1.5
86.7,22.9,1.5
86.7,23.0,1.0
86.7,23.1,1.0
86.7,23.2,1.5
86.7,23.3,1.0
86.7,23.4,1.0
86.7,23.5,1.5
86.7,23.6,1.0
86.7,23.7,1.0
86.7,23.8,1.5
86.7,23.9,1.0
86.7,24.0,1.0
86.7,24.1,1.0
86.7,24.2,1.0
86.7,24.3,1.0
86.7,24.4,1.0
86.7,24.5,1.0
86.7,24.6,1.0
86.7,24.7,1.0
86.7,24.8,1.0
86.7,24.9,1.0
86.7,25.0,1.0
86.7,25.1,1.5
86.7,25.2,1.5
86.7,25.3,1.5
86.7,25.4,1.5
86.7,25.5,1.5
86.7,25.6,1.5
86.7,25.7,1.5
86.7,25.8,1.5
86.7,25.9,1.5
86.7,26.0,1.5
86.7,26.1,1.5
86.7,26.2,1.5
86.7,26.3,1.5
86.7,26.4,1.5
86.8,20.4,1.5
86.8,20.5,1.5
86.8,20.6,1.5
86.8,20.7,1.5
86.8,20.8,1.5
86.8,20.9,1.5
86.8,21.0,1.5
86.8,21.1,1.5
86.8,21.2,1.5
86.8,21.3,1.5
86.8,21.4,1.5
86.8,21.5,1.5
86.8,21.6,1.5
86.8,21.7,1.5
86.8,21.8,1.5
86.8,21.9,1.5
86.8,22.0,1.5
86.8,22.1,1.5
86.8,22.2,1.5
86.8,22.3,1.5
86.8,22.4,1.5
86.8,22.5,1.5
86.8,22.6,1.5
86.8,22.7,1.5
86.8,22.8,1.5
86.8,22.9,1.0
86.8,23.0,1.0
86.8,23.1,1.0
86.8,23.2,1.5
86.8,23.3,1.0
86.8,23.4,1.0
86.8,23.5,1.5
86.8,23.6,1.5
86.8,23.7,1.5
86.8,23.8,1.5
86.8,23.9,1.0
86.8,24.0,1.0
86.8,24.1,1.0
86.8,24.2,1.0
86.8,24.3,1.0
86.8,24.4,1.0
86.8,24.5,1.0
86.8,24.6,1.0
86.8,24.7,1.0
86.8,24.8,1.0
86.8,24.9,1.0
86.8,25.0,1.0
86.8,25.1,1.5
86.8,25.2,1.5
86.8,25.3,1.5
86.8,25.4,1.5
86.8,25.5,1.5
86.8,25.6,1.5
86.8,25.7,1.5
86.8,25.8,1.5
86.8,25.9,1.5
86.8,26.0,1.5
86.8,26.1,1.5
86.8,26.2,1.5
86.8,26.3,1.5
86.8,26.4,1.5
86.8,26.5,1.5
86.9,20.4,1.5
86.9,20.6,1.5
86.9,20.7,1.5
86.9,20.8,1.5
86.9,20.9,1.5
86.9,21.0,1.5
86.9,21.1,1.5
86.9,21.2,1.5
86.9,21.3,1.5
86.9,21.4,1.5
86.9,21.5,1.5
86.9,21.6,1.5
86.9,21.7,1.5
86.9,21.8,1.5
86.9,21.9,1.5
86.9,22.0,1.5
86.9,22.1,1.5
86.9,22.2,1.5
86.9,22.3,1.5
86.9,22.4,1.5
86.9,22.5,1.5
86.9,22.6,1.5
86.9,22.7,1.5
86.9,22.8,1.5
86.9,22.9,1.5
86.9,23.0,1.0
86.9,23.1,1.5
86.9,23.2,1.5
86.9,23.3,1.0
86.9,23.4,1.5
86.9,23.5,1.5
86.9,23.6,1.5
86.9,23.7,1.5
86.9,23.8,1.5
86.9,23.9,1.0
86.9,24.0,1.0
86.9,24.1,1.0
86.9,24.2,1.0
86.9,24.3,1.0
86.9,24.4,1.0
86.9,24.5,1.0
86.9,24.6,1.0
86.9,24.7,1.0
86.9,24.8,1.0
86.9,24.9,1.0
86.9,25.0,1.0
86.9,25.1,1.5
86.9,25.2,1.5
86.9,25.3,1.5
86.9,25.4,1.5
86.9,25.5,1.5
86.9,25.6,1.5
86.9,25.7,1.5
86.9,25.8,1.5
86.9,25.9,1.5
86.9,26.0,1.5
86.9,26.1,1.5
86.9,26.2,1.5
86.9,26.3,1.5
86.9,26.4,1.5
86.9,26.5,1.5
87.0,20.7,1.5
87.0,20.8,1.5
87.0,20.9,1.5
87.0,21.0,1.5
87.0,21.4,1.5
87.0,21.5,1.5
87.0,21.6,1.5
87.0,21.7,1.5
87.0,21.8,1.5
87.0,21.9,1.5
87.0,22.0,1.5
87.0,22.1,1.5
87.0,22.2,1.5
87.0,22.3,1.5
87.0,22.4,1.5
87.0,22.5,1.5
87.0,22.6,1.5
87.0,22.7,1.5
87.0,22.8,1.5
87.0,22.9,1.5
87.0,23.0,1.5
87.0,23.1,1.5
87.0,23.2,1.5
87.0,23.3,1.5
87.0,23.4,1.5
87.0,23.5,1.5
87.0,23.6,1.5
87.0,23.7,1.5
87.0,23.8,1.5
87.0,23.9,1.5
87.0,24.0,1.0
87.0,24.1,1.0
87.0,24.2,1.0
87.0,24.3,1.0
87.0,24.4,1.0
87.0,24.5,1.0
87.0,24.6,1.0
87.0,24.7,1.0
87.0,24.8,1.0
87.0,24.9,1.0
87.0,25.0,1.0
87.0,25.1,1.5
87.0,25.2,1.5
87.0,25.3,1.5
87.0,25.4,1.5
87.0,25.5,1.5
87.0,25.6,1.5
87.0,25.7,1.5
87.0,25.8,1.5
87.0,25.9,1.5
87.0,26.0,1.5
87.0,26.1,1.5
87.0,26.2,1.5
87.0,26.3,1.5
87.0,26.4,1.5
87.0,26.5,1.5
87.1,21.5,1.5
87.1,21.6,1.5
87.1,21.7,1.5
87.1,21.8,1.5
87.1,21.9,1.5
87.1,22.0,1.5
87.1,22.1,1.5
87.1,22.2,1.5
87.1,22.3,1.5
87.1,22.4,1.5
87.1,22.5,1.5
87.1,22.6,1.5
87.1,22.7,1.5
87.1,22.8,1.5
87.1,22.9,1.5
87.1,23.0,1.5
87.1,23.1,1.5
87.1,23.2,1.5
87.1,23.3,1.5
87.1,23.4,1.5
87.1,23.5,1.5
87.1,23.6,1.5
87.1,23.7,1.5
87.1,23.8,1.5
87.1,23.9,1.5
87.1,24.0,1.5
87.1,24.1,1.5
87.1,24.2,1.0
87.1,24.3,1.0
87.1,24.4,1.0
87.1,24.5,1.0
87.1,24.6,1.0
87.1,24.7,1.0
87.1,24.8,1.0
87.1,24.9,1.0
87.1,25.0,1.5
87.1,25.1,1.5
87.1,25.2,1.5
87.1,25.3,1.5
87.1,25.4,1.5
87.1,25.5,1.5
87.1,25.6,1.5
87.1,25.7,1.5
87.1,25.8,1.5
87.1,25.9,1.5
87.1,26.0,1.5
87.1,26.1,1.5
87.1,26.2,1.5
87.1,26.3,1.5
87.1,26.4,1.5
87.1,26.5,1.5
87.2,21.6,1.5
87.2,21.7,1.5
87.2,21.8,1.5
87.2,21.9,1.5
87.2,22.0,1.5
87.2,22.1,1.5
87.2,22.2,1.5
87.2,22.3,1.5
87.2,22.4,1.5
87.2,22.5,1.5
87.2,22.6,1.5
87.2,22.7,1.5
87.2,22.8,1.5
87.2,22.9,1.5
87.2,23.0,1.5
87.2,23.1,1.5
87.2,23.2,1.5
87.2,23.3,1.5
87.2,23.4,1.5
87.2,23.5,1.5
87.2,23.6,1.5
87.2,23.7,1.5
87.2,23.8,1.5
87.2,23.9,1.5
87.2,24.0,1.5
87.2,24.1,1.5
87.2,24.2,1.5
87.2,24.3,1.5
87.2,24.4,1.5
87.2,24.5,1.5
87.2,24.6,1.5
87.2,24.7,1.0
87.2,24.8,1.5
87.2,24.9,1.5
87.2,25.0,1.5
87.2,25.1,1.5
87.2,25.2,1.5
87.2,25.3,1.5
87.2,25.4,1.5
87.2,25.5,1.5
87.2,25.6,1.5
87.2,25.7,1.5
87.2,25.8,1.5
87.2,25.9,1.5
87.2,26.0,1.5
87.2,26.1,1.5
87.2,26.2,1.5
87.2,26.3,1.5
87.2,26.4,1.5
87.2,26.5,1.5
87.3,21.6,1.5
87.3,21.7,1.5
87.3,21.8,1.5
87.3,21.9,1.5
87.3,22.0,1.5
87.3,22.1,1.5
87.3,22.2,1.5
87.3,22.3,1.5
87.3,22.4,1.5
87.3,22.5,1.5
87.3,22.6,1.5
87.3,22.7,1.5
87.3,22.8,1.5
87.3,22.9,1.5
87.3,23.0,1.5
87.3,23.1,1.5
87.3,23.2,1.5
87.3,23.3,1.5
87.3,23.4,1.5
87.3,23.5,1.5
87.3,23.6,1.5
87.3,23.7,1.5
87.3,23.8,1.5
87.3,23.9,1.5
87.3,24.0,1.5
87.3,24.1,1.5
87.3,24.2,1.5
87.3,24.3,1.5
87.3,24.4,1.5
87.3,24.5,1.5
87.3,24.6,1.5
87.3,24.7,1.5
87.3,24.8,1.5
87.3,24.9,1.5
87.3,25.0,1.5
87.3,25.1,1.5
87.3,25.2,1.5
87.3,25.3,1.5
87.3,25.4,1.5
87.3,25.5,1.5
87.3,25.6,1.5
87.3,25.7,1.5
87.3,25.8,1.5
87.3,25.9,1.5
87.3,26.0,1.5
87.3,26.1,1.5
87.3,26.2,1.5
87.3,26.3,1.5
87.3,26.4,1.5
87.3,26.5,1.5
87.3,26.6,1.5
87.4,21.6,1.5
87.4,21.7,1.5
87.4,21.8,1.5
87.4,21.9,1.5
87.4,22.0,1.5
87.4,22.1,1.5
87.4,22.2,1.5
87.4,22.3,1.5
87.4,22.4,1.5
87.4,22.5,1.5
87.4,22.6,1.5
87.4,22.7,1.5
87.4,22.8,1.5
87.4,22.9,1.5
87.4,23.0,1.5
87.4,23.1,1.5
87.4,23.2,1.5
87.4,23.3,1.5
87.4,23.4,1.5
87.4,23.5,1.5
87.4,23.6,1.5
87.4,23.7,1.5
87.4,23.8,1.5
87.4,23.9,1.5
87.4,24.0,1.5
87.4,24.1,1.5
87.4,24.2,1.5
87.4,24.3,1.5
87.4,24.4,1.5
87.4,24.5,1.5
87.4,24.6,1.5
87.4,24.7,1.5
87.4,24.8,1.5
87.4,24.9,1.5
87.4,25.0,1.5
87.4,25.1,1.5
87.4,25.2,1.5
87.4,25.3,1.5
87.4,25.4,1.5
87.4,25.5,1.5
87.4,25.6,1.5
87.4,25.7,1.5
87.4,25.8,1.5
87.4,25.9,1.5
87.4,26.0,1.5
87.4,26.1,1.5
87.4,26.2,1.5
87.4,26.3,1.5
87.4,26.4,1.5
87.4,26.5,1.5
87.4,26.6,1.5
87.4,26.7,1.5
87.5,21.7,1.5
87.5,21.8,1.5
87.5,21.9,1.5
87.5,22.0,1.5
87.5,22.1,1.5
87.5,22.2,1.5
87.5,22.3,1.5
87.5,22.4,1.5
87.5,22.5,1.5
87.5,22.6,1.5
87.5,22.7,1.5
87.5,22.8,1.5
87.5,22.9,1.5
87.5,23.0,1.5
87.5,23.1,1.5
87.5,23.2,1.5
87.5,23.3,1.5
87.5,23.4,1.5
87.5,23.5,1.5
87.5,23.6,1.5
87.5,23.7,1.5
87.5,23.8,1.5
87.5,23.9,1.5
87.5,24.0,1.5
87.5,24.1,1.5
87.5,24.2,1.5
87.5,24.3,1.5
87.5,24.4,1.5
87.5,24.5,1.5
87.5,24.6,1.5
87.5,24.7,1.5
87.5,24.8,1.5
87.5,24.9,1.5
87.5,25.0,1.5
87.5,25.1,1.5
87.5,25.2,1.5
87.5,25.3,1.5
87.5,25.4,1.5
87.5,25.5,1.5
87.5,25.6,1.5
87.5,25.7,1.5
87.5,25.8,1.5
87.5,25.9,1.0
87.5,26.0,1.0
87.5,26.1,1.0
87.5,26.2,1.5
87.5,26.3,1.5
87.5,26.4,1.5
87.5,26.5,1.5
87.5,26.6,1.5
87.5,26.7,1.5
87.5,26.8,1.5
87.6,21.7,1.5
87.6,21.8,1.5
87.6,21.9,1.5
87.6,22.0,1.5
87.6,22.1,1.5
87.6,22.2,1.5
87.6,22.3,1.5
87.6,22.4,1.5
87.6,22.5,1.5
87.6,22.6,1.5
87.6,22.7,1.5
87.6,22.8,1.5
87.6,22.9,1.5
87.6,23.0,1.5
87.6,23.1,1.5
87.6,23.2,1.5
87.6,23.3,1.5
87.6,23.4,1.5
87.6,23.5,1.5
87.6,23.6,1.5
87.6,23.7,1.5
87.6,23.8,1.5
87.6,23.9,1.5
87.6,24.0,1.5
87.6,24.1,1.5
87.6,24.2,1.5
87.6,24.3,1.5
87.6,24.4,1.5
87.6,24.5,1.5
87.6,24.6,1.5
87.6,24.7,1.5
87.6,24.8,1.5
87.6,24.9,1.5
87.6,25.0,1.5
87.6,25.1,1.5
87.6,25.2,1.5
87.6,25.3,1.5
87.6,25.4,1.5
87.6,25.5,1.5
87.6,25.6,1.5
87.6,25.7,1.5
87.6,25.8,1.5
87.6,25.9,1.0
87.6,26.0,1.0
87.6,26.1,1.0
87.6,26.2,1.0
87.6,26.3,1.0
87.6,26.4,1.5
87.6,26.5,1.5
87.6,26.6,1.5
87.6,26.7,1.5
87.6,26.8,1.5
87.7,21.7,1.5
87.7,21.8,1.5
87.7,21.9,1.5
87.7,22.0,1.5
87.7,22.1,1.5
87.7,22.2,1.5
87.7,22.3,1.5
87.7,22.4,1.5
87.7,22.5,1.5
87.7,22.6,1.5
87.7,22.7,1.5
87.7,22.8,1.5
87.7,22.9,1.5
87.7,23.0,1.5
87.7,23.1,1.5
87.7,23.2,1.5
87.7,23.3,1.5
87.7,23.4,1.5
87.7,23.5,1.5
87.7,23.6,1.5
87.7,23.7,1.5
87.7,23.8,1.5
87.7,23.9,1.5
87.7,24.0,1.5
87.7,24.1,1.5
87.7,24.2,1.5
87.7,24.3,1.5
87.7,24.4,1.5
87.7,24.5,1.5
87.7,24.6,1.5
87.7,24.7,1.5
87.7,24.8,1.5
87.7,24.9,1.5
87.7,25.0,1.5
87.7,25.1,1.5
87.7,25.2,1.5
87.7,25.3,1.5
87.7,25.4,1.5
87.7,25.5,1.5
87.7,25.6,1.5
87.7,25.7,1.5
87.7,25.8,1.0
87.7,25.9,1.0
87.7,26.0,1.0
87.7,26.1,1.0
87.7,26.2,1.0
87.7,26.3,1.0
87.7,26.4,1.5
87.7,26.5,1.5
87.7,26.7,1.5
87.7,26.8,1.5
87.7,26.9,1.5
87.8,21.8,1.5
87.8,21.9,1.5
87.8,22.0,1.5
87.8,22.1,1.5
87.8,22.2,1.5
87.8,22.3,1.5
87.8,22.4,1.5
87.8,22.5,1.5
87.8,22.6,1.5
87.8,22.7,1.5
87.8,22.8,1.5
87.8,22.9,1.5
87.8,23.0,1.5
87.8,23.1,1.5
87.8,23.2,1.5
87.8,23.3,1.5
87.8,23.4,1.5
87.8,23.5,1.5
87.8,23.6,1.5
87.8,23.7,1.5
87.8,23.8,1.5
87.8,23.9,1.5
87.8,24.0,1.5
87.8,24.1,1.5
87.8,24.2,1.5
87.8,24.3,1.5
87.8,24.4,1.5
87.8,24.5,1.5
87.8,24.6,1.5
87.8,24.7,1.5
87.8,24.8,1.5
87.8,24.9,1.5
87.8,25.0,1.5
87.8,25.1,1.5
87.8,25.2,1.5
87.8,25.3,1.5
87.8,25.4,1.5
87.8,25.5,1.5
87.8,25.6,1.5
87.8,25.7,1.0
87.8,25.8,1.0
87.8,25.9,1.0
87.8,26.0,1.0
87.8,26.1,1.0
87.8,26.2,1.0
87.8,26.3,1.0
87.8,26.4,1.0
87.8,26.7,1.5
87.8,26.8,1.5
87.8,26.9,1.5
87.9,21.6,1.0
87.9,21.7,1.0
87.9,21.8,1.5
87.9,21.9,1.5
87.9,22.0,1.5
87.9,22.1,1.5
87.9,22.2,1.5
87.9,22.3,1.5
87.9,22.4,1.5
87.9,22.5,1.5
87.9,22.6,1.5
87.9,22.7,1.5
87.9,22.8,1.5
87.9,22.9,1.5
87.9,23.0,1.5
87.9,23.1,1.5
87.9,23.2,1.5
87.9,23.3,1.5
87.9,23.4,1.5
87.9,23.5,1.5
87.9,23.6,1.5
87.9,23.7,1.5
87.9,23.8,1.5
87.9,23.9,1.5
87.9,24.0,1.5
87.9,24.1,1.5
87.9,24.2,1.5
87.9,24.3,1.5
87.9,24.4,1.5
87.9,24.5,1.5
87.9,24.6,1.5
87.9,24.7,1.5
87.9,24.8,1.5
87.9,24.9,1.5
87.9,25.0,1.5
87.9,25.1,1.5
87.9,25.2,1.0
87.9,25.3,1.0
87.9,25.4,1.5
87.9,25.5,1.5
87.9,25.6,1.5
87.9,25.7,1.0
87.9,25.8,1.0
87.9,25.9,1.0
87.9,26.0,1.0
87.9,26.1,1.0
87.9,26.2,1.0
87.9,26.3,1.0
87.9,26.7,1.5
87.9,26.8,1.5
87.9,26.9,1.5
87.9,27.0,1.5
88.0,21.6,1.0
88.0,21.7,1.0
88.0,21.8,1.0
88.0,21.9,1.5
88.0,22.0,1.5
88.0,22.1,1.5
88.0,22.2,1.5
88.0,22.3,1.5
88.0,22.4,1.5
88.0,22.5,1.5
88.0,22.6,1.5
88.0,22.7,1.5
88.0,22.8,1.5
88.0,22.9,1.5
88.0,23.0,1.5
88.0,23.1,1.5
88.0,23.2,1.5
88.0,23.3,1.5
88.0,23.4,1.5
88.0,23.5,1.5
88.0,23.6,1.5
88.0,23.7,1.5
88.0,23.8,1.5
88.0,23.9,1.5
88.0,24.0,1.5
88.0,24.1,1.5
88.0,24.2,1.5
88.0,24.3,1.5
88.0,24.4,1.5
88.0,24.5,1.5
88.0,24.6,1.5
88.0,24.7,1.5
88.0,24.8,1.5
88.0,24.9,1.5
88.0,25.0,1.5
88.0,25.1,1.5
88.0,25.2,1.0
88.0,25.3,1.0
88.0,25.4,1.5
88.0,25.5,1.5
88.0,25.6,1.5
88.0,25.7,1.0
88.0,25.8,1.0
88.0,25.9,1.0
88.0,26.0,1.0
88.0,26.1,1.0
88.0,26.2,1.0
88.0,26.3,1.15
88.0,26.4,1.5
88.0,26.5,1.5
88.0,26.6,1.5
88.0,26.7,1.5
88.0,26.8,1.5
88.0,26.9,1.5
88.0,27.0,1.5
88.0,27.1,1.15
88.0,27.2,1.15
88.1,21.6,1.0
88.1,21.7,1.0
88.1,21.8,1.0
88.1,21.9,1.0
88.1,22.0,1.0
88.1,22.1,1.5
88.1,22.2,1.5
88.1,22.3,1.5
88.1,22.4,1.5
88.1,22.5,1.5
88.1,22.6,1.5
88.1,22.7,1.5
88.1,22.8,1.5
88.1,22.9,1.5
88.1,23.0,1.5
88.1,23.1,1.5
88.1,23.2,1.5
88.1,23.3,1.5
88.1,23.4,1.5
88.1,23.5,1.5
88.1,23.6,1.5
88.1,23.7,1.5
88.1,23.8,1.5
88.1,23.9,1.5
88.1,24.0,1.5
88.1,24.1,1.5
88.1,24.2,1.5
88.1,24.3,1.5
88.1,24.4,1.5
88.1,24.5,1.5
88.1,24.9,1.0
88.1,25.0,1.0
88.1,25.1,1.5
88.1,25.2,1.0
88.1,25.3,1.5
88.1,25.4,1.5
88.1,25.5,1.5
88.1,25.6,1.5
88.1,25.7,1.0
88.1,26.0,1.0
88.1,26.1,1.0
88.1,26.2,1.15
88.1,26.3,1.15
88.1,26.4,1.15
88.1,26.5,1.15
88.1,26.6,1.5
88.1,26.7,1.5
88.1,26.8,1.5
88.1,26.9,1.15
88.1,27.0,1.15
88.1,27.1,1.15
88.1,27.2,1.15
88.1,27.3,1.15
88.1,27.4,1.15
88.1,27.5,1.15
88.1,27.6,1.15
88.2,21.6,1.0
88.2,21.7,1.0
88.2,21.8,1.0
88.2,21.9,1.0
88.2,22.0,1.0
88.2,22.1,1.0
88.2,22.2,1.0
88.2,22.3,1.5
88.2,22.4,1.5
88.2,22.5,1.5
88.2,22.6,1.5
88.2,22.7,1.5
88.2,22.8,1.5
88.2,22.9,1.5
88.2,23.0,1.5
88.2,23.1,1.5
88.2,23.2,1.5
88.2,23.3,1.5
88.2,23.4,1.5
88.2,23.5,1.5
88.2,23.6,1.5
88.2,23.7,1.5
88.2,23.8,1.5
88.2,23.9,1.5
88.2,24.0,1.5
88.2,24.1,1.5
88.2,24.2,1.5
88.2,24.3,1.5
88.2,24.4,1.5
88.2,25.0,1.5
88.2,25.1,1.5
88.2,25.2,1.0
88.2,25.3,1.0
88.2,25.4,1.5
88.2,25.5,1.0
88.2,25.6,1.0
88.2,25.7,1.0
88.2,26.2,1.15
88.2,26.3,1.15
88.2,26.4,1.15
88.2,26.5,1.15
88.2,26.6,1.15
88.2,26.7,1.15
88.2,26.8,1.15
88.2,26.9,1.5
88.2,27.0,1.5
88.2,27.1,1.5
88.2,27.2,1.15
88.2,27.3,1.15
88.2,27.4,1.15
88.2,27.5,1.15
88.2,27.6,1.15
88.2,27.7,1.15
88.2,27.8,1.15
88.2,27.9,1.15
88.3,21.6,1.0
88.3,21.7,1.0
88.3,21.8,1.0
88.3,21.9,1.0
88.3,22.0,1.5
88.3,22.1,1.5
88.3,22.2,1.5
88.3,22.3,1.5
88.3,22.4,1.5
88.3,22.5,1.5
88.3,22.6,1.5
88.3,22.7,1.5
88.3,22.8,1.5
88.3,22.9,1.5
88.3,23.0,1.5
88.3,23.1,1.5
88.3,23.2,1.5
88.3,23.3,1.5
88.3,23.4,1.5
88.3,23.5,1.5
88.3,23.6,1.5
88.3,23.7,1.5
88.3,23.8,1.5
88.3,23.9,1.5
88.3,24.0,1.5
88.3,24.1,1.5
88.3,24.2,1.5
88.3,24.3,1.5
88.3,24.4,1.5
88.3,24.9,1.0
88.3,25.0,1.0
88.3,25.1,1.0
88.3,25.2,1.0
88.3,25.3,1.0
88.3,25.4,1.0
88.3,25.5,1.0
88.3,25.6,1.0
88.3,26.2,1.15
88.3,26.3,1.15
88.3,26.4,1.15
88.3,26.5,1.15
88.3,26.6,1.5
88.3,26.7,1.5
88.3,26.8,1.5
88.3,26.9,1.5
88.3,27.0,1.5
88.3,27.1,1.5
88.3,27.2,1.15
88.3,27.3,1.15
88.3,27.4,1.15
88.3,27.5,1.15
88.3,27.6,1.15
88.3,27.7,1.15
88.3,27.8,1.15
88.3,27.9,1.15
88.4,21.6,1.0
88.4,21.7,1.0
88.4,21.8,1.0
88.4,21.9,1.0
88.4,22.0,1.5
88.4,22.1,1.5
88.4,22.2,1.5
88.4,22.3,1.5
88.4,22.4,1.5
88.4,22.5,1.5
88.4,22.6,1.5
88.4,22.7,1.5
88.4,22.8,1.5
88.4,22.9,1.5
88.4,23.0,1.5
88.4,23.1,1.5
88.4,23.2,1.5
88.4,23.3,1.5
88.4,23.4,1.5
88.4,23.5,1.5
88.4,23.6,1.5
88.4,23.7,1.5
88.4,23.8,1.5
88.4,23.9,1.5
88.4,24.0,1.5
88.4,24.1,1.5
88.4,24.2,1.5
88.4,24.3,1.5
88.4,24.4,1.5
88.4,25.1,1.0
88.4,25.2,1.0
88.4,25.3,1.0
88.4,25.4,1.0
88.4,25.5,1.0
88.4,25.6,1.0
88.4,26.4,1.5
88.4,26.5,1.5
88.4,26.6,1.5
88.4,26.7,1.5
88.4,26.8,1.5
88.4,26.9,1.5
88.4,27.0,1.15
88.4,27.1,1.15
88.4,27.2,1.15
88.4,27.3,1.15
88.4,27.4,1.15
88.4,27.5,1.15
88.4,27.6,1.15
88.4,27.7,1.15
88.4,27.8,1.15
88.4,27.9,1.15
88.5,21.6,1.0
88.5,21.7,1.0
88.5,21.8,1.0
88.5,21.9,1.0
88.5,22.0,1.5
88.5,22.1,1.5
88.5,22.2,1.5
88.5,22.3,1.5
88.5,22.4,1.5
88.5,22.5,1.5
88.5,22.6,1.5
88.5,22.7,1.5
88.5,22.8,1.5
88.5,22.9,1.5
88.5,23.0,1.5
88.5,23.1,1.5
88.5,23.2,1.5
88.5,23.3,1.5
88.5,23.4,1.5
88.5,23.5,1.5
88.5,23.6,1.5
88.5,23.7,1.5
88.5,23.8,1.0
88.5,23.9,1.0
88.5,24.0,1.0
88.5,24.1,1.5
88.5,24.2,1.5
88.5,24.3,1.5
88.5,24.4,1.5
88.5,25.2,1.0
88.5,25.3,1.0
88.5,25.4,1.0
88.5,26.3,1.5
88.5,26.4,1.5
88.5,26.5,1.5
88.5,26.6,1.5
88.5,26.7,1.5
88.5,26.8,1.5
88.5,26.9,1.5
88.5,27.0,1.5
88.5,27.1,1.15
88.5,27.2,1.15
88.5,27.3,1.15
88.5,27.4,1.15
88.5,27.5,1.15
88.5,27.6,1.15
88.5,27.7,1.15
88.5,27.8,1.15
88.5,27.9,1.15
88.5,28.0,1.15
88.6,21.6,1.0
88.6,21.7,1.0
88.6,21.8,1.0
88.6,21.9,1.0
88.6,22.0,1.0
88.6,22.1,1.5
88.6,22.2,1.5
88.6,22.3,1.5
88.6,22.4,1.5
88.6,22.5,1.5
88.6,22.6,1.5
88.6,22.7,1.5
88.6,22.8,1.5
88.6,22.9,1.5
88.6,23.0,1.5
88.6,23.1,1.5
88.6,23.2,1.5
88.6,23.3,1.5
88.6,23.4,1.5
88.6,23.5,1.5
88.6,23.6,1.5
88.6,23.9,1.0
88.6,24.0,1.0
88.6,24.1,1.5
88.6,24.2,1.5
88.6,24.3,1.5
88.6,24.4,1.5
88.6,25.2,1.0
88.6,25.3,1.0
88.6,25.4,1.0
88.6,26.2,1.5
88.6,26.3,1.5
88.6,26.4,1.5
88.6,26.5,1.5
88.6,26.6,1.5
88.6,26.7,1.5
88.6,26.8,1.5
88.6,26.9,1.5
88.6,27.0,1.5
88.6,27.1,1.15
88.6,27.2,1.15
88.6,27.3,1.15
88.6,27.4,1.15
88.6,27.5,1.15
88.6,27.6,1.15
88.6,27.7,1.15
88.6,27.8,1.15
88.6,27.9,1.15
88.6,28.0,1.15
88.7,21.6,1.0
88.7,21.7,1.0
88.7,21.8,1.0
88.7,21.9,1.0
88.7,22.0,1.0
88.7,22.1,1.0
88.7,22.2,1.5
88.7,22.3,1.5
88.7,22.4,1.5
88.7,22.5,1.5
88.7,22.6,1.5
88.7,22.7,1.5
88.7,22.8,1.5
88.7,22.9,1.5
88.7,23.0,1.5
88.7,23.1,1.5
88.7,23.2,1.5
88.7,23.3,1.5
88.7,23.4,1.5
88.7,23.5,1.5
88.7,24.1,1.5
88.7,24.2,1.5
88.7,25.3,1.0
88.7,25.4,1.0
88.7,26.2,1.5
88.7,26.3,1.5
88.7,26.4,1.5
88.7,26.5,1.5
88.7,26.6,1.5
88.7,26.7,1.5
88.7,26.8,1.5
88.7,26.9,1.5
88.7,27.0,1.5
88.7,27.1,1.15
88.7,27.2,1.15
88.7,27.3,1.15
88.7,27.4,1.15
88.7,27.5,1.15
88.7,27.6,1.15
88.7,27.7,1.15
88.7,27.8,1.15
88.7,27.9,1.15
88.7,28.0,1.15
88.8,21.6,1.0
88.8,21.7,1.0
88.8,21.8,1.0
88.8,21.9,1.0
88.8,22.0,1.0
88.8,22.1,1.0
88.8,22.2,1.5
88.8,22.3,1.5
88.8,22.4,1.5
88.8,22.5,1.5
88.8,22.6,1.5
88.8,22.7,1.5
88.8,22.8,1.5
88.8,22.9,1.5
88.8,23.0,1.5
88.8,23.1,1.5
88.8,23.2,1.5
88.8,23.3,1.5
88.8,25.2,1.0
88.8,25.3,1.0
88.8,26.2,1.5
88.8,26.3,1.5
88.8,26.4,1.5
88.8,26.5,1.5
88.8,26.6,1.5
88.8,26.7,1.5
88.8,26.8,1.5
88.8,26.9,1.5
88.8,27.0,1.5
88.8,27.3,1.15
88.8,27.6,1.15
88.8,27.7,1.15
88.8,27.8,1.15
88.8,27.9,1.15
88.9,21.6,1.0
88.9,21.7,1.0
88.9,21.8,1.0
88.9,21.9,1.0
88.9,22.0,1.0
88.9,22.1,1.5
88.9,22.2,1.5
88.9,22.3,1.5
88.9,22.4,1.5
88.9,22.5,1.5
88.9,22.6,1.5
88.9,23.0,1.5
88.9,23.2,1.0
88.9,23.3,1.5
88.9,25.2,1.0
88.9,25.3,1.0
88.9,26.3,1.15
88.9,26.4,1.15
88.9,26.5,1.5
88.9,26.6,1.5
88.9,26.7,1.5
88.9,26.8,1.5
88.9,26.9,1.5
89.0,21.6,1.0
89.0,21.7,1.0
89.0,22.0,1.0
89.0,22.1,1.0
89.0,22.2,1.5
89.0,22.3,1.5
89.0,22.4,1.5
89.0,22.5,1.5
89.0,26.4,1.5
89.0,26.5,1.5
89.0,26.6,1.5
89.0,26.7,1.5
89.0,26.8,1.5
89.0,26.9,1.5
89.1,26.1,1.5
89.1,26.2,1.5
89.1,26.3,1.5
89.1,26.4,1.5
89.1,26.5,1.5
89.1,26.6,1.5
89.1,26.7,1.5
89.1,26.8,1.5
89.1,26.9,1.5
89.2,26.1,1.5
89.2,26.2,1.5
89.2,26.3,1.5
89.2,26.4,1.5
89.2,26.5,1.5
89.2,26.6,1.5
89.2,26.7,1.5
89.2,26.8,1.5
89.3,26.0,1.15
89.3,26.1,1.5
89.3,26.2,1.5
89.3,26.3,1.5
89.3,26.4,1.5
89.3,26.5,1.5
89.3,26.6,1.5
89.3,26.7,1.5
89.3,26.8,1.5
89.4,26.0,1.15
89.4,26.1,1.15
89.4,26.2,1.5
89.4,26.3,1.5
89.4,26.4,1.5
89.4,26.5,1.5
89.4,26.6,1.5
89.4,26.7,1.5
89.4,26.8,1.5
89.5,26.0,1.15
89.5,26.1,1.15
89.5,26.2,1.5
89.5,26.3,1.5
89.5,26.4,1.5
89.5,26.5,1.5
89.5,26.6,1.5
89.5,26.7,1.5
89.5,26.8,1.5
89.6,26.2,1.15
89.6,26.3,1.5
89.6,26.4,1.5
89.6,26.5,1.5
89.6,26.6,1.5
89.6,26.7,1.5
89.6,26.8,1.5
89.7,26.1,1.15
89.7,26.2,1.5
89.7,26.3,1.5
89.7,26.4,1.5
89.7,26.5,1.5
89.7,26.6,1.5
89.7,26.7,1.5
89.7,26.8,1.5
89.8,25.3,1.15
89.8,25.4,1.15
89.8,25.5,1.15
89.8,25.6,1.15
89.8,25.7,1.15
89.8,25.8,1.15
89.8,25.9,1.15
89.8,26.0,1.15
89.8,26.1,1.15
89.8,26.2,1.5
89.8,26.3,1.5
89.8,26.4,1.5
89.8,26.5,1.5
89.8,26.6,1.5
89.8,26.7,1.5
89.8,26.8,1.5
89.9,25.3,1.15
89.9,25.4,1.15
89.9,25.5,1.15
89.9,25.6,1.15
89.9,25.7,1.15
89.9,25.8,1.15
89.9,25.9,1.15
89.9,26.0,1.15
89.9,26.1,1.15
89.9,26.2,1.5
89.9,26.3,1.5
89.9,26.4,1.5
89.9,26.5,1.5
89.9,26.6,1.5
89.9,26.7,1.5
89.9,26.8,1.5
90.0,25.3,1.15
90.0,25.4,1.15
90.0,25.5,1.15
90.0,25.6,1.15
90.0,25.7,1.15
90.0,25.8,1.15
90.0,25.9,1.15
90.0,26.0,1.5
90.0,26.1,1.5
90.0,26.2,1.5
90.0,26.3,1.5
90.0,26.4,1.5
90.0,26.5,1.5
90.0,26.6,1.5
90.0,26.7,1.5
90.0,26.8,1.5
90.1,25.2,1.15
90.1,25.3,1.15
90.1,25.4,1.15
90.1,25.5,1.15
90.1,25.6,1.15
90.1,25.7,1.15
90.1,25.8,1.0
90.1,25.9,1.5
90.1,26.0,1.5
90.1,26.1,1.5
90.1,26.2,1.5
90.1,26.3,1.5
90.1,26.4,1.5
90.1,26.5,1.5
90.1,26.6,1.5
90.1,26.7,1.5
90.1,26.8,1.5
90.2,25.2,1.15
90.2,25.3,1.15
90.2,25.4,1.15
90.2,25.5,1.15
90.2,25.6,1.15
90.2,25.7,1.0
90.2,25.8,1.0
90.2,25.9,1.5
90.2,26.0,1.5
90.2,26.1,1.5
90.2,26.2,1.5
90.2,26.3,1.5
90.2,26.4,1.5
90.2,26.5,1.5
90.2,26.6,1.5
90.2,26.7,1.5
90.2,26.8,1.5
90.3,25.2,1.15
90.3,25.3,1.15
90.3,25.4,1.15
90.3,25.5,1.15
90.3,25.6,1.0
90.3,25.7,1.0
90.3,25.8,1.0
90.3,25.9,1.0
90.3,26.0,1.5
90.3,26.1,1.5
90.3,26.2,1.5
90.3,26.3,1.5
90.3,26.4,1.5
90.3,26.5,1.5
90.3,26.6,1.5
90.3,26.7,1.5
90.3,26.8,1.5
90.3,26.9,1.5
90.4,25.2,1.15
90.4,25.3,1.15
90.4,25.4,1.15
90.4,25.5,1.15
90.4,25.6,1.0
90.4,25.7,1.0
90.4,25.8,1.0
90.4,25.9,1.0
90.4,26.0,1.5
90.4,26.1,1.5
90.4,26.2,1.5
90.4,26.3,1.5
90.4,26.4,1.5
90.4,26.5,1.5
90.4,26.6,1.5
90.4,26.7,1.5
90.4,26.8,1.5
90.4,26.9,1.5
90.5,25.2,1.15
90.5,25.3,1.15
90.5,25.4,1.15
90.5,25.5,1.15
90.5,25.6,1.0
90.5,25.7,1.0
90.5,25.8,1.0
90.5,25.9,1.0
90.5,26.0,1.0
90.5,26.1,1.5
90.5,26.2,1.5
90.5,26.3,1.5
90.5,26.4,1.5
90.5,26.5,1.5
90.5,26.6,1.5
90.5,26.7,1.5
90.5,26.8,1.5
90.5,26.9,1.5
90.6,25.2,1.15
90.6,25.3,1.15
90.6,25.4,1.15
90.6,25.5,1.15
90.6,25.6,1.0
90.6,25.7,1.0
90.6,25.8,1.0
90.6,25.9,1.0
90.6,26.0,1.0
90.6,26.1,1.5
90.6,26.2,1.5
90.6,26.3,1.5
90.6,26.4,1.5
90.6,26.5,1.5
90.6,26.6,1.5
90.6,26.7,1.5
90.6,26.8,1.5
90.6,26.9,1.5
90.7,25.2,1.15
90.7,25.3,1.15
90.7,25.4,1.15
90.7,25.5,1.0
90.7,25.6,1.0
90.7,25.7,1.0
90.7,25.8,1.0
90.7,25.9,1.0
90.7,26.0,1.0
90.7,26.1,1.5
90.7,26.2,1.5
90.7,26.3,1.5
90.7,26.4,1.5
90.7,26.5,1.5
90.7,26.6,1.5
90.7,26.7,1.5
90.7,26.8,1.5
90.7,26.9,1.5
90.8,25.2,1.15
90.8,25.3,1.15
90.8,25.4,1.15
90.8,25.5,1.0
90.8,25.6,1.0
90.8,25.7,1.0
90.8,25.8,1.0
90.8,25.9,1.0
90.8,26.0,1.0
90.8,26.1,1.5
90.8,26.2,1.5
90.8,26.3,1.5
90.8,26.4,1.5
90.8,26.5,1.5
90.8,26.6,1.5
90.8,26.7,1.5
90.8,26.8,1.5
90.8,26.9,1.5
90.9,25.2,1.15
90.9,25.3,1.15
90.9,25.4,1.15
90.9,25.5,1.0
90.9,25.6,1.0
90.9,25.7,1.0
90.9,25.8,1.0
90.9,25.9,1.0
90.9,26.0,1.0
90.9,26.1,1.5
90.9,26.2,1.5
90.9,26.3,1.5
90.9,26.4,1.5
90.9,26.5,1.5
90.9,26.6,1.5
90.9,26.7,1.5
90.9,26.8,1.5
90.9,26.9,1.5
91.0,25.2,1.15
91.0,25.3,1.15
91.0,25.4,1.15
91.0,25.5,1.15
91.0,25.6,1.0
91.0,25.7,1.0
91.0,25.8,1.0
91.0,25.9,1.0
91.0,26.0,1.0
91.0,26.1,1.5
91.0,26.2,1.5
91.0,26.3,1.5
91.0,26.4,1.5
91.0,26.5,1.5
91.0,26.6,1.5
91.0,26.7,1.5
91.0,26.8,1.5
91.0,26.9,1.5
91.1,23.6,1.15
91.1,23.7,1.15
91.1,23.8,1.15
91.1,25.2,1.15
91.1,25.3,1.15
91.1,25.4,1.15
91.1,25.5,1.0
91.1,25.6,1.0
91.1,25.7,1.0
91.1,25.8,1.0
91.1,25.9,1.0
91.1,26.0,1.5
91.1,26.1,1.5
91.1,26.2,1.5
91.1,26.3,1.5
91.1,26.4,1.5
91.1,26.5,1.5
91.1,26.6,1.5
91.1,26.7,1.5
91.1,26.8,1.5
91.1,26.9,1.5
91.2,23.4,1.15
91.2,23.5,1.15
91.2,23.6,1.15
91.2,23.7,1.15
91.2,23.8,1.15
91.2,23.9,1.15
91.2,25.2,1.15
91.2,25.3,1.15
91.2,25.4,1.15
91.2,25.5,1.0
91.2,25.6,1.0
91.2,25.7,1.0
91.2,25.8,1.0
91.2,25.9,1.0
91.2,26.0,1.5
91.2,26.1,1.5
91.2,26.2,1.5
91.2,26.3,1.5
91.2,26.4,1.5
91.2,26.5,1.5
91.2,26.6,1.5
91.2,26.7,1.5
91.2,26.8,1.5
91.2,26.9,1.5
91.3,23.1,1.15
91.3,23.2,1.15
91.3,23.3,1.15
91.3,23.4,1.15
91.3,23.5,1.15
91.3,23.6,1.15
91.3,23.7,1.15
91.3,23.8,1.15
91.3,23.9,1.15
91.3,24.0,1.15
91.3,25.2,1.15
91.3,25.3,1.15
91.3,25.4,1.0
91.3,25.5,1.0
91.3,25.6,1.0
91.3,25.7,1.0
91.3,25.8,1.0
91.3,25.9,1.0
91.3,26.0,1.5
91.3,26.1,1.5
91.3,26.2,1.5
91.3,26.3,1.5
91.3,26.4,1.5
91.3,26.5,1.5
91.3,26.6,1.5
91.3,26.7,1.5
91.3,26.8,1.5
91.3,26.9,1.5
91.4,23.2,1.15
91.4,23.3,1.15
91.4,23.4,1.15
91.4,23.5,1.15
91.4,23.6,1.15
91.4,23.7,1.15
91.4,23.8,1.15
91.4,23.9,1.15
91.4,24.0,1.15
91.4,25.2,1.15
91.4,25.3,1.15
91.4,25.4,1.0
91.4,25.5,1.0
91.4,25.6,1.0
91.4,25.7,1.0
91.4,25.8,1.0
91.4,25.9,1.0
91.4,26.0,1.5
91.4,26.1,1.5
91.4,26.2,1.5
91.4,26.3,1.5
91.4,26.4,1.5
91.4,26.5,1.5
91.4,26.6,1.5
91.4,26.7,1.5
91.4,26.8,1.5
91.4,26.9,1.5
91.5,23.0,1.15
91.5,23.1,1.15
91.5,23.2,1.15
91.5,23.3,1.15
91.5,23.4,1.15
91.5,23.5,1.15
91.5,23.6,1.15
91.5,23.7,1.15
91.5,23.8,1.15
91.5,23.9,1.15
91.5,24.0,1.15
91.5,25.2,1.15
91.5,25.3,1.15
91.5,25.4,1.0
91.5,25.5,1.0
91.5,25.6,1.0
91.5,25.7,1.0
91.5,25.8,1.0
91.5,25.9,1.0
91.5,26.0,1.5
91.5,26.1,1.5
91.5,26.2,1.5
91.5,26.3,1.5
91.5,26.4,1.5
91.5,26.5,1.5
91.5,26.6,1.5
91.5,26.7,1.5
91.5,26.8,1.5
91.5,26.9,1.5
91.6,23.0,1.15
91.6,23.1,1.15
91.6,23.2,1.15
91.6,23.3,1.15
91.6,23.4,1.15
91.6,23.5,1.15
91.6,23.6,1.15
91.6,23.7,1.15
91.6,23.8,1.15
91.6,23.9,1.15
91.6,24.0,1.15
91.6,24.1,1.15
91.6,25.2,1.15
91.6,25.3,1.0
91.6,25.4,1.0
91.6,25.5,1.0
91.6,25.6,1.0
91.6,25.7,1.0
91.6,25.8,1.0
91.6,25.9,1.0
91.6,26.0,1.0
91.6,26.1,1.5
91.6,26.2,1.5
91.6,26.3,1.5
91.6,26.4,1.5
91.6,26.5,1.5
91.6,26.6,1.5
91.6,26.7,1.5
91.6,26.8,1.5
91.6,26.9,1.5
91.6,27.5,1.15
91.6,27.6,1.15
91.6,27.7,1.15
91.6,27.8,1.15
91.7,23.1,1.15
91.7,23.4,1.15
91.7,23.5,1.15
91.7,23.6,1.15
91.7,23.7,1.15
91.7,23.8,1.15
91.7,23.9,1.15
91.7,24.0,1.15
91.7,24.1,1.15
91.7,24.2,1.15
91.7,25.2,1.15
91.7,25.3,1.0
91.7,25.4,1.0
91.7,25.5,1.0
91.7,25.6,1.0
91.7,25.7,1.0
91.7,25.8,1.0
91.7,25.9,1.0
91.7,26.0,1.0
91.7,26.1,1.5
91.7,26.2,1.5
91.7,26.3,1.5
91.7,26.4,1.5
91.7,26.5,1.5
91.7,26.6,1.5
91.7,26.7,1.5
91.7,26.8,1.5
91.7,26.9,1.5
91.7,27.0,1.5
91.7,27.5,1.15
91.7,27.6,1.15
91.7,27.7,1.15
91.8,23.5,1.15
91.8,23.6,1.15
91.8,23.7,1.15
91.8,23.8,1.15
91.8,23.9,1.15
91.8,24.0,1.15
91.8,24.1,1.15
91.8,24.2,1.15
91.8,24.3,1.15
91.8,25.2,1.15
91.8,25.3,1.0
91.8,25.4,1.0
91.8,25.5,1.0
91.8,25.6,1.0
91.8,25.7,1.0
91.8,25.8,1.0
91.8,25.9,1.0
91.8,26.0,1.0
91.8,26.1,1.0
91.8,26.2,1.5
91.8,26.3,1.5
91.8,26.4,1.5
91.8,26.5,1.5
91.8,26.6,1.5
91.8,26.7,1.5
91.8,26.8,1.5
91.8,26.9,1.5
91.8,27.0,1.5
91.8,27.5,1.15
91.8,27.6,1.15
91.8,27.7,1.15
91.9,10.6,1.0
91.9,10.7,1.0
91.9,10.8,1.0
91.9,10.9,1.0
91.9,11.0,1.0
91.9,11.1,1.0
91.9,11.2,1.0
91.9,11.3,1.0
91.9,11.4,1.0
91.9,11.5,1.0
91.9,11.6,1.0
91.9,11.7,1.0
91.9,11.8,1.0
91.9,23.7,1.15
91.9,23.8,1.15
91.9,23.9,1.15
91.9,24.0,1.15
91.9,24.1,1.15
91.9,24.2,1.15
91.9,24.3,1.15
91.9,25.2,1.15
91.9,25.3,1.0
91.9,25.4,1.0
91.9,25.5,1.0
91.9,25.6,1.0
91.9,25.7,1.0
91.9,25.8,1.0
91.9,25.9,1.0
91.9,26.0,1.0
91.9,26.1,1.0
91.9,26.2,1.5
91.9,26.3,1.5
91.9,26.4,1.5
91.9,26.5,1.5
91.9,26.6,1.5
91.9,26.7,1.5
91.9,26.8,1.5
91.9,26.9,1.5
91.9,27.0,1.5
91.9,27.1,1.15
91.9,27.5,1.15
91.9,27.6,1.15
91.9,27.7,1.15
92.0,9.9,1.0
92.0,10.0,1.0
92.0,10.1,1.0
92.0,10.2,1.0
92.0,10.3,1.0
92.0,10.4,1.0
92.0,10.5,1.0
92.0,10.6,1.0
92.0,10.7,1.0
92.0,10.8,1.0
92.0,10.9,1.0
92.0,11.0,1.0
92.0,11.1,1.0
92.0,11.2,1.0
92.0,11.3,1.0
92.0,11.4,1.0
92.0,11.5,1.0
92.0,11.6,1.0
92.0,11.7,1.0
92.0,11.8,1.0
92.0,11.9,1.0
92.0,12.0,1.0
92.0,12.1,1.0
92.0,12.2,1.0
92.0,12.3,1.0
92.0,23.7,1.15
92.0,23.8,1.15
92.0,23.9,1.15
92.0,24.0,1.15
92.0,24.1,1.15
92.0,24.2,1.15
92.0,24.3,1.15
92.0,25.2,1.15
92.0,25.3,1.0
92.0,25.4,1.0
92.0,25.5,1.0
92.0,25.6,1.0
92.0,25.7,1.0
92.0,25.8,1.0
92.0,25.9,1.0
92.0,26.0,1.0
92.0,26.1,1.0
92.0,26.2,1.0
92.0,26.3,1.5
92.0,26.4,1.5
92.0,26.5,1.5
92.0,26.6,1.5
92.0,26.7,1.5
92.0,26.8,1.5
92.0,26.9,1.5
92.0,27.0,1.5
92.0,27.1,1.15
92.0,27.2,1.15
92.0,27.3,1.15
92.0,27.4,1.15
92.0,27.5,1.15
92.0,27.6,1.15
92.0,27.7,1.15
92.1,9.5,1.0
92.1,9.6,1.0
92.1,9.7,1.0
92.1,9.8,1.0
92.1,9.9,1.0
92.1,10.0,1.0
92.1,10.1,1.0
92.1,10.2,1.0
92.1,10.3,1.0
92.1,10.4,1.0
92.1,10.5,1.0
92.1,10.6,1.0
92.1,10.7,1.0
92.1,10.8,1.0
92.1,10.9,1.0
92.1,11.0,1.0
92.1,11.1,1.0
92.1,11.2,1.0
92.1,11.3,1.0
92.1,11.4,1.0
92.1,11.5,1.0
92.1,11.6,1.0
92.1,11.7,1.0
92.1,11.8,1.0
92.1,11.9,1.0
92.1,12.0,1.0
92.1,12.1,1.0
92.1,12.2,1.0
92.1,12.3,1.0
92.1,12.4,1.0
92.1,12.5,1.0
92.1,23.7,1.15
92.1,23.8,1.15
92.1,23.9,1.15
92.1,24.0,1.15
92.1,24.1,1.15
92.1,24.2,1.15
92.1,24.3,1.15
92.1,24.4,1.15
92.1,24.5,1.15
92.1,25.1,1.15
92.1,25.2,1.15
92.1,25.3,1.0
92.1,25.4,1.0
92.1,25.5,1.0
92.1,25.6,1.15
92.1,25.7,1.15
92.1,25.8,1.0
92.1,25.9,1.0
92.1,26.0,1.0
92.1,26.1,1.15
92.1,26.2,1.0
92.1,26.3,1.0
92.1,26.4,1.0
92.1,26.5,1.0
92.1,26.6,1.5
92.1,26.7,1.5
92.1,26.8,1.5
92.1,26.9,1.5
92.1,27.0,1.5
92.1,27.1,1.15
92.1,27.2,1.15
92.1,27.3,1.15
92.1,27.4,1.15
92.1,27.5,1.15
92.1,27.6,1.15
92.1,27.7,1.15
92.1,27.8,1.15
92.2,9.1,1.0
92.2,9.2,1.0
92.2,9.3,1.0
92.2,9.4,1.0
92.2,9.5,1.0
92.2,9.6,1.0
92.2,9.7,1.0
92.2,9.8,1.0
92.2,9.9,1.0
92.2,10.0,1.0
92.2,10.1,1.0
92.2,10.2,1.0
92.2,10.3,1.0
92.2,10.4,1.0
92.2,10.5,1.0
92.2,10.6,1.0
92.2,10.7,1.0
92.2,10.8,1.0
92.2,10.9,1.0
92.2,11.0,1.0
92.2,11.1,1.0
92.2,11.2,1.0
92.2,11.3,1.0
92.2,11.4,1.0
92.2,11.5,1.0
92.2,11.6,1.0
92.2,11.7,1.0
92.2,11.8,1.0
92.2,11.9,1.0
92.2,12.0,1.0
92.2,12.1,1.0
92.2,12.2,1.0
92.2,12.3,1.0
92.2,12.4,1.0
92.2,12.5,1.0
92.2,12.6,1.0
92.2,12.7,1.0
92.2,23.7,1.15
92.2,23.8,1.15
92.2,23.9,1.15
92.2,24.0,1.15
92.2,24.1,1.15
92.2,24.2,1.15
92.2,24.3,1.15
92.2,24.4,1.15
92.2,24.5,1.15
92.2,24.6,1.15
92.2,24.7,1.15
92.2,24.8,1.15
92.2,25.1,1.15
92.2,25.2,1.15
92.2,25.3,1.15
92.2,25.4,1.15
92.2,25.5,1.15
92.2,25.6,1.15
92.2,25.7,1.15
92.2,25.8,1.15
92.2,25.9,1.0
92.2,26.0,1.15
92.2,26.1,1.15
92.2,26.2,1.0
92.2,26.3,1.0
92.2,26.4,1.0
92.2,26.5,1.0
92.2,26.6,1.5
92.2,26.7,1.5
92.2,26.8,1.5
92.2,26.9,1.5
92.2,27.0,1.5
92.2,27.1,1.15
92.2,27.2,1.15
92.2,27.3,1.15
92.2,27.4,1.15
92.2,27.5,1.15
92.2,27.6,1.15
92.2,27.7,1.15
92.2,27.8,1.15
92.3,8.8,1.0
92.3,8.9,1.0
92.3,9.0,1.0
92.3,9.1,1.0
92.3,9.2,1.0
92.3,9.3,1.0
92.3,9.4,1.0
92.3,9.5,1.0
92.3,9.6,1.0
92.3,9.7,1.0
92.3,9.8,1.0
92.3,9.9,1.0
92.3,10.0,1.0
92.3,10.1,1.0
92.3,10.2,1.0
92.3,10.3,1.0
92.3,10.4,1.0
92.3,10.5,1.0
92.3,10.6,1.0
92.3,10.7,1.0
92.3,10.8,1.0
92.3,10.9,1.0
92.3,11.0,1.0
92.3,11.1,1.0
92.3,11.2,1.0
92.3,11.3,1.0
92.3,11.4,1.0
92.3,11.5,1.0
92.3,11.6,1.0
92.3,11.7,1.0
92.3,11.8,1.0
92.3,11.9,1.0
92.3,12.0,1.0
92.3,12.1,1.0
92.3,12.2,1.0
92.3,12.3,1.0
92.3,12.4,1.0
92.3,12.5,1.0
92.3,12.6,1.0
92.3,12.7,1.0
92.3,12.8,1.0
92.3,12.9,1.0
92.3,23.0,1.15
92.3,23.1,1.15
92.3,23.2,1.15
92.3,23.3,1.15
92.3,23.4,1.15
92.3,23.5,1.15
92.3,23.6,1.15
92.3,23.7,1.15
92.3,23.8,1.15
92.3,23.9,1.15
92.3,24.0,1.15
92.3,24.1,1.15
92.3,24.2,1.15
92.3,24.3,1.15
92.3,24.4,1.15
92.3,24.5,1.15
92.3,24.6,1.15
92.3,24.7,1.15
92.3,24.8,1.15
92.3,25.1,1.15
92.3,25.2,1.15
92.3,25.3,1.15
92.3,25.4,1.15
92.3,25.5,1.15
92.3,25.6,1.15
92.3,25.7,1.15
92.3,25.8,1.15
92.3,25.9,1.15
92.3,26.0,1.15
92.3,26.1,1.15
92.3,26.2,1.0
92.3,26.3,1.0
92.3,26.4,1.0
92.3,26.5,1.5
92.3,26.6,1.5
92.3,26.7,1.5
92.3,26.8,1.5
92.3,26.9,1.5
92.3,27.0,1.5
92.3,27.1,1.15
92.3,27.2,1.15
92.3,27.3,1.15
92.3,27.4,1.15
92.3,27.5,1.15
92.3,27.6,1.15
92.3,27.7,1.15
92.4,8.5,1.0
92.4,8.6,1.0
92.4,8.7,1.0
92.4,8.8,1.0
92.4,8.9,1.0
92.4,9.0,1.0
92.4,9.1,1.0
92.4,9.2,1.0
92.4,9.3,1.0
92.4,9.4,1.0
92.4,9.5,1.0
92.4,9.6,1.0
92.4,9.7,1.0
92.4,9.8,1.0
92.4,9.9,1.0
92.4,10.0,1.0
92.4,10.1,1.0
92.4,10.2,1.0
92.4,10.3,1.0
92.4,10.4,1.0
92.4,10.5,1.0
92.4,10.6,1.0
92.4,10.7,1.0
92.4,10.8,1.0
92.4,10.9,1.0
92.4,11.0,1.0
92.4,11.1,1.0
92.4,11.2,1.0
92.4,11.3,1.0
92.4,11.4,1.0
92.4,11.5,1.0
92.4,11.6,1.0
92.4,11.7,1.0
92.4,11.8,1.0
92.4,11.9,1.0
92.4,12.0,1.0
92.4,12.1,1.0
92.4,12.2,1.0
92.4,12.3,1.0
92.4,12.4,1.0
92.4,12.5,1.0
92.4,12.6,1.0
92.4,12.7,1.0
92.4,12.8,1.0
92.4,12.9,1.0
92.4,13.0,1.0
92.4,13.1,1.0
92.4,22.8,1.15
92.4,22.9,1.15
92.4,23.0,1.15
92.4,23.1,1.15
92.4,23.2,1.15
92.4,23.3,1.15
92.4,23.4,1.15
92.4,23.5,1.15
92.4,23.6,1.15
92.4,23.7,1.15
92.4,23.8,1.15
92.4,23.9,1.15
92.4,24.0,1.15
92.4,24.1,1.15
92.4,24.2,1.15
92.4,24.3,1.15
92.4,24.4,1.15
92.4,24.5,1.15
92.4,24.6,1.15
92.4,24.7,1.15
92.4,24.8,1.15
92.4,24.9,1.15
92.4,25.0,1.15
92.4,25.1,1.15
92.4,25.2,1.15
92.4,25.3,1.15
92.4,25.4,1.15
92.4,25.5,1.15
92.4,25.6,1.15
92.4,25.7,1.15
92.4,25.8,1.15
92.4,25.9,1.15
92.4,26.0,1.15
92.4,26.1,1.15
92.4,26.2,1.15
92.4,26.3,1.5
92.4,26.4,1.5
92.4,26.5,1.5
92.4,26.6,1.5
92.4,26.7,1.5
92.4,26.8,1.5
92.4,26.9,1.5
92.4,27.0,1.15
92.4,27.1,1.15
92.4,27.2,1.15
92.4,27.3,1.15
92.4,27.4,1.15
92.4,27.5,1.15
92.4,27.6,1.15
92.4,27.7,1.15
92.5,8.2,1.0
92.5,8.3,1.0
92.5,8.4,1.0
92.5,8.5,1.0
92.5,8.6,1.0
92.5,8.7,1.0
92.5,8.8,1.0
92.5,8.9,1.0
92.5,9.0,1.0
92.5,9.1,1.0
92.5,9.2,1.0
92.5,9.3,1.0
92.5,9.4,1.0
92.5,9.5,1.0
92.5,9.6,1.0
92.5,9.7,1.0
92.5,9.8,1.0
92.5,9.9,1.0
92.5,10.0,1.0
92.5,10.1,1.0
92.5,10.2,1.0
92.5,10.3,1.0
92.5,10.4,1.0
92.5,10.5,1.0
92.5,10.6,1.0
92.5,10.7,1.0
92.5,10.8,1.0
92.5,10.9,1.0
92.5,11.0,1.0
92.5,11.1,1.0
92.5,11.2,1.0
92.5,11.3,1.0
92.5,11.4,1.0
92.5,11.5,1.0
92.5,11.6,1.0
92.5,11.7,1.0
92.5,11.8,1.0
92.5,11.9,1.0
92.5,12.0,1.0
92.5,12.1,1.0
92.5,12.2,1.0
92.5,12.3,1.0
92.5,12.4,1.0
92.5,12.5,1.0
92.5,12.6,1.0
92.5,12.7,1.0
92.5,12.8,1.0
92.5,12.9,1.0
92.5,13.0,1.0
92.5,13.1,1.0
92.5,13.2,1.0
92.5,13.3,1.0
92.5,13.4,1.0
92.5,22.1,1.15
92.5,22.2,1.15
92.5,22.3,1.15
92.5,22.4,1.15
92.5,22.5,1.15
92.5,22.6,1.15
92.5,22.7,1.15
92.5,22.8,1.15
92.5,22.9,1.15
92.5,23.0,1.15
92.5,23.1,1.15
92.5,23.2,1.15
92.5,23.3,1.15
92.5,23.4,1.15
92.5,23.5,1.15
92.5,23.6,1.15
92.5,23.7,1.15
92.5,23.8,1.15
92.5,23.9,1.15
92.5,24.0,1.15
92.5,24.1,1.15
92.5,24.2,1.15
92.5,24.3,1.15
92.5,24.4,1.15
92.5,24.5,1.15
92.5,24.6,1.15
92.5,24.7,1.15
92.5,24.8,1.15
92.5,24.9,1.15
92.5,25.0,1.15
92.5,25.1,1.15
92.5,25.2,1.15
92.5,25.3,1.15
92.5,25.4,1.15
92.5,25.5,1.15
92.5,25.6,1.15
92.5,25.7,1.15
92.5,25.8,1.15
92.5,25.9,1.15
92.5,26.0,1.15
92.5,26.1,1.15
92.5,26.2,1.15
92.5,26.3,1.5
92.5,26.4,1.5
92.5,26.5,1.5
92.5,26.6,1.5
92.5,26.7,1.5
92.5,26.8,1.5
92.5,26.9,1.5
92.5,27.0,1.15
92.5,27.1,1.15
92.5,27.2,1.15
92.5,27.3,1.15
92.5,27.4,1.15
92.5,27.5,1.15
92.5,27.6,1.15
92.5,27.7,1.15
92.5,27.8,1.15
92.6,8.0,1.0
92.6,8.1,1.0
92.6,8.2,1.0
92.6,8.3,1.0
92.6,8.4,1.0
92.6,8.5,1.0
92.6,8.6,1.0
92.6,8.7,1.0
92.6,8.8,1.0
92.6,8.9,1.0
92.6,9.0,1.0
92.6,9.1,1.0
92.6,9.2,1.0
92.6,9.3,1.0
92.6,9.4,1.0
92.6,9.5,1.0
92.6,9.6,1.0
92.6,9.7,1.0
92.6,9.8,1.0
92.6,9.9,1.0
92.6,10.0,1.0
92.6,10.1,1.0
92.6,10.2,1.0
92.6,10.3,1.0
92.6,10.4,1.0
92.6,10.5,1.0
92.6,10.6,1.0
92.6,10.7,1.0
92.6,10.8,1.0
92.6,10.9,1.0
92.6,11.0,1.0
92.6,11.1,1.0
92.6,11.2,1.0
92.6,11.3,1.0
92.6,11.4,1.0
92.6,11.5,1.0
92.6,11.6,1.0
92.6,11.7,1.0
92.6,11.8,1.0
92.6,11.9,1.0
92.6,12.0,1.0
92.6,12.1,1.0
92.6,12.2,1.0
92.6,12.3,1.0
92.6,12.4,1.0
92.6,12.5,1.0
92.6,12.6,1.0
92.6,12.7,1.0
92.6,12.8,1.0
92.6,12.9,1.0
92.6,13.0,1.0
92.6,13.1,1.0
92.6,13.2,1.0
92.6,13.3,1.0
92.6,13.4,1.0
92.6,13.5,1.0
92.6,13.6,1.0
92.6,13.7,1.0
92.6,22.2,1.15
92.6,22.3,1.15
92.6,22.4,1.15
92.6,22.5,1.15
92.6,22.6,1.15
92.6,22.7,1.15
92.6,22.8,1.15
92.6,22.9,1.15
92.6,23.0,1.15
92.6,23.1,1.15
92.6,23.2,1.15
92.6,23.3,1.15
92.6,23.4,1.15
92.6,23.5,1.15
92.6,23.6,1.15
92.6,23.7,1.15
92.6,23.8,1.15
92.6,23.9,1.15
92.6,24.0,1.15
92.6,24.1,1.15
92.6,24.2,1.15
92.6,24.3,1.15
92.6,24.4,1.15
92.6,24.5,1.15
92.6,24.6,1.15
92.6,24.7,1.15
92.6,24.8,1.15
92.6,24.9,1.15
92.6,25.0,1.15
92.6,25.1,1.15
92.6,25.2,1.15
92.6,25.3,1.15
92.6,25.4,1.15
92.6,25.5,1.0
92.6,25.6,1.0
92.6,25.7,1.0
92.6,25.8,1.15
92.6,25.9,1.15
92.6,26.0,1.15
92.6,26.1,1.0
92.6,26.2,1.15
92.6,26.3,1.5
92.6,26.4,1.5
92.6,26.5,1.5
92.6,26.6,1.5
92.6,26.7,1.5
92.6,26.8,1.5
92.6,26.9,1.5
92.6,27.0,1.15
92.6,27.1,1.15
92.6,27.2,1.15
92.6,27.3,1.15
92.6,27.4,1.15
92.6,27.5,1.15
92.6,27.6,1.15
92.6,27.7,1.15
92.6,27.8,1.15
92.7,7.7,1.0
92.7,7.8,1.0
92.7,7.9,1.0
92.7,8.0,1.0
92.7,8.1,1.0
92.7,8.2,1.0
92.7,8.3,1.0
92.7,8.4,1.0
92.7,8.5,1.0
92.7,8.6,1.0
92.7,8.7,1.0
92.7,8.8,1.0
92.7,8.9,1.0
92.7,9.0,1.0
92.7,9.1,1.0
92.7,9.2,1.0
92.7,9.3,1.0
92.7,9.4,1.0
92.7,9.5,1.0
92.7,9.6,1.0
92.7,9.7,1.0
92.7,9.8,1.0
92.7,9.9,1.0
92.7,10.0,1.0
92.7,10.1,1.0
92.7,10.2,1.0
92.7,10.3,1.0
92.7,10.4,1.0
92.7,10.5,1.0
92.7,10.6,1.0
92.7,10.7,1.0
92.7,10.8,1.0
92.7,10.9,1.0
92.7,11.0,1.0
92.7,11.1,1.0
92.7,11.2,1.0
92.7,11.3,1.0
92.7,11.4,1.0
92.7,11.5,1.0
92.7,11.6,1.0
92.7,11.7,1.0
92.7,11.8,1.0
92.7,11.9,1.0
92.7,12.0,1.0
92.7,12.1,1.0
92.7,12.2,1.0
92.7,12.3,1.0
92.7,12.4,1.0
92.7,12.5,1.0
92.7,12.6,1.0
92.7,12.7,1.0
92.7,12.8,1.0
92.7,12.9,1.0
92.7,13.0,1.0
92.7,13.1,1.0
92.7,13.2,1.0
92.7,13.3,1.0
92.7,13.4,1.0
92.7,13.5,1.0
92.7,13.6,1.0
92.7,13.7,1.0
92.7,13.8,1.0
92.7,13.9,1.0
92.7,14.0,1.0
92.7,22.2,1.15
92.7,22.3,1.15
92.7,22.4,1.15
92.7,22.5,1.15
92.7,22.6,1.15
92.7,22.7,1.15
92.7,22.8,1.15
92.7,22.9,1.15
92.7,23.0,1.15
92.7,23.1,1.15
92.7,23.2,1.15
92.7,23.3,1.15
92.7,23.4,1.15
92.7,23.5,1.15
92.7,23.6,1.15
92.7,23.7,1.15
92.7,23.8,1.15
92.7,23.9,1.15
92.7,24.0,1.15
92.7,24.1,1.15
92.7,24.2,1.15
92.7,24.3,1.15
92.7,24.4,1.15
92.7,24.5,1.15
92.7,24.6,1.15
92.7,24.7,1.15
92.7,24.8,1.15
92.7,24.9,1.15
92.7,25.0,1.15
92.7,25.1,1.15
92.7,25.2,1.15
92.7,25.3,1.15
92.7,25.4,1.15
92.7,25.5,1.0
92.7,25.6,1.0
92.7,25.7,1.0
92.7,25.8,1.15
92.7,25.9,1.15
92.7,26.0,1.15
92.7,26.1,1.0
92.7,26.2,1.0
92.7,26.3,1.5
92.7,26.4,1.5
92.7,26.5,1.5
92.7,26.6,1.5
92.7,26.7,1.5
92.7,26.8,1.5
92.7,26.9,1.5
92.7,27.0,1.5
92.7,27.1,1.15
92.7,27.2,1.15
92.7,27.3,1.15
92.7,27.4,1.15
92.7,27.5,1.15
92.7,27.6,1.15
92.7,27.7,1.15
92.7,27.8,1.15
92.7,27.9,1.15
92.7,28.0,1.15
92.7,28.1,1.15
92.8,7.4,1.0
92.8,7.5,1.0
92.8,7.6,1.0
92.8,7.7,1.0
92.8,7.8,1.0
92.8,7.9,1.0
92.8,8.0,1.0
92.8,8.1,1.0
92.8,8.2,1.0
92.8,8.3,1.0
92.8,8.4,1.0
92.8,8.5,1.0
92.8,8.6,1.0
92.8,8.7,1.0
92.8,8.8,1.0
92.8,8.9,1.0
92.8,9.0,1.0
92.8,9.1,1.0
92.8,9.2,1.0
92.8,9.3,1.0
92.8,9.4,1.0
92.8,9.5,1.0
92.8,9.6,1.0
92.8,9.7,1.0
92.8,9.8,1.0
92.8,9.9,1.0
92.8,10.0,1.0
92.8,10.1,1.0
92.8,10.2,1.0
92.8,10.3,1.0
92.8,10.4,1.0
92.8,10.5,1.0
92.8,10.6,1.0
92.8,10.7,1.0
92.8,10.8,1.0
92.8,10.9,1.0
92.8,11.0,1.0
92.8,11.1,1.0
92.8,11.2,1.0
92.8,11.3,1.0
92.8,11.4,1.0
92.8,11.5,1.0
92.8,11.6,1.0
92.8,11.7,1.0
92.8,11.8,1.0
92.8,11.9,1.0
92.8,12.0,1.0
92.8,12.1,1.0
92.8,12.2,1.0
92.8,12.3,1.0
92.8,12.4,1.0
92.8,12.5,1.0
92.8,12.6,1.0
92.8,12.7,1.0
92.8,12.8,1.0
92.8,12.9,1.0
92.8,13.0,1.0
92.8,13.1,1.0
92.8,13.2,1.0
92.8,13.3,1.0
92.8,13.4,1.0
92.8,13.5,1.0
92.8,13.6,1.0
92.8,13.7,1.0
92.8,13.8,1.0
92.8,13.9,1.0
92.8,14.0,1.0
92.8,14.1,1.0
92.8,14.2,1.0
92.8,14.3,1.0
92.8,22.1,1.15
92.8,22.2,1.15
92.8,22.3,1.15
92.8,22.4,1.15
92.8,22.5,1.15
92.8,22.6,1.15
92.8,22.7,1.15
92.8,22.8,1.15
92.8,22.9,1.15
92.8,23.0,1.15
92.8,23.1,1.15
92.8,23.2,1.15
92.8,23.3,1.15
92.8,23.4,1.15
92.8,23.5,1.15
92.8,23.6,1.15
92.8,23.7,1.15
92.8,23.8,1.15
92.8,23.9,1.15
92.8,24.0,1.15
92.8,24.1,1.15
92.8,24.2,1.15
92.8,24.3,1.15
92.8,24.4,1.15
92.8,24.5,1.15
92.8,24.6,1.15
92.8,24.7,1.15
92.8,24.8,1.15
92.8,24.9,1.15
92.8,25.0,1.15
92.8,25.1,1.15
92.8,25.2,1.15
92.8,25.3,1.15
92.8,25.4,1.15
92.8,25.5,1.15
92.8,25.6,1.0
92.8,25.7,1.0
92.8,25.8,1.0
92.8,25.9,1.0
92.8,26.0,1.0
92.8,26.1,1.0
92.8,26.2,1.0
92.8,26.3,1.5
92.8,26.4,1.5
92.8,26.5,1.5
92.8,26.6,1.5
92.8,26.7,1.5
92.8,26.8,1.5
92.8,26.9,1.5
92.8,27.0,1.5
92.8,27.1,1.5
92.8,27.2,1.15
92.8,27.3,1.15
92.8,27.4,1.15
92.8,27.5,1.15
92.8,27.6,1.15
92.8,27.7,1.15
92.8,27.8,1.15
92.8,27.9,1.15
92.8,28.0,1.15
92.8,28.1,1.15
92.9,7.1,1.0
92.9,7.2,1.0
92.9,7.3,1.0
92.9,7.4,1.0
92.9,7.5,1.0
92.9,7.6,1.0
92.9,7.7,1.0
92.9,7.8,1.0
92.9,7.9,1.0
92.9,8.0,1.0
92.9,8.1,1.0
92.9,8.2,1.0
92.9,8.3,1.0
92.9,8.4,1.0
92.9,8.5,1.0
92.9,8.6,1.0
92.9,8.7,1.0
92.9,8.8,1.0
92.9,8.9,1.0
92.9,9.0,1.0
92.9,9.1,1.0
92.9,9.2,1.0
92.9,9.3,1.0
92.9,9.4,1.0
92.9,9.5,1.0
92.9,9.6,1.0
92.9,9.7,1.0
92.9,9.8,1.0
92.9,9.9,1.0
92.9,10.0,1.0
92.9,10.1,1.0
92.9,10.2,1.0
92.9,10.3,1.0
92.9,10.4,1.0
92.9,10.5,1.0
92.9,10.6,1.0
92.9,10.7,1.0
92.9,10.8,1.0
92.9,10.9,1.0
92.9,11.0,1.0
92.9,11.1,1.0
92.9,11.2,1.0
92.9,11.3,1.0
92.9,11.4,1.0
92.9,11.5,1.0
92.9,11.6,1.0
92.9,11.7,1.0
92.9,11.8,1.0
92.9,11.9,1.0
92.9,12.0,1.0
92.9,12.1,1.0
92.9,12.2,1.0
92.9,12.3,1.0
92.9,12.4,1.0
92.9,12.5,1.0
92.9,12.6,1.0
92.9,12.7,1.0
92.9,12.8,1.0
92.9,12.9,1.0
92.9,13.0,1.0
92.9,13.1,1.0
92.9,13.2,1.0
92.9,13.3,1.0
92.9,13.4,1.0
92.9,13.5,1.0
92.9,13.6,1.0
92.9,13.7,1.0
92.9,13.8,1.0
92.9,13.9,1.0
92.9,14.0,1.0
92.9,14.1,1.0
92.9,14.2,1.0
92.9,14.3,1.0
92.9,14.4,1.0
92.9,14.5,1.0
92.9,22.1,1.15
92.9,22.2,1.15
92.9,22.3,1.15
92.9,22.4,1.15
92.9,22.5,1.15
92.9,22.6,1.15
92.9,22.7,1.15
92.9,22.8,1.15
92.9,22.9,1.15
92.9,23.0,1.15
92.9,23.1,1.15
92.9,23.2,1.15
92.9,23.3,1.15
92.9,23.4,1.15
92.9,23.5,1.15
92.9,23.6,1.15
92.9,23.7,1.15
92.9,23.8,1.15
92.9,23.9,1.15
92.9,24.0,1.15
92.9,24.1,1.15
92.9,24.2,1.15
92.9,24.3,1.15
92.9,24.4,1.15
92.9,24.5,1.15
92.9,24.6,1.15
92.9,24.7,1.15
92.9,24.8,1.15
92.9,24.9,1.15
92.9,25.0,1.15
92.9,25.1,1.15
92.9,25.2,1.15
92.9,25.3,1.15
92.9,25.4,1.15
92.9,25.5,1.15
92.9,25.6,1.15
92.9,25.7,1.0
92.9,25.8,1.0
92.9,25.9,1.0
92.9,26.0,1.0
92.9,26.1,1.0
92.9,26.2,1.0
92.9,26.3,1.5
92.9,26.4,1.5
92.9,26.5,1.5
92.9,26.6,1.5
92.9,26.7,1.5
92.9,26.8,1.5
92.9,26.9,1.5
92.9,27.0,1.5
92.9,27.1,1.5
92.9,27.2,1.15
92.9,27.3,1.15
92.9,27.4,1.15
92.9,27.5,1.15
92.9,27.6,1.15
92.9,27.7,1.15
92.9,27.8,1.15
92.9,27.9,1.15
92.9,28.0,1.15
92.9,28.1,1.15
92.9,28.2,1.15
93.0,7.1,1.0
93.0,7.2,1.0
93.0,7.3,1.0
93.0,7.4,1.0
93.0,7.5,1.0
93.0,7.6,1.0
93.0,7.7,1.0
93.0,7.8,1.0
93.0,7.9,1.0
93.0,8.0,1.0
93.0,8.1,1.0
93.0,8.2,1.0
93.0,8.3,1.0
93.0,8.4,1.0
93.0,8.5,1.0
93.0,8.6,1.0
93.0,8.7,1.0
93.0,8.8,1.0
93.0,8.9,1.0
93.0,9.0,1.0
93.0,9.1,1.0
93.0,9.2,1.0
93.0,9.3,1.0
93.0,9.4,1.0
93.0,9.5,1.0
93.0,9.6,1.0
93.0,9.7,1.0
93.0,9.8,1.0
93.0,9.9,1.0
93.0,10.0,1.0
93.0,10.1,1.0
93.0,10.2,1.0
93.0,10.3,1.0
93.0,10.4,1.0
93.0,10.5,1.0
93.0,10.6,1.0
93.0,10.7,1.0
93.0,10.8,1.0
93.0,10.9,1.0
93.0,11.0,1.0
93.0,11.1,1.0
93.0,11.2,1.0
93.0,11.3,1.0
93.0,11.4,1.0
93.0,11.5,1.0
93.0,11.6,1.0
93.0,11.7,1.0
93.0,11.8,1.0
93.0,11.9,1.0
93.0,12.0,1.0
93.0,12.1,1.0
93.0,12.2,1.0
93.0,12.3,1.0
93.0,12.4,1.0
93.0,12.5,1.0
93.0,12.6,1.0
93.0,12.7,1.0
93.0,12.8,1.0
93.0,12.9,1.0
93.0,13.0,1.0
93.0,13.1,1.0
93.0,13.2,1.0
93.0,13.3,1.0
93.0,13.4,1.0
93.0,13.5,1.0
93.0,13.6,1.0
93.0,13.7,1.0
93.0,13.8,1.0
93.0,13.9,1.0
93.0,14.0,1.0
93.0,14.1,1.0
93.0,14.2,1.0
93.0,14.3,1.0
93.0,14.4,1.0
93.0,14.5,1.0
93.0,14.6,1.0
93.0,14.7,1.0
93.0,22.3,1.15
93.0,22.4,1.15
93.0,22.5,1.15
93.0,22.6,1.15
93.0,22.7,1.15
93.0,22.8,1.15
93.0,22.9,1.15
93.0,23.0,1.15
93.0,23.1,1.15
93.0,23.2,1.15
93.0,23.3,1.15
93.0,23.4,1.15
93.0,23.5,1.15
93.0,23.6,1.15
93.0,23.7,1.15
93.0,23.8,1.15
93.0,23.9,1.15
93.0,24.0,1.15
93.0,24.1,1.15
93.0,24.2,1.15
93.0,24.3,1.15
93.0,24.4,1.15
93.0,24.5,1.15
93.0,24.6,1.15
93.0,24.7,1.15
93.0,24.8,1.15
93.0,24.9,1.15
93.0,25.0,1.15
93.0,25.1,1.15
93.0,25.2,1.15
93.0,25.3,1.15
93.0,25.4,1.15
93.0,25.5,1.15
93.0,25.6,1.15
93.0,25.7,1.0
93.0,25.8,1.0
93.0,25.9,1.0
93.0,26.0,1.0
93.0,26.1,1.0
93.0,26.2,1.0
93.0,26.3,1.5
93.0,26.4,1.5
93.0,26.5,1.5
93.0,26.6,1.5
93.0,26.7,1.5
93.0,26.8,1.5
93.0,26.9,1.5
93.0,27.0,1.5
93.0,27.1,1.5
93.0,27.2,1.15
93.0,27.3,1.15
93.0,27.4,1.15
93.0,27.5,1.15
93.0,27.6,1.15
93.0,27.7,1.15
93.0,27.8,1.15
93.0,27.9,1.15
93.0,28.0,1.15
93.0,28.1,1.15
93.0,28.2,1.15
93.1,7.1,1.0
93.1,7.2,1.0
93.1,7.3,1.0
93.1,7.4,1.0
93.1,7.5,1.0
93.1,7.6,1.0
93.1,7.7,1.0
93.1,7.8,1.0
93.1,7.9,1.0
93.1,8.0,1.0
93.1,8.1,1.0
93.1,8.2,1.0
93.1,8.3,1.0
93.1,8.4,1.0
93.1,8.5,1.0
93.1,8.6,1.0
93.1,8.7,1.0
93.1,8.8,1.0
93.1,8.9,1.0
93.1,9.0,1.0
93.1,9.1,1.0
93.1,9.2,1.0
93.1,9.3,1.0
93.1,9.4,1.0
93.1,9.5,1.0
93.1,9.6,1.0
93.1,9.7,1.0
93.1,9.8,1.0
93.1,9.9,1.0
93.1,10.0,1.0
93.1,10.1,1.0
93.1,10.2,1.0
93.1,10.3,1.0
93.1,10.4,1.0
93.1,10.5,1.0
93.1,10.6,1.0
93.1,10.7,1.0
93.1,10.8,1.0
93.1,10.9,1.0
93.1,11.0,1.0
93.1,11.1,1.0
93.1,11.2,1.0
93.1,11.3,1.0
93.1,11.4,1.0
93.1,11.5,1.0
93.1,11.6,1.0
93.1,11.7,1.0
93.1,11.8,1.0
93.1,11.9,1.0
93.1,12.0,1.0
93.1,12.1,1.0
93.1,12.2,1.0
93.1,12.3,1.0
93.1,12.4,1.0
93.1,12.5,1.0
93.1,12.6,1.0
93.1,12.7,1.0
93.1,12.8,1.0
93.1,12.9,1.0
93.1,13.0,1.0
93.1,13.1,1.0
93.1,13.2,1.0
93.1,13.3,1.0
93.1,13.4,1.0
93.1,13.5,1.0
93.1,13.6,1.0
93.1,13.7,1.0
93.1,13.8,1.0
93.1,13.9,1.0
93.1,14.0,1.0
93.1,14.1,1.0
93.1,14.2,1.0
93.1,14.3,1.0
93.1,14.4,1.0
93.1,14.5,1.0
93.1,14.6,1.0
93.1,14.7,1.0
93.1,14.8,1.0
93.1,14.9,1.0
93.1,23.1,1.15
93.1,23.2,1.15
93.1,23.3,1.15
93.1,23.4,1.15
93.1,23.5,1.15
93.1,23.6,1.15
93.1,23.7,1.15
93.1,23.8,1.15
93.1,23.9,1.15
93.1,24.0,1.15
93.1,24.1,1.15
93.1,24.2,1.15
93.1,24.3,1.15
93.1,24.4,1.15
93.1,24.5,1.15
93.1,24.6,1.15
93.1,24.7,1.15
93.1,24.8,1.15
93.1,24.9,1.15
93.1,25.0,1.15
93.1,25.1,1.15
93.1,25.2,1.15
93.1,25.3,1.15
93.1,25.4,1.15
93.1,25.5,1.15
93.1,25.6,1.15
93.1,25.7,1.15
93.1,25.8,1.0
93.1,25.9,1.0
93.1,26.0,1.0
93.1,26.1,1.5
93.1,26.2,1.5
93.1,26.3,1.5
93.1,26.4,1.5
93.1,26.5,1.5
93.1,26.6,1.5
93.1,26.7,1.5
93.1,26.8,1.5
93.1,26.9,1.5
93.1,27.0,1.5
93.1,27.1,1.5
93.1,27.2,1.15
93.1,27.3,1.15
93.1,27.4,1.15
93.1,27.5,1.15
93.1,27.6,1.15
93.1,27.7,1.15
93.1,27.8,1.15
93.1,27.9,1.15
93.1,28.0,1.15
93.1,28.1,1.15
93.1,28.2,1.15
93.1,28.3,1.15
93.2,7.0,1.0
93.2,7.1,1.0
93.2,7.2,1.0
93.2,7.3,1.0
93.2,7.4,1.0
93.2,7.5,1.0
93.2,7.6,1.0
93.2,7.7,1.0
93.2,7.8,1.0
93.2,7.9,1.0
93.2,8.0,1.0
93.2,8.1,1.0
93.2,8.2,1.0
93.2,8.3,1.0
93.2,8.4,1.0
93.2,8.5,1.0
93.2,8.6,1.0
93.2,8.7,1.0
93.2,8.8,1.0
93.2,8.9,1.0
93.2,9.0,1.0
93.2,9.1,1.0
93.2,9.2,1.0
93.2,9.3,1.0
93.2,9.4,1.0
93.2,9.5,1.0
93.2,9.6,1.0
93.2,9.7,1.0
93.2,9.8,1.0
93.2,9.9,1.0
93.2,10.0,1.0
93.2,10.1,1.0
93.2,10.2,1.0
93.2,10.3,1.0
93.2,10.4,1.0
93.2,10.5,1.0
93.2,10.6,1.0
93.2,10.7,1.0
93.2,10.8,1.0
93.2,10.9,1.0
93.2,11.0,1.0
93.2,11.1,1.0
93.2,11.2,1.0
93.2,11.3,1.0
93.2,11.4,1.0
93.2,11.5,1.0
93.2,11.6,1.0
93.2,11.7,1.0
93.2,11.8,1.0
93.2,11.9,1.0
93.2,12.0,1.0
93.2,12.1,1.0
93.2,12.2,1.0
93.2,12.3,1.0
93.2,12.4,1.0
93.2,12.5,1.0
93.2,12.6,1.0
93.2,12.7,1.0
93.2,12.8,1.0
93.2,12.9,1.0
93.2,13.0,1.0
93.2,13.1,1.0
93.2,13.2,1.0
93.2,13.3,1.0
93.2,13.4,1.0
93.2,13.5,1.0
93.2,13.6,1.0
93.2,13.7,1.0
93.2,13.8,1.0
93.2,13.9,1.0
93.2,14.0,1.0
93.2,14.1,1.0
93.2,14.2,1.0
93.2,14.3,1.0
93.2,14.4,1.0
93.2,14.5,1.0
93.2,14.6,1.0
93.2,14.7,1.0
93.2,14.8,1.0
93.2,14.9,1.0
93.2,15.0,1.0
93.2,23.1,1.15
93.2,23.2,1.15
93.2,23.3,1.15
93.2,23.4,1.15
93.2,23.5,1.15
93.2,23.6,1.15
93.2,23.7,1.15
93.2,23.8,1.15
93.2,23.9,1.15
93.2,24.0,1.15
93.2,24.1,1.15
93.2,24.2,1.15
93.2,24.3,1.15
93.2,24.4,1.15
93.2,24.5,1.15
93.2,24.6,1.15
93.2,24.7,1.15
93.2,24.8,1.15
93.2,24.9,1.15
93.2,25.0,1.15
93.2,25.1,1.15
93.2,25.2,1.15
93.2,25.3,1.15
93.2,25.4,1.15
93.2,25.5,1.15
93.2,25.6,1.15
93.2,25.7,1.15
93.2,25.8,1.5
93.2,25.9,1.0
93.2,26.0,1.0
93.2,26.1,1.5
93.2,26.2,1.5
93.2,26.3,1.0
93.2,26.4,1.0
93.2,26.5,1.0
93.2,26.6,1.5
93.2,26.7,1.5
93.2,26.8,1.5
93.2,26.9,1.5
93.2,27.0,1.5
93.2,27.1,1.5
93.2,27.2,1.15
93.2,27.3,1.15
93.2,27.4,1.15
93.2,27.5,1.15
93.2,27.6,1.15
93.2,27.7,1.15
93.2,27.8,1.15
93.2,27.9,1.15
93.2,28.0,1.15
93.2,28.1,1.15
93.2,28.2,1.15
93.2,28.3,1.15
93.2,28.4,1.15
93.2,28.5,1.15
93.3,7.0,1.0
93.3,7.1,1.0
93.3,7.2,1.0
93.3,7.3,1.0
93.3,7.4,1.0
93.3,7.5,1.0
93.3,7.6,1.0
93.3,7.7,1.0
93.3,7.8,1.0
93.3,7.9,1.0
93.3,8.0,1.0
93.3,8.1,1.0
93.3,8.2,1.0
93.3,8.3,1.0
93.3,8.4,1.0
93.3,8.5,1.0
93.3,8.6,1.0
93.3,8.7,1.0
93.3,8.8,1.0
93.3,8.9,1.0
93.3,9.0,1.0
93.3,9.1,1.0
93.3,9.2,1.0
93.3,9.3,1.0
93.3,10.0,1.0
93.3,10.1,1.0
93.3,10.2,1.0
93.3,10.3,1.0
93.3,10.4,1.0
93.3,10.5,1.0
93.3,10.6,1.0
93.3,10.7,1.0
93.3,10.8,1.0
93.3,10.9,1.0
93.3,11.0,1.0
93.3,11.1,1.0
93.3,11.2,1.0
93.3,11.3,1.0
93.3,11.4,1.0
93.3,11.5,1.0
93.3,11.6,1.0
93.3,11.7,1.0
93.3,11.8,1.0
93.3,11.9,1.0
93.3,12.0,1.0
93.3,12.1,1.0
93.3,12.2,1.0
93.3,12.3,1.0
93.3,12.4,1.0
93.3,12.5,1.0
93.3,12.6,1.0
93.3,12.7,1.0
93.3,12.8,1.0
93.3,12.9,1.0
93.3,13.0,1.0
93.3,13.1,1.0
93.3,13.2,1.0
93.3,13.3,1.0
93.3,13.4,1.0
93.3,13.5,1.0
93.3,13.6,1.0
93.3,13.7,1.0
93.3,13.8,1.0
93.3,13.9,1.0
93.3,14.0,1.0
93.3,14.1,1.0
93.3,14.2,1.0
93.3,14.3,1.0
93.3,14.4,1.0
93.3,14.5,1.0
93.3,14.6,1.0
93.3,14.7,1.0
93.3,14.8,1.0
93.3,14.9,1.0
93.3,15.0,1.0
93.3,15.1,1.0
93.3,15.2,1.0
93.3,23.5,1.15
93.3,23.6,1.15
93.3,23.7,1.15
93.3,24.1,1.15
93.3,24.2,1.15
93.3,24.3,1.15
93.3,24.4,1.15
93.3,24.5,1.15
93.3,24.6,1.15
93.3,24.7,1.15
93.3,24.8,1.15
93.3,24.9,1.15
93.3,25.0,1.15
93.3,25.1,1.15
93.3,25.2,1.15
93.3,25.3,1.15
93.3,25.4,1.15
93.3,25.5,1.15
93.3,25.6,1.15
93.3,25.7,1.15
93.3,25.8,1.5
93.3,25.9,1.5
93.3,26.0,1.5
93.3,26.1,1.5
93.3,26.2,1.5
93.3,26.3,1.0
93.3,26.4,1.0
93.3,26.5,1.0
93.3,26.6,1.0
93.3,26.7,1.5
93.3,26.8,1.5
93.3,26.9,1.5
93.3,27.0,1.5
93.3,27.1,1.5
93.3,27.2,1.15
93.3,27.3,1.15
93.3,27.4,1.15
93.3,27.5,1.15
93.3,27.6,1.15
93.3,27.7,1.15
93.3,27.8,1.15
93.3,27.9,1.15
93.3,28.0,1.15
93.3,28.1,1.15
93.3,28.2,1.15
93.3,28.3,1.15
93.3,28.4,1.15
93.3,28.5,1.15
93.3,28.6,1.15
93.4,6.9,1.0
93.4,7.0,1.0
93.4,7.1,1.0
93.4,7.2,1.0
93.4,7.3,1.0
93.4,7.4,1.0
93.4,7.5,1.0
93.4,7.6,1.0
93.4,7.7,1.0
93.4,7.8,1.0
93.4,7.9,1.0
93.4,8.0,1.0
93.4,8.1,1.0
93.4,8.2,1.0
93.4,8.3,1.0
93.4,8.4,1.0
93.4,8.5,1.0
93.4,8.6,1.0
93.4,8.7,1.0
93.4,8.8,1.0
93.4,10.7,1.0
93.4,10.8,1.0
93.4,10.9,1.0
93.4,11.0,1.0
93.4,11.1,1.0
93.4,11.2,1.0
93.4,11.3,1.0
93.4,11.4,1.0
93.4,11.5,1.0
93.4,11.6,1.0
93.4,11.7,1.0
93.4,11.8,1.0
93.4,11.9,1.0
93.4,12.0,1.0
93.4,12.1,1.0
93.4,12.2,1.0
93.4,12.3,1.0
93.4,12.4,1.0
93.4,12.5,1.0
93.4,12.6,1.0
93.4,12.7,1.0
93.4,12.8,1.0
93.4,12.9,1.0
93.4,13.0,1.0
93.4,13.1,1.0
93.4,13.2,1.0
93.4,13.3,1.0
93.4,13.4,1.0
93.4,13.5,1.0
93.4,13.6,1.0
93.4,13.7,1.0
93.4,13.8,1.0
93.4,13.9,1.0
93.4,14.0,1.0
93.4,14.1,1.0
93.4,14.2,1.0
93.4,14.3,1.0
93.4,14.4,1.0
93.4,14.5,1.0
93.4,14.6,1.0
93.4,14.7,1.0
93.4,14.8,1.0
93.4,14.9,1.0
93.4,15.0,1.0
93.4,15.1,1.0
93.4,15.2,1.0
93.4,24.0,1.15
93.4,24.1,1.15
93.4,24.2,1.15
93.4,24.3,1.15
93.4,24.4,1.15
93.4,24.5,1.15
93.4,24.6,1.15
93.4,24.7,1.15
93.4,24.8,1.15
93.4,24.9,1.15
93.4,25.0,1.15
93.4,25.1,1.15
93.4,25.2,1.15
93.4,25.3,1.15
93.4,25.4,1.15
93.4,25.5,1.15
93.4,25.6,1.15
93.4,25.7,1.15
93.4,25.8,1.15
93.4,25.9,1.5
93.4,26.0,1.5
93.4,26.1,1.5
93.4,26.2,1.0
93.4,26.3,1.0
93.4,26.4,1.0
93.4,26.5,1.0
93.4,26.6,1.0
93.4,26.7,1.0
93.4,26.8,1.5
93.4,26.9,1.5
93.4,27.0,1.5
93.4,27.1,1.5
93.4,27.2,1.15
93.4,27.3,1.15
93.4,27.4,1.15
93.4,27.5,1.15
93.4,27.6,1.15
93.4,27.7,1.15
93.4,27.8,1.15
93.4,27.9,1.15
93.4,28.0,1.15
93.4,28.1,1.15
93.4,28.2,1.15
93.4,28.3,1.15
93.4,28.4,1.15
93.4,28.5,1.15
93.4,28.6,1.15
93.5,6.9,1.0
93.5,7.0,1.0
93.5,7.1,1.0
93.5,7.2,1.0
93.5,7.3,1.0
93.5,7.4,1.0
93.5,7.5,1.0
93.5,7.6,1.0
93.5,7.7,1.0
93.5,7.8,1.0
93.5,7.9,1.0
93.5,8.0,1.0
93.5,8.1,1.0
93.5,8.2,1.0
93.5,8.3,1.0
93.5,8.4,1.0
93.5,8.5,1.0
93.5,8.6,1.0
93.5,11.4,1.0
93.5,11.5,1.0
93.5,11.6,1.0
93.5,11.7,1.0
93.5,11.8,1.0
93.5,11.9,1.0
93.5,12.0,1.0
93.5,12.1,1.0
93.5,12.2,1.0
93.5,12.3,1.0
93.5,12.4,1.0
93.5,12.5,1.0
93.5,12.6,1.0
93.5,12.7,1.0
93.5,12.8,1.0
93.5,12.9,1.0
93.5,13.0,1.0
93.5,13.1,1.0
93.5,13.2,1.0
93.5,13.3,1.0
93.5,13.4,1.0
93.5,13.5,1.0
93.5,13.6,1.0
93.5,13.7,1.0
93.5,13.8,1.0
93.5,13.9,1.0
93.5,14.0,1.0
93.5,14.1,1.0
93.5,14.2,1.0
93.5,14.3,1.0
93.5,14.4,1.0
93.5,14.5,1.0
93.5,14.6,1.0
93.5,14.7,1.0
93.5,14.8,1.0
93.5,14.9,1.0
93.5,15.0,1.0
93.5,15.1,1.0
93.5,15.2,1.0
93.5,15.3,1.0
93.5,24.0,1.15
93.5,24.1,1.15
93.5,24.2,1.15
93.5,24.3,1.15
93.5,24.4,1.15
93.5,24.5,1.15
93.5,24.6,1.15
93.5,24.7,1.15
93.5,24.8,1.15
93.5,24.9,1.15
93.5,25.0,1.15
93.5,25.1,1.15
93.5,25.2,1.15
93.5,25.3,1.15
93.5,25.4,1.15
93.5,25.5,1.15
93.5,25.6,1.15
93.5,25.7,1.15
93.5,25.8,1.15
93.5,25.9,1.5
93.5,26.0,1.5
93.5,26.1,1.5
93.5,26.2,1.0
93.5,26.3,1.0
93.5,26.4,1.0
93.5,26.5,1.0
93.5,26.6,1.0
93.5,26.7,1.0
93.5,26.8,1.5
93.5,26.9,1.5
93.5,27.0,1.5
93.5,27.1,1.5
93.5,27.2,1.15
93.5,27.3,1.15
93.5,27.4,1.15
93.5,27.5,1.15
93.5,27.6,1.15
93.5,27.7,1.15
93.5,27.8,1.15
93.5,27.9,1.15
93.5,28.0,1.15
93.5,28.1,1.15
93.5,28.2,1.15
93.5,28.3,1.15
93.5,28.4,1.15
93.5,28.5,1.15
93.5,28.6,1.15
93.6,6.9,1.0
93.6,7.0,1.0
93.6,7.1,1.0
93.6,7.2,1.0
93.6,7.3,1.0
93.6,7.4,1.0
93.6,7.5,1.0
93.6,7.6,1.0
93.6,7.7,1.0
93.6,7.8,1.0
93.6,7.9,1.0
93.6,8.0,1.0
93.6,8.1,1.0
93.6,8.2,1.0
93.6,8.3,1.0
93.6,8.4,1.0
93.6,11.5,1.0
93.6,11.6,1.0
93.6,11.7,1.0
93.6,11.8,1.0
93.6,11.9,1.0
93.6,12.0,1.0
93.6,12.1,1.0
93.6,12.2,1.0
93.6,12.3,1.0
93.6,12.4,1.0
93.6,12.5,1.0
93.6,12.6,1.0
93.6,12.7,1.0
93.6,12.8,1.0
93.6,12.9,1.0
93.6,13.0,1.0
93.6,13.1,1.0
93.6,13.2,1.0
93.6,13.3,1.0
93.6,13.4,1.0
93.6,13.5,1.0
93.6,13.6,1.0
93.6,13.7,1.0
93.6,13.8,1.0
93.6,13.9,1.0
93.6,14.0,1.0
93.6,14.1,1.0
93.6,14.2,1.0
93.6,14.3,1.0
93.6,14.4,1.0
93.6,14.5,1.0
93.6,14.6,1.0
93.6,14.7,1.0
93.6,14.8,1.0
93.6,14.9,1.0
93.6,15.0,1.0
93.6,15.1,1.0
93.6,15.2,1.0
93.6,15.3,1.0
93.6,15.4,1.0
93.6,24.1,1.15
93.6,24.2,1.15
93.6,24.3,1.15
93.6,24.4,1.15
93.6,24.5,1.15
93.6,24.6,1.15
93.6,24.7,1.15
93.6,24.8,1.15
93.6,24.9,1.15
93.6,25.0,1.15
93.6,25.1,1.15
93.6,25.2,1.15
93.6,25.3,1.15
93.6,25.4,1.15
93.6,25.5,1.15
93.6,25.6,1.15
93.6,25.7,1.15
93.6,25.8,1.15
93.6,25.9,1.15
93.6,26.0,1.5
93.6,26.1,1.5
93.6,26.2,1.0
93.6,26.3,1.0
93.6,26.4,1.0
93.6,26.5,1.0
93.6,26.6,1.0
93.6,26.7,1.0
93.6,26.8,1.5
93.6,26.9,1.5
93.6,27.0,1.5
93.6,27.1,1.5
93.6,27.2,1.15
93.6,27.3,1.15
93.6,27.4,1.15
93.6,27.5,1.15
93.6,27.6,1.15
93.6,27.7,1.15
93.6,27.8,1.15
93.6,27.9,1.15
93.6,28.0,1.15
93.6,28.1,1.15
93.6,28.2,1.15
93.6,28.3,1.15
93.6,28.4,1.15
93.6,28.5,1.15
93.6,28.6,1.15
93.7,6.8,1.0
93.7,6.9,1.0
93.7,7.0,1.0
93.7,7.1,1.0
93.7,7.2,1.0
93.7,7.3,1.0
93.7,7.4,1.0
93.7,7.5,1.0
93.7,7.6,1.0
93.7,7.7,1.0
93.7,7.8,1.0
93.7,7.9,1.0
93.7,8.0,1.0
93.7,8.1,1.0
93.7,8.2,1.0
93.7,11.6,1.0
93.7,11.7,1.0
93.7,11.8,1.0
93.7,11.9,1.0
93.7,12.0,1.0
93.7,12.1,1.0
93.7,12.2,1.0
93.7,12.3,1.0
93.7,12.4,1.0
93.7,12.5,1.0
93.7,12.6,1.0
93.7,12.7,1.0
93.7,12.8,1.0
93.7,12.9,1.0
93.7,13.0,1.0
93.7,13.1,1.0
93.7,13.2,1.0
93.7,13.3,1.0
93.7,13.4,1.0
93.7,13.5,1.0
93.7,13.6,1.0
93.7,13.7,1.0
93.7,13.8,1.0
93.7,13.9,1.0
93.7,14.0,1.0
93.7,14.1,1.0
93.7,14.2,1.0
93.7,14.3,1.0
93.7,14.4,1.0
93.7,14.5,1.0
93.7,14.6,1.0
93.7,14.7,1.0
93.7,14.8,1.0
93.7,14.9,1.0
93.7,15.0,1.0
93.7,15.1,1.0
93.7,15.2,1.0
93.7,15.3,1.0
93.7,15.4,1.0
93.7,24.0,1.15
93.7,24.1,1.15
93.7,24.2,1.15
93.7,24.3,1.15
93.7,24.4,1.15
93.7,24.5,1.15
93.7,24.6,1.15
93.7,24.7,1.15
93.7,24.8,1.15
93.7,24.9,1.15
93.7,25.0,1.15
93.7,25.1,1.15
93.7,25.2,1.15
93.7,25.3,1.15
93.7,25.4,1.15
93.7,25.5,1.15
93.7,25.6,1.15
93.7,25.7,1.15
93.7,25.8,1.15
93.7,25.9,1.15
93.7,26.0,1.15
93.7,26.1,1.5
93.7,26.2,1.0
93.7,26.3,1.0
93.7,26.4,1.0
93.7,26.5,1.0
93.7,26.6,1.0
93.7,26.7,1.0
93.7,26.8,1.5
93.7,26.9,1.5
93.7,27.0,1.5
93.7,27.1,1.5
93.7,27.2,1.15
93.7,27.3,1.15
93.7,27.4,1.15
93.7,27.5,1.15
93.7,27.6,1.15
93.7,27.7,1.15
93.7,27.8,1.15
93.7,27.9,1.15
93.7,28.0,1.15
93.7,28.1,1.15
93.7,28.2,1.15
93.7,28.3,1.15
93.7,28.4,1.15
93.7,28.5,1.15
93.7,28.6,1.15
93.8,6.8,1.0
93.8,6.9,1.0
93.8,7.0,1.0
93.8,7.1,1.0
93.8,7.2,1.0
93.8,7.3,1.0
93.8,7.4,1.0
93.8,7.5,1.0
93.8,7.6,1.0
93.8,7.7,1.0
93.8,7.8,1.0
93.8,7.9,1.0
93.8,8.0,1.0
93.8,11.8,1.0
93.8,11.9,1.0
93.8,12.0,1.0
93.8,12.1,1.0
93.8,12.2,1.0
93.8,12.3,1.0
93.8,12.4,1.0
93.8,12.5,1.0
93.8,12.6,1.0
93.8,12.7,1.0
93.8,12.8,1.0
93.8,12.9,1.0
93.8,13.0,1.0
93.8,13.1,1.0
93.8,13.2,1.0
93.8,13.3,1.0
93.8,13.4,1.0
93.8,13.5,1.0
93.8,13.6,1.0
93.8,13.7,1.0
93.8,13.8,1.0
93.8,13.9,1.0
93.8,14.0,1.0
93.8,14.1,1.0
93.8,14.2,1.0
93.8,14.3,1.0
93.8,14.4,1.0
93.8,14.5,1.0
93.8,14.6,1.0
93.8,14.7,1.0
93.8,14.8,1.0
93.8,14.9,1.0
93.8,15.0,1.0
93.8,15.1,1.0
93.8,15.2,1.0
93.8,15.3,1.0
93.8,15.4,1.0
93.8,24.0,1.15
93.8,24.1,1.15
93.8,24.2,1.15
93.8,24.3,1.15
93.8,24.4,1.15
93.8,24.5,1.15
93.8,24.6,1.15
93.8,24.7,1.15
93.8,24.8,1.15
93.8,24.9,1.15
93.8,25.0,1.15
93.8,25.1,1.15
93.8,25.2,1.15
93.8,25.3,1.15
93.8,25.4,1.15
93.8,25.5,1.15
93.8,25.6,1.15
93.8,25.7,1.15
93.8,25.8,1.15
93.8,25.9,1.15
93.8,26.0,1.15
93.8,26.1,1.5
93.8,26.2,1.5
93.8,26.3,1.0
93.8,26.4,1.0
93.8,26.5,1.0
93.8,26.6,1.0
93.8,26.7,1.0
93.8,26.8,1.5
93.8,26.9,1.5
93.8,27.0,1.5
93.8,27.1,1.5
93.8,27.2,1.5
93.8,27.3,1.15
93.8,27.4,1.15
93.8,27.5,1.15
93.8,27.6,1.15
93.8,27.7,1.15
93.8,27.8,1.15
93.8,27.9,1.15
93.8,28.0,1.15
93.8,28.1,1.15
93.8,28.2,1.15
93.8,28.3,1.15
93.8,28.4,1.15
93.8,28.5,1.15
93.8,28.6,1.15
93.9,6.8,1.0
93.9,6.9,1.0
93.9,7.0,1.0
93.9,7.1,1.0
93.9,7.2,1.0
93.9,7.3,1.0
93.9,7.4,1.0
93.9,7.5,1.0
93.9,7.6,1.0
93.9,7.7,1.0
93.9,7.8,1.0
93.9,11.9,1.0
93.9,12.0,1.0
93.9,12.1,1.0
93.9,12.2,1.0
93.9,12.3,1.0
93.9,12.4,1.0
93.9,12.5,1.0
93.9,12.6,1.0
93.9,12.7,1.0
93.9,12.8,1.0
93.9,12.9,1.0
93.9,13.0,1.0
93.9,13.1,1.0
93.9,13.2,1.0
93.9,13.3,1.0
93.9,13.4,1.0
93.9,13.5,1.0
93.9,13.6,1.0
93.9,13.7,1.0
93.9,13.8,1.0
93.9,13.9,1.0
93.9,14.0,1.0
93.9,14.1,1.0
93.9,14.2,1.0
93.9,14.3,1.0
93.9,14.4,1.0
93.9,14.5,1.0
93.9,14.6,1.0
93.9,14.7,1.0
93.9,14.8,1.0
93.9,14.9,1.0
93.9,15.0,1.0
93.9,15.1,1.0
93.9,15.2,1.0
93.9,15.3,1.0
93.9,15.4,1.0
93.9,15.5,1.0
93.9,24.0,1.15
93.9,24.1,1.15
93.9,24.2,1.15
93.9,24.3,1.15
93.9,24.4,1.15
93.9,24.5,1.15
93.9,24.6,1.15
93.9,24.7,1.15
93.9,24.8,1.15
93.9,24.9,1.15
93.9,25.0,1.15
93.9,25.1,1.15
93.9,25.2,1.15
93.9,25.3,1.15
93.9,25.4,1.15
93.9,25.5,1.15
93.9,25.6,1.15
93.9,25.7,1.15
93.9,25.8,1.15
93.9,25.9,1.15
93.9,26.0,1.15
93.9,26.1,1.5
93.9,26.2,1.5
93.9,26.3,1.0
93.9,26.4,1.0
93.9,26.5,1.0
93.9,26.6,1.0
93.9,26.7,1.0
93.9,26.8,1.0
93.9,26.9,1.5
93.9,27.0,1.5
93.9,27.1,1.5
93.9,27.2,1.5
93.9,27.3,1.15
93.9,27.4,1.15
93.9,27.5,1.15
93.9,27.6,1.15
93.9,27.7,1.15
93.9,27.8,1.15
93.9,27.9,1.15
93.9,28.0,1.15
93.9,28.1,1.15
93.9,28.2,1.15
93.9,28.3,1.15
93.9,28.4,1.15
93.9,28.5,1.15
93.9,28.6,1.15
94.0,6.8,1.0
94.0,6.9,1.0
94.0,7.0,1.0
94.0,7.1,1.0
94.0,7.2,1.0
94.0,7.3,1.0
94.0,7.4,1.0
94.0,7.5,1.0
94.0,7.6,1.0
94.0,12.2,1.0
94.0,12.3,1.0
94.0,12.4,1.0
94.0,12.5,1.0
94.0,12.6,1.0
94.0,12.7,1.0
94.0,12.8,1.0
94.0,12.9,1.0
94.0,13.0,1.0
94.0,13.1,1.0
94.0,13.2,1.0
94.0,13.3,1.0
94.0,13.4,1.0
94.0,13.5,1.0
94.0,13.6,1.0
94.0,13.7,1.0
94.0,13.8,1.0
94.0,13.9,1.0
94.0,14.0,1.0
94.0,14.1,1.0
94.0,14.2,1.0
94.0,14.3,1.0
94.0,14.4,1.0
94.0,14.5,1.0
94.0,14.6,1.0
94.0,14.7,1.0
94.0,14.8,1.0
94.0,14.9,1.0
94.0,15.0,1.0
94.0,15.1,1.0
94.0,15.2,1.0
94.0,15.3,1.0
94.0,15.4,1.0
94.0,15.5,1.0
94.0,23.9,1.15
94.0,24.0,1.15
94.0,24.1,1.15
94.0,24.2,1.15
94.0,24.3,1.15
94.0,24.4,1.15
94.0,24.5,1.15
94.0,24.6,1.15
94.0,24.7,1.15
94.0,24.8,1.15
94.0,24.9,1.15
94.0,25.0,1.15
94.0,25.1,1.15
94.0,25.2,1.15
94.0,25.3,1.15
94.0,25.4,1.15
94.0,25.5,1.15
94.0,25.6,1.15
94.0,25.7,1.15
94.0,25.8,1.15
94.0,25.9,1.15
94.0,26.0,1.15
94.0,26.1,1.15
94.0,26.2,1.15
94.0,26.3,1.0
94.0,26.4,1.0
94.0,26.5,1.0
94.0,26.6,1.0
94.0,26.7,1.0
94.0,26.8,1.0
94.0,26.9,1.5
94.0,27.0,1.5
94.0,27.1,1.5
94.0,27.2,1.5
94.0,27.3,1.15
94.0,27.4,1.15
94.0,27.5,1.15
94.0,27.6,1.15
94.0,27.7,1.15
94.0,27.8,1.15
94.0,27.9,1.15
94.0,28.0,1.15
94.0,28.1,1.15
94.0,28.2,1.15
94.0,28.3,1.15
94.0,28.4,1.15
94.0,28.5,1.15
94.0,28.6,1.15
94.0,28.7,1.15
94.0,28.8,1.15
94.1,6.8,1.0
94.1,6.9,1.0
94.1,7.0,1.0
94.1,7.1,1.0
94.1,7.2,1.0
94.1,7.3,1.0
94.1,12.4,1.0
94.1,12.5,1.0
94.1,12.6,1.0
94.1,12.7,1.0
94.1,12.8,1.0
94.1,12.9,1.0
94.1,13.0,1.0
94.1,13.1,1.0
94.1,13.2,1.0
94.1,13.3,1.0
94.1,13.4,1.0
94.1,13.5,1.0
94.1,13.6,1.0
94.1,13.7,1.0
94.1,13.8,1.0
94.1,13.9,1.0
94.1,14.0,1.0
94.1,14.1,1.0
94.1,14.2,1.0
94.1,14.3,1.0
94.1,14.4,1.0
94.1,14.5,1.0
94.1,14.6,1.0
94.1,14.7,1.0
94.1,14.8,1.0
94.1,14.9,1.0
94.1,15.0,1.0
94.1,15.1,1.0
94.1,15.2,1.0
94.1,15.3,1.0
94.1,15.4,1.0
94.1,15.5,1.0
94.1,24.1,1.15
94.1,24.2,1.15
94.1,24.3,1.15
94.1,24.4,1.15
94.1,24.5,1.15
94.1,24.6,1.15
94.1,24.7,1.15
94.1,24.8,1.15
94.1,24.9,1.15
94.1,25.0,1.15
94.1,25.1,1.15
94.1,25.2,1.15
94.1,25.3,1.15
94.1,25.4,1.15
94.1,25.5,1.15
94.1,25.6,1.15
94.1,25.7,1.15
94.1,25.8,1.15
94.1,25.9,1.15
94.1,26.0,1.5
94.1,26.1,1.15
94.1,26.2,1.15
94.1,26.3,1.15
94.1,26.4,1.15
94.1,26.5,1.0
94.1,26.6,1.0
94.1,26.7,1.0
94.1,26.8,1.0
94.1,26.9,1.5
94.1,27.0,1.5
94.1,27.1,1.5
94.1,27.2,1.5
94.1,27.3,1.5
94.1,27.4,1.15
94.1,27.5,1.15
94.1,27.6,1.15
94.1,27.7,1.15
94.1,27.8,1.15
94.1,27.9,1.15
94.1,28.0,1.15
94.1,28.1,1.15
94.1,28.2,1.15
94.1,28.3,1.15
94.1,28.4,1.15
94.1,28.5,1.15
94.1,28.6,1.15
94.1,28.7,1.15
94.1,28.8,1.15
94.1,28.9,1.15
94.1,29.0,1.15
94.2,6.9,1.0
94.2,12.6,1.0
94.2,12.7,1.0
94.2,12.8,1.0
94.2,12.9,1.0
94.2,13.0,1.0
94.2,13.1,1.0
94.2,13.2,1.0
94.2,13.3,1.0
94.2,13.4,1.0
94.2,13.5,1.0
94.2,13.6,1.0
94.2,13.7,1.0
94.2,13.8,1.0
94.2,13.9,1.0
94.2,14.0,1.0
94.2,14.1,1.0
94.2,14.2,1.0
94.2,14.3,1.0
94.2,14.4,1.0
94.2,14.5,1.0
94.2,14.6,1.0
94.2,14.7,1.0
94.2,14.8,1.0
94.2,14.9,1.0
94.2,15.0,1.0
94.2,15.1,1.0
94.2,15.2,1.0
94.2,24.3,1.15
94.2,24.4,1.15
94.2,24.5,1.15
94.2,24.6,1.15
94.2,24.7,1.15
94.2,24.8,1.15
94.2,24.9,1.15
94.2,25.0,1.15
94.2,25.1,1.15
94.2,25.2,1.15
94.2,25.3,1.15
94.2,25.4,1.15
94.2,25.5,1.15
94.2,25.6,1.15
94.2,25.7,1.15
94.2,25.8,1.15
94.2,25.9,1.15
94.2,26.0,1.5
94.2,26.1,1.5
94.2,26.2,1.15
94.2,26.3,1.15
94.2,26.4,1.15
94.2,26.5,1.15
94.2,26.6,1.0
94.2,26.7,1.0
94.2,26.8,1.5
94.2,26.9,1.5
94.2,27.0,1.5
94.2,27.1,1.5
94.2,27.2,1.5
94.2,27.3,1.5
94.2,27.4,1.15
94.2,27.5,1.15
94.2,27.6,1.15
94.2,27.7,1.15
94.2,27.8,1.15
94.2,27.9,1.15
94.2,28.0,1.15
94.2,28.1,1.15
94.2,28.2,1.15
94.2,28.3,1.15
94.2,28.4,1.15
94.2,28.5,1.15
94.2,28.6,1.15
94.2,28.7,1.15
94.2,28.8,1.15
94.2,28.9,1.15
94.2,29.0,1.15
94.3,13.0,1.0
94.3,13.1,1.0
94.3,13.2,1.0
94.3,13.3,1.0
94.3,13.4,1.0
94.3,13.5,1.0
94.3,13.6,1.0
94.3,13.7,1.0
94.3,13.8,1.0
94.3,13.9,1.0
94.3,14.0,1.0
94.3,14.1,1.0
94.3,14.2,1.0
94.3,14.3,1.0
94.3,14.4,1.0
94.3,14.5,1.0
94.3,14.6,1.0
94.3,14.7,1.0
94.3,14.8,1.0
94.3,14.9,1.0
94.3,24.5,1.15
94.3,24.6,1.15
94.3,24.7,1.15
94.3,24.8,1.15
94.3,24.9,1.15
94.3,25.0,1.15
94.3,25.1,1.15
94.3,25.2,1.15
94.3,25.3,1.15
94.3,25.4,1.15
94.3,25.5,1.15
94.3,25.6,1.15
94.3,25.7,1.15
94.3,25.8,1.15
94.3,25.9,1.15
94.3,26.0,1.15
94.3,26.1,1.5
94.3,26.2,1.5
94.3,26.3,1.5
94.3,26.4,1.5
94.3,26.5,1.15
94.3,26.6,1.5
94.3,26.7,1.5
94.3,26.8,1.5
94.3,26.9,1.5
94.3,27.0,1.5
94.3,27.1,1.5
94.3,27.2,1.5
94.3,27.3,1.5
94.3,27.4,1.5
94.3,27.5,1.15
94.3,27.6,1.15
94.3,27.7,1.15
94.3,27.8,1.15
94.3,27.9,1.15
94.3,28.0,1.15
94.3,28.1,1.15
94.3,28.2,1.15
94.3,28.3,1.15
94.3,28.4,1.15
94.3,28.5,1.15
94.3,28.6,1.15
94.3,28.7,1.15
94.3,28.8,1.15
94.3,28.9,1.15
94.3,29.0,1.15
94.3,29.1,1.15
94.4,13.5,1.0
94.4,13.6,1.0
94.4,13.7,1.0
94.4,13.8,1.0
94.4,13.9,1.0
94.4,14.0,1.0
94.4,14.1,1.0
94.4,14.2,1.0
94.4,14.3,1.0
94.4,14.4,1.0
94.4,14.5,1.0
94.4,24.7,1.15
94.4,24.8,1.15
94.4,24.9,1.15
94.4,25.0,1.15
94.4,25.1,1.15
94.4,25.2,1.15
94.4,25.3,1.15
94.4,25.4,1.15
94.4,25.5,1.15
94.4,25.6,1.15
94.4,25.7,1.15
94.4,25.8,1.15
94.4,25.9,1.15
94.4,26.0,1.15
94.4,26.1,1.15
94.4,26.2,1.5
94.4,26.3,1.5
94.4,26.4,1.5
94.4,26.5,1.5
94.4,26.6,1.5
94.4,26.7,1.5
94.4,26.8,1.5
94.4,26.9,1.5
94.4,27.0,1.5
94.4,27.1,1.5
94.4,27.2,1.5
94.4,27.3,1.5
94.4,27.4,1.5
94.4,27.5,1.5
94.4,27.6,1.5
94.4,27.7,1.5
94.4,27.8,1.15
94.4,27.9,1.15
94.4,28.0,1.15
94.4,28.1,1.15
94.4,28.2,1.15
94.4,28.3,1.15
94.4,28.4,1.15
94.4,28.5,1.15
94.4,28.6,1.15
94.4,28.7,1.15
94.4,28.8,1.15
94.4,28.9,1.15
94.4,29.0,1.15
94.4,29.1,1.15
94.5,24.9,1.15
94.5,25.0,1.15
94.5,25.1,1.15
94.5,25.2,1.15
94.5,25.4,1.15
94.5,25.5,1.15
94.5,25.6,1.15
94.5,25.7,1.15
94.5,25.8,1.15
94.5,25.9,1.15
94.5,26.0,1.15
94.5,26.1,1.15
94.5,26.2,1.15
94.5,26.3,1.15
94.5,26.4,1.15
94.5,26.5,1.15
94.5,26.6,1.5
94.5,26.7,1.5
94.5,26.8,1.5
94.5,26.9,1.5
94.5,27.0,1.5
94.5,27.1,1.5
94.5,27.2,1.5
94.5,27.3,1.5
94.5,27.4,1.5
94.5,27.5,1.5
94.5,27.6,1.5
94.5,27.7,1.5
94.5,27.8,1.5
94.5,27.9,1.15
94.5,28.0,1.15
94.5,28.1,1.15
94.5,28.2,1.15
94.5,28.3,1.15
94.5,28.4,1.15
94.5,28.5,1.15
94.5,28.6,1.15
94.5,28.7,1.15
94.5,28.8,1.15
94.5,28.9,1.15
94.5,29.0,1.15
94.5,29.1,1.15
94.5,29.2,1.15
94.6,25.0,1.15
94.6,25.1,1.15
94.6,25.5,1.15
94.6,25.6,1.15
94.6,25.7,1.15
94.6,25.8,1.15
94.6,25.9,1.15
94.6,26.0,1.15
94.6,26.1,1.15
94.6,26.2,1.15
94.6,26.3,1.15
94.6,26.4,1.15
94.6,26.5,1.15
94.6,26.6,1.15
94.6,26.7,1.5
94.6,26.8,1.5
94.6,26.9,1.5
94.6,27.0,1.5
94.6,27.1,1.5
94.6,27.2,1.5
94.6,27.3,1.5
94.6,27.4,1.5
94.6,27.5,1.5
94.6,27.6,1.5
94.6,27.7,1.5
94.6,27.8,1.5
94.6,27.9,1.5
94.6,28.0,1.15
94.6,28.1,1.15
94.6,28.2,1.15
94.6,28.3,1.15
94.6,28.4,1.15
94.6,28.5,1.15
94.6,28.6,1.15
94.6,28.7,1.15
94.6,28.8,1.15
94.6,28.9,1.15
94.6,29.0,1.15
94.6,29.1,1.15
94.6,29.2,1.15
94.6,29.3,1.15
94.7,25.6,1.15
94.7,25.7,1.15
94.7,25.8,1.15
94.7,25.9,1.15
94.7,26.0,1.15
94.7,26.1,1.15
94.7,26.2,1.15
94.7,26.3,1.15
94.7,26.4,1.15
94.7,26.5,1.15
94.7,26.6,1.15
94.7,26.7,1.15
94.7,26.8,1.5
94.7,26.9,1.5
94.7,27.0,1.5
94.7,27.1,1.5
94.7,27.2,1.5
94.7,27.3,1.5
94.7,27.4,1.5
94.7,27.5,1.5
94.7,27.6,1.5
94.7,27.7,1.5
94.7,27.8,1.5
94.7,27.9,1.5
94.7,28.0,1.15
94.7,28.1,1.15
94.7,28.2,1.15
94.7,28.3,1.15
94.7,28.4,1.15
94.7,28.5,1.15
94.7,28.6,1.15
94.7,28.7,1.15
94.7,28.8,1.15
94.7,28.9,1.15
94.7,29.0,1.15
94.7,29.1,1.15
94.7,29.2,1.15
94.8,25.7,1.15
94.8,25.8,1.15
94.8,25.9,1.15
94.8,26.0,1.15
94.8,26.1,1.15
94.8,26.2,1.15
94.8,26.3,1.15
94.8,26.4,1.15
94.8,26.5,1.15
94.8,26.6,1.15
94.8,26.7,1.15
94.8,26.8,1.15
94.8,26.9,1.5
94.8,27.0,1.5
94.8,27.1,1.5
94.8,27.2,1.5
94.8,27.3,1.5
94.8,27.4,1.5
94.8,27.5,1.5
94.8,27.6,1.5
94.8,27.7,1.5
94.8,27.8,1.5
94.8,27.9,1.5
94.8,28.0,1.5
94.8,28.1,1.15
94.8,28.2,1.15
94.8,28.3,1.15
94.8,28.4,1.15
94.8,28.5,1.15
94.8,28.6,1.15
94.8,28.7,1.15
94.8,28.8,1.15
94.8,28.9,1.15
94.8,29.0,1.15
94.8,29.1,1.15
94.9,25.8,1.15
94.9,25.9,1.15
94.9,26.0,1.15
94.9,26.1,1.15
94.9,26.2,1.15
94.9,26.3,1.15
94.9,26.4,1.15
94.9,26.5,1.15
94.9,26.6,1.15
94.9,26.7,1.15
94.9,26.8,1.15
94.9,26.9,1.5
94.9,27.0,1.5
94.9,27.1,1.5
94.9,27.2,1.5
94.9,27.3,1.5
94.9,27.4,1.5
94.9,27.5,1.5
94.9,27.6,1.5
94.9,27.7,1.5
94.9,27.8,1.5
94.9,27.9,1.5
94.9,28.0,1.5
94.9,28.1,1.15
94.9,28.2,1.15
94.9,28.3,1.15
94.9,28.4,1.15
94.9,28.5,1.15
94.9,28.6,1.15
94.9,28.7,1.15
94.9,28.8,1.15
94.9,28.9,1.15
94.9,29.0,1.15
94.9,29.1,1.15
95.0,26.2,1.15
95.0,26.3,1.15
95.0,26.6,1.15
95.0,26.7,1.15
95.0,26.8,1.15
95.0,26.9,1.15
95.0,27.0,1.5
95.0,27.1,1.5
95.0,27.2,1.5
95.0,27.3,1.5
95.0,27.4,1.5
95.0,27.5,1.5
95.0,27.6,1.5
95.0,27.7,1.5
95.0,27.8,1.5
95.0,27.9,1.5
95.0,28.0,1.5
95.0,28.1,1.15
95.0,28.2,1.15
95.0,28.3,1.15
95.0,28.4,1.15
95.0,28.5,1.15
95.0,28.6,1.15
95.0,28.7,1.15
95.0,28.8,1.15
95.0,28.9,1.15
95.0,29.0,1.15
95.0,29.1,1.15
95.1,26.7,1.15
95.1,26.8,1.15
95.1,26.9,1.15
95.1,27.0,1.15
95.1,27.1,1.5
95.1,27.2,1.5
95.1,27.3,1.5
95.1,27.4,1.5
95.1,27.5,1.5
95.1,27.6,1.5
95.1,27.7,1.5
95.1,27.8,1.5
95.1,27.9,1.5
95.1,28.0,1.5
95.1,28.1,1.5
95.1,28.2,1.15
95.1,28.3,1.15
95.1,28.4,1.15
95.1,28.5,1.15
95.1,28.6,1.15
95.1,28.7,1.15
95.1,28.8,1.15
95.1,28.9,1.15
95.1,29.0,1.15
95.2,26.7,1.15
95.2,26.8,1.15
95.2,26.9,1.15
95.2,27.0,1.15
95.2,27.1,1.15
95.2,27.2,1.15
95.2,27.3,1.5
95.2,27.4,1.5
95.2,27.5,1.5
95.2,27.6,1.5
95.2,27.7,1.5
95.2,27.8,1.5
95.2,27.9,1.5
95.2,28.0,1.5
95.2,28.1,1.5
95.2,28.2,1.15
95.2,28.3,1.15
95.2,28.4,1.15
95.2,28.5,1.15
95.2,28.6,1.15
95.2,28.7,1.15
95.2,28.8,1.15
95.2,28.9,1.15
95.2,29.0,1.15
95.3,26.7,1.15
95.3,26.8,1.15
95.3,26.9,1.15
95.3,27.0,1.15
95.3,27.1,1.15
95.3,27.2,1.15
95.3,27.3,1.5
95.3,27.4,1.5
95.3,27.5,1.5
95.3,27.6,1.5
95.3,27.7,1.5
95.3,27.8,1.5
95.3,27.9,1.5
95.3,28.0,1.5
95.3,28.1,1.5
95.3,28.2,1.5
95.3,28.3,1.15
95.3,28.4,1.15
95.3,28.5,1.15
95.3,28.6,1.15
95.3,28.7,1.15
95.3,28.8,1.15
95.3,28.9,1.15
95.3,29.0,1.15
95.4,26.9,1.15
95.4,27.0,1.15
95.4,27.1,1.15
95.4,27.2,1.15
95.4,27.3,1.15
95.4,27.4,1.5
95.4,27.5,1.5
95.4,27.6,1.5
95.4,27.7,1.5
95.4,27.8,1.5
95.4,27.9,1.5
95.4,28.0,1.5
95.4,28.1,1.5
95.4,28.2,1.5
95.4,28.3,1.15
95.4,28.4,1.15
95.4,28.5,1.15
95.4,28.6,1.15
95.4,28.7,1.15
95.4,28.8,1.15
95.4,28.9,1.15
95.4,29.0,1.15
95.5,26.9,1.15
95.5,27.0,1.15
95.5,27.1,1.15
95.5,27.2,1.15
95.5,27.3,1.15
95.5,27.4,1.5
95.5,27.5,1.5
95.5,27.6,1.5
95.5,27.7,1.5
95.5,27.8,1.5
95.5,27.9,1.5
95.5,28.0,1.5
95.5,28.1,1.5
95.5,28.2,1.5
95.5,28.3,1.5
95.5,28.4,1.15
95.5,28.5,1.15
95.5,28.6,1.15
95.5,28.7,1.15
95.5,28.8,1.15
95.5,28.9,1.15
95.5,29.0,1.15
95.5,29.1,1.15
95.5,29.2,1.15
95.6,26.9,1.15
95.6,27.0,1.15
95.6,27.1,1.15
95.6,27.2,1.15
95.6,27.3,1.15
95.6,27.4,1.15
95.6,27.5,1.5
95.6,27.6,1.5
95.6,27.7,1.5
95.6,27.8,1.5
95.6,27.9,1.5
95.6,28.0,1.5
95.6,28.1,1.5
95.6,28.2,1.5
95.6,28.3,1.5
95.6,28.4,1.5
95.6,28.5,1.15
95.6,28.6,1.15
95.6,28.7,1.15
95.6,28.8,1.15
95.6,28.9,1.15
95.6,29.0,1.15
95.6,29.1,1.15
95.6,29.2,1.15
95.7,27.1,1.15
95.7,27.2,1.15
95.7,27.3,1.15
95.7,27.4,1.15
95.7,27.5,1.15
95.7,27.6,1.15
95.7,27.7,1.5
95.7,27.8,1.5
95.7,27.9,1.5
95.7,28.0,1.5
95.7,28.1,1.5
95.7,28.2,1.5
95.7,28.3,1.5
95.7,28.4,1.5
95.7,28.5,1.5
95.7,28.6,1.15
95.7,28.7,1.15
95.7,28.8,1.15
95.7,28.9,1.15
95.7,29.0,1.15
95.7,29.1,1.15
95.7,29.2,1.15
95.7,29.3,1.15
95.8,27.1,1.15
95.8,27.2,1.15
95.8,27.3,1.15
95.8,27.4,1.15
95.8,27.5,1.15
95.8,27.6,1.15
95.8,27.7,1.15
95.8,27.8,1.5
95.8,27.9,1.5
95.8,28.0,1.5
95.8,28.1,1.5
95.8,28.2,1.5
95.8,28.3,1.5
95.8,28.4,1.5
95.8,28.5,1.5
95.8,28.6,1.5
95.8,28.7,1.15
95.8,28.8,1.15
95.8,28.9,1.15
95.8,29.0,1.15
95.8,29.1,1.15
95.8,29.2,1.15
95.8,29.3,1.15
95.9,27.2,1.15
95.9,27.3,1.15
95.9,27.4,1.15
95.9,27.5,1.15
95.9,27.6,1.15
95.9,27.7,1.15
95.9,27.8,1.5
95.9,27.9,1.5
95.9,28.0,1.5
95.9,28.1,1.5
95.9,28.2,1.5
95.9,28.3,1.5
95.9,28.4,1.5
95.9,28.5,1.5
95.9,28.6,1.5
95.9,28.7,1.15
95.9,28.8,1.15
95.9,28.9,1.15
95.9,29.0,1.15
95.9,29.1,1.15
95.9,29.2,1.15
95.9,29.3,1.15
96.0,27.3,1.15
96.0,27.4,1.15
96.0,27.5,1.15
96.0,27.6,1.15
96.0,27.7,1.15
96.0,27.8,1.15
96.0,27.9,1.5
96.0,28.0,1.5
96.0,28.1,1.5
96.0,28.2,1.5
96.0,28.3,1.5
96.0,28.4,1.5
96.0,28.5,1.5
96.0,28.6,1.15
96.0,28.7,1.15
96.0,28.8,1.15
96.0,28.9,1.15
96.0,29.0,1.15
96.0,29.1,1.15
96.0,29.2,1.15
96.0,29.3,1.15
96.0,29.4,1.15
96.1,27.3,1.15
96.1,27.4,1.15
96.1,27.5,1.15
96.1,27.6,1.15
96.1,27.7,1.15
96.1,27.8,1.15
96.1,27.9,1.15
96.1,28.0,1.5
96.1,28.1,1.5
96.1,28.2,1.5
96.1,28.3,1.5
96.1,28.4,1.5
96.1,28.5,1.15
96.1,28.6,1.15
96.1,28.7,1.15
96.1,28.8,1.15
96.1,28.9,1.15
96.1,29.1,1.15
96.1,29.2,1.15
96.1,29.3,1.15
96.2,27.3,1.15
96.2,27.4,1.15
96.2,27.5,1.15
96.2,27.6,1.15
96.2,27.7,1.15
96.2,27.8,1.15
96.2,27.9,1.15
96.2,28.0,1.5
96.2,28.1,1.5
96.2,28.2,1.5
96.2,28.3,1.5
96.2,28.4,1.5
96.2,28.5,1.15
96.2,28.6,1.15
96.2,28.7,1.15
96.2,28.8,1.15
96.2,28.9,1.15
96.2,29.2,1.15
96.3,27.3,1.15
96.3,27.4,1.15
96.3,27.5,1.15
96.3,27.6,1.15
96.3,27.7,1.15
96.3,27.8,1.15
96.3,27.9,1.15
96.3,28.0,1.5
96.3,28.1,1.5
96.3,28.2,1.5
96.3,28.3,1.5
96.3,28.4,1.15
96.3,28.5,1.15
96.3,28.6,1.15
96.3,28.7,1.15
96.3,28.8,1.15
96.3,28.9,1.15
96.3,29.0,1.15
96.3,29.2,1.15
96.4,27.4,1.15
96.4,27.5,1.15
96.4,27.6,1.15
96.4,27.7,1.15
96.4,27.8,1.15
96.4,27.9,1.15
96.4,28.0,1.5
96.4,28.1,1.5
96.4,28.2,1.5
96.4,28.3,1.5
96.4,28.4,1.15
96.4,28.5,1.15
96.4,28.6,1.15
96.4,28.7,1.15
96.4,28.8,1.15
96.4,28.9,1.15
96.4,29.0,1.15
96.5,27.4,1.15
96.5,27.5,1.15
96.5,27.6,1.15
96.5,27.7,1.15
96.5,27.8,1.15
96.5,27.9,1.15
96.5,28.0,1.15
96.5,28.1,1.15
96.5,28.2,1.5
96.5,28.3,1.5
96.5,28.4,1.15
96.5,28.5,1.15
96.5,28.6,1.15
96.5,28.7,1.15
96.5,28.8,1.15
96.6,27.4,1.15
96.6,27.5,1.15
96.6,27.6,1.15
96.6,27.7,1.15
96.6,27.8,1.15
96.6,27.9,1.15
96.6,28.0,1.15
96.6,28.1,1.15
96.6,28.2,1.5
96.6,28.3,1.15
96.6,28.4,1.15
96.6,28.5,1.15
96.6,28.6,1.15
96.6,28.7,1.15
96.7,27.3,1.15
96.7,27.4,1.15
96.7,27.5,1.15
96.7,27.6,1.15
96.7,27.7,1.15
96.7,27.8,1.15
96.7,27.9,1.15
96.7,28.0,1.15
96.7,28.1,1.15
96.7,28.2,1.15
96.7,28.3,1.15
96.7,28.4,1.15
96.7,28.5,1.15
96.7,28.6,1.15
96.8,27.2,1.15
96.8,27.3,1.15
96.8,27.4,1.15
96.8,27.5,1.15
96.8,27.7,1.15
96.8,27.8,1.15
96.8,27.9,1.15
96.8,28.0,1.15
96.8,28.1,1.15
96.8,28.2,1.15
96.8,28.3,1.15
96.8,28.4,1.15
96.8,28.5,1.15
96.8,28.6,1.15
96.9,27.2,1.15
96.9,27.3,1.15
96.9,27.8,1.15
96.9,27.9,1.15
96.9,28.0,1.15
96.9,28.1,1.15
96.9,28.2,1.15
96.9,28.3,1.15
96.9,28.4,1.15
97.0,27.8,1.15
97.0,27.9,1.15
97.0,28.0,1.15
97.0,28.1,1.15
97.0,28.2,1.15
97.0,28.3,1.15
97.1,27.9,1.15
97.1,28.0,1.15
97.1,28.1,1.15
97.1,28.2,1.15
97.2,28.0,1.15
97.2,28.1,1.15
97.2,28.2,1.15
