lon,lat,Zone,ZoneValue
93.5,6.7,V,5
93.6,6.7,V,5
93.7,6.7,V,5
93.8,6.7,V,5
93.3,6.8,V,5
93.4,6.8,V,5
93.5,6.8,V,5
93.6,6.8,V,5
93.7,6.8,V,5
93.8,6.8,V,5
93.9,6.8,V,5
93.2,6.9,V,5
93.3,6.9,V,5
93.4,6.9,V,5
93.5,6.9,V,5
93.6,6.9,V,5
93.7,6.9,V,5
93.8,6.9,V,5
93.9,6.9,V,5
94,6.9,V,5
93.1,7,V,5
93.2,7,V,5
93.3,7,V,5
93.4,7,V,5
93.5,7,V,5
93.6,7,V,5
93.7,7,V,5
93.8,7,V,5
93.9,7,V,5
94,7,V,5
94.1,7,V,5
93,7.1,V,5
93.1,7.1,V,5
93.2,7.1,V,5
93.3,7.1,V,5
93.4,7.1,V,5
93.5,7.1,V,5
93.6,7.1,V,5
93.7,7.1,V,5
93.8,7.1,V,5
93.9,7.1,V,5
94,7.1,V,5
94.1,7.1,V,5
92.9,7.2,V,5
93,7.2,V,5
93.1,7.2,V,5
93.2,7.2,V,5
93.3,7.2,V,5
93.4,7.2,V,5
93.5,7.2,V,5
93.6,7.2,V,5
93.7,7.2,V,5
93.8,7.2,V,5
93.9,7.2,V,5
94,7.2,V,5
94.1,7.2,V,5
92.8,7.3,V,5
92.9,7.3,V,5
93,7.3,V,5
93.1,7.3,V,5
93.2,7.3,V,5
93.3,7.3,V,5
93.4,7.3,V,5
93.5,7.3,V,5
93.6,7.3,V,5
93.7,7.3,V,5
93.8,7.3,V,5
93.9,7.3,V,5
94,7.3,V,5
94.1,7.3,V,5
92.8,7.4,V,5
92.9,7.4,V,5
93,7.4,V,5
93.1,7.4,V,5
93.2,7.4,V,5
93.3,7.4,V,5
93.4,7.4,V,5
93.5,7.4,V,5
93.6,7.4,V,5
93.7,7.4,V,5
93.8,7.4,V,5
93.9,7.4,V,5
94,7.4,V,5
94.1,7.4,V,5
92.8,7.5,V,5
92.9,7.5,V,5
93,7.5,V,5
93.1,7.5,V,5
93.2,7.5,V,5
93.3,7.5,V,5
93.4,7.5,V,5
93.5,7.5,V,5
93.6,7.5,V,5
93.7,7.5,V,5
93.8,7.5,V,5
93.9,7.5,V,5
94,7.5,V,5
94.1,7.5,V,5
72.5,7.6,II,2
72.6,7.6,II,2
72.7,7.6,II,2
72.8,7.6,II,2
72.9,7.6,II,2
73,7.6,II,2
73.1,7.6,II,2
92.8,7.6,V,5
92.9,7.6,V,5
93,7.6,V,5
93.1,7.6,V,5
93.2,7.6,V,5
93.3,7.6,V,5
93.4,7.6,V,5
93.5,7.6,V,5
93.6,7.6,V,5
93.7,7.6,V,5
93.8,7.6,V,5
93.9,7.6,V,5
94,7.6,V,5
72.4,7.7,II,2
72.5,7.7,II,2
72.6,7.7,II,2
72.7,7.7,II,2
72.8,7.7,II,2
72.9,7.7,II,2
73,7.7,II,2
73.1,7.7,II,2
73.2,7.7,II,2
73.3,7.7,II,2
92.8,7.7,V,5
92.9,7.7,V,5
93,7.7,V,5
93.1,7.7,V,5
93.2,7.7,V,5
93.3,7.7,V,5
93.4,7.7,V,5
93.5,7.7,V,5
93.6,7.7,V,5
93.7,7.7,V,5
93.8,7.7,V,5
93.9,7.7,V,5
94,7.7,V,5
72.4,7.8,II,2
72.5,7.8,II,2
72.6,7.8,II,2
72.7,7.8,II,2
72.8,7.8,II,2
72.9,7.8,II,2
73,7.8,II,2
73.1,7.8,II,2
73.2,7.8,II,2
73.3,7.8,II,2
73.4,7.8,II,2
92.7,7.8,V,5
92.8,7.8,V,5
92.9,7.8,V,5
93,7.8,V,5
93.1,7.8,V,5
93.2,7.8,V,5
93.3,7.8,V,5
93.4,7.8,V,5
93.5,7.8,V,5
93.6,7.8,V,5
93.7,7.8,V,5
93.8,7.8,V,5
93.9,7.8,V,5
94,7.8,V,5
72.3,7.9,II,2
72.4,7.9,II,2
72.5,7.9,II,2
72.6,7.9,II,2
72.7,7.9,II,2
72.8,7.9,II,2
72.9,7.9,II,2
73,7.9,II,2
73.1,7.9,II,2
73.2,7.9,II,2
73.3,7.9,II,2
73.4,7.9,II,2
92.7,7.9,V,5
92.8,7.9,V,5
92.9,7.9,V,5
93,7.9,V,5
93.1,7.9,V,5
93.2,7.9,V,5
93.3,7.9,V,5
93.4,7.9,V,5
93.5,7.9,V,5
93.6,7.9,V,5
93.7,7.9,V,5
93.8,7.9,V,5
93.9,7.9,V,5
72.3,8,II,2
72.4,8,II,2
72.5,8,II,2
72.6,8,II,2
72.7,8,II,2
72.8,8,II,2
72.9,8,II,2
73,8,II,2
73.1,8,II,2
73.2,8,II,2
73.3,8,II,2
73.4,8,II,2
73.5,8,II,2
92.7,8,V,5
92.8,8,V,5
92.9,8,V,5
93,8,V,5
93.1,8,V,5
93.2,8,V,5
93.3,8,V,5
93.4,8,V,5
93.5,8,V,5
93.6,8,V,5
93.7,8,V,5
93.8,8,V,5
93.9,8,V,5
72.3,8.1,II,2
72.4,8.1,II,2
72.5,8.1,II,2
72.6,8.1,II,2
72.7,8.1,II,2
72.8,8.1,II,2
72.9,8.1,II,2
73,8.1,II,2
73.1,8.1,II,2
73.2,8.1,II,2
73.3,8.1,II,2
73.4,8.1,II,2
73.5,8.1,II,2
73.6,8.1,II,2
77.5,8.1,II,2
92.7,8.1,V,5
92.8,8.1,V,5
92.9,8.1,V,5
93,8.1,V,5
93.1,8.1,V,5
93.2,8.1,V,5
93.3,8.1,V,5
93.4,8.1,V,5
93.5,8.1,V,5
93.6,8.1,V,5
93.7,8.1,V,5
93.8,8.1,V,5
93.9,8.1,V,5
72.3,8.2,II,2
72.4,8.2,II,2
72.5,8.2,II,2
72.6,8.2,II,2
72.7,8.2,II,2
72.8,8.2,II,2
72.9,8.2,II,2
73,8.2,II,2
73.1,8.2,II,2
73.2,8.2,II,2
73.3,8.2,II,2
73.4,8.2,II,2
73.5,8.2,II,2
73.6,8.2,II,2
77.3,8.2,II,2
77.4,8.2,II,2
77.5,8.2,II,2
77.6,8.2,II,2
77.7,8.2,II,2
92.6,8.2,V,5
92.7,8.2,V,5
92.8,8.2,V,5
92.9,8.2,V,5
93,8.2,V,5
93.1,8.2,V,5
93.2,8.2,V,5
93.3,8.2,V,5
93.4,8.2,V,5
93.5,8.2,V,5
93.6,8.2,V,5
93.7,8.2,V,5
93.8,8.2,V,5
72.3,8.3,II,2
72.4,8.3,II,2
72.5,8.3,II,2
72.6,8.3,II,2
72.7,8.3,II,2
72.8,8.3,II,2
72.9,8.3,II,2
73,8.3,II,2
73.1,8.3,II,2
73.2,8.3,II,2
73.3,8.3,II,2
73.4,8.3,II,2
73.5,8.3,II,2
73.6,8.3,II,2
73.7,8.3,II,2
77.1,8.3,II,2
77.2,8.3,II,2
77.3,8.3,II,2
77.4,8.3,II,2
77.5,8.3,II,2
77.6,8.3,II,2
77.7,8.3,II,2
77.8,8.3,II,2
77.9,8.3,II,2
92.6,8.3,V,5
92.7,8.3,V,5
92.8,8.3,V,5
92.9,8.3,V,5
93,8.3,V,5
93.1,8.3,V,5
93.2,8.3,V,5
93.3,8.3,V,5
93.4,8.3,V,5
93.5,8.3,V,5
93.6,8.3,V,5
93.7,8.3,V,5
93.8,8.3,V,5
72.2,8.4,II,2
72.3,8.4,II,2
72.4,8.4,II,2
72.5,8.4,II,2
72.6,8.4,II,2
72.7,8.4,II,2
72.8,8.4,II,2
72.9,8.4,II,2
73,8.4,II,2
73.1,8.4,II,2
73.2,8.4,II,2
73.3,8.4,II,2
73.4,8.4,II,2
73.5,8.4,II,2
73.6,8.4,II,2
73.7,8.4,II,2
77,8.4,II,2
77.1,8.4,II,2
77.2,8.4,II,2
77.3,8.4,II,2
77.4,8.4,II,2
77.5,8.4,II,2
77.6,8.4,II,2
77.7,8.4,II,2
77.8,8.4,II,2
77.9,8.4,II,2
78,8.4,II,2
92.6,8.4,V,5
92.7,8.4,V,5
92.8,8.4,V,5
92.9,8.4,V,5
93,8.4,V,5
93.1,8.4,V,5
93.2,8.4,V,5
93.3,8.4,V,5
93.4,8.4,V,5
93.5,8.4,V,5
93.6,8.4,V,5
93.7,8.4,V,5
93.8,8.4,V,5
72.2,8.5,II,2
72.3,8.5,II,2
72.4,8.5,II,2
72.5,8.5,II,2
72.6,8.5,II,2
72.7,8.5,II,2
72.8,8.5,II,2
72.9,8.5,II,2
73,8.5,II,2
73.1,8.5,II,2
73.2,8.5,II,2
73.3,8.5,II,2
73.4,8.5,II,2
73.5,8.5,II,2
73.6,8.5,II,2
73.7,8.5,II,2
76.9,8.5,III,3
77,8.5,II,2
77.1,8.5,II,2
77.2,8.5,II,2
77.3,8.5,II,2
77.4,8.5,II,2
77.5,8.5,II,2
77.6,8.5,II,2
77.7,8.5,II,2
77.8,8.5,II,2
77.9,8.5,II,2
78,8.5,II,2
78.1,8.5,II,2
92.5,8.5,V,5
92.6,8.5,V,5
92.7,8.5,V,5
92.8,8.5,V,5
92.9,8.5,V,5
93,8.5,V,5
93.1,8.5,V,5
93.2,8.5,V,5
93.3,8.5,V,5
93.4,8.5,V,5
93.5,8.5,V,5
93.6,8.5,V,5
93.7,8.5,V,5
72.2,8.6,II,2
72.3,8.6,II,2
72.4,8.6,II,2
72.5,8.6,II,2
72.6,8.6,II,2
72.7,8.6,II,2
72.8,8.6,II,2
72.9,8.6,II,2
73,8.6,II,2
73.1,8.6,II,2
73.2,8.6,II,2
73.3,8.6,II,2
73.4,8.6,II,2
73.5,8.6,II,2
73.6,8.6,II,2
73.7,8.6,II,2
73.8,8.6,II,2
76.9,8.6,II,2
77,8.6,II,2
77.1,8.6,II,2
77.2,8.6,II,2
77.3,8.6,II,2
77.4,8.6,II,2
77.5,8.6,II,2
77.6,8.6,II,2
77.7,8.6,II,2
77.8,8.6,II,2
77.9,8.6,II,2
78,8.6,II,2
78.1,8.6,II,2
92.5,8.6,V,5
92.6,8.6,V,5
92.7,8.6,V,5
92.8,8.6,V,5
92.9,8.6,V,5
93,8.6,V,5
93.1,8.6,V,5
93.2,8.6,V,5
93.3,8.6,V,5
93.4,8.6,V,5
93.5,8.6,V,5
93.6,8.6,V,5
93.7,8.6,V,5
72.2,8.7,II,2
72.3,8.7,II,2
72.4,8.7,II,2
72.5,8.7,II,2
72.6,8.7,II,2
72.7,8.7,II,2
72.8,8.7,II,2
72.9,8.7,II,2
73,8.7,II,2
73.1,8.7,II,2
73.2,8.7,II,2
73.3,8.7,II,2
73.4,8.7,II,2
73.5,8.7,II,2
73.6,8.7,II,2
73.7,8.7,II,2
73.8,8.7,II,2
76.8,8.7,II,2
76.9,8.7,II,2
77,8.7,II,2
77.1,8.7,II,2
77.2,8.7,II,2
77.3,8.7,II,2
77.4,8.7,II,2
77.5,8.7,II,2
77.6,8.7,II,2
77.7,8.7,II,2
77.8,8.7,II,2
77.9,8.7,II,2
78,8.7,II,2
78.1,8.7,II,2
92.4,8.7,V,5
92.5,8.7,V,5
92.6,8.7,V,5
92.7,8.7,V,5
92.8,8.7,V,5
92.9,8.7,V,5
93,8.7,V,5
93.1,8.7,V,5
93.2,8.7,V,5
93.3,8.7,V,5
93.4,8.7,V,5
93.5,8.7,V,5
93.6,8.7,V,5
72.1,8.8,II,2
72.2,8.8,II,2
72.3,8.8,II,2
72.4,8.8,II,2
72.5,8.8,II,2
72.6,8.8,II,2
72.7,8.8,II,2
72.8,8.8,II,2
72.9,8.8,II,2
73,8.8,II,2
73.1,8.8,II,2
73.2,8.8,II,2
73.3,8.8,II,2
73.4,8.8,II,2
73.5,8.8,II,2
73.6,8.8,II,2
73.7,8.8,II,2
73.8,8.8,II,2
76.7,8.8,II,2
76.8,8.8,II,2
76.9,8.8,II,2
77,8.8,II,2
77.1,8.8,II,2
77.2,8.8,II,2
77.3,8.8,II,2
77.4,8.8,II,2
77.5,8.8,II,2
77.6,8.8,II,2
77.7,8.8,II,2
77.8,8.8,II,2
77.9,8.8,II,2
78,8.8,II,2
78.1,8.8,II,2
92.4,8.8,V,5
92.5,8.8,V,5
92.6,8.8,V,5
92.7,8.8,V,5
92.8,8.8,V,5
92.9,8.8,V,5
93,8.8,V,5
93.1,8.8,V,5
93.2,8.8,V,5
93.3,8.8,V,5
93.4,8.8,V,5
93.5,8.8,V,5
72.1,8.9,II,2
72.2,8.9,II,2
72.3,8.9,II,2
72.4,8.9,II,2
72.5,8.9,II,2
72.6,8.9,II,2
72.7,8.9,II,2
72.8,8.9,II,2
72.9,8.9,II,2
73,8.9,II,2
73.1,8.9,II,2
73.2,8.9,II,2
73.3,8.9,II,2
73.4,8.9,II,2
73.5,8.9,II,2
73.6,8.9,II,2
73.7,8.9,II,2
73.8,8.9,II,2
73.9,8.9,II,2
76.6,8.9,II,2
76.7,8.9,II,2
76.8,8.9,II,2
76.9,8.9,II,2
77,8.9,II,2
77.1,8.9,II,2
77.2,8.9,II,2
77.3,8.9,II,2
77.4,8.9,II,2
77.5,8.9,II,2
77.6,8.9,II,2
77.7,8.9,II,2
77.8,8.9,II,2
77.9,8.9,II,2
78,8.9,II,2
78.1,8.9,II,2
92.4,8.9,V,5
92.5,8.9,V,5
92.6,8.9,V,5
92.7,8.9,V,5
92.8,8.9,V,5
92.9,8.9,V,5
93,8.9,V,5
93.1,8.9,V,5
93.2,8.9,V,5
93.3,8.9,V,5
93.4,8.9,V,5
93.5,8.9,V,5
72.1,9,II,2
72.2,9,II,2
72.3,9,II,2
72.4,9,II,2
72.5,9,II,2
72.6,9,II,2
72.7,9,II,2
72.8,9,II,2
72.9,9,II,2
73,9,II,2
73.1,9,II,2
73.2,9,II,2
73.3,9,II,2
73.4,9,II,2
73.5,9,II,2
73.6,9,II,2
73.7,9,II,2
73.8,9,II,2
73.9,9,II,2
76.6,9,II,2
76.7,9,II,2
76.8,9,II,2
76.9,9,II,2
77,9,II,2
77.1,9,II,2
77.2,9,II,2
77.3,9,II,2
77.4,9,II,2
77.5,9,II,2
77.6,9,II,2
77.7,9,II,2
77.8,9,III,3
77.9,9,III,3
78,9,III,3
78.1,9,III,3
78.2,9,III,3
92.3,9,V,5
92.4,9,V,5
92.5,9,V,5
92.6,9,V,5
92.7,9,V,5
92.8,9,V,5
92.9,9,V,5
93,9,V,5
93.1,9,V,5
93.2,9,V,5
93.3,9,V,5
93.4,9,V,5
72,9.1,II,2
72.1,9.1,II,2
72.2,9.1,II,2
72.3,9.1,II,2
72.4,9.1,II,2
72.5,9.1,II,2
72.6,9.1,II,2
72.7,9.1,II,2
72.8,9.1,II,2
72.9,9.1,II,2
73,9.1,II,2
73.1,9.1,II,2
73.2,9.1,II,2
73.3,9.1,II,2
73.4,9.1,II,2
73.5,9.1,II,2
73.6,9.1,II,2
73.7,9.1,II,2
73.8,9.1,II,2
73.9,9.1,II,2
76.5,9.1,II,2
76.6,9.1,II,2
76.7,9.1,II,2
76.8,9.1,II,2
76.9,9.1,II,2
77,9.1,II,2
77.1,9.1,II,2
77.2,9.1,II,2
77.3,9.1,II,2
77.4,9.1,II,2
77.5,9.1,III,3
77.6,9.1,III,3
77.7,9.1,III,3
77.8,9.1,III,3
77.9,9.1,III,3
78,9.1,III,3
78.1,9.1,III,3
78.2,9.1,III,3
78.3,9.1,III,3
92.3,9.1,V,5
92.4,9.1,V,5
92.5,9.1,V,5
92.6,9.1,V,5
92.7,9.1,V,5
92.8,9.1,V,5
92.9,9.1,V,5
93,9.1,V,5
93.1,9.1,V,5
93.2,9.1,V,5
93.3,9.1,V,5
72,9.2,II,2
72.1,9.2,II,2
72.2,9.2,II,2
72.3,9.2,II,2
72.4,9.2,II,2
72.5,9.2,II,2
72.6,9.2,II,2
72.7,9.2,II,2
72.8,9.2,II,2
72.9,9.2,II,2
73,9.2,II,2
73.1,9.2,II,2
73.2,9.2,II,2
73.3,9.2,II,2
73.4,9.2,II,2
73.5,9.2,II,2
73.6,9.2,II,2
73.7,9.2,II,2
73.8,9.2,II,2
73.9,9.2,II,2
74,9.2,II,2
76.5,9.2,II,2
76.6,9.2,II,2
76.7,9.2,II,2
76.8,9.2,II,2
76.9,9.2,II,2
77,9.2,II,2
77.1,9.2,II,2
77.2,9.2,II,2
77.3,9.2,III,3
77.4,9.2,III,3
77.5,9.2,III,3
77.6,9.2,III,3
77.7,9.2,III,3
77.8,9.2,III,3
77.9,9.2,III,3
78,9.2,III,3
78.1,9.2,III,3
78.2,9.2,III,3
78.3,9.2,III,3
78.4,9.2,III,3
78.5,9.2,III,3
78.6,9.2,III,3
78.7,9.2,III,3
92.3,9.2,V,5
92.4,9.2,V,5
92.5,9.2,V,5
92.6,9.2,V,5
92.7,9.2,V,5
92.8,9.2,V,5
92.9,9.2,V,5
93,9.2,V,5
93.1,9.2,V,5
93.2,9.2,V,5
93.3,9.2,V,5
71.9,9.3,II,2
72,9.3,II,2
72.1,9.3,II,2
72.2,9.3,II,2
72.3,9.3,II,2
72.4,9.3,II,2
72.5,9.3,II,2
72.6,9.3,II,2
72.7,9.3,II,2
72.8,9.3,II,2
72.9,9.3,II,2
73,9.3,II,2
73.1,9.3,II,2
73.2,9.3,II,2
73.3,9.3,II,2
73.4,9.3,II,2
73.5,9.3,II,2
73.6,9.3,II,2
73.7,9.3,II,2
73.8,9.3,II,2
73.9,9.3,II,2
74,9.3,II,2
76.4,9.3,II,2
76.5,9.3,II,2
76.6,9.3,II,2
76.7,9.3,II,2
76.8,9.3,II,2
76.9,9.3,II,2
77,9.3,II,2
77.1,9.3,III,3
77.2,9.3,III,3
77.3,9.3,III,3
77.4,9.3,III,3
77.5,9.3,III,3
77.6,9.3,III,3
77.7,9.3,III,3
77.8,9.3,III,3
77.9,9.3,III,3
78,9.3,III,3
78.1,9.3,III,3
78.2,9.3,III,3
78.3,9.3,III,3
78.4,9.3,III,3
78.5,9.3,III,3
78.6,9.3,III,3
78.7,9.3,III,3
78.8,9.3,III,3
78.9,9.3,III,3
79,9.3,III,3
79.3,9.3,III,3
92.3,9.3,V,5
92.4,9.3,V,5
92.5,9.3,V,5
92.6,9.3,V,5
92.7,9.3,V,5
92.8,9.3,V,5
92.9,9.3,V,5
93,9.3,V,5
93.1,9.3,V,5
93.2,9.3,V,5
71.9,9.4,II,2
72,9.4,II,2
72.1,9.4,II,2
72.2,9.4,II,2
72.3,9.4,II,2
72.4,9.4,II,2
72.5,9.4,II,2
72.6,9.4,II,2
72.7,9.4,II,2
72.8,9.4,II,2
72.9,9.4,II,2
73,9.4,II,2
73.1,9.4,II,2
73.2,9.4,II,2
73.3,9.4,II,2
73.4,9.4,II,2
73.5,9.4,II,2
73.6,9.4,II,2
73.7,9.4,II,2
73.8,9.4,II,2
73.9,9.4,II,2
74,9.4,II,2
76.4,9.4,II,2
76.5,9.4,II,2
76.6,9.4,II,2
76.7,9.4,II,2
76.8,9.4,II,2
76.9,9.4,III,3
77,9.4,III,3
77.1,9.4,III,3
77.2,9.4,III,3
77.3,9.4,III,3
77.4,9.4,III,3
77.5,9.4,III,3
77.6,9.4,III,3
77.7,9.4,III,3
77.8,9.4,III,3
77.9,9.4,III,3
78,9.4,III,3
78.1,9.4,III,3
78.2,9.4,III,3
78.3,9.4,III,3
78.4,9.4,III,3
78.5,9.4,III,3
78.6,9.4,III,3
78.7,9.4,III,3
78.8,9.4,III,3
78.9,9.4,III,3
92.2,9.4,V,5
92.3,9.4,V,5
92.4,9.4,V,5
92.5,9.4,V,5
92.6,9.4,V,5
92.7,9.4,V,5
92.8,9.4,V,5
92.9,9.4,V,5
93,9.4,V,5
93.1,9.4,V,5
93.2,9.4,V,5
71.9,9.5,II,2
72,9.5,II,2
72.1,9.5,II,2
72.2,9.5,II,2
72.3,9.5,II,2
72.4,9.5,II,2
72.5,9.5,II,2
72.6,9.5,II,2
72.7,9.5,II,2
72.8,9.5,II,2
72.9,9.5,II,2
73,9.5,II,2
73.1,9.5,II,2
73.2,9.5,II,2
73.3,9.5,II,2
73.4,9.5,II,2
73.5,9.5,II,2
73.6,9.5,II,2
73.7,9.5,II,2
73.8,9.5,II,2
73.9,9.5,II,2
74,9.5,II,2
74.1,9.5,II,2
76.4,9.5,II,2
76.5,9.5,II,2
76.6,9.5,II,2
76.7,9.5,III,3
76.8,9.5,III,3
76.9,9.5,III,3
77,9.5,III,3
77.1,9.5,III,3
77.2,9.5,III,3
77.3,9.5,III,3
77.4,9.5,III,3
77.5,9.5,III,3
77.6,9.5,III,3
77.7,9.5,III,3
77.8,9.5,III,3
77.9,9.5,III,3
78,9.5,III,3
78.1,9.5,III,3
78.2,9.5,III,3
78.3,9.5,III,3
78.4,9.5,III,3
78.5,9.5,III,3
78.6,9.5,III,3
78.7,9.5,III,3
78.8,9.5,III,3
78.9,9.5,III,3
92.2,9.5,V,5
92.3,9.5,V,5
92.4,9.5,V,5
92.5,9.5,V,5
92.6,9.5,V,5
92.7,9.5,V,5
92.8,9.5,V,5
92.9,9.5,V,5
93,9.5,V,5
93.1,9.5,V,5
93.2,9.5,V,5
71.9,9.6,II,2
72,9.6,II,2
72.1,9.6,II,2
72.2,9.6,II,2
72.3,9.6,II,2
72.4,9.6,II,2
72.5,9.6,II,2
72.6,9.6,II,2
72.7,9.6,II,2
72.8,9.6,II,2
72.9,9.6,II,2
73,9.6,II,2
73.1,9.6,II,2
73.2,9.6,II,2
73.3,9.6,II,2
73.4,9.6,II,2
73.5,9.6,II,2
73.6,9.6,II,2
73.7,9.6,II,2
73.8,9.6,II,2
73.9,9.6,II,2
74,9.6,II,2
74.1,9.6,II,2
76.4,9.6,II,2
76.5,9.6,III,3
76.6,9.6,III,3
76.7,9.6,III,3
76.8,9.6,III,3
76.9,9.6,III,3
77,9.6,III,3
77.1,9.6,III,3
77.2,9.6,III,3
77.3,9.6,III,3
77.4,9.6,III,3
77.5,9.6,III,3
77.6,9.6,III,3
77.7,9.6,III,3
77.8,9.6,III,3
77.9,9.6,III,3
78,9.6,III,3
78.1,9.6,III,3
78.2,9.6,III,3
78.3,9.6,III,3
78.4,9.6,III,3
78.5,9.6,III,3
78.6,9.6,III,3
78.7,9.6,III,3
78.8,9.6,III,3
78.9,9.6,III,3
92.2,9.6,V,5
92.3,9.6,V,5
92.4,9.6,V,5
92.5,9.6,V,5
92.6,9.6,V,5
92.7,9.6,V,5
92.8,9.6,V,5
92.9,9.6,V,5
93,9.6,V,5
93.1,9.6,V,5
93.2,9.6,V,5
71.8,9.7,II,2
71.9,9.7,II,2
72,9.7,II,2
72.1,9.7,II,2
72.2,9.7,II,2
72.3,9.7,II,2
72.4,9.7,II,2
72.5,9.7,II,2
72.6,9.7,II,2
72.7,9.7,II,2
72.8,9.7,II,2
72.9,9.7,II,2
73,9.7,II,2
73.1,9.7,II,2
73.2,9.7,II,2
73.3,9.7,II,2
73.4,9.7,II,2
73.5,9.7,II,2
73.6,9.7,II,2
73.7,9.7,II,2
73.8,9.7,II,2
73.9,9.7,II,2
74,9.7,II,2
74.1,9.7,II,2
76.3,9.7,II,2
76.4,9.7,III,3
76.5,9.7,III,3
76.6,9.7,III,3
76.7,9.7,III,3
76.8,9.7,III,3
76.9,9.7,III,3
77,9.7,III,3
77.1,9.7,III,3
77.2,9.7,III,3
77.3,9.7,III,3
77.4,9.7,III,3
77.5,9.7,III,3
77.6,9.7,III,3
77.7,9.7,III,3
77.8,9.7,III,3
77.9,9.7,III,3
78,9.7,III,3
78.1,9.7,III,3
78.2,9.7,III,3
78.3,9.7,III,3
78.4,9.7,III,3
78.5,9.7,III,3
78.6,9.7,III,3
78.7,9.7,III,3
78.8,9.7,III,3
78.9,9.7,III,3
92.1,9.7,V,5
92.2,9.7,V,5
92.3,9.7,V,5
92.4,9.7,V,5
92.5,9.7,V,5
92.6,9.7,V,5
92.7,9.7,V,5
92.8,9.7,V,5
92.9,9.7,V,5
93,9.7,V,5
93.1,9.7,V,5
93.2,9.7,V,5
71.8,9.8,II,2
71.9,9.8,II,2
72,9.8,II,2
72.1,9.8,II,2
72.2,9.8,II,2
72.3,9.8,II,2
72.4,9.8,II,2
72.5,9.8,II,2
72.6,9.8,II,2
72.7,9.8,II,2
72.8,9.8,II,2
72.9,9.8,II,2
73,9.8,II,2
73.1,9.8,II,2
73.2,9.8,II,2
73.3,9.8,II,2
73.4,9.8,II,2
73.5,9.8,II,2
73.6,9.8,II,2
73.7,9.8,II,2
73.8,9.8,II,2
73.9,9.8,II,2
74,9.8,II,2
74.1,9.8,II,2
76.3,9.8,III,3
76.4,9.8,III,3
76.5,9.8,III,3
76.6,9.8,III,3
76.7,9.8,III,3
76.8,9.8,III,3
76.9,9.8,III,3
77,9.8,III,3
77.1,9.8,III,3
77.2,9.8,III,3
77.3,9.8,III,3
77.4,9.8,III,3
77.5,9.8,III,3
77.6,9.8,III,3
77.7,9.8,III,3
77.8,9.8,III,3
77.9,9.8,III,3
78,9.8,III,3
78.1,9.8,III,3
78.2,9.8,III,3
78.3,9.8,III,3
78.4,9.8,III,3
78.5,9.8,III,3
78.6,9.8,III,3
78.7,9.8,III,3
78.8,9.8,III,3
78.9,9.8,III,3
79,9.8,III,3
92.1,9.8,V,5
92.2,9.8,V,5
92.3,9.8,V,5
92.4,9.8,V,5
92.5,9.8,V,5
92.6,9.8,V,5
92.7,9.8,V,5
92.8,9.8,V,5
92.9,9.8,V,5
93,9.8,V,5
93.1,9.8,V,5
93.2,9.8,V,5
71.8,9.9,II,2
71.9,9.9,II,2
72,9.9,II,2
72.1,9.9,II,2
72.2,9.9,II,2
72.3,9.9,II,2
72.4,9.9,II,2
72.5,9.9,II,2
72.6,9.9,II,2
72.7,9.9,II,2
72.8,9.9,II,2
72.9,9.9,II,2
73,9.9,II,2
73.1,9.9,II,2
73.2,9.9,II,2
73.3,9.9,II,2
73.4,9.9,II,2
73.5,9.9,II,2
73.6,9.9,II,2
73.7,9.9,II,2
73.8,9.9,II,2
73.9,9.9,II,2
74,9.9,II,2
74.1,9.9,II,2
76.3,9.9,III,3
76.4,9.9,III,3
76.5,9.9,III,3
76.6,9.9,III,3
76.7,9.9,III,3
76.8,9.9,III,3
76.9,9.9,III,3
77,9.9,III,3
77.1,9.9,III,3
77.2,9.9,III,3
77.3,9.9,III,3
77.4,9.9,III,3
77.5,9.9,III,3
77.6,9.9,III,3
77.7,9.9,III,3
77.8,9.9,III,3
77.9,9.9,III,3
78,9.9,III,3
78.1,9.9,III,3
78.2,9.9,III,3
78.3,9.9,III,3
78.4,9.9,III,3
78.5,9.9,III,3
78.6,9.9,III,3
78.7,9.9,III,3
78.8,9.9,III,3
78.9,9.9,III,3
79,9.9,III,3
79.1,9.9,III,3
92,9.9,V,5
92.1,9.9,V,5
92.2,9.9,V,5
92.3,9.9,V,5
92.4,9.9,V,5
92.5,9.9,V,5
92.6,9.9,V,5
92.7,9.9,V,5
92.8,9.9,V,5
92.9,9.9,V,5
93,9.9,V,5
93.1,9.9,V,5
93.2,9.9,V,5
71.7,10,II,2
71.8,10,II,2
71.9,10,II,2
72,10,II,2
72.1,10,II,2
72.2,10,II,2
72.3,10,II,2
72.4,10,II,2
72.5,10,II,2
72.6,10,II,2
72.7,10,II,2
72.8,10,II,2
72.9,10,II,2
73,10,II,2
73.1,10,II,2
73.2,10,II,2
73.3,10,II,2
73.4,10,II,2
73.5,10,II,2
73.6,10,II,2
73.7,10,II,2
73.8,10,II,2
73.9,10,II,2
74,10,II,2
74.1,10,II,2
76.3,10,III,3
76.4,10,III,3
76.5,10,III,3
76.6,10,III,3
76.7,10,III,3
76.8,10,III,3
76.9,10,III,3
77,10,III,3
77.1,10,III,3
77.2,10,III,3
77.3,10,III,3
77.4,10,III,3
77.5,10,III,3
77.6,10,III,3
77.7,10,III,3
77.8,10,III,3
77.9,10,III,3
78,10,III,3
78.1,10,III,3
78.2,10,III,3
78.3,10,III,3
78.4,10,III,3
78.5,10,III,3
78.6,10,III,3
78.7,10,III,3
78.8,10,III,3
78.9,10,III,3
79,10,III,3
79.1,10,III,3
79.2,10,III,3
92,10,V,5
92.1,10,V,5
92.2,10,V,5
92.3,10,V,5
92.4,10,V,5
92.5,10,V,5
92.6,10,V,5
92.7,10,V,5
92.8,10,V,5
92.9,10,V,5
93,10,V,5
93.1,10,V,5
93.2,10,V,5
71.7,10.1,II,2
71.8,10.1,II,2
71.9,10.1,II,2
72,10.1,II,2
72.1,10.1,II,2
72.2,10.1,II,2
72.3,10.1,II,2
72.4,10.1,II,2
72.5,10.1,II,2
72.6,10.1,II,2
72.7,10.1,II,2
72.8,10.1,II,2
72.9,10.1,II,2
73,10.1,II,2
73.1,10.1,II,2
73.2,10.1,II,2
73.3,10.1,II,2
73.4,10.1,II,2
73.5,10.1,II,2
73.6,10.1,II,2
73.7,10.1,II,2
73.8,10.1,II,2
73.9,10.1,II,2
74,10.1,II,2
74.1,10.1,II,2
76.2,10.1,III,3
76.3,10.1,III,3
76.4,10.1,III,3
76.5,10.1,III,3
76.6,10.1,III,3
76.7,10.1,III,3
76.8,10.1,III,3
76.9,10.1,III,3
77,10.1,III,3
77.1,10.1,III,3
77.2,10.1,III,3
77.3,10.1,III,3
77.4,10.1,III,3
77.5,10.1,III,3
77.6,10.1,III,3
77.7,10.1,III,3
77.8,10.1,III,3
77.9,10.1,III,3
78,10.1,III,3
78.1,10.1,III,3
78.2,10.1,III,3
78.3,10.1,III,3
78.4,10.1,III,3
78.5,10.1,III,3
78.6,10.1,III,3
78.7,10.1,III,3
78.8,10.1,III,3
78.9,10.1,III,3
79,10.1,III,3
79.1,10.1,III,3
79.2,10.1,III,3
92,10.1,V,5
92.1,10.1,V,5
92.2,10.1,V,5
92.3,10.1,V,5
92.4,10.1,V,5
92.5,10.1,V,5
92.6,10.1,V,5
92.7,10.1,V,5
92.8,10.1,V,5
92.9,10.1,V,5
93,10.1,V,5
93.1,10.1,V,5
93.2,10.1,V,5
71.7,10.2,II,2
71.8,10.2,II,2
71.9,10.2,II,2
72,10.2,II,2
72.1,10.2,II,2
72.2,10.2,II,2
72.3,10.2,II,2
72.4,10.2,II,2
72.5,10.2,II,2
72.6,10.2,II,2
72.7,10.2,II,2
72.8,10.2,II,2
72.9,10.2,II,2
73,10.2,II,2
73.1,10.2,II,2
73.2,10.2,II,2
73.3,10.2,II,2
73.4,10.2,II,2
73.5,10.2,II,2
73.6,10.2,II,2
73.7,10.2,II,2
73.8,10.2,II,2
73.9,10.2,II,2
74,10.2,II,2
74.1,10.2,II,2
74.2,10.2,II,2
76.2,10.2,III,3
76.3,10.2,III,3
76.4,10.2,III,3
76.5,10.2,III,3
76.6,10.2,III,3
76.7,10.2,III,3
76.8,10.2,III,3
76.9,10.2,III,3
77,10.2,III,3
77.1,10.2,III,3
77.2,10.2,III,3
77.3,10.2,III,3
77.4,10.2,III,3
77.5,10.2,III,3
77.6,10.2,III,3
77.7,10.2,III,3
77.8,10.2,III,3
77.9,10.2,III,3
78,10.2,III,3
78.1,10.2,III,3
78.2,10.2,III,3
78.3,10.2,III,3
78.4,10.2,III,3
78.5,10.2,III,3
78.6,10.2,III,3
78.7,10.2,III,3
78.8,10.2,III,3
78.9,10.2,III,3
79,10.2,III,3
79.1,10.2,III,3
79.2,10.2,III,3
92,10.2,V,5
92.1,10.2,V,5
92.2,10.2,V,5
92.3,10.2,V,5
92.4,10.2,V,5
92.5,10.2,V,5
92.6,10.2,V,5
92.7,10.2,V,5
92.8,10.2,V,5
92.9,10.2,V,5
93,10.2,V,5
93.1,10.2,V,5
93.2,10.2,V,5
71.6,10.3,II,2
71.7,10.3,II,2
71.8,10.3,II,2
71.9,10.3,II,2
72,10.3,II,2
72.1,10.3,II,2
72.2,10.3,II,2
72.3,10.3,II,2
72.4,10.3,II,2
72.5,10.3,II,2
72.6,10.3,II,2
72.7,10.3,II,2
72.8,10.3,II,2
72.9,10.3,II,2
73,10.3,II,2
73.1,10.3,II,2
73.2,10.3,II,2
73.3,10.3,II,2
73.4,10.3,II,2
73.5,10.3,II,2
73.6,10.3,II,2
73.7,10.3,II,2
73.8,10.3,II,2
73.9,10.3,II,2
74,10.3,II,2
74.1,10.3,II,2
74.2,10.3,II,2
76.2,10.3,III,3
76.3,10.3,III,3
76.4,10.3,III,3
76.5,10.3,III,3
76.6,10.3,III,3
76.7,10.3,III,3
76.8,10.3,III,3
76.9,10.3,III,3
77,10.3,III,3
77.1,10.3,III,3
77.2,10.3,III,3
77.3,10.3,III,3
77.4,10.3,III,3
77.5,10.3,III,3
77.6,10.3,III,3
77.7,10.3,III,3
77.8,10.3,III,3
77.9,10.3,III,3
78,10.3,III,3
78.1,10.3,III,3
78.2,10.3,III,3
78.3,10.3,III,3
78.4,10.3,III,3
78.5,10.3,III,3
78.6,10.3,III,3
78.7,10.3,III,3
78.8,10.3,III,3
78.9,10.3,III,3
79,10.3,III,3
79.1,10.3,III,3
79.2,10.3,III,3
79.3,10.3,III,3
79.8,10.3,III,3
92,10.3,V,5
92.1,10.3,V,5
92.2,10.3,V,5
92.3,10.3,V,5
92.4,10.3,V,5
92.5,10.3,V,5
92.6,10.3,V,5
92.7,10.3,V,5
92.8,10.3,V,5
92.9,10.3,V,5
93,10.3,V,5
93.1,10.3,V,5
93.2,10.3,V,5
71.6,10.4,II,2
71.7,10.4,II,2
71.8,10.4,II,2
71.9,10.4,II,2
72,10.4,II,2
72.1,10.4,II,2
72.2,10.4,II,2
72.3,10.4,II,2
72.4,10.4,II,2
72.5,10.4,II,2
72.6,10.4,II,2
72.7,10.4,II,2
72.8,10.4,II,2
72.9,10.4,II,2
73,10.4,II,2
73.1,10.4,II,2
73.2,10.4,II,2
73.3,10.4,II,2
73.4,10.4,II,2
73.5,10.4,II,2
73.6,10.4,II,2
73.7,10.4,II,2
73.8,10.4,II,2
73.9,10.4,II,2
74,10.4,II,2
74.1,10.4,II,2
74.2,10.4,II,2
76.1,10.4,III,3
76.2,10.4,III,3
76.3,10.4,III,3
76.4,10.4,III,3
76.5,10.4,III,3
76.6,10.4,III,3
76.7,10.4,III,3
76.8,10.4,III,3
76.9,10.4,III,3
77,10.4,III,3
77.1,10.4,III,3
77.2,10.4,III,3
77.3,10.4,III,3
77.4,10.4,III,3
77.5,10.4,III,3
77.6,10.4,III,3
77.7,10.4,III,3
77.8,10.4,III,3
77.9,10.4,III,3
78,10.4,III,3
78.1,10.4,III,3
78.2,10.4,III,3
78.3,10.4,III,3
78.4,10.4,III,3
78.5,10.4,III,3
78.6,10.4,III,3
78.7,10.4,III,3
78.8,10.4,III,3
78.9,10.4,III,3
79,10.4,III,3
79.1,10.4,III,3
79.2,10.4,III,3
79.3,10.4,III,3
79.4,10.4,III,3
79.5,10.4,III,3
79.6,10.4,III,3
79.7,10.4,III,3
79.8,10.4,III,3
92,10.4,V,5
92.1,10.4,V,5
92.2,10.4,V,5
92.3,10.4,V,5
92.4,10.4,V,5
92.5,10.4,V,5
92.6,10.4,V,5
92.7,10.4,V,5
92.8,10.4,V,5
92.9,10.4,V,5
93,10.4,V,5
93.1,10.4,V,5
93.2,10.4,V,5
71.6,10.5,II,2
71.7,10.5,II,2
71.8,10.5,II,2
71.9,10.5,II,2
72,10.5,II,2
72.1,10.5,II,2
72.2,10.5,II,2
72.3,10.5,II,2
72.4,10.5,II,2
72.5,10.5,II,2
72.6,10.5,II,2
72.7,10.5,II,2
72.8,10.5,II,2
72.9,10.5,II,2
73,10.5,II,2
73.1,10.5,II,2
73.2,10.5,II,2
73.3,10.5,II,2
73.4,10.5,II,2
73.5,10.5,II,2
73.6,10.5,II,2
73.7,10.5,II,2
73.8,10.5,II,2
73.9,10.5,II,2
74,10.5,II,2
74.1,10.5,II,2
74.2,10.5,II,2
76.1,10.5,III,3
76.2,10.5,III,3
76.3,10.5,III,3
76.4,10.5,III,3
76.5,10.5,III,3
76.6,10.5,III,3
76.7,10.5,III,3
76.8,10.5,III,3
76.9,10.5,III,3
77,10.5,III,3
77.1,10.5,III,3
77.2,10.5,III,3
77.3,10.5,III,3
77.4,10.5,III,3
77.5,10.5,III,3
77.6,10.5,III,3
77.7,10.5,III,3
77.8,10.5,III,3
77.9,10.5,III,3
78,10.5,III,3
78.1,10.5,III,3
78.2,10.5,III,3
78.3,10.5,III,3
78.4,10.5,III,3
78.5,10.5,III,3
78.6,10.5,III,3
78.7,10.5,III,3
78.8,10.5,III,3
78.9,10.5,III,3
79,10.5,III,3
79.1,10.5,III,3
79.2,10.5,III,3
79.3,10.5,III,3
79.4,10.5,III,3
79.5,10.5,III,3
79.6,10.5,III,3
79.7,10.5,III,3
79.8,10.5,III,3
92,10.5,V,5
92.1,10.5,V,5
92.2,10.5,V,5
92.3,10.5,V,5
92.4,10.5,V,5
92.5,10.5,V,5
92.6,10.5,V,5
92.7,10.5,V,5
92.8,10.5,V,5
92.9,10.5,V,5
93,10.5,V,5
93.1,10.5,V,5
93.2,10.5,V,5
71.5,10.6,II,2
71.6,10.6,II,2
71.7,10.6,II,2
71.8,10.6,II,2
71.9,10.6,II,2
72,10.6,II,2
72.1,10.6,II,2
72.2,10.6,II,2
72.3,10.6,II,2
72.4,10.6,II,2
72.5,10.6,II,2
72.6,10.6,II,2
72.7,10.6,II,2
72.8,10.6,II,2
72.9,10.6,II,2
73,10.6,II,2
73.1,10.6,II,2
73.2,10.6,II,2
73.3,10.6,II,2
73.4,10.6,II,2
73.5,10.6,II,2
73.6,10.6,II,2
73.7,10.6,II,2
73.8,10.6,II,2
73.9,10.6,II,2
74,10.6,II,2
74.1,10.6,II,2
74.2,10.6,II,2
76,10.6,III,3
76.1,10.6,III,3
76.2,10.6,III,3
76.3,10.6,III,3
76.4,10.6,III,3
76.5,10.6,III,3
76.6,10.6,III,3
76.7,10.6,III,3
76.8,10.6,III,3
76.9,10.6,III,3
77,10.6,III,3
77.1,10.6,III,3
77.2,10.6,III,3
77.3,10.6,III,3
77.4,10.6,III,3
77.5,10.6,III,3
77.6,10.6,III,3
77.7,10.6,III,3
77.8,10.6,III,3
77.9,10.6,III,3
78,10.6,III,3
78.1,10.6,III,3
78.2,10.6,III,3
78.3,10.6,III,3
78.4,10.6,III,3
78.5,10.6,III,3
78.6,10.6,III,3
78.7,10.6,III,3
78.8,10.6,III,3
78.9,10.6,III,3
79,10.6,III,3
79.1,10.6,III,3
79.2,10.6,III,3
79.3,10.6,III,3
79.4,10.6,III,3
79.5,10.6,III,3
79.6,10.6,III,3
79.7,10.6,III,3
79.8,10.6,III,3
91.9,10.6,V,5
92,10.6,V,5
92.1,10.6,V,5
92.2,10.6,V,5
92.3,10.6,V,5
92.4,10.6,V,5
92.5,10.6,V,5
92.6,10.6,V,5
92.7,10.6,V,5
92.8,10.6,V,5
92.9,10.6,V,5
93,10.6,V,5
93.1,10.6,V,5
93.2,10.6,V,5
71.5,10.7,II,2
71.6,10.7,II,2
71.7,10.7,II,2
71.8,10.7,II,2
71.9,10.7,II,2
72,10.7,II,2
72.1,10.7,II,2
72.2,10.7,II,2
72.3,10.7,II,2
72.4,10.7,II,2
72.5,10.7,II,2
72.6,10.7,II,2
72.7,10.7,II,2
72.8,10.7,II,2
72.9,10.7,II,2
73,10.7,II,2
73.1,10.7,II,2
73.2,10.7,II,2
73.3,10.7,II,2
73.4,10.7,II,2
73.5,10.7,II,2
73.6,10.7,II,2
73.7,10.7,II,2
73.8,10.7,II,2
73.9,10.7,II,2
74,10.7,II,2
74.1,10.7,II,2
74.2,10.7,II,2
76,10.7,III,3
76.1,10.7,III,3
76.2,10.7,III,3
76.3,10.7,III,3
76.4,10.7,III,3
76.5,10.7,III,3
76.6,10.7,III,3
76.7,10.7,III,3
76.8,10.7,III,3
76.9,10.7,III,3
77,10.7,III,3
77.1,10.7,III,3
77.2,10.7,III,3
77.3,10.7,III,3
77.4,10.7,III,3
77.5,10.7,III,3
77.6,10.7,III,3
77.7,10.7,III,3
77.8,10.7,III,3
77.9,10.7,III,3
78,10.7,III,3
78.1,10.7,III,3
78.2,10.7,III,3
78.3,10.7,III,3
78.4,10.7,III,3
78.5,10.7,III,3
78.6,10.7,III,3
78.7,10.7,III,3
78.8,10.7,III,3
78.9,10.7,III,3
79,10.7,III,3
79.1,10.7,III,3
79.2,10.7,III,3
79.3,10.7,III,3
79.4,10.7,III,3
79.5,10.7,III,3
79.6,10.7,III,3
79.7,10.7,III,3
79.8,10.7,III,3
91.9,10.7,V,5
92,10.7,V,5
92.1,10.7,V,5
92.2,10.7,V,5
92.3,10.7,V,5
92.4,10.7,V,5
92.5,10.7,V,5
92.6,10.7,V,5
92.7,10.7,V,5
92.8,10.7,V,5
92.9,10.7,V,5
93,10.7,V,5
93.1,10.7,V,5
93.2,10.7,V,5
71.5,10.8,II,2
71.6,10.8,II,2
71.7,10.8,II,2
71.8,10.8,II,2
71.9,10.8,II,2
72,10.8,II,2
72.1,10.8,II,2
72.2,10.8,II,2
72.3,10.8,II,2
72.4,10.8,II,2
72.5,10.8,II,2
72.6,10.8,II,2
72.7,10.8,II,2
72.8,10.8,II,2
72.9,10.8,II,2
73,10.8,II,2
73.1,10.8,II,2
73.2,10.8,II,2
73.3,10.8,II,2
73.4,10.8,II,2
73.5,10.8,II,2
73.6,10.8,II,2
73.7,10.8,II,2
73.8,10.8,II,2
73.9,10.8,II,2
74,10.8,II,2
74.1,10.8,II,2
74.2,10.8,II,2
76,10.8,III,3
76.1,10.8,III,3
76.2,10.8,III,3
76.3,10.8,III,3
76.4,10.8,III,3
76.5,10.8,III,3
76.6,10.8,III,3
76.7,10.8,III,3
76.8,10.8,III,3
76.9,10.8,III,3
77,10.8,III,3
77.1,10.8,III,3
77.2,10.8,III,3
77.3,10.8,III,3
77.4,10.8,III,3
77.5,10.8,III,3
77.6,10.8,III,3
77.7,10.8,III,3
77.8,10.8,III,3
77.9,10.8,III,3
78,10.8,III,3
78.1,10.8,III,3
78.2,10.8,III,3
78.3,10.8,III,3
78.4,10.8,III,3
78.5,10.8,III,3
78.6,10.8,III,3
78.7,10.8,III,3
78.8,10.8,III,3
78.9,10.8,III,3
79,10.8,III,3
79.1,10.8,III,3
79.2,10.8,III,3
79.3,10.8,III,3
79.4,10.8,III,3
79.5,10.8,III,3
79.6,10.8,III,3
79.7,10.8,III,3
79.8,10.8,III,3
91.9,10.8,V,5
92,10.8,V,5
92.1,10.8,V,5
92.2,10.8,V,5
92.3,10.8,V,5
92.4,10.8,V,5
92.5,10.8,V,5
92.6,10.8,V,5
92.7,10.8,V,5
92.8,10.8,V,5
92.9,10.8,V,5
93,10.8,V,5
93.1,10.8,V,5
93.2,10.8,V,5
93.3,10.8,V,5
71.5,10.9,II,2
71.6,10.9,II,2
71.7,10.9,II,2
71.8,10.9,II,2
71.9,10.9,II,2
72,10.9,II,2
72.1,10.9,II,2
72.2,10.9,II,2
72.3,10.9,II,2
72.4,10.9,II,2
72.5,10.9,II,2
72.6,10.9,II,2
72.7,10.9,II,2
72.8,10.9,II,2
72.9,10.9,II,2
73,10.9,II,2
73.1,10.9,II,2
73.2,10.9,II,2
73.3,10.9,II,2
73.4,10.9,II,2
73.5,10.9,II,2
73.6,10.9,II,2
73.7,10.9,II,2
73.8,10.9,II,2
73.9,10.9,II,2
74,10.9,II,2
74.1,10.9,II,2
74.2,10.9,II,2
75.9,10.9,III,3
76,10.9,III,3
76.1,10.9,III,3
76.2,10.9,III,3
76.3,10.9,III,3
76.4,10.9,III,3
76.5,10.9,III,3
76.6,10.9,III,3
76.7,10.9,III,3
76.8,10.9,III,3
76.9,10.9,III,3
77,10.9,III,3
77.1,10.9,III,3
77.2,10.9,III,3
77.3,10.9,III,3
77.4,10.9,III,3
77.5,10.9,III,3
77.6,10.9,III,3
77.7,10.9,III,3
77.8,10.9,III,3
77.9,10.9,III,3
78,10.9,III,3
78.1,10.9,III,3
78.2,10.9,III,3
78.3,10.9,III,3
78.4,10.9,III,3
78.5,10.9,III,3
78.6,10.9,III,3
78.7,10.9,III,3
78.8,10.9,III,3
78.9,10.9,III,3
79,10.9,III,3
79.1,10.9,III,3
79.2,10.9,III,3
79.3,10.9,III,3
79.4,10.9,III,3
79.5,10.9,III,3
79.6,10.9,III,3
79.7,10.9,III,3
79.8,10.9,III,3
91.9,10.9,V,5
92,10.9,V,5
92.1,10.9,V,5
92.2,10.9,V,5
92.3,10.9,V,5
92.4,10.9,V,5
92.5,10.9,V,5
92.6,10.9,V,5
92.7,10.9,V,5
92.8,10.9,V,5
92.9,10.9,V,5
93,10.9,V,5
93.1,10.9,V,5
93.2,10.9,V,5
93.3,10.9,V,5
71.5,11,II,2
71.6,11,II,2
71.7,11,II,2
71.8,11,II,2
71.9,11,II,2
72,11,II,2
72.1,11,II,2
72.2,11,II,2
72.3,11,II,2
72.4,11,II,2
72.5,11,II,2
72.6,11,II,2
72.7,11,II,2
72.8,11,II,2
72.9,11,II,2
73,11,II,2
73.1,11,II,2
73.2,11,II,2
73.3,11,II,2
73.4,11,II,2
73.5,11,II,2
73.6,11,II,2
73.7,11,II,2
73.8,11,II,2
73.9,11,II,2
74,11,II,2
74.1,11,II,2
74.2,11,II,2
75.9,11,III,3
76,11,III,3
76.1,11,III,3
76.2,11,III,3
76.3,11,III,3
76.4,11,III,3
76.5,11,III,3
76.6,11,III,3
76.7,11,III,3
76.8,11,III,3
76.9,11,III,3
77,11,III,3
77.1,11,III,3
77.2,11,III,3
77.3,11,III,3
77.4,11,III,3
77.5,11,III,3
77.6,11,III,3
77.7,11,III,3
77.8,11,III,3
77.9,11,III,3
78,11,III,3
78.1,11,III,3
78.2,11,III,3
78.3,11,III,3
78.4,11,III,3
78.5,11,III,3
78.6,11,III,3
78.7,11,III,3
78.8,11,III,3
78.9,11,III,3
79,11,III,3
79.1,11,III,3
79.2,11,III,3
79.3,11,III,3
79.4,11,III,3
79.5,11,III,3
79.6,11,III,3
79.7,11,III,3
79.8,11,III,3
91.9,11,V,5
92,11,V,5
92.1,11,V,5
92.2,11,V,5
92.3,11,V,5
92.4,11,V,5
92.5,11,V,5
92.6,11,V,5
92.7,11,V,5
92.8,11,V,5
92.9,11,V,5
93,11,V,5
93.1,11,V,5
93.2,11,V,5
93.3,11,V,5
71.4,11.1,II,2
71.5,11.1,II,2
71.6,11.1,II,2
71.7,11.1,II,2
71.8,11.1,II,2
71.9,11.1,II,2
72,11.1,II,2
72.1,11.1,II,2
72.2,11.1,II,2
72.3,11.1,II,2
72.4,11.1,II,2
72.5,11.1,II,2
72.6,11.1,II,2
72.7,11.1,II,2
72.8,11.1,II,2
72.9,11.1,II,2
73,11.1,II,2
73.1,11.1,II,2
73.2,11.1,II,2
73.3,11.1,II,2
73.4,11.1,II,2
73.5,11.1,II,2
73.6,11.1,II,2
73.7,11.1,II,2
73.8,11.1,II,2
73.9,11.1,II,2
74,11.1,II,2
74.1,11.1,II,2
74.2,11.1,II,2
75.9,11.1,III,3
76,11.1,III,3
76.1,11.1,III,3
76.2,11.1,III,3
76.3,11.1,III,3
76.4,11.1,III,3
76.5,11.1,III,3
76.6,11.1,III,3
76.7,11.1,III,3
76.8,11.1,III,3
76.9,11.1,III,3
77,11.1,III,3
77.1,11.1,III,3
77.2,11.1,III,3
77.3,11.1,III,3
77.4,11.1,III,3
77.5,11.1,III,3
77.6,11.1,III,3
77.7,11.1,III,3
77.8,11.1,III,3
77.9,11.1,III,3
78,11.1,III,3
78.1,11.1,III,3
78.2,11.1,III,3
78.3,11.1,III,3
78.4,11.1,III,3
78.5,11.1,III,3
78.6,11.1,III,3
78.7,11.1,III,3
78.8,11.1,III,3
78.9,11.1,III,3
79,11.1,III,3
79.1,11.1,III,3
79.2,11.1,III,3
79.3,11.1,III,3
79.4,11.1,III,3
79.5,11.1,III,3
79.6,11.1,III,3
79.7,11.1,III,3
79.8,11.1,III,3
91.9,11.1,V,5
92,11.1,V,5
92.1,11.1,V,5
92.2,11.1,V,5
92.3,11.1,V,5
92.4,11.1,V,5
92.5,11.1,V,5
92.6,11.1,V,5
92.7,11.1,V,5
92.8,11.1,V,5
92.9,11.1,V,5
93,11.1,V,5
93.1,11.1,V,5
93.2,11.1,V,5
93.3,11.1,V,5
93.4,11.1,V,5
71.4,11.2,II,2
71.5,11.2,II,2
71.6,11.2,II,2
71.7,11.2,II,2
71.8,11.2,II,2
71.9,11.2,II,2
72,11.2,II,2
72.1,11.2,II,2
72.2,11.2,II,2
72.3,11.2,II,2
72.4,11.2,II,2
72.5,11.2,II,2
72.6,11.2,II,2
72.7,11.2,II,2
72.8,11.2,II,2
72.9,11.2,II,2
73,11.2,II,2
73.1,11.2,II,2
73.2,11.2,II,2
73.3,11.2,II,2
73.4,11.2,II,2
73.5,11.2,II,2
73.6,11.2,II,2
73.7,11.2,II,2
73.8,11.2,II,2
73.9,11.2,II,2
74,11.2,II,2
74.1,11.2,II,2
74.2,11.2,II,2
75.8,11.2,III,3
75.9,11.2,III,3
76,11.2,III,3
76.1,11.2,III,3
76.2,11.2,III,3
76.3,11.2,III,3
76.4,11.2,III,3
76.5,11.2,III,3
76.6,11.2,III,3
76.7,11.2,III,3
76.8,11.2,III,3
76.9,11.2,III,3
77,11.2,III,3
77.1,11.2,III,3
77.2,11.2,III,3
77.3,11.2,III,3
77.4,11.2,III,3
77.5,11.2,III,3
77.6,11.2,III,3
77.7,11.2,III,3
77.8,11.2,III,3
77.9,11.2,III,3
78,11.2,III,3
78.1,11.2,III,3
78.2,11.2,III,3
78.3,11.2,III,3
78.4,11.2,III,3
78.5,11.2,III,3
78.6,11.2,III,3
78.7,11.2,III,3
78.8,11.2,III,3
78.9,11.2,III,3
79,11.2,III,3
79.1,11.2,III,3
79.2,11.2,III,3
79.3,11.2,III,3
79.4,11.2,III,3
79.5,11.2,III,3
79.6,11.2,III,3
79.7,11.2,III,3
79.8,11.2,III,3
91.9,11.2,V,5
92,11.2,V,5
92.1,11.2,V,5
92.2,11.2,V,5
92.3,11.2,V,5
92.4,11.2,V,5
92.5,11.2,V,5
92.6,11.2,V,5
92.7,11.2,V,5
92.8,11.2,V,5
92.9,11.2,V,5
93,11.2,V,5
93.1,11.2,V,5
93.2,11.2,V,5
93.3,11.2,V,5
93.4,11.2,V,5
71.4,11.3,II,2
71.5,11.3,II,2
71.6,11.3,II,2
71.7,11.3,II,2
71.8,11.3,II,2
71.9,11.3,II,2
72,11.3,II,2
72.1,11.3,II,2
72.2,11.3,II,2
72.3,11.3,II,2
72.4,11.3,II,2
72.5,11.3,II,2
72.6,11.3,II,2
72.7,11.3,II,2
72.8,11.3,II,2
72.9,11.3,II,2
73,11.3,II,2
73.1,11.3,II,2
73.2,11.3,II,2
73.3,11.3,II,2
73.4,11.3,II,2
73.5,11.3,II,2
73.6,11.3,II,2
73.7,11.3,II,2
73.8,11.3,II,2
73.9,11.3,II,2
74,11.3,II,2
74.1,11.3,II,2
74.2,11.3,II,2
75.8,11.3,III,3
75.9,11.3,III,3
76,11.3,III,3
76.1,11.3,III,3
76.2,11.3,III,3
76.3,11.3,III,3
76.4,11.3,III,3
76.5,11.3,III,3
76.6,11.3,III,3
76.7,11.3,III,3
76.8,11.3,III,3
76.9,11.3,III,3
77,11.3,III,3
77.1,11.3,III,3
77.2,11.3,III,3
77.3,11.3,III,3
77.4,11.3,III,3
77.5,11.3,III,3
77.6,11.3,III,3
77.7,11.3,III,3
77.8,11.3,III,3
77.9,11.3,III,3
78,11.3,III,3
78.1,11.3,III,3
78.2,11.3,III,3
78.3,11.3,III,3
78.4,11.3,III,3
78.5,11.3,III,3
78.6,11.3,III,3
78.7,11.3,III,3
78.8,11.3,III,3
78.9,11.3,III,3
79,11.3,III,3
79.1,11.3,III,3
79.2,11.3,III,3
79.3,11.3,III,3
79.4,11.3,III,3
79.5,11.3,III,3
79.6,11.3,III,3
79.7,11.3,III,3
79.8,11.3,III,3
91.9,11.3,V,5
92,11.3,V,5
92.1,11.3,V,5
92.2,11.3,V,5
92.3,11.3,V,5
92.4,11.3,V,5
92.5,11.3,V,5
92.6,11.3,V,5
92.7,11.3,V,5
92.8,11.3,V,5
92.9,11.3,V,5
93,11.3,V,5
93.1,11.3,V,5
93.2,11.3,V,5
93.3,11.3,V,5
93.4,11.3,V,5
71.4,11.4,II,2
71.5,11.4,II,2
71.6,11.4,II,2
71.7,11.4,II,2
71.8,11.4,II,2
71.9,11.4,II,2
72,11.4,II,2
72.1,11.4,II,2
72.2,11.4,II,2
72.3,11.4,II,2
72.4,11.4,II,2
72.5,11.4,II,2
72.6,11.4,II,2
72.7,11.4,II,2
72.8,11.4,II,2
72.9,11.4,II,2
73,11.4,II,2
73.1,11.4,II,2
73.2,11.4,II,2
73.3,11.4,II,2
73.4,11.4,II,2
73.5,11.4,II,2
73.6,11.4,II,2
73.7,11.4,II,2
73.8,11.4,II,2
73.9,11.4,II,2
74,11.4,II,2
74.1,11.4,II,2
74.2,11.4,II,2
75.8,11.4,III,3
75.9,11.4,III,3
76,11.4,III,3
76.1,11.4,III,3
76.2,11.4,III,3
76.3,11.4,III,3
76.4,11.4,III,3
76.5,11.4,III,3
76.6,11.4,III,3
76.7,11.4,III,3
76.8,11.4,III,3
76.9,11.4,III,3
77,11.4,III,3
77.1,11.4,III,3
77.2,11.4,III,3
77.3,11.4,III,3
77.4,11.4,III,3
77.5,11.4,III,3
77.6,11.4,III,3
77.7,11.4,III,3
77.8,11.4,III,3
77.9,11.4,III,3
78,11.4,III,3
78.1,11.4,III,3
78.2,11.4,III,3
78.3,11.4,III,3
78.4,11.4,III,3
78.5,11.4,III,3
78.6,11.4,III,3
78.7,11.4,III,3
78.8,11.4,III,3
78.9,11.4,III,3
79,11.4,III,3
79.1,11.4,III,3
79.2,11.4,III,3
79.3,11.4,III,3
79.4,11.4,III,3
79.5,11.4,III,3
79.6,11.4,III,3
79.7,11.4,III,3
79.8,11.4,III,3
91.9,11.4,V,5
92,11.4,V,5
92.1,11.4,V,5
92.2,11.4,V,5
92.3,11.4,V,5
92.4,11.4,V,5
92.5,11.4,V,5
92.6,11.4,V,5
92.7,11.4,V,5
92.8,11.4,V,5
92.9,11.4,V,5
93,11.4,V,5
93.1,11.4,V,5
93.2,11.4,V,5
93.3,11.4,V,5
93.4,11.4,V,5
93.5,11.4,V,5
71.4,11.5,II,2
71.5,11.5,II,2
71.6,11.5,II,2
71.7,11.5,II,2
71.8,11.5,II,2
71.9,11.5,II,2
72,11.5,II,2
72.1,11.5,II,2
72.2,11.5,II,2
72.3,11.5,II,2
72.4,11.5,II,2
72.5,11.5,II,2
72.6,11.5,II,2
72.7,11.5,II,2
72.8,11.5,II,2
72.9,11.5,II,2
73,11.5,II,2
73.1,11.5,II,2
73.2,11.5,II,2
73.3,11.5,II,2
73.4,11.5,II,2
73.5,11.5,II,2
73.6,11.5,II,2
73.7,11.5,II,2
73.8,11.5,II,2
73.9,11.5,II,2
74,11.5,II,2
74.1,11.5,II,2
75.7,11.5,III,3
75.8,11.5,III,3
75.9,11.5,III,3
76,11.5,III,3
76.1,11.5,III,3
76.2,11.5,III,3
76.3,11.5,II,2
76.4,11.5,II,2
76.5,11.5,II,2
76.6,11.5,II,2
76.7,11.5,II,2
76.8,11.5,II,2
76.9,11.5,III,3
77,11.5,III,3
77.1,11.5,III,3
77.2,11.5,III,3
77.3,11.5,III,3
77.4,11.5,III,3
77.5,11.5,III,3
77.6,11.5,III,3
77.7,11.5,III,3
77.8,11.5,III,3
77.9,11.5,III,3
78,11.5,III,3
78.1,11.5,III,3
78.2,11.5,III,3
78.3,11.5,III,3
78.4,11.5,III,3
78.5,11.5,III,3
78.6,11.5,III,3
78.7,11.5,III,3
78.8,11.5,III,3
78.9,11.5,III,3
79,11.5,III,3
79.1,11.5,III,3
79.2,11.5,III,3
79.3,11.5,III,3
79.4,11.5,III,3
79.5,11.5,III,3
79.6,11.5,III,3
79.7,11.5,III,3
92,11.5,V,5
92.1,11.5,V,5
92.2,11.5,V,5
92.3,11.5,V,5
92.4,11.5,V,5
92.5,11.5,V,5
92.6,11.5,V,5
92.7,11.5,V,5
92.8,11.5,V,5
92.9,11.5,V,5
93,11.5,V,5
93.1,11.5,V,5
93.2,11.5,V,5
93.3,11.5,V,5
93.4,11.5,V,5
93.5,11.5,V,5
71.3,11.6,II,2
71.4,11.6,II,2
71.5,11.6,II,2
71.6,11.6,II,2
71.7,11.6,II,2
71.8,11.6,II,2
71.9,11.6,II,2
72,11.6,II,2
72.1,11.6,II,2
72.2,11.6,II,2
72.3,11.6,II,2
72.4,11.6,II,2
72.5,11.6,II,2
72.6,11.6,II,2
72.7,11.6,II,2
72.8,11.6,II,2
72.9,11.6,II,2
73,11.6,II,2
73.1,11.6,II,2
73.2,11.6,II,2
73.3,11.6,II,2
73.4,11.6,II,2
73.5,11.6,II,2
73.6,11.6,II,2
73.7,11.6,II,2
73.8,11.6,II,2
73.9,11.6,II,2
74,11.6,II,2
74.1,11.6,II,2
75.6,11.6,III,3
75.7,11.6,III,3
75.8,11.6,III,3
75.9,11.6,II,2
76,11.6,II,2
76.1,11.6,II,2
76.2,11.6,II,2
76.3,11.6,II,2
76.4,11.6,II,2
76.5,11.6,II,2
76.6,11.6,II,2
76.7,11.6,II,2
76.8,11.6,II,2
76.9,11.6,II,2
77,11.6,II,2
77.1,11.6,II,2
77.2,11.6,II,2
77.3,11.6,II,2
77.4,11.6,III,3
77.5,11.6,III,3
77.6,11.6,III,3
77.7,11.6,III,3
77.8,11.6,III,3
77.9,11.6,III,3
78,11.6,III,3
78.1,11.6,III,3
78.2,11.6,III,3
78.3,11.6,III,3
78.4,11.6,III,3
78.5,11.6,III,3
78.6,11.6,III,3
78.7,11.6,III,3
78.8,11.6,III,3
78.9,11.6,III,3
79,11.6,III,3
79.1,11.6,III,3
79.2,11.6,III,3
79.3,11.6,III,3
79.4,11.6,III,3
79.5,11.6,III,3
79.6,11.6,III,3
79.7,11.6,III,3
92,11.6,V,5
92.1,11.6,V,5
92.2,11.6,V,5
92.3,11.6,V,5
92.4,11.6,V,5
92.5,11.6,V,5
92.6,11.6,V,5
92.7,11.6,V,5
92.8,11.6,V,5
92.9,11.6,V,5
93,11.6,V,5
93.1,11.6,V,5
93.2,11.6,V,5
93.3,11.6,V,5
93.4,11.6,V,5
93.5,11.6,V,5
93.6,11.6,V,5
71.3,11.7,II,2
71.4,11.7,II,2
71.5,11.7,II,2
71.6,11.7,II,2
71.7,11.7,II,2
71.8,11.7,II,2
71.9,11.7,II,2
72,11.7,II,2
72.1,11.7,II,2
72.2,11.7,II,2
72.3,11.7,II,2
72.4,11.7,II,2
72.5,11.7,II,2
72.6,11.7,II,2
72.7,11.7,II,2
72.8,11.7,II,2
72.9,11.7,II,2
73,11.7,II,2
73.1,11.7,II,2
73.2,11.7,II,2
73.3,11.7,II,2
73.4,11.7,II,2
73.5,11.7,II,2
73.6,11.7,II,2
73.7,11.7,II,2
73.8,11.7,II,2
73.9,11.7,II,2
74,11.7,II,2
75.6,11.7,III,3
75.7,11.7,II,2
75.8,11.7,II,2
75.9,11.7,II,2
76,11.7,II,2
76.1,11.7,II,2
76.2,11.7,II,2
76.3,11.7,II,2
76.4,11.7,II,2
76.5,11.7,II,2
76.6,11.7,II,2
76.7,11.7,II,2
76.8,11.7,II,2
76.9,11.7,II,2
77,11.7,II,2
77.1,11.7,II,2
77.2,11.7,II,2
77.3,11.7,II,2
77.4,11.7,II,2
77.5,11.7,II,2
77.6,11.7,III,3
77.7,11.7,III,3
77.8,11.7,III,3
77.9,11.7,III,3
78,11.7,III,3
78.1,11.7,III,3
78.2,11.7,III,3
78.3,11.7,III,3
78.4,11.7,III,3
78.5,11.7,III,3
78.6,11.7,III,3
78.7,11.7,III,3
78.8,11.7,III,3
78.9,11.7,III,3
79,11.7,III,3
79.1,11.7,III,3
79.2,11.7,III,3
79.3,11.7,III,3
79.4,11.7,III,3
79.5,11.7,III,3
79.6,11.7,III,3
79.7,11.7,III,3
92,11.7,V,5
92.1,11.7,V,5
92.2,11.7,V,5
92.3,11.7,V,5
92.4,11.7,V,5
92.5,11.7,V,5
92.6,11.7,V,5
92.7,11.7,V,5
92.8,11.7,V,5
92.9,11.7,V,5
93,11.7,V,5
93.1,11.7,V,5
93.2,11.7,V,5
93.3,11.7,V,5
93.4,11.7,V,5
93.5,11.7,V,5
93.6,11.7,V,5
93.7,11.7,V,5
71.3,11.8,II,2
71.4,11.8,II,2
71.5,11.8,II,2
71.6,11.8,II,2
71.7,11.8,II,2
71.8,11.8,II,2
71.9,11.8,II,2
72,11.8,II,2
72.1,11.8,II,2
72.2,11.8,II,2
72.3,11.8,II,2
72.4,11.8,II,2
72.5,11.8,II,2
72.6,11.8,II,2
72.7,11.8,II,2
72.8,11.8,II,2
72.9,11.8,II,2
73,11.8,II,2
73.1,11.8,II,2
73.2,11.8,II,2
73.3,11.8,II,2
73.4,11.8,II,2
73.5,11.8,II,2
73.6,11.8,II,2
73.7,11.8,II,2
73.8,11.8,II,2
73.9,11.8,II,2
92,11.8,V,5
92.1,11.8,V,5
92.2,11.8,V,5
92.3,11.8,V,5
92.4,11.8,V,5
92.5,11.8,V,5
92.6,11.8,V,5
92.7,11.8,V,5
92.8,11.8,V,5
92.9,11.8,V,5
93,11.8,V,5
93.1,11.8,V,5
93.2,11.8,V,5
93.3,11.8,V,5
93.4,11.8,V,5
93.5,11.8,V,5
93.6,11.8,V,5
93.7,11.8,V,5
71.3,11.9,II,2
71.4,11.9,II,2
71.5,11.9,II,2
71.6,11.9,II,2
71.7,11.9,II,2
71.8,11.9,II,2
71.9,11.9,II,2
72,11.9,II,2
72.1,11.9,II,2
72.2,11.9,II,2
72.3,11.9,II,2
72.4,11.9,II,2
72.5,11.9,II,2
72.6,11.9,II,2
72.7,11.9,II,2
72.8,11.9,II,2
72.9,11.9,II,2
73,11.9,II,2
73.1,11.9,II,2
73.2,11.9,II,2
73.3,11.9,II,2
73.4,11.9,II,2
73.5,11.9,II,2
73.6,11.9,II,2
73.7,11.9,II,2
73.8,11.9,II,2
73.9,11.9,III,3
92,11.9,V,5
92.1,11.9,V,5
92.2,11.9,V,5
92.3,11.9,V,5
92.4,11.9,V,5
92.5,11.9,V,5
92.6,11.9,V,5
92.7,11.9,V,5
92.8,11.9,V,5
92.9,11.9,V,5
93,11.9,V,5
93.1,11.9,V,5
93.2,11.9,V,5
93.3,11.9,V,5
93.4,11.9,V,5
93.5,11.9,V,5
93.6,11.9,V,5
93.7,11.9,V,5
93.8,11.9,V,5
71.3,12,II,2
71.4,12,II,2
71.5,12,II,2
71.6,12,II,2
71.7,12,II,2
71.8,12,II,2
71.9,12,II,2
72,12,II,2
72.1,12,II,2
72.2,12,II,2
72.3,12,II,2
72.4,12,II,2
72.5,12,II,2
72.6,12,II,2
72.7,12,II,2
72.8,12,II,2
72.9,12,II,2
73,12,II,2
73.1,12,II,2
73.2,12,II,2
73.3,12,II,2
73.4,12,II,2
73.5,12,II,2
73.6,12,II,2
73.7,12,II,2
92,12,V,5
92.1,12,V,5
92.2,12,V,5
92.3,12,V,5
92.4,12,V,5
92.5,12,V,5
92.6,12,V,5
92.7,12,V,5
92.8,12,V,5
92.9,12,V,5
93,12,V,5
93.1,12,V,5
93.2,12,V,5
93.3,12,V,5
93.4,12,V,5
93.5,12,V,5
93.6,12,V,5
93.7,12,V,5
93.8,12,V,5
93.9,12,V,5
71.3,12.1,II,2
71.4,12.1,II,2
71.5,12.1,II,2
71.6,12.1,II,2
71.7,12.1,II,2
71.8,12.1,II,2
71.9,12.1,II,2
72,12.1,II,2
72.1,12.1,II,2
72.2,12.1,II,2
72.3,12.1,II,2
72.4,12.1,II,2
72.5,12.1,II,2
72.6,12.1,II,2
72.7,12.1,II,2
72.8,12.1,II,2
72.9,12.1,II,2
73,12.1,II,2
73.1,12.1,II,2
73.2,12.1,II,2
73.3,12.1,II,2
73.4,12.1,II,2
73.5,12.1,II,2
73.6,12.1,II,2
75.2,12.1,III,3
75.3,12.1,II,2
75.4,12.1,II,2
75.5,12.1,II,2
75.6,12.1,II,2
75.7,12.1,II,2
75.8,12.1,II,2
75.9,12.1,II,2
76,12.1,II,2
76.1,12.1,II,2
76.2,12.1,II,2
76.3,12.1,II,2
76.4,12.1,II,2
76.5,12.1,II,2
76.6,12.1,II,2
76.7,12.1,II,2
76.8,12.1,II,2
76.9,12.1,II,2
77,12.1,II,2
77.1,12.1,II,2
77.2,12.1,II,2
77.3,12.1,II,2
77.4,12.1,II,2
77.5,12.1,II,2
77.6,12.1,II,2
77.7,12.1,II,2
77.8,12.1,II,2
77.9,12.1,II,2
78,12.1,II,2
78.1,12.1,II,2
78.2,12.1,III,3
78.3,12.1,III,3
78.4,12.1,III,3
78.5,12.1,III,3
78.6,12.1,III,3
78.7,12.1,III,3
78.8,12.1,III,3
78.9,12.1,III,3
79,12.1,III,3
79.1,12.1,III,3
79.2,12.1,III,3
79.3,12.1,III,3
79.4,12.1,III,3
79.5,12.1,III,3
79.6,12.1,III,3
79.7,12.1,III,3
79.8,12.1,III,3
79.9,12.1,III,3
92,12.1,V,5
92.1,12.1,V,5
92.2,12.1,V,5
92.3,12.1,V,5
92.4,12.1,V,5
92.5,12.1,V,5
92.6,12.1,V,5
92.7,12.1,V,5
92.8,12.1,V,5
92.9,12.1,V,5
93,12.1,V,5
93.1,12.1,V,5
93.2,12.1,V,5
93.3,12.1,V,5
93.4,12.1,V,5
93.5,12.1,V,5
93.6,12.1,V,5
93.7,12.1,V,5
93.8,12.1,V,5
93.9,12.1,V,5
71.3,12.2,II,2
71.4,12.2,II,2
71.5,12.2,II,2
71.6,12.2,II,2
71.7,12.2,II,2
71.8,12.2,II,2
71.9,12.2,II,2
72,12.2,II,2
72.1,12.2,II,2
72.2,12.2,II,2
72.3,12.2,II,2
72.4,12.2,II,2
72.5,12.2,II,2
72.6,12.2,II,2
72.7,12.2,II,2
72.8,12.2,II,2
72.9,12.2,II,2
73,12.2,II,2
73.1,12.2,II,2
73.2,12.2,II,2
73.3,12.2,II,2
73.4,12.2,II,2
75.2,12.2,II,2
75.3,12.2,II,2
75.4,12.2,II,2
75.5,12.2,II,2
75.6,12.2,II,2
75.7,12.2,II,2
75.8,12.2,II,2
75.9,12.2,II,2
76,12.2,II,2
76.1,12.2,II,2
76.2,12.2,II,2
76.3,12.2,II,2
76.4,12.2,II,2
76.5,12.2,II,2
76.6,12.2,II,2
76.7,12.2,II,2
76.8,12.2,II,2
76.9,12.2,II,2
77,12.2,II,2
77.1,12.2,II,2
77.2,12.2,II,2
77.3,12.2,II,2
77.4,12.2,II,2
77.5,12.2,II,2
77.6,12.2,II,2
77.7,12.2,II,2
77.8,12.2,II,2
77.9,12.2,II,2
78,12.2,II,2
78.1,12.2,II,2
78.2,12.2,II,2
78.3,12.2,III,3
78.4,12.2,III,3
78.5,12.2,III,3
78.6,12.2,III,3
78.7,12.2,III,3
78.8,12.2,III,3
78.9,12.2,III,3
79,12.2,III,3
79.1,12.2,III,3
79.2,12.2,III,3
79.3,12.2,III,3
79.4,12.2,III,3
79.5,12.2,III,3
79.6,12.2,III,3
79.7,12.2,III,3
79.8,12.2,III,3
79.9,12.2,III,3
92.1,12.2,V,5
92.2,12.2,V,5
92.3,12.2,V,5
92.4,12.2,V,5
92.5,12.2,V,5
92.6,12.2,V,5
92.7,12.2,V,5
92.8,12.2,V,5
92.9,12.2,V,5
93,12.2,V,5
93.1,12.2,V,5
93.2,12.2,V,5
93.3,12.2,V,5
93.4,12.2,V,5
93.5,12.2,V,5
93.6,12.2,V,5
93.7,12.2,V,5
93.8,12.2,V,5
93.9,12.2,V,5
94,12.2,V,5
71.4,12.3,II,2
71.5,12.3,II,2
71.6,12.3,II,2
71.7,12.3,II,2
71.8,12.3,II,2
71.9,12.3,II,2
72,12.3,II,2
72.1,12.3,II,2
72.2,12.3,II,2
72.3,12.3,II,2
72.4,12.3,II,2
72.5,12.3,II,2
72.6,12.3,II,2
72.7,12.3,II,2
72.8,12.3,II,2
72.9,12.3,II,2
73,12.3,II,2
73.1,12.3,II,2
75.1,12.3,II,2
75.2,12.3,II,2
75.3,12.3,II,2
75.4,12.3,II,2
75.5,12.3,II,2
75.6,12.3,II,2
75.7,12.3,II,2
75.8,12.3,II,2
75.9,12.3,II,2
76,12.3,II,2
76.1,12.3,II,2
76.2,12.3,II,2
76.3,12.3,II,2
76.4,12.3,II,2
76.5,12.3,II,2
76.6,12.3,II,2
76.7,12.3,II,2
76.8,12.3,II,2
76.9,12.3,II,2
77,12.3,II,2
77.1,12.3,II,2
77.2,12.3,II,2
77.3,12.3,II,2
77.4,12.3,II,2
77.5,12.3,II,2
77.6,12.3,II,2
77.7,12.3,II,2
77.8,12.3,II,2
77.9,12.3,II,2
78,12.3,II,2
78.1,12.3,II,2
78.2,12.3,II,2
78.3,12.3,II,2
78.4,12.3,III,3
78.5,12.3,III,3
78.6,12.3,III,3
78.7,12.3,III,3
78.8,12.3,III,3
78.9,12.3,III,3
79,12.3,III,3
79.1,12.3,III,3
79.2,12.3,III,3
79.3,12.3,III,3
79.4,12.3,III,3
79.5,12.3,III,3
79.6,12.3,III,3
79.7,12.3,III,3
79.8,12.3,III,3
79.9,12.3,III,3
80,12.3,III,3
92.1,12.3,V,5
92.2,12.3,V,5
92.3,12.3,V,5
92.4,12.3,V,5
92.5,12.3,V,5
92.6,12.3,V,5
92.7,12.3,V,5
92.8,12.3,V,5
92.9,12.3,V,5
93,12.3,V,5
93.1,12.3,V,5
93.2,12.3,V,5
93.3,12.3,V,5
93.4,12.3,V,5
93.5,12.3,V,5
93.6,12.3,V,5
93.7,12.3,V,5
93.8,12.3,V,5
93.9,12.3,V,5
94,12.3,V,5
94.1,12.3,V,5
71.5,12.4,II,2
71.6,12.4,II,2
71.7,12.4,II,2
71.8,12.4,II,2
71.9,12.4,II,2
72,12.4,II,2
72.1,12.4,II,2
72.2,12.4,II,2
72.3,12.4,II,2
72.4,12.4,II,2
72.5,12.4,II,2
72.6,12.4,II,2
75.1,12.4,II,2
75.2,12.4,II,2
75.3,12.4,II,2
75.4,12.4,II,2
75.5,12.4,II,2
75.6,12.4,II,2
75.7,12.4,II,2
75.8,12.4,II,2
75.9,12.4,II,2
76,12.4,II,2
76.1,12.4,II,2
76.2,12.4,II,2
76.3,12.4,II,2
76.4,12.4,II,2
76.5,12.4,II,2
76.6,12.4,II,2
76.7,12.4,II,2
76.8,12.4,II,2
76.9,12.4,II,2
77,12.4,II,2
77.1,12.4,II,2
77.2,12.4,II,2
77.3,12.4,II,2
77.4,12.4,II,2
77.5,12.4,II,2
77.6,12.4,II,2
77.7,12.4,II,2
77.8,12.4,II,2
77.9,12.4,II,2
78,12.4,II,2
78.1,12.4,II,2
78.2,12.4,II,2
78.3,12.4,II,2
78.4,12.4,II,2
78.5,12.4,III,3
78.6,12.4,III,3
78.7,12.4,III,3
78.8,12.4,III,3
78.9,12.4,III,3
79,12.4,III,3
79.1,12.4,III,3
79.2,12.4,III,3
79.3,12.4,III,3
79.4,12.4,III,3
79.5,12.4,III,3
79.6,12.4,III,3
79.7,12.4,III,3
79.8,12.4,III,3
79.9,12.4,III,3
80,12.4,III,3
80.1,12.4,III,3
92.1,12.4,V,5
92.2,12.4,V,5
92.3,12.4,V,5
92.4,12.4,V,5
92.5,12.4,V,5
92.6,12.4,V,5
92.7,12.4,V,5
92.8,12.4,V,5
92.9,12.4,V,5
93,12.4,V,5
93.1,12.4,V,5
93.2,12.4,V,5
93.3,12.4,V,5
93.4,12.4,V,5
93.5,12.4,V,5
93.6,12.4,V,5
93.7,12.4,V,5
93.8,12.4,V,5
93.9,12.4,V,5
94,12.4,V,5
94.1,12.4,V,5
71.7,12.5,II,2
71.8,12.5,II,2
71.9,12.5,II,2
72,12.5,II,2
72.1,12.5,II,2
72.2,12.5,II,2
72.3,12.5,II,2
75,12.5,II,2
75.1,12.5,II,2
75.2,12.5,II,2
75.3,12.5,II,2
75.4,12.5,II,2
75.5,12.5,II,2
75.6,12.5,II,2
75.7,12.5,II,2
75.8,12.5,II,2
75.9,12.5,II,2
76,12.5,II,2
76.1,12.5,II,2
76.2,12.5,II,2
76.3,12.5,II,2
76.4,12.5,II,2
76.5,12.5,II,2
76.6,12.5,II,2
76.7,12.5,II,2
76.8,12.5,II,2
76.9,12.5,II,2
77,12.5,II,2
77.1,12.5,II,2
77.2,12.5,II,2
77.3,12.5,II,2
77.4,12.5,II,2
77.5,12.5,II,2
77.6,12.5,II,2
77.7,12.5,II,2
77.8,12.5,II,2
77.9,12.5,II,2
78,12.5,II,2
78.1,12.5,II,2
78.2,12.5,II,2
78.3,12.5,II,2
78.4,12.5,II,2
78.5,12.5,II,2
78.6,12.5,III,3
78.7,12.5,III,3
78.8,12.5,III,3
78.9,12.5,III,3
79,12.5,III,3
79.1,12.5,III,3
79.2,12.5,III,3
79.3,12.5,III,3
79.4,12.5,III,3
79.5,12.5,III,3
79.6,12.5,III,3
79.7,12.5,III,3
79.8,12.5,III,3
79.9,12.5,III,3
80,12.5,III,3
80.1,12.5,III,3
92.1,12.5,V,5
92.2,12.5,V,5
92.3,12.5,V,5
92.4,12.5,V,5
92.5,12.5,V,5
92.6,12.5,V,5
92.7,12.5,V,5
92.8,12.5,V,5
92.9,12.5,V,5
93,12.5,V,5
93.1,12.5,V,5
93.2,12.5,V,5
93.3,12.5,V,5
93.4,12.5,V,5
93.5,12.5,V,5
93.6,12.5,V,5
93.7,12.5,V,5
93.8,12.5,V,5
93.9,12.5,V,5
94,12.5,V,5
94.1,12.5,V,5
75,12.6,II,2
75.1,12.6,II,2
75.2,12.6,II,2
75.3,12.6,II,2
75.4,12.6,II,2
75.5,12.6,II,2
75.6,12.6,II,2
75.7,12.6,II,2
75.8,12.6,II,2
75.9,12.6,II,2
76,12.6,II,2
76.1,12.6,II,2
76.2,12.6,II,2
76.3,12.6,II,2
76.4,12.6,II,2
76.5,12.6,II,2
76.6,12.6,II,2
76.7,12.6,II,2
76.8,12.6,II,2
76.9,12.6,II,2
77,12.6,II,2
77.1,12.6,II,2
77.2,12.6,II,2
77.3,12.6,II,2
77.4,12.6,II,2
77.5,12.6,II,2
77.6,12.6,II,2
77.7,12.6,II,2
77.8,12.6,II,2
77.9,12.6,II,2
78,12.6,II,2
78.1,12.6,II,2
78.2,12.6,II,2
78.3,12.6,II,2
78.4,12.6,II,2
78.5,12.6,II,2
78.6,12.6,II,2
78.7,12.6,III,3
78.8,12.6,III,3
78.9,12.6,III,3
79,12.6,III,3
79.1,12.6,III,3
79.2,12.6,III,3
79.3,12.6,III,3
79.4,12.6,III,3
79.5,12.6,III,3
79.6,12.6,III,3
79.7,12.6,III,3
79.8,12.6,III,3
79.9,12.6,III,3
80,12.6,III,3
80.1,12.6,III,3
92.2,12.6,V,5
92.3,12.6,V,5
92.4,12.6,V,5
92.5,12.6,V,5
92.6,12.6,V,5
92.7,12.6,V,5
92.8,12.6,V,5
92.9,12.6,V,5
93,12.6,V,5
93.1,12.6,V,5
93.2,12.6,V,5
93.3,12.6,V,5
93.4,12.6,V,5
93.5,12.6,V,5
93.6,12.6,V,5
93.7,12.6,V,5
93.8,12.6,V,5
93.9,12.6,V,5
94,12.6,V,5
94.1,12.6,V,5
94.2,12.6,V,5
74.9,12.7,III,3
75,12.7,II,2
75.1,12.7,II,2
75.2,12.7,II,2
75.3,12.7,II,2
75.4,12.7,II,2
75.5,12.7,II,2
75.6,12.7,II,2
75.7,12.7,II,2
75.8,12.7,II,2
75.9,12.7,II,2
76,12.7,II,2
76.1,12.7,II,2
76.2,12.7,II,2
76.3,12.7,II,2
76.4,12.7,II,2
76.5,12.7,II,2
76.6,12.7,II,2
76.7,12.7,II,2
76.8,12.7,II,2
76.9,12.7,II,2
77,12.7,II,2
77.1,12.7,II,2
77.2,12.7,II,2
77.3,12.7,II,2
77.4,12.7,II,2
77.5,12.7,II,2
77.6,12.7,II,2
77.7,12.7,II,2
77.8,12.7,II,2
77.9,12.7,II,2
78,12.7,II,2
78.1,12.7,II,2
78.2,12.7,II,2
78.3,12.7,II,2
78.4,12.7,II,2
78.5,12.7,II,2
78.6,12.7,II,2
78.7,12.7,III,3
78.8,12.7,III,3
78.9,12.7,III,3
79,12.7,III,3
79.1,12.7,III,3
79.2,12.7,III,3
79.3,12.7,III,3
79.4,12.7,III,3
79.5,12.7,III,3
79.6,12.7,III,3
79.7,12.7,III,3
79.8,12.7,III,3
79.9,12.7,III,3
80,12.7,III,3
80.1,12.7,III,3
80.2,12.7,III,3
92.2,12.7,V,5
92.3,12.7,V,5
92.4,12.7,V,5
92.5,12.7,V,5
92.6,12.7,V,5
92.7,12.7,V,5
92.8,12.7,V,5
92.9,12.7,V,5
93,12.7,V,5
93.1,12.7,V,5
93.2,12.7,V,5
93.3,12.7,V,5
93.4,12.7,V,5
93.5,12.7,V,5
93.6,12.7,V,5
93.7,12.7,V,5
93.8,12.7,V,5
93.9,12.7,V,5
94,12.7,V,5
94.1,12.7,V,5
94.2,12.7,V,5
74.9,12.8,II,2
75,12.8,II,2
75.1,12.8,II,2
75.2,12.8,II,2
75.3,12.8,II,2
75.4,12.8,II,2
75.5,12.8,II,2
75.6,12.8,II,2
75.7,12.8,II,2
75.8,12.8,II,2
75.9,12.8,II,2
76,12.8,II,2
76.1,12.8,II,2
76.2,12.8,II,2
76.3,12.8,II,2
76.4,12.8,II,2
76.5,12.8,II,2
76.6,12.8,II,2
76.7,12.8,II,2
76.8,12.8,II,2
76.9,12.8,II,2
77,12.8,II,2
77.1,12.8,II,2
77.2,12.8,II,2
77.3,12.8,II,2
77.4,12.8,II,2
77.5,12.8,II,2
77.6,12.8,II,2
77.7,12.8,II,2
77.8,12.8,II,2
77.9,12.8,II,2
78,12.8,II,2
78.1,12.8,II,2
78.2,12.8,II,2
78.3,12.8,II,2
78.4,12.8,II,2
78.5,12.8,II,2
78.6,12.8,II,2
78.7,12.8,II,2
78.8,12.8,III,3
78.9,12.8,III,3
79,12.8,III,3
79.1,12.8,III,3
79.2,12.8,III,3
79.3,12.8,III,3
79.4,12.8,III,3
79.5,12.8,III,3
79.6,12.8,III,3
79.7,12.8,III,3
79.8,12.8,III,3
79.9,12.8,III,3
80,12.8,III,3
80.1,12.8,III,3
80.2,12.8,III,3
92.3,12.8,V,5
92.4,12.8,V,5
92.5,12.8,V,5
92.6,12.8,V,5
92.7,12.8,V,5
92.8,12.8,V,5
92.9,12.8,V,5
93,12.8,V,5
93.1,12.8,V,5
93.2,12.8,V,5
93.3,12.8,V,5
93.4,12.8,V,5
93.5,12.8,V,5
93.6,12.8,V,5
93.7,12.8,V,5
93.8,12.8,V,5
93.9,12.8,V,5
94,12.8,V,5
94.1,12.8,V,5
94.2,12.8,V,5
94.3,12.8,V,5
74.9,12.9,II,2
75,12.9,II,2
75.1,12.9,II,2
75.2,12.9,II,2
75.3,12.9,II,2
75.4,12.9,II,2
75.5,12.9,II,2
75.6,12.9,II,2
75.7,12.9,II,2
75.8,12.9,II,2
75.9,12.9,II,2
76,12.9,II,2
76.1,12.9,II,2
76.2,12.9,II,2
76.3,12.9,II,2
76.4,12.9,II,2
76.5,12.9,II,2
76.6,12.9,II,2
76.7,12.9,II,2
76.8,12.9,II,2
76.9,12.9,II,2
77,12.9,II,2
77.1,12.9,II,2
77.2,12.9,II,2
77.3,12.9,II,2
77.4,12.9,II,2
77.5,12.9,II,2
77.6,12.9,II,2
77.7,12.9,II,2
77.8,12.9,II,2
77.9,12.9,II,2
78,12.9,II,2
78.1,12.9,II,2
78.2,12.9,II,2
78.3,12.9,II,2
78.4,12.9,II,2
78.5,12.9,II,2
78.6,12.9,II,2
78.7,12.9,II,2
78.8,12.9,II,2
78.9,12.9,III,3
79,12.9,III,3
79.1,12.9,III,3
79.2,12.9,III,3
79.3,12.9,III,3
79.4,12.9,III,3
79.5,12.9,III,3
79.6,12.9,III,3
79.7,12.9,III,3
79.8,12.9,III,3
79.9,12.9,III,3
80,12.9,III,3
80.1,12.9,III,3
80.2,12.9,III,3
92.3,12.9,V,5
92.4,12.9,V,5
92.5,12.9,V,5
92.6,12.9,V,5
92.7,12.9,V,5
92.8,12.9,V,5
92.9,12.9,V,5
93,12.9,V,5
93.1,12.9,V,5
93.2,12.9,V,5
93.3,12.9,V,5
93.4,12.9,V,5
93.5,12.9,V,5
93.6,12.9,V,5
93.7,12.9,V,5
93.8,12.9,V,5
93.9,12.9,V,5
94,12.9,V,5
94.1,12.9,V,5
94.2,12.9,V,5
94.3,12.9,V,5
74.8,13,III,3
74.9,13,II,2
75,13,II,2
75.1,13,II,2
75.2,13,II,2
75.3,13,II,2
75.4,13,II,2
75.5,13,II,2
75.6,13,II,2
75.7,13,II,2
75.8,13,II,2
75.9,13,II,2
76,13,II,2
76.1,13,II,2
76.2,13,II,2
76.3,13,II,2
76.4,13,II,2
76.5,13,II,2
76.6,13,II,2
76.7,13,II,2
76.8,13,II,2
76.9,13,II,2
77,13,II,2
77.1,13,II,2
77.2,13,II,2
77.3,13,II,2
77.4,13,II,2
77.5,13,II,2
77.6,13,II,2
77.7,13,II,2
77.8,13,II,2
77.9,13,II,2
78,13,II,2
78.1,13,II,2
78.2,13,II,2
78.3,13,II,2
78.4,13,II,2
78.5,13,II,2
78.6,13,II,2
78.7,13,II,2
78.8,13,II,2
78.9,13,III,3
79,13,III,3
79.1,13,III,3
79.2,13,III,3
79.3,13,III,3
79.4,13,III,3
79.5,13,III,3
79.6,13,III,3
79.7,13,III,3
79.8,13,III,3
79.9,13,III,3
80,13,III,3
80.1,13,III,3
80.2,13,III,3
92.4,13,V,5
92.5,13,V,5
92.6,13,V,5
92.7,13,V,5
92.8,13,V,5
92.9,13,V,5
93,13,V,5
93.1,13,V,5
93.2,13,V,5
93.3,13,V,5
93.4,13,V,5
93.5,13,V,5
93.6,13,V,5
93.7,13,V,5
93.8,13,V,5
93.9,13,V,5
94,13,V,5
94.1,13,V,5
94.2,13,V,5
94.3,13,V,5
74.8,13.1,II,2
74.9,13.1,II,2
75,13.1,II,2
75.1,13.1,II,2
75.2,13.1,II,2
75.3,13.1,II,2
75.4,13.1,II,2
75.5,13.1,II,2
75.6,13.1,II,2
75.7,13.1,II,2
75.8,13.1,II,2
75.9,13.1,II,2
76,13.1,II,2
76.1,13.1,II,2
76.2,13.1,II,2
76.3,13.1,II,2
76.4,13.1,II,2
76.5,13.1,II,2
76.6,13.1,II,2
76.7,13.1,II,2
76.8,13.1,II,2
76.9,13.1,II,2
77,13.1,II,2
77.1,13.1,II,2
77.2,13.1,II,2
77.3,13.1,II,2
77.4,13.1,II,2
77.5,13.1,II,2
77.6,13.1,II,2
77.7,13.1,II,2
77.8,13.1,II,2
77.9,13.1,II,2
78,13.1,II,2
78.1,13.1,II,2
78.2,13.1,II,2
78.3,13.1,II,2
78.4,13.1,II,2
78.5,13.1,II,2
78.6,13.1,II,2
78.7,13.1,II,2
78.8,13.1,II,2
78.9,13.1,II,2
79,13.1,III,3
79.1,13.1,III,3
79.2,13.1,III,3
79.3,13.1,III,3
79.4,13.1,III,3
79.5,13.1,III,3
79.6,13.1,III,3
79.7,13.1,III,3
79.8,13.1,III,3
79.9,13.1,III,3
80,13.1,III,3
80.1,13.1,III,3
80.2,13.1,III,3
80.3,13.1,III,3
92.4,13.1,V,5
92.5,13.1,V,5
92.6,13.1,V,5
92.7,13.1,V,5
92.8,13.1,V,5
92.9,13.1,V,5
93,13.1,V,5
93.1,13.1,V,5
93.2,13.1,V,5
93.3,13.1,V,5
93.4,13.1,V,5
93.5,13.1,V,5
93.6,13.1,V,5
93.7,13.1,V,5
93.8,13.1,V,5
93.9,13.1,V,5
94,13.1,V,5
94.1,13.1,V,5
94.2,13.1,V,5
94.3,13.1,V,5
74.8,13.2,II,2
74.9,13.2,II,2
75,13.2,II,2
75.1,13.2,II,2
75.2,13.2,II,2
75.3,13.2,II,2
75.4,13.2,II,2
75.5,13.2,II,2
75.6,13.2,II,2
75.7,13.2,II,2
75.8,13.2,II,2
75.9,13.2,II,2
76,13.2,II,2
76.1,13.2,II,2
76.2,13.2,II,2
76.3,13.2,II,2
76.4,13.2,II,2
76.5,13.2,II,2
76.6,13.2,II,2
76.7,13.2,II,2
76.8,13.2,II,2
76.9,13.2,II,2
77,13.2,II,2
77.1,13.2,II,2
77.2,13.2,II,2
77.3,13.2,II,2
77.4,13.2,II,2
77.5,13.2,II,2
77.6,13.2,II,2
77.7,13.2,II,2
77.8,13.2,II,2
77.9,13.2,II,2
78,13.2,II,2
78.1,13.2,II,2
78.2,13.2,II,2
78.3,13.2,II,2
78.4,13.2,II,2
78.5,13.2,II,2
78.6,13.2,II,2
78.7,13.2,II,2
78.8,13.2,II,2
78.9,13.2,II,2
79,13.2,III,3
79.1,13.2,III,3
79.2,13.2,III,3
79.3,13.2,III,3
79.4,13.2,III,3
79.5,13.2,III,3
79.6,13.2,III,3
79.7,13.2,III,3
79.8,13.2,III,3
79.9,13.2,III,3
80,13.2,III,3
80.1,13.2,III,3
80.2,13.2,III,3
80.3,13.2,III,3
92.5,13.2,V,5
92.6,13.2,V,5
92.7,13.2,V,5
92.8,13.2,V,5
92.9,13.2,V,5
93,13.2,V,5
93.1,13.2,V,5
93.2,13.2,V,5
93.3,13.2,V,5
93.4,13.2,V,5
93.5,13.2,V,5
93.6,13.2,V,5
93.7,13.2,V,5
93.8,13.2,V,5
93.9,13.2,V,5
94,13.2,V,5
94.1,13.2,V,5
94.2,13.2,V,5
94.3,13.2,V,5
74.8,13.3,II,2
74.9,13.3,II,2
75,13.3,II,2
75.1,13.3,II,2
75.2,13.3,II,2
75.3,13.3,II,2
75.4,13.3,II,2
75.5,13.3,II,2
75.6,13.3,II,2
75.7,13.3,II,2
75.8,13.3,II,2
75.9,13.3,II,2
76,13.3,II,2
76.1,13.3,II,2
76.2,13.3,II,2
76.3,13.3,II,2
76.4,13.3,II,2
76.5,13.3,II,2
76.6,13.3,II,2
76.7,13.3,II,2
76.8,13.3,II,2
76.9,13.3,II,2
77,13.3,II,2
77.1,13.3,II,2
77.2,13.3,II,2
77.3,13.3,II,2
77.4,13.3,II,2
77.5,13.3,II,2
77.6,13.3,II,2
77.7,13.3,II,2
77.8,13.3,II,2
77.9,13.3,II,2
78,13.3,II,2
78.1,13.3,II,2
78.2,13.3,II,2
78.3,13.3,II,2
78.4,13.3,II,2
78.5,13.3,II,2
78.6,13.3,II,2
78.7,13.3,II,2
78.8,13.3,II,2
78.9,13.3,II,2
79,13.3,III,3
79.1,13.3,III,3
79.2,13.3,III,3
79.3,13.3,III,3
79.4,13.3,III,3
79.5,13.3,III,3
79.6,13.3,III,3
79.7,13.3,III,3
79.8,13.3,III,3
79.9,13.3,III,3
80,13.3,III,3
80.1,13.3,III,3
80.2,13.3,III,3
80.3,13.3,III,3
92.5,13.3,V,5
92.6,13.3,V,5
92.7,13.3,V,5
92.8,13.3,V,5
92.9,13.3,V,5
93,13.3,V,5
93.1,13.3,V,5
93.2,13.3,V,5
93.3,13.3,V,5
93.4,13.3,V,5
93.5,13.3,V,5
93.6,13.3,V,5
93.7,13.3,V,5
93.8,13.3,V,5
93.9,13.3,V,5
94,13.3,V,5
94.1,13.3,V,5
94.2,13.3,V,5
94.3,13.3,V,5
94.4,13.3,V,5
74.7,13.4,II,2
74.8,13.4,II,2
74.9,13.4,II,2
75,13.4,II,2
75.1,13.4,II,2
75.2,13.4,II,2
75.3,13.4,II,2
75.4,13.4,II,2
75.5,13.4,II,2
75.6,13.4,II,2
75.7,13.4,II,2
75.8,13.4,II,2
75.9,13.4,II,2
76,13.4,II,2
76.1,13.4,II,2
76.2,13.4,II,2
76.3,13.4,II,2
76.4,13.4,II,2
76.5,13.4,II,2
76.6,13.4,II,2
76.7,13.4,II,2
76.8,13.4,II,2
76.9,13.4,II,2
77,13.4,II,2
77.1,13.4,II,2
77.2,13.4,II,2
77.3,13.4,II,2
77.4,13.4,II,2
77.5,13.4,II,2
77.6,13.4,II,2
77.7,13.4,II,2
77.8,13.4,II,2
77.9,13.4,II,2
78,13.4,II,2
78.1,13.4,II,2
78.2,13.4,II,2
78.3,13.4,II,2
78.4,13.4,II,2
78.5,13.4,II,2
78.6,13.4,II,2
78.7,13.4,II,2
78.8,13.4,II,2
78.9,13.4,II,2
79,13.4,II,2
79.1,13.4,III,3
79.2,13.4,III,3
79.3,13.4,III,3
79.4,13.4,III,3
79.5,13.4,III,3
79.6,13.4,III,3
79.7,13.4,III,3
79.8,13.4,III,3
79.9,13.4,III,3
80,13.4,III,3
80.1,13.4,III,3
80.2,13.4,III,3
92.6,13.4,V,5
92.7,13.4,V,5
92.8,13.4,V,5
92.9,13.4,V,5
93,13.4,V,5
93.1,13.4,V,5
93.2,13.4,V,5
93.3,13.4,V,5
93.4,13.4,V,5
93.5,13.4,V,5
93.6,13.4,V,5
93.7,13.4,V,5
93.8,13.4,V,5
93.9,13.4,V,5
94,13.4,V,5
94.1,13.4,V,5
94.2,13.4,V,5
94.3,13.4,V,5
94.4,13.4,V,5
74.7,13.5,II,2
74.8,13.5,II,2
74.9,13.5,II,2
75,13.5,II,2
75.1,13.5,II,2
75.2,13.5,II,2
75.3,13.5,II,2
75.4,13.5,II,2
75.5,13.5,II,2
75.6,13.5,II,2
75.7,13.5,II,2
75.8,13.5,II,2
75.9,13.5,II,2
76,13.5,II,2
76.1,13.5,II,2
76.2,13.5,II,2
76.3,13.5,II,2
76.4,13.5,II,2
76.5,13.5,II,2
76.6,13.5,II,2
76.7,13.5,II,2
76.8,13.5,II,2
76.9,13.5,II,2
77,13.5,II,2
77.1,13.5,II,2
77.2,13.5,II,2
77.3,13.5,II,2
77.4,13.5,II,2
77.5,13.5,II,2
77.6,13.5,II,2
77.7,13.5,II,2
77.8,13.5,II,2
77.9,13.5,II,2
78,13.5,II,2
78.1,13.5,II,2
78.2,13.5,II,2
78.3,13.5,II,2
78.4,13.5,II,2
78.5,13.5,II,2
78.6,13.5,II,2
78.7,13.5,II,2
78.8,13.5,II,2
78.9,13.5,II,2
79,13.5,II,2
79.1,13.5,III,3
79.2,13.5,III,3
79.3,13.5,III,3
79.4,13.5,III,3
79.5,13.5,III,3
79.6,13.5,III,3
79.7,13.5,III,3
79.8,13.5,III,3
79.9,13.5,III,3
80,13.5,III,3
80.1,13.5,III,3
80.2,13.5,III,3
92.6,13.5,V,5
92.7,13.5,V,5
92.8,13.5,V,5
92.9,13.5,V,5
93,13.5,V,5
93.1,13.5,V,5
93.2,13.5,V,5
93.3,13.5,V,5
93.4,13.5,V,5
93.5,13.5,V,5
93.6,13.5,V,5
93.7,13.5,V,5
93.8,13.5,V,5
93.9,13.5,V,5
94,13.5,V,5
94.1,13.5,V,5
94.2,13.5,V,5
94.3,13.5,V,5
94.4,13.5,V,5
74.7,13.6,II,2
74.8,13.6,II,2
74.9,13.6,II,2
75,13.6,II,2
75.1,13.6,II,2
75.2,13.6,II,2
75.3,13.6,II,2
75.4,13.6,II,2
75.5,13.6,II,2
75.6,13.6,II,2
75.7,13.6,II,2
75.8,13.6,II,2
75.9,13.6,II,2
76,13.6,II,2
76.1,13.6,II,2
76.2,13.6,II,2
76.3,13.6,II,2
76.4,13.6,II,2
76.5,13.6,II,2
76.6,13.6,II,2
76.7,13.6,II,2
76.8,13.6,II,2
76.9,13.6,II,2
77,13.6,II,2
77.1,13.6,II,2
77.2,13.6,II,2
77.3,13.6,II,2
77.4,13.6,II,2
77.5,13.6,II,2
77.6,13.6,II,2
77.7,13.6,II,2
77.8,13.6,II,2
77.9,13.6,II,2
78,13.6,II,2
78.1,13.6,II,2
78.2,13.6,II,2
78.3,13.6,II,2
78.4,13.6,II,2
78.5,13.6,II,2
78.6,13.6,II,2
78.7,13.6,II,2
78.8,13.6,II,2
78.9,13.6,II,2
79,13.6,II,2
79.1,13.6,II,2
79.2,13.6,III,3
79.3,13.6,III,3
79.4,13.6,III,3
79.5,13.6,III,3
79.6,13.6,III,3
79.7,13.6,III,3
79.8,13.6,III,3
79.9,13.6,III,3
80,13.6,III,3
80.1,13.6,III,3
80.2,13.6,III,3
92.7,13.6,V,5
92.8,13.6,V,5
92.9,13.6,V,5
93,13.6,V,5
93.1,13.6,V,5
93.2,13.6,V,5
93.3,13.6,V,5
93.4,13.6,V,5
93.5,13.6,V,5
93.6,13.6,V,5
93.7,13.6,V,5
93.8,13.6,V,5
93.9,13.6,V,5
94,13.6,V,5
94.1,13.6,V,5
94.2,13.6,V,5
94.3,13.6,V,5
94.4,13.6,V,5
74.7,13.7,II,2
74.8,13.7,II,2
74.9,13.7,II,2
75,13.7,II,2
75.1,13.7,II,2
75.2,13.7,II,2
75.3,13.7,II,2
75.4,13.7,II,2
75.5,13.7,II,2
75.6,13.7,II,2
75.7,13.7,II,2
75.8,13.7,II,2
75.9,13.7,II,2
76,13.7,II,2
76.1,13.7,II,2
76.2,13.7,II,2
76.3,13.7,II,2
76.4,13.7,II,2
76.5,13.7,II,2
76.6,13.7,II,2
76.7,13.7,II,2
76.8,13.7,II,2
76.9,13.7,II,2
77,13.7,II,2
77.1,13.7,II,2
77.2,13.7,II,2
77.3,13.7,II,2
77.4,13.7,II,2
77.5,13.7,II,2
77.6,13.7,II,2
77.7,13.7,II,2
77.8,13.7,II,2
77.9,13.7,II,2
78,13.7,II,2
78.1,13.7,II,2
78.2,13.7,II,2
78.3,13.7,II,2
78.4,13.7,II,2
78.5,13.7,II,2
78.6,13.7,II,2
78.7,13.7,II,2
78.8,13.7,II,2
78.9,13.7,II,2
79,13.7,II,2
79.1,13.7,II,2
79.2,13.7,III,3
79.3,13.7,III,3
79.4,13.7,III,3
79.5,13.7,III,3
79.6,13.7,III,3
79.7,13.7,III,3
79.8,13.7,III,3
79.9,13.7,III,3
80,13.7,III,3
80.1,13.7,III,3
80.2,13.7,III,3
92.7,13.7,V,5
92.8,13.7,V,5
92.9,13.7,V,5
93,13.7,V,5
93.1,13.7,V,5
93.2,13.7,V,5
93.3,13.7,V,5
93.4,13.7,V,5
93.5,13.7,V,5
93.6,13.7,V,5
93.7,13.7,V,5
93.8,13.7,V,5
93.9,13.7,V,5
94,13.7,V,5
94.1,13.7,V,5
94.2,13.7,V,5
94.3,13.7,V,5
94.4,13.7,V,5
74.7,13.8,II,2
74.8,13.8,II,2
74.9,13.8,II,2
75,13.8,II,2
75.1,13.8,II,2
75.2,13.8,II,2
75.3,13.8,II,2
75.4,13.8,II,2
75.5,13.8,II,2
75.6,13.8,II,2
75.7,13.8,II,2
75.8,13.8,II,2
75.9,13.8,II,2
76,13.8,II,2
76.1,13.8,II,2
76.2,13.8,II,2
76.3,13.8,II,2
76.4,13.8,II,2
76.5,13.8,II,2
76.6,13.8,II,2
76.7,13.8,II,2
76.8,13.8,II,2
76.9,13.8,II,2
77,13.8,II,2
77.1,13.8,II,2
77.2,13.8,II,2
77.3,13.8,II,2
77.4,13.8,II,2
77.5,13.8,II,2
77.6,13.8,II,2
77.7,13.8,II,2
77.8,13.8,II,2
77.9,13.8,II,2
78,13.8,II,2
78.1,13.8,II,2
78.2,13.8,II,2
78.3,13.8,II,2
78.4,13.8,II,2
78.5,13.8,II,2
78.6,13.8,II,2
78.7,13.8,II,2
78.8,13.8,II,2
78.9,13.8,II,2
79,13.8,II,2
79.1,13.8,II,2
79.2,13.8,III,3
79.3,13.8,III,3
79.4,13.8,III,3
79.5,13.8,III,3
79.6,13.8,III,3
79.7,13.8,III,3
79.8,13.8,III,3
79.9,13.8,III,3
80,13.8,III,3
80.1,13.8,III,3
80.2,13.8,III,3
92.7,13.8,V,5
92.8,13.8,V,5
92.9,13.8,V,5
93,13.8,V,5
93.1,13.8,V,5
93.2,13.8,V,5
93.3,13.8,V,5
93.4,13.8,V,5
93.5,13.8,V,5
93.6,13.8,V,5
93.7,13.8,V,5
93.8,13.8,V,5
93.9,13.8,V,5
94,13.8,V,5
94.1,13.8,V,5
94.2,13.8,V,5
94.3,13.8,V,5
94.4,13.8,V,5
74.6,13.9,II,2
74.7,13.9,II,2
74.8,13.9,II,2
74.9,13.9,II,2
75,13.9,II,2
75.1,13.9,II,2
75.2,13.9,II,2
75.3,13.9,II,2
75.4,13.9,II,2
75.5,13.9,II,2
75.6,13.9,II,2
75.7,13.9,II,2
75.8,13.9,II,2
75.9,13.9,II,2
76,13.9,II,2
76.1,13.9,II,2
76.2,13.9,II,2
76.3,13.9,II,2
76.4,13.9,II,2
76.5,13.9,II,2
76.6,13.9,II,2
76.7,13.9,II,2
76.8,13.9,II,2
76.9,13.9,II,2
77,13.9,II,2
77.1,13.9,II,2
77.2,13.9,II,2
77.3,13.9,II,2
77.4,13.9,II,2
77.5,13.9,II,2
77.6,13.9,II,2
77.7,13.9,II,2
77.8,13.9,II,2
77.9,13.9,II,2
78,13.9,II,2
78.1,13.9,II,2
78.2,13.9,II,2
78.3,13.9,II,2
78.4,13.9,II,2
78.5,13.9,II,2
78.6,13.9,II,2
78.7,13.9,II,2
78.8,13.9,II,2
78.9,13.9,II,2
79,13.9,II,2
79.1,13.9,II,2
79.2,13.9,III,3
79.3,13.9,III,3
79.4,13.9,III,3
79.5,13.9,III,3
79.6,13.9,III,3
79.7,13.9,III,3
79.8,13.9,III,3
79.9,13.9,III,3
80,13.9,III,3
80.1,13.9,III,3
80.2,13.9,III,3
92.8,13.9,V,5
92.9,13.9,V,5
93,13.9,V,5
93.1,13.9,V,5
93.2,13.9,V,5
93.3,13.9,V,5
93.4,13.9,V,5
93.5,13.9,V,5
93.6,13.9,V,5
93.7,13.9,V,5
93.8,13.9,V,5
93.9,13.9,V,5
94,13.9,V,5
94.1,13.9,V,5
94.2,13.9,V,5
94.3,13.9,V,5
94.4,13.9,V,5
74.6,14,II,2
74.7,14,II,2
74.8,14,II,2
74.9,14,II,2
75,14,II,2
75.1,14,II,2
75.2,14,II,2
75.3,14,II,2
75.4,14,II,2
75.5,14,II,2
75.6,14,II,2
75.7,14,II,2
75.8,14,II,2
75.9,14,II,2
76,14,II,2
76.1,14,II,2
76.2,14,II,2
76.3,14,II,2
76.4,14,II,2
76.5,14,II,2
76.6,14,II,2
76.7,14,II,2
76.8,14,II,2
76.9,14,II,2
77,14,II,2
77.1,14,II,2
77.2,14,II,2
77.3,14,II,2
77.4,14,II,2
77.5,14,II,2
77.6,14,II,2
77.7,14,II,2
77.8,14,II,2
77.9,14,II,2
78,14,II,2
78.1,14,II,2
78.2,14,II,2
78.3,14,II,2
78.4,14,II,2
78.5,14,II,2
78.6,14,II,2
78.7,14,II,2
78.8,14,II,2
78.9,14,II,2
79,14,II,2
79.1,14,II,2
79.2,14,II,2
79.3,14,III,3
79.4,14,III,3
79.5,14,III,3
79.6,14,III,3
79.7,14,III,3
79.8,14,III,3
79.9,14,III,3
80,14,III,3
80.1,14,III,3
92.8,14,V,5
92.9,14,V,5
93,14,V,5
93.1,14,V,5
93.2,14,V,5
93.3,14,V,5
93.4,14,V,5
93.5,14,V,5
93.6,14,V,5
93.7,14,V,5
93.8,14,V,5
93.9,14,V,5
94,14,V,5
94.1,14,V,5
94.2,14,V,5
94.3,14,V,5
94.4,14,V,5
74.5,14.1,II,2
74.6,14.1,II,2
74.7,14.1,II,2
74.8,14.1,II,2
74.9,14.1,II,2
75,14.1,II,2
75.1,14.1,II,2
75.2,14.1,II,2
75.3,14.1,II,2
75.4,14.1,II,2
75.5,14.1,II,2
75.6,14.1,II,2
75.7,14.1,II,2
75.8,14.1,II,2
75.9,14.1,II,2
76,14.1,II,2
76.1,14.1,II,2
76.2,14.1,II,2
76.3,14.1,II,2
76.4,14.1,II,2
76.5,14.1,II,2
76.6,14.1,II,2
76.7,14.1,II,2
76.8,14.1,II,2
76.9,14.1,II,2
77,14.1,II,2
77.1,14.1,II,2
77.2,14.1,II,2
77.3,14.1,II,2
77.4,14.1,II,2
77.5,14.1,II,2
77.6,14.1,II,2
77.7,14.1,II,2
77.8,14.1,II,2
77.9,14.1,II,2
78,14.1,II,2
78.1,14.1,II,2
78.2,14.1,II,2
78.3,14.1,II,2
78.4,14.1,II,2
78.5,14.1,II,2
78.6,14.1,II,2
78.7,14.1,II,2
78.8,14.1,II,2
78.9,14.1,II,2
79,14.1,II,2
79.1,14.1,II,2
79.2,14.1,II,2
79.3,14.1,III,3
79.4,14.1,III,3
79.5,14.1,III,3
79.6,14.1,III,3
79.7,14.1,III,3
79.8,14.1,III,3
79.9,14.1,III,3
80,14.1,III,3
80.1,14.1,III,3
92.8,14.1,V,5
92.9,14.1,V,5
93,14.1,V,5
93.1,14.1,V,5
93.2,14.1,V,5
93.3,14.1,V,5
93.4,14.1,V,5
93.5,14.1,V,5
93.6,14.1,V,5
93.7,14.1,V,5
93.8,14.1,V,5
93.9,14.1,V,5
94,14.1,V,5
94.1,14.1,V,5
94.2,14.1,V,5
94.3,14.1,V,5
74.5,14.2,II,2
74.6,14.2,II,2
74.7,14.2,II,2
74.8,14.2,II,2
74.9,14.2,II,2
75,14.2,II,2
75.1,14.2,II,2
75.2,14.2,II,2
75.3,14.2,II,2
75.4,14.2,II,2
75.5,14.2,II,2
75.6,14.2,II,2
75.7,14.2,II,2
75.8,14.2,II,2
75.9,14.2,II,2
76,14.2,II,2
76.1,14.2,II,2
76.2,14.2,II,2
76.3,14.2,II,2
76.4,14.2,II,2
76.5,14.2,II,2
76.6,14.2,II,2
76.7,14.2,II,2
76.8,14.2,II,2
76.9,14.2,II,2
77,14.2,II,2
77.1,14.2,II,2
77.2,14.2,II,2
77.3,14.2,II,2
77.4,14.2,II,2
77.5,14.2,II,2
77.6,14.2,II,2
77.7,14.2,II,2
77.8,14.2,II,2
77.9,14.2,II,2
78,14.2,II,2
78.1,14.2,II,2
78.2,14.2,II,2
78.3,14.2,II,2
78.4,14.2,II,2
78.5,14.2,II,2
78.6,14.2,II,2
78.7,14.2,II,2
78.8,14.2,II,2
78.9,14.2,II,2
79,14.2,II,2
79.1,14.2,II,2
79.2,14.2,II,2
79.3,14.2,III,3
79.4,14.2,III,3
79.5,14.2,III,3
79.6,14.2,III,3
79.7,14.2,III,3
79.8,14.2,III,3
79.9,14.2,III,3
80,14.2,III,3
80.1,14.2,III,3
92.9,14.2,V,5
93,14.2,V,5
93.1,14.2,V,5
93.2,14.2,V,5
93.3,14.2,V,5
93.4,14.2,V,5
93.5,14.2,V,5
93.6,14.2,V,5
93.7,14.2,V,5
93.8,14.2,V,5
93.9,14.2,V,5
94,14.2,V,5
94.1,14.2,V,5
94.2,14.2,V,5
94.3,14.2,V,5
74.5,14.3,II,2
74.6,14.3,II,2
74.7,14.3,II,2
74.8,14.3,II,2
74.9,14.3,II,2
75,14.3,II,2
75.1,14.3,II,2
75.2,14.3,II,2
75.3,14.3,II,2
75.4,14.3,II,2
75.5,14.3,II,2
75.6,14.3,II,2
75.7,14.3,II,2
75.8,14.3,II,2
75.9,14.3,II,2
76,14.3,II,2
76.1,14.3,II,2
76.2,14.3,II,2
76.3,14.3,II,2
76.4,14.3,II,2
76.5,14.3,II,2
76.6,14.3,II,2
76.7,14.3,II,2
76.8,14.3,II,2
76.9,14.3,II,2
77,14.3,II,2
77.1,14.3,II,2
77.2,14.3,II,2
77.3,14.3,II,2
77.4,14.3,II,2
77.5,14.3,II,2
77.6,14.3,II,2
77.7,14.3,II,2
77.8,14.3,II,2
77.9,14.3,II,2
78,14.3,II,2
78.1,14.3,II,2
78.2,14.3,II,2
78.3,14.3,II,2
78.4,14.3,II,2
78.5,14.3,II,2
78.6,14.3,II,2
78.7,14.3,II,2
78.8,14.3,II,2
78.9,14.3,II,2
79,14.3,II,2
79.1,14.3,II,2
79.2,14.3,II,2
79.3,14.3,III,3
79.4,14.3,III,3
79.5,14.3,III,3
79.6,14.3,III,3
79.7,14.3,III,3
79.8,14.3,III,3
79.9,14.3,III,3
80,14.3,III,3
80.1,14.3,III,3
92.9,14.3,V,5
93,14.3,V,5
93.1,14.3,V,5
93.2,14.3,V,5
93.3,14.3,V,5
93.4,14.3,V,5
93.5,14.3,V,5
93.6,14.3,V,5
93.7,14.3,V,5
93.8,14.3,V,5
93.9,14.3,V,5
94,14.3,V,5
94.1,14.3,V,5
94.2,14.3,V,5
94.3,14.3,V,5
74.4,14.4,II,2
74.5,14.4,II,2
74.6,14.4,II,2
74.7,14.4,II,2
74.8,14.4,II,2
74.9,14.4,II,2
75,14.4,II,2
75.1,14.4,II,2
75.2,14.4,II,2
75.3,14.4,II,2
75.4,14.4,II,2
75.5,14.4,II,2
75.6,14.4,II,2
75.7,14.4,II,2
75.8,14.4,II,2
75.9,14.4,II,2
76,14.4,II,2
76.1,14.4,II,2
76.2,14.4,II,2
76.3,14.4,II,2
76.4,14.4,II,2
76.5,14.4,II,2
76.6,14.4,II,2
76.7,14.4,II,2
76.8,14.4,II,2
76.9,14.4,II,2
77,14.4,II,2
77.1,14.4,II,2
77.2,14.4,II,2
77.3,14.4,II,2
77.4,14.4,II,2
77.5,14.4,II,2
77.6,14.4,II,2
77.7,14.4,II,2
77.8,14.4,II,2
77.9,14.4,II,2
78,14.4,II,2
78.1,14.4,II,2
78.2,14.4,II,2
78.3,14.4,II,2
78.4,14.4,II,2
78.5,14.4,II,2
78.6,14.4,II,2
78.7,14.4,II,2
78.8,14.4,II,2
78.9,14.4,II,2
79,14.4,II,2
79.1,14.4,II,2
79.2,14.4,II,2
79.3,14.4,III,3
79.4,14.4,III,3
79.5,14.4,III,3
79.6,14.4,III,3
79.7,14.4,III,3
79.8,14.4,III,3
79.9,14.4,III,3
80,14.4,III,3
80.1,14.4,III,3
92.9,14.4,V,5
93,14.4,V,5
93.1,14.4,V,5
93.2,14.4,V,5
93.3,14.4,V,5
93.4,14.4,V,5
93.5,14.4,V,5
93.6,14.4,V,5
93.7,14.4,V,5
93.8,14.4,V,5
93.9,14.4,V,5
94,14.4,V,5
94.1,14.4,V,5
94.2,14.4,V,5
94.3,14.4,V,5
74.4,14.5,II,2
74.5,14.5,II,2
74.6,14.5,II,2
74.7,14.5,II,2
74.8,14.5,II,2
74.9,14.5,II,2
75,14.5,II,2
75.1,14.5,II,2
75.2,14.5,II,2
75.3,14.5,II,2
75.4,14.5,II,2
75.5,14.5,II,2
75.6,14.5,II,2
75.7,14.5,II,2
75.8,14.5,II,2
75.9,14.5,II,2
76,14.5,II,2
76.1,14.5,II,2
76.2,14.5,II,2
76.3,14.5,II,2
76.4,14.5,II,2
76.5,14.5,II,2
76.6,14.5,II,2
76.7,14.5,II,2
76.8,14.5,II,2
76.9,14.5,II,2
77,14.5,II,2
77.1,14.5,II,2
77.2,14.5,II,2
77.3,14.5,II,2
77.4,14.5,II,2
77.5,14.5,II,2
77.6,14.5,II,2
77.7,14.5,II,2
77.8,14.5,II,2
77.9,14.5,II,2
78,14.5,II,2
78.1,14.5,II,2
78.2,14.5,II,2
78.3,14.5,II,2
78.4,14.5,II,2
78.5,14.5,II,2
78.6,14.5,II,2
78.7,14.5,II,2
78.8,14.5,II,2
78.9,14.5,II,2
79,14.5,II,2
79.1,14.5,II,2
79.2,14.5,II,2
79.3,14.5,III,3
79.4,14.5,III,3
79.5,14.5,III,3
79.6,14.5,III,3
79.7,14.5,III,3
79.8,14.5,III,3
79.9,14.5,III,3
80,14.5,III,3
80.1,14.5,III,3
93,14.5,V,5
93.1,14.5,V,5
93.2,14.5,V,5
93.3,14.5,V,5
93.4,14.5,V,5
93.5,14.5,V,5
93.6,14.5,V,5
93.7,14.5,V,5
93.8,14.5,V,5
93.9,14.5,V,5
94,14.5,V,5
94.1,14.5,V,5
94.2,14.5,V,5
94.3,14.5,V,5
74.4,14.6,II,2
74.5,14.6,II,2
74.6,14.6,II,2
74.7,14.6,II,2
74.8,14.6,II,2
74.9,14.6,II,2
75,14.6,II,2
75.1,14.6,II,2
75.2,14.6,II,2
75.3,14.6,II,2
75.4,14.6,II,2
75.5,14.6,II,2
75.6,14.6,II,2
75.7,14.6,II,2
75.8,14.6,II,2
75.9,14.6,II,2
76,14.6,II,2
76.1,14.6,II,2
76.2,14.6,II,2
76.3,14.6,II,2
76.4,14.6,II,2
76.5,14.6,II,2
76.6,14.6,II,2
76.7,14.6,II,2
76.8,14.6,II,2
76.9,14.6,II,2
77,14.6,II,2
77.1,14.6,II,2
77.2,14.6,II,2
77.3,14.6,II,2
77.4,14.6,II,2
77.5,14.6,II,2
77.6,14.6,II,2
77.7,14.6,II,2
77.8,14.6,II,2
77.9,14.6,II,2
78,14.6,II,2
78.1,14.6,II,2
78.2,14.6,II,2
78.3,14.6,II,2
78.4,14.6,II,2
78.5,14.6,II,2
78.6,14.6,II,2
78.7,14.6,II,2
78.8,14.6,II,2
78.9,14.6,II,2
79,14.6,II,2
79.1,14.6,II,2
79.2,14.6,II,2
79.3,14.6,II,2
79.4,14.6,III,3
79.5,14.6,III,3
79.6,14.6,III,3
79.7,14.6,III,3
79.8,14.6,III,3
79.9,14.6,III,3
80,14.6,III,3
80.1,14.6,III,3
93,14.6,V,5
93.1,14.6,V,5
93.2,14.6,V,5
93.3,14.6,V,5
93.4,14.6,V,5
93.5,14.6,V,5
93.6,14.6,V,5
93.7,14.6,V,5
93.8,14.6,V,5
93.9,14.6,V,5
94,14.6,V,5
94.1,14.6,V,5
94.2,14.6,V,5
94.3,14.6,V,5
74.3,14.7,II,2
74.4,14.7,II,2
74.5,14.7,II,2
74.6,14.7,II,2
74.7,14.7,II,2
74.8,14.7,II,2
74.9,14.7,II,2
75,14.7,II,2
75.1,14.7,II,2
75.2,14.7,II,2
75.3,14.7,II,2
75.4,14.7,II,2
75.5,14.7,II,2
75.6,14.7,II,2
75.7,14.7,II,2
75.8,14.7,II,2
75.9,14.7,II,2
76,14.7,II,2
76.1,14.7,II,2
76.2,14.7,II,2
76.3,14.7,II,2
76.4,14.7,II,2
76.5,14.7,II,2
76.6,14.7,II,2
76.7,14.7,II,2
76.8,14.7,II,2
76.9,14.7,II,2
77,14.7,II,2
77.1,14.7,II,2
77.2,14.7,II,2
77.3,14.7,II,2
77.4,14.7,II,2
77.5,14.7,II,2
77.6,14.7,II,2
77.7,14.7,II,2
77.8,14.7,II,2
77.9,14.7,II,2
78,14.7,II,2
78.1,14.7,II,2
78.2,14.7,II,2
78.3,14.7,II,2
78.4,14.7,II,2
78.5,14.7,II,2
78.6,14.7,II,2
78.7,14.7,II,2
78.8,14.7,II,2
78.9,14.7,II,2
79,14.7,II,2
79.1,14.7,II,2
79.2,14.7,II,2
79.3,14.7,II,2
79.4,14.7,III,3
79.5,14.7,III,3
79.6,14.7,III,3
79.7,14.7,III,3
79.8,14.7,III,3
79.9,14.7,III,3
80,14.7,III,3
80.1,14.7,III,3
93.1,14.7,V,5
93.2,14.7,V,5
93.3,14.7,V,5
93.4,14.7,V,5
93.5,14.7,V,5
93.6,14.7,V,5
93.7,14.7,V,5
93.8,14.7,V,5
93.9,14.7,V,5
94,14.7,V,5
94.1,14.7,V,5
94.2,14.7,V,5
74.1,14.8,III,3
74.2,14.8,II,2
74.3,14.8,II,2
74.4,14.8,II,2
74.5,14.8,II,2
74.6,14.8,II,2
74.7,14.8,II,2
74.8,14.8,II,2
74.9,14.8,II,2
75,14.8,II,2
75.1,14.8,II,2
75.2,14.8,II,2
75.3,14.8,II,2
75.4,14.8,II,2
75.5,14.8,II,2
75.6,14.8,II,2
75.7,14.8,II,2
75.8,14.8,II,2
75.9,14.8,II,2
76,14.8,II,2
76.1,14.8,II,2
76.2,14.8,II,2
76.3,14.8,II,2
76.4,14.8,II,2
76.5,14.8,II,2
76.6,14.8,II,2
76.7,14.8,II,2
76.8,14.8,II,2
76.9,14.8,II,2
77,14.8,II,2
77.1,14.8,II,2
77.2,14.8,II,2
77.3,14.8,II,2
77.4,14.8,II,2
77.5,14.8,II,2
77.6,14.8,II,2
77.7,14.8,II,2
77.8,14.8,II,2
77.9,14.8,II,2
78,14.8,II,2
78.1,14.8,II,2
78.2,14.8,II,2
78.3,14.8,II,2
78.4,14.8,II,2
78.5,14.8,II,2
78.6,14.8,II,2
78.7,14.8,II,2
78.8,14.8,II,2
78.9,14.8,II,2
79,14.8,II,2
79.1,14.8,II,2
79.2,14.8,II,2
79.3,14.8,II,2
79.4,14.8,III,3
79.5,14.8,III,3
79.6,14.8,III,3
79.7,14.8,III,3
79.8,14.8,III,3
79.9,14.8,III,3
80,14.8,III,3
93.1,14.8,V,5
93.2,14.8,V,5
93.3,14.8,V,5
93.4,14.8,V,5
93.5,14.8,V,5
93.6,14.8,V,5
93.7,14.8,V,5
93.8,14.8,V,5
93.9,14.8,V,5
94,14.8,V,5
94.1,14.8,V,5
94.2,14.8,V,5
74.1,14.9,II,2
74.2,14.9,II,2
74.3,14.9,II,2
74.4,14.9,II,2
74.5,14.9,II,2
74.6,14.9,II,2
74.7,14.9,II,2
74.8,14.9,II,2
74.9,14.9,II,2
75,14.9,II,2
75.1,14.9,II,2
75.2,14.9,II,2
75.3,14.9,II,2
75.4,14.9,II,2
75.5,14.9,II,2
75.6,14.9,II,2
75.7,14.9,II,2
75.8,14.9,II,2
75.9,14.9,II,2
76,14.9,II,2
76.1,14.9,II,2
76.2,14.9,II,2
76.3,14.9,II,2
76.4,14.9,II,2
76.5,14.9,II,2
76.6,14.9,II,2
76.7,14.9,II,2
76.8,14.9,II,2
76.9,14.9,II,2
77,14.9,II,2
77.1,14.9,II,2
77.2,14.9,II,2
77.3,14.9,II,2
77.4,14.9,II,2
77.5,14.9,II,2
77.6,14.9,II,2
77.7,14.9,II,2
77.8,14.9,II,2
77.9,14.9,II,2
78,14.9,II,2
78.1,14.9,II,2
78.2,14.9,II,2
78.3,14.9,II,2
78.4,14.9,II,2
78.5,14.9,II,2
78.6,14.9,II,2
78.7,14.9,II,2
78.8,14.9,II,2
78.9,14.9,II,2
79,14.9,II,2
79.1,14.9,II,2
79.2,14.9,II,2
79.3,14.9,II,2
79.4,14.9,III,3
79.5,14.9,III,3
79.6,14.9,III,3
79.7,14.9,III,3
79.8,14.9,III,3
79.9,14.9,III,3
80,14.9,III,3
93.2,14.9,V,5
93.3,14.9,V,5
93.4,14.9,V,5
93.5,14.9,V,5
93.6,14.9,V,5
93.7,14.9,V,5
93.8,14.9,V,5
93.9,14.9,V,5
94,14.9,V,5
94.1,14.9,V,5
94.2,14.9,V,5
74.1,15,II,2
74.2,15,II,2
74.3,15,II,2
74.4,15,II,2
74.5,15,II,2
74.6,15,II,2
74.7,15,II,2
74.8,15,II,2
74.9,15,II,2
75,15,II,2
75.1,15,II,2
75.2,15,II,2
75.3,15,II,2
75.4,15,II,2
75.5,15,II,2
75.6,15,II,2
75.7,15,II,2
75.8,15,II,2
75.9,15,II,2
76,15,II,2
76.1,15,II,2
76.2,15,II,2
76.3,15,II,2
76.4,15,II,2
76.5,15,II,2
76.6,15,II,2
76.7,15,II,2
76.8,15,II,2
76.9,15,II,2
77,15,II,2
77.1,15,II,2
77.2,15,II,2
77.3,15,II,2
77.4,15,II,2
77.5,15,II,2
77.6,15,II,2
77.7,15,II,2
77.8,15,II,2
77.9,15,II,2
78,15,II,2
78.1,15,II,2
78.2,15,II,2
78.3,15,II,2
78.4,15,II,2
78.5,15,II,2
78.6,15,II,2
78.7,15,II,2
78.8,15,II,2
78.9,15,II,2
79,15,II,2
79.1,15,II,2
79.2,15,II,2
79.3,15,II,2
79.4,15,III,3
79.5,15,III,3
79.6,15,III,3
79.7,15,III,3
79.8,15,III,3
79.9,15,III,3
80,15,III,3
93.3,15,V,5
93.4,15,V,5
93.5,15,V,5
93.6,15,V,5
93.7,15,V,5
93.8,15,V,5
93.9,15,V,5
94,15,V,5
94.1,15,V,5
94.2,15,V,5
74,15.1,II,2
74.1,15.1,II,2
74.2,15.1,II,2
74.3,15.1,II,2
74.4,15.1,II,2
74.5,15.1,II,2
74.6,15.1,II,2
74.7,15.1,II,2
74.8,15.1,II,2
74.9,15.1,II,2
75,15.1,II,2
75.1,15.1,II,2
75.2,15.1,II,2
75.3,15.1,II,2
75.4,15.1,II,2
75.5,15.1,II,2
75.6,15.1,II,2
75.7,15.1,II,2
75.8,15.1,II,2
75.9,15.1,II,2
76,15.1,II,2
76.1,15.1,II,2
76.2,15.1,II,2
76.3,15.1,II,2
76.4,15.1,II,2
76.5,15.1,II,2
76.6,15.1,II,2
76.7,15.1,II,2
76.8,15.1,II,2
76.9,15.1,II,2
77,15.1,II,2
77.1,15.1,II,2
77.2,15.1,II,2
77.3,15.1,II,2
77.4,15.1,II,2
77.5,15.1,II,2
77.6,15.1,II,2
77.7,15.1,II,2
77.8,15.1,II,2
77.9,15.1,II,2
78,15.1,II,2
78.1,15.1,II,2
78.2,15.1,II,2
78.3,15.1,II,2
78.4,15.1,II,2
78.5,15.1,II,2
78.6,15.1,II,2
78.7,15.1,II,2
78.8,15.1,II,2
78.9,15.1,II,2
79,15.1,II,2
79.1,15.1,II,2
79.2,15.1,II,2
79.3,15.1,II,2
79.4,15.1,III,3
79.5,15.1,III,3
79.6,15.1,III,3
79.7,15.1,III,3
79.8,15.1,III,3
79.9,15.1,III,3
80,15.1,III,3
93.3,15.1,V,5
93.4,15.1,V,5
93.5,15.1,V,5
93.6,15.1,V,5
93.7,15.1,V,5
93.8,15.1,V,5
93.9,15.1,V,5
94,15.1,V,5
94.1,15.1,V,5
74,15.2,II,2
74.1,15.2,II,2
74.2,15.2,II,2
74.3,15.2,II,2
74.4,15.2,II,2
74.5,15.2,II,2
74.6,15.2,II,2
74.7,15.2,II,2
74.8,15.2,II,2
74.9,15.2,II,2
75,15.2,II,2
75.1,15.2,II,2
75.2,15.2,II,2
75.3,15.2,II,2
75.4,15.2,II,2
75.5,15.2,II,2
75.6,15.2,II,2
75.7,15.2,II,2
75.8,15.2,II,2
75.9,15.2,II,2
76,15.2,II,2
76.1,15.2,II,2
76.2,15.2,II,2
76.3,15.2,II,2
76.4,15.2,II,2
76.5,15.2,II,2
76.6,15.2,II,2
76.7,15.2,II,2
76.8,15.2,II,2
76.9,15.2,II,2
77,15.2,II,2
77.1,15.2,II,2
77.2,15.2,II,2
77.3,15.2,II,2
77.4,15.2,II,2
77.5,15.2,II,2
77.6,15.2,II,2
77.7,15.2,II,2
77.8,15.2,II,2
77.9,15.2,II,2
78,15.2,II,2
78.1,15.2,II,2
78.2,15.2,II,2
78.3,15.2,II,2
78.4,15.2,II,2
78.5,15.2,II,2
78.6,15.2,II,2
78.7,15.2,II,2
78.8,15.2,II,2
78.9,15.2,II,2
79,15.2,II,2
79.1,15.2,II,2
79.2,15.2,II,2
79.3,15.2,II,2
79.4,15.2,III,3
79.5,15.2,III,3
79.6,15.2,III,3
79.7,15.2,III,3
79.8,15.2,III,3
79.9,15.2,III,3
80,15.2,III,3
93.4,15.2,V,5
93.5,15.2,V,5
93.6,15.2,V,5
93.7,15.2,V,5
93.8,15.2,V,5
93.9,15.2,V,5
94,15.2,V,5
74,15.3,II,2
74.1,15.3,II,2
74.2,15.3,II,2
74.3,15.3,II,2
74.4,15.3,II,2
74.5,15.3,II,2
74.6,15.3,II,2
74.7,15.3,II,2
74.8,15.3,II,2
74.9,15.3,II,2
75,15.3,II,2
75.1,15.3,II,2
75.2,15.3,II,2
75.3,15.3,II,2
75.4,15.3,II,2
75.5,15.3,II,2
75.6,15.3,II,2
75.7,15.3,II,2
75.8,15.3,II,2
75.9,15.3,II,2
76,15.3,II,2
76.1,15.3,II,2
76.2,15.3,II,2
76.3,15.3,II,2
76.4,15.3,II,2
76.5,15.3,II,2
76.6,15.3,II,2
76.7,15.3,II,2
76.8,15.3,II,2
76.9,15.3,II,2
77,15.3,II,2
77.1,15.3,II,2
77.2,15.3,II,2
77.3,15.3,II,2
77.4,15.3,II,2
77.5,15.3,II,2
77.6,15.3,II,2
77.7,15.3,II,2
77.8,15.3,II,2
77.9,15.3,II,2
78,15.3,II,2
78.1,15.3,II,2
78.2,15.3,II,2
78.3,15.3,II,2
78.4,15.3,II,2
78.5,15.3,II,2
78.6,15.3,II,2
78.7,15.3,II,2
78.8,15.3,II,2
78.9,15.3,II,2
79,15.3,II,2
79.1,15.3,II,2
79.2,15.3,II,2
79.3,15.3,II,2
79.4,15.3,II,2
79.5,15.3,III,3
79.6,15.3,III,3
79.7,15.3,III,3
79.8,15.3,III,3
79.9,15.3,III,3
80,15.3,III,3
93.6,15.3,V,5
93.7,15.3,V,5
93.8,15.3,V,5
73.8,15.4,III,3
73.9,15.4,II,2
74,15.4,II,2
74.1,15.4,II,2
74.2,15.4,II,2
74.3,15.4,II,2
74.4,15.4,II,2
74.5,15.4,II,2
74.6,15.4,II,2
74.7,15.4,II,2
74.8,15.4,II,2
74.9,15.4,II,2
75,15.4,II,2
75.1,15.4,II,2
75.2,15.4,II,2
75.3,15.4,II,2
75.4,15.4,II,2
75.5,15.4,II,2
75.6,15.4,II,2
75.7,15.4,II,2
75.8,15.4,II,2
75.9,15.4,II,2
76,15.4,II,2
76.1,15.4,II,2
76.2,15.4,II,2
76.3,15.4,II,2
76.4,15.4,II,2
76.5,15.4,II,2
76.6,15.4,II,2
76.7,15.4,II,2
76.8,15.4,II,2
76.9,15.4,II,2
77,15.4,II,2
77.1,15.4,II,2
77.2,15.4,II,2
77.3,15.4,II,2
77.4,15.4,II,2
77.5,15.4,II,2
77.6,15.4,II,2
77.7,15.4,II,2
77.8,15.4,II,2
77.9,15.4,II,2
78,15.4,II,2
78.1,15.4,II,2
78.2,15.4,II,2
78.3,15.4,II,2
78.4,15.4,II,2
78.5,15.4,II,2
78.6,15.4,II,2
78.7,15.4,II,2
78.8,15.4,II,2
78.9,15.4,II,2
79,15.4,II,2
79.1,15.4,II,2
79.2,15.4,II,2
79.3,15.4,II,2
79.4,15.4,II,2
79.5,15.4,III,3
79.6,15.4,III,3
79.7,15.4,III,3
79.8,15.4,III,3
79.9,15.4,III,3
80,15.4,III,3
80.1,15.4,III,3
73.8,15.5,II,2
73.9,15.5,II,2
74,15.5,II,2
74.1,15.5,II,2
74.2,15.5,II,2
74.3,15.5,II,2
74.4,15.5,II,2
74.5,15.5,II,2
74.6,15.5,II,2
74.7,15.5,II,2
74.8,15.5,II,2
74.9,15.5,II,2
75,15.5,II,2
75.1,15.5,II,2
75.2,15.5,II,2
75.3,15.5,II,2
75.4,15.5,II,2
75.5,15.5,II,2
75.6,15.5,II,2
75.7,15.5,II,2
75.8,15.5,II,2
75.9,15.5,II,2
76,15.5,II,2
76.1,15.5,II,2
76.2,15.5,II,2
76.3,15.5,II,2
76.4,15.5,II,2
76.5,15.5,II,2
76.6,15.5,II,2
76.7,15.5,II,2
76.8,15.5,II,2
76.9,15.5,II,2
77,15.5,II,2
77.1,15.5,II,2
77.2,15.5,II,2
77.3,15.5,II,2
77.4,15.5,II,2
77.5,15.5,II,2
77.6,15.5,II,2
77.7,15.5,II,2
77.8,15.5,II,2
77.9,15.5,II,2
78,15.5,II,2
78.1,15.5,II,2
78.2,15.5,II,2
78.3,15.5,II,2
78.4,15.5,II,2
78.5,15.5,II,2
78.6,15.5,II,2
78.7,15.5,II,2
78.8,15.5,II,2
78.9,15.5,II,2
79,15.5,II,2
79.1,15.5,II,2
79.2,15.5,II,2
79.3,15.5,II,2
79.4,15.5,II,2
79.5,15.5,III,3
79.6,15.5,III,3
79.7,15.5,III,3
79.8,15.5,III,3
79.9,15.5,III,3
80,15.5,III,3
80.1,15.5,III,3
73.8,15.6,II,2
73.9,15.6,II,2
74,15.6,II,2
74.1,15.6,II,2
74.2,15.6,II,2
74.3,15.6,II,2
74.4,15.6,II,2
74.5,15.6,II,2
74.6,15.6,II,2
74.7,15.6,II,2
74.8,15.6,II,2
74.9,15.6,II,2
75,15.6,II,2
75.1,15.6,II,2
75.2,15.6,II,2
75.3,15.6,II,2
75.4,15.6,II,2
75.5,15.6,II,2
75.6,15.6,II,2
75.7,15.6,II,2
75.8,15.6,II,2
75.9,15.6,II,2
76,15.6,II,2
76.1,15.6,II,2
76.2,15.6,II,2
76.3,15.6,II,2
76.4,15.6,II,2
76.5,15.6,II,2
76.6,15.6,II,2
76.7,15.6,II,2
76.8,15.6,II,2
76.9,15.6,II,2
77,15.6,II,2
77.1,15.6,II,2
77.2,15.6,II,2
77.3,15.6,II,2
77.4,15.6,II,2
77.5,15.6,II,2
77.6,15.6,II,2
77.7,15.6,II,2
77.8,15.6,II,2
77.9,15.6,II,2
78,15.6,II,2
78.1,15.6,II,2
78.2,15.6,II,2
78.3,15.6,II,2
78.4,15.6,II,2
78.5,15.6,II,2
78.6,15.6,II,2
78.7,15.6,II,2
78.8,15.6,II,2
78.9,15.6,II,2
79,15.6,II,2
79.1,15.6,II,2
79.2,15.6,II,2
79.3,15.6,II,2
79.4,15.6,II,2
79.5,15.6,III,3
79.6,15.6,III,3
79.7,15.6,III,3
79.8,15.6,III,3
79.9,15.6,III,3
80,15.6,III,3
80.1,15.6,III,3
80.2,15.6,III,3
73.7,15.7,III,3
73.8,15.7,II,2
73.9,15.7,II,2
74,15.7,II,2
74.1,15.7,II,2
74.2,15.7,II,2
74.3,15.7,II,2
74.4,15.7,II,2
74.5,15.7,II,2
74.6,15.7,II,2
74.7,15.7,II,2
74.8,15.7,II,2
74.9,15.7,II,2
75,15.7,II,2
75.1,15.7,II,2
75.2,15.7,II,2
75.3,15.7,II,2
75.4,15.7,II,2
75.5,15.7,II,2
75.6,15.7,II,2
75.7,15.7,II,2
75.8,15.7,II,2
75.9,15.7,II,2
76,15.7,II,2
76.1,15.7,II,2
76.2,15.7,II,2
76.3,15.7,II,2
76.4,15.7,II,2
76.5,15.7,II,2
76.6,15.7,II,2
76.7,15.7,II,2
76.8,15.7,II,2
76.9,15.7,II,2
77,15.7,II,2
77.1,15.7,II,2
77.2,15.7,II,2
77.3,15.7,II,2
77.4,15.7,II,2
77.5,15.7,II,2
77.6,15.7,II,2
77.7,15.7,II,2
77.8,15.7,II,2
77.9,15.7,II,2
78,15.7,II,2
78.1,15.7,II,2
78.2,15.7,II,2
78.3,15.7,II,2
78.4,15.7,II,2
78.5,15.7,II,2
78.6,15.7,II,2
78.7,15.7,II,2
78.8,15.7,II,2
78.9,15.7,II,2
79,15.7,II,2
79.1,15.7,II,2
79.2,15.7,II,2
79.3,15.7,II,2
79.4,15.7,II,2
79.5,15.7,III,3
79.6,15.7,III,3
79.7,15.7,III,3
79.8,15.7,III,3
79.9,15.7,III,3
80,15.7,III,3
80.1,15.7,III,3
80.2,15.7,III,3
73.7,15.8,III,3
73.8,15.8,II,2
73.9,15.8,II,2
74,15.8,II,2
74.1,15.8,II,2
74.2,15.8,II,2
74.3,15.8,II,2
74.4,15.8,II,2
74.5,15.8,II,2
74.6,15.8,II,2
74.7,15.8,II,2
74.8,15.8,II,2
74.9,15.8,II,2
75,15.8,II,2
75.1,15.8,II,2
75.2,15.8,II,2
75.3,15.8,II,2
75.4,15.8,II,2
75.5,15.8,II,2
75.6,15.8,II,2
75.7,15.8,II,2
75.8,15.8,II,2
75.9,15.8,II,2
76,15.8,II,2
76.1,15.8,II,2
76.2,15.8,II,2
76.3,15.8,II,2
76.4,15.8,II,2
76.5,15.8,II,2
76.6,15.8,II,2
76.7,15.8,II,2
76.8,15.8,II,2
76.9,15.8,II,2
77,15.8,II,2
77.1,15.8,II,2
77.2,15.8,II,2
77.3,15.8,II,2
77.4,15.8,II,2
77.5,15.8,II,2
77.6,15.8,II,2
77.7,15.8,II,2
77.8,15.8,II,2
77.9,15.8,II,2
78,15.8,II,2
78.1,15.8,II,2
78.2,15.8,II,2
78.3,15.8,II,2
78.4,15.8,II,2
78.5,15.8,II,2
78.6,15.8,II,2
78.7,15.8,II,2
78.8,15.8,II,2
78.9,15.8,II,2
79,15.8,II,2
79.1,15.8,II,2
79.2,15.8,II,2
79.3,15.8,II,2
79.4,15.8,II,2
79.5,15.8,III,3
79.6,15.8,III,3
79.7,15.8,III,3
79.8,15.8,III,3
79.9,15.8,III,3
80,15.8,III,3
80.1,15.8,III,3
80.2,15.8,III,3
80.3,15.8,III,3
80.4,15.8,III,3
80.9,15.8,III,3
81,15.8,III,3
73.6,15.9,III,3
73.7,15.9,III,3
73.8,15.9,II,2
73.9,15.9,II,2
74,15.9,II,2
74.1,15.9,II,2
74.2,15.9,II,2
74.3,15.9,II,2
74.4,15.9,II,2
74.5,15.9,II,2
74.6,15.9,II,2
74.7,15.9,II,2
74.8,15.9,II,2
74.9,15.9,II,2
75,15.9,II,2
75.1,15.9,II,2
75.2,15.9,II,2
75.3,15.9,II,2
75.4,15.9,II,2
75.5,15.9,II,2
75.6,15.9,II,2
75.7,15.9,II,2
75.8,15.9,II,2
75.9,15.9,II,2
76,15.9,II,2
76.1,15.9,II,2
76.2,15.9,II,2
76.3,15.9,II,2
76.4,15.9,II,2
76.5,15.9,II,2
76.6,15.9,II,2
76.7,15.9,II,2
76.8,15.9,II,2
76.9,15.9,II,2
77,15.9,II,2
77.1,15.9,II,2
77.2,15.9,II,2
77.3,15.9,II,2
77.4,15.9,II,2
77.5,15.9,II,2
77.6,15.9,II,2
77.7,15.9,II,2
77.8,15.9,II,2
77.9,15.9,II,2
78,15.9,II,2
78.1,15.9,II,2
78.2,15.9,II,2
78.3,15.9,II,2
78.4,15.9,II,2
78.5,15.9,II,2
78.6,15.9,II,2
78.7,15.9,II,2
78.8,15.9,II,2
78.9,15.9,II,2
79,15.9,II,2
79.1,15.9,II,2
79.2,15.9,II,2
79.3,15.9,II,2
79.4,15.9,II,2
79.5,15.9,II,2
79.6,15.9,III,3
79.7,15.9,III,3
79.8,15.9,III,3
79.9,15.9,III,3
80,15.9,III,3
80.1,15.9,III,3
80.2,15.9,III,3
80.3,15.9,III,3
80.4,15.9,III,3
80.5,15.9,III,3
80.6,15.9,III,3
80.7,15.9,III,3
80.8,15.9,III,3
80.9,15.9,III,3
81,15.9,III,3
73.5,16,III,3
73.6,16,III,3
73.7,16,III,3
73.8,16,III,3
73.9,16,II,2
74,16,II,2
74.1,16,II,2
74.2,16,II,2
74.3,16,II,2
74.4,16,II,2
74.5,16,II,2
74.6,16,II,2
74.7,16,II,2
74.8,16,II,2
74.9,16,II,2
75,16,II,2
75.1,16,II,2
75.2,16,II,2
75.3,16,II,2
75.4,16,II,2
75.5,16,II,2
75.6,16,II,2
75.7,16,II,2
75.8,16,II,2
75.9,16,II,2
76,16,II,2
76.1,16,II,2
76.2,16,II,2
76.3,16,II,2
76.4,16,II,2
76.5,16,II,2
76.6,16,II,2
76.7,16,II,2
76.8,16,II,2
76.9,16,II,2
77,16,II,2
77.1,16,II,2
77.2,16,II,2
77.3,16,II,2
77.4,16,II,2
77.5,16,II,2
77.6,16,II,2
77.7,16,II,2
77.8,16,II,2
77.9,16,II,2
78,16,II,2
78.1,16,II,2
78.2,16,II,2
78.3,16,II,2
78.4,16,II,2
78.5,16,II,2
78.6,16,II,2
78.7,16,II,2
78.8,16,II,2
78.9,16,II,2
79,16,II,2
79.1,16,II,2
79.2,16,II,2
79.3,16,II,2
79.4,16,II,2
79.5,16,II,2
79.6,16,III,3
79.7,16,III,3
79.8,16,III,3
79.9,16,III,3
80,16,III,3
80.1,16,III,3
80.2,16,III,3
80.3,16,III,3
80.4,16,III,3
80.5,16,III,3
80.6,16,III,3
80.7,16,III,3
80.8,16,III,3
80.9,16,III,3
81,16,III,3
73.5,16.1,III,3
73.6,16.1,III,3
73.7,16.1,III,3
73.8,16.1,III,3
73.9,16.1,III,3
74,16.1,III,3
74.1,16.1,II,2
74.2,16.1,II,2
74.3,16.1,II,2
74.4,16.1,II,2
74.5,16.1,II,2
74.6,16.1,II,2
74.7,16.1,II,2
74.8,16.1,II,2
74.9,16.1,II,2
75,16.1,II,2
75.1,16.1,II,2
75.2,16.1,II,2
75.3,16.1,II,2
75.4,16.1,II,2
75.5,16.1,II,2
75.6,16.1,II,2
75.7,16.1,II,2
75.8,16.1,II,2
75.9,16.1,II,2
76,16.1,II,2
76.1,16.1,II,2
76.2,16.1,II,2
76.3,16.1,II,2
76.4,16.1,II,2
76.5,16.1,II,2
76.6,16.1,II,2
76.7,16.1,II,2
76.8,16.1,II,2
76.9,16.1,II,2
77,16.1,II,2
77.1,16.1,II,2
77.2,16.1,II,2
77.3,16.1,II,2
77.4,16.1,II,2
77.5,16.1,II,2
77.6,16.1,II,2
77.7,16.1,II,2
77.8,16.1,II,2
77.9,16.1,II,2
78,16.1,II,2
78.1,16.1,II,2
78.2,16.1,II,2
78.3,16.1,II,2
78.4,16.1,II,2
78.5,16.1,II,2
78.6,16.1,II,2
78.7,16.1,II,2
78.8,16.1,II,2
78.9,16.1,II,2
79,16.1,II,2
79.1,16.1,II,2
79.2,16.1,II,2
79.3,16.1,II,2
79.4,16.1,II,2
79.5,16.1,II,2
79.6,16.1,III,3
79.7,16.1,III,3
79.8,16.1,III,3
79.9,16.1,III,3
80,16.1,III,3
80.1,16.1,III,3
80.2,16.1,III,3
80.3,16.1,III,3
80.4,16.1,III,3
80.5,16.1,III,3
80.6,16.1,III,3
80.7,16.1,III,3
80.8,16.1,III,3
80.9,16.1,III,3
81,16.1,III,3
81.1,16.1,III,3
73.5,16.2,III,3
73.6,16.2,III,3
73.7,16.2,III,3
73.8,16.2,III,3
73.9,16.2,III,3
74,16.2,III,3
74.1,16.2,III,3
74.2,16.2,III,3
74.3,16.2,II,2
74.4,16.2,II,2
74.5,16.2,II,2
74.6,16.2,II,2
74.7,16.2,II,2
74.8,16.2,II,2
74.9,16.2,II,2
75,16.2,II,2
75.1,16.2,II,2
75.2,16.2,II,2
75.3,16.2,II,2
75.4,16.2,II,2
75.5,16.2,II,2
75.6,16.2,II,2
75.7,16.2,II,2
75.8,16.2,II,2
75.9,16.2,II,2
76,16.2,II,2
76.1,16.2,II,2
76.2,16.2,II,2
76.3,16.2,II,2
76.4,16.2,II,2
76.5,16.2,II,2
76.6,16.2,II,2
76.7,16.2,II,2
76.8,16.2,II,2
76.9,16.2,II,2
77,16.2,II,2
77.1,16.2,II,2
77.2,16.2,II,2
77.3,16.2,II,2
77.4,16.2,II,2
77.5,16.2,II,2
77.6,16.2,II,2
77.7,16.2,II,2
77.8,16.2,II,2
77.9,16.2,II,2
78,16.2,II,2
78.1,16.2,II,2
78.2,16.2,II,2
78.3,16.2,II,2
78.4,16.2,II,2
78.5,16.2,II,2
78.6,16.2,II,2
78.7,16.2,II,2
78.8,16.2,II,2
78.9,16.2,II,2
79,16.2,II,2
79.1,16.2,II,2
79.2,16.2,II,2
79.3,16.2,II,2
79.4,16.2,II,2
79.5,16.2,II,2
79.6,16.2,III,3
79.7,16.2,III,3
79.8,16.2,III,3
79.9,16.2,III,3
80,16.2,III,3
80.1,16.2,III,3
80.2,16.2,III,3
80.3,16.2,III,3
80.4,16.2,III,3
80.5,16.2,III,3
80.6,16.2,III,3
80.7,16.2,III,3
80.8,16.2,III,3
80.9,16.2,III,3
81,16.2,III,3
81.1,16.2,III,3
81.2,16.2,III,3
73.5,16.3,III,3
73.6,16.3,III,3
73.7,16.3,III,3
73.8,16.3,III,3
73.9,16.3,III,3
74,16.3,III,3
74.1,16.3,III,3
74.2,16.3,III,3
74.3,16.3,III,3
74.4,16.3,II,2
74.5,16.3,II,2
74.6,16.3,II,2
74.7,16.3,II,2
74.8,16.3,II,2
74.9,16.3,II,2
75,16.3,II,2
75.1,16.3,II,2
75.2,16.3,II,2
75.3,16.3,II,2
75.4,16.3,II,2
75.5,16.3,II,2
75.6,16.3,II,2
75.7,16.3,II,2
75.8,16.3,II,2
75.9,16.3,II,2
76,16.3,II,2
76.1,16.3,II,2
76.2,16.3,II,2
76.3,16.3,II,2
76.4,16.3,II,2
76.5,16.3,II,2
76.6,16.3,II,2
76.7,16.3,II,2
76.8,16.3,II,2
76.9,16.3,II,2
77,16.3,II,2
77.1,16.3,II,2
77.2,16.3,II,2
77.3,16.3,II,2
77.4,16.3,II,2
77.5,16.3,II,2
77.6,16.3,II,2
77.7,16.3,II,2
77.8,16.3,II,2
77.9,16.3,II,2
78,16.3,II,2
78.1,16.3,II,2
78.2,16.3,II,2
78.3,16.3,II,2
78.4,16.3,II,2
78.5,16.3,II,2
78.6,16.3,II,2
78.7,16.3,II,2
78.8,16.3,II,2
78.9,16.3,II,2
79,16.3,II,2
79.1,16.3,II,2
79.2,16.3,II,2
79.3,16.3,II,2
79.4,16.3,II,2
79.5,16.3,II,2
79.6,16.3,III,3
79.7,16.3,III,3
79.8,16.3,III,3
79.9,16.3,III,3
80,16.3,III,3
80.1,16.3,III,3
80.2,16.3,III,3
80.3,16.3,III,3
80.4,16.3,III,3
80.5,16.3,III,3
80.6,16.3,III,3
80.7,16.3,III,3
80.8,16.3,III,3
80.9,16.3,III,3
81,16.3,III,3
81.1,16.3,III,3
81.2,16.3,III,3
81.3,16.3,III,3
73.5,16.4,III,3
73.6,16.4,III,3
73.7,16.4,III,3
73.8,16.4,III,3
73.9,16.4,III,3
74,16.4,III,3
74.1,16.4,III,3
74.2,16.4,III,3
74.3,16.4,III,3
74.4,16.4,III,3
74.5,16.4,III,3
74.6,16.4,II,2
74.7,16.4,II,2
74.8,16.4,II,2
74.9,16.4,II,2
75,16.4,II,2
75.1,16.4,II,2
75.2,16.4,II,2
75.3,16.4,II,2
75.4,16.4,II,2
75.5,16.4,II,2
75.6,16.4,II,2
75.7,16.4,II,2
75.8,16.4,II,2
75.9,16.4,II,2
76,16.4,II,2
76.1,16.4,II,2
76.2,16.4,II,2
76.3,16.4,II,2
76.4,16.4,II,2
76.5,16.4,II,2
76.6,16.4,II,2
76.7,16.4,II,2
76.8,16.4,II,2
76.9,16.4,II,2
77,16.4,II,2
77.1,16.4,II,2
77.2,16.4,II,2
77.3,16.4,II,2
77.4,16.4,II,2
77.5,16.4,II,2
77.6,16.4,II,2
77.7,16.4,II,2
77.8,16.4,II,2
77.9,16.4,II,2
78,16.4,II,2
78.1,16.4,II,2
78.2,16.4,II,2
78.3,16.4,II,2
78.4,16.4,II,2
78.5,16.4,II,2
78.6,16.4,II,2
78.7,16.4,II,2
78.8,16.4,II,2
78.9,16.4,II,2
79,16.4,II,2
79.1,16.4,II,2
79.2,16.4,II,2
79.3,16.4,II,2
79.4,16.4,II,2
79.5,16.4,II,2
79.6,16.4,II,2
79.7,16.4,III,3
79.8,16.4,III,3
79.9,16.4,III,3
80,16.4,III,3
80.1,16.4,III,3
80.2,16.4,III,3
80.3,16.4,III,3
80.4,16.4,III,3
80.5,16.4,III,3
80.6,16.4,III,3
80.7,16.4,III,3
80.8,16.4,III,3
80.9,16.4,III,3
81,16.4,III,3
81.1,16.4,III,3
81.2,16.4,III,3
81.3,16.4,III,3
81.4,16.4,III,3
81.5,16.4,III,3
81.6,16.4,III,3
81.7,16.4,III,3
81.8,16.4,III,3
81.9,16.4,III,3
73.4,16.5,IV,4
73.5,16.5,IV,4
73.6,16.5,IV,4
73.7,16.5,IV,4
73.8,16.5,IV,4
73.9,16.5,III,3
74,16.5,III,3
74.1,16.5,III,3
74.2,16.5,III,3
74.3,16.5,III,3
74.4,16.5,III,3
74.5,16.5,III,3
74.6,16.5,III,3
74.7,16.5,II,2
74.8,16.5,II,2
74.9,16.5,II,2
75,16.5,II,2
75.1,16.5,II,2
75.2,16.5,II,2
75.3,16.5,II,2
75.4,16.5,II,2
75.5,16.5,II,2
75.6,16.5,II,2
75.7,16.5,II,2
75.8,16.5,II,2
75.9,16.5,II,2
76,16.5,II,2
76.1,16.5,II,2
76.2,16.5,II,2
76.3,16.5,II,2
76.4,16.5,II,2
76.5,16.5,II,2
76.6,16.5,II,2
76.7,16.5,II,2
76.8,16.5,II,2
76.9,16.5,II,2
77,16.5,II,2
77.1,16.5,II,2
77.2,16.5,II,2
77.3,16.5,II,2
77.4,16.5,II,2
77.5,16.5,II,2
77.6,16.5,II,2
77.7,16.5,II,2
77.8,16.5,II,2
77.9,16.5,II,2
78,16.5,II,2
78.1,16.5,II,2
78.2,16.5,II,2
78.3,16.5,II,2
78.4,16.5,II,2
78.5,16.5,II,2
78.6,16.5,II,2
78.7,16.5,II,2
78.8,16.5,II,2
78.9,16.5,II,2
79,16.5,II,2
79.1,16.5,II,2
79.2,16.5,II,2
79.3,16.5,II,2
79.4,16.5,II,2
79.5,16.5,II,2
79.6,16.5,II,2
79.7,16.5,III,3
79.8,16.5,III,3
79.9,16.5,III,3
80,16.5,III,3
80.1,16.5,III,3
80.2,16.5,III,3
80.3,16.5,III,3
80.4,16.5,III,3
80.5,16.5,III,3
80.6,16.5,III,3
80.7,16.5,III,3
80.8,16.5,III,3
80.9,16.5,III,3
81,16.5,III,3
81.1,16.5,III,3
81.2,16.5,III,3
81.3,16.5,III,3
81.4,16.5,III,3
81.5,16.5,III,3
81.6,16.5,III,3
81.7,16.5,III,3
81.8,16.5,III,3
81.9,16.5,III,3
82,16.5,III,3
82.1,16.5,III,3
73.4,16.6,IV,4
73.5,16.6,IV,4
73.6,16.6,IV,4
73.7,16.6,IV,4
73.8,16.6,IV,4
73.9,16.6,IV,4
74,16.6,IV,4
74.1,16.6,IV,4
74.2,16.6,III,3
74.3,16.6,III,3
74.4,16.6,III,3
74.5,16.6,III,3
74.6,16.6,III,3
74.7,16.6,III,3
74.8,16.6,II,2
74.9,16.6,II,2
75,16.6,II,2
75.1,16.6,II,2
75.2,16.6,II,2
75.3,16.6,II,2
75.4,16.6,II,2
75.5,16.6,II,2
75.6,16.6,II,2
75.7,16.6,II,2
75.8,16.6,II,2
75.9,16.6,II,2
76,16.6,II,2
76.1,16.6,II,2
76.2,16.6,II,2
76.3,16.6,II,2
76.4,16.6,II,2
76.5,16.6,II,2
76.6,16.6,II,2
76.7,16.6,II,2
76.8,16.6,II,2
76.9,16.6,II,2
77,16.6,II,2
77.1,16.6,II,2
77.2,16.6,II,2
77.3,16.6,II,2
77.4,16.6,II,2
77.5,16.6,II,2
77.6,16.6,II,2
77.7,16.6,II,2
77.8,16.6,II,2
77.9,16.6,II,2
78,16.6,II,2
78.1,16.6,II,2
78.2,16.6,II,2
78.3,16.6,II,2
78.4,16.6,II,2
78.5,16.6,II,2
78.6,16.6,II,2
78.7,16.6,II,2
78.8,16.6,II,2
78.9,16.6,II,2
79,16.6,II,2
79.1,16.6,II,2
79.2,16.6,II,2
79.3,16.6,II,2
79.4,16.6,II,2
79.5,16.6,II,2
79.6,16.6,II,2
79.7,16.6,III,3
79.8,16.6,III,3
79.9,16.6,III,3
80,16.6,III,3
80.1,16.6,III,3
80.2,16.6,III,3
80.3,16.6,III,3
80.4,16.6,III,3
80.5,16.6,III,3
80.6,16.6,III,3
80.7,16.6,III,3
80.8,16.6,III,3
80.9,16.6,III,3
81,16.6,III,3
81.1,16.6,III,3
81.2,16.6,III,3
81.3,16.6,III,3
81.4,16.6,III,3
81.5,16.6,III,3
81.6,16.6,III,3
81.7,16.6,III,3
81.8,16.6,III,3
81.9,16.6,III,3
82,16.6,III,3
82.1,16.6,III,3
82.2,16.6,III,3
73.4,16.7,IV,4
73.5,16.7,V,5
73.6,16.7,V,5
73.7,16.7,V,5
73.8,16.7,V,5
73.9,16.7,V,5
74,16.7,IV,4
74.1,16.7,IV,4
74.2,16.7,IV,4
74.3,16.7,IV,4
74.4,16.7,III,3
74.5,16.7,III,3
74.6,16.7,III,3
74.7,16.7,III,3
74.8,16.7,III,3
74.9,16.7,II,2
75,16.7,II,2
75.1,16.7,II,2
75.2,16.7,II,2
75.3,16.7,II,2
75.4,16.7,II,2
75.5,16.7,II,2
75.6,16.7,II,2
75.7,16.7,II,2
75.8,16.7,II,2
75.9,16.7,II,2
76,16.7,II,2
76.1,16.7,II,2
76.2,16.7,II,2
76.3,16.7,II,2
76.4,16.7,II,2
76.5,16.7,II,2
76.6,16.7,II,2
76.7,16.7,II,2
76.8,16.7,II,2
76.9,16.7,II,2
77,16.7,II,2
77.1,16.7,II,2
77.2,16.7,II,2
77.3,16.7,II,2
77.4,16.7,II,2
77.5,16.7,II,2
77.6,16.7,II,2
77.7,16.7,II,2
77.8,16.7,II,2
77.9,16.7,II,2
78,16.7,II,2
78.1,16.7,II,2
78.2,16.7,II,2
78.3,16.7,II,2
78.4,16.7,II,2
78.5,16.7,II,2
78.6,16.7,II,2
78.7,16.7,II,2
78.8,16.7,II,2
78.9,16.7,II,2
79,16.7,II,2
79.1,16.7,II,2
79.2,16.7,II,2
79.3,16.7,II,2
79.4,16.7,II,2
79.5,16.7,II,2
79.6,16.7,II,2
79.7,16.7,III,3
79.8,16.7,III,3
79.9,16.7,III,3
80,16.7,III,3
80.1,16.7,III,3
80.2,16.7,III,3
80.3,16.7,III,3
80.4,16.7,III,3
80.5,16.7,III,3
80.6,16.7,III,3
80.7,16.7,III,3
80.8,16.7,III,3
80.9,16.7,III,3
81,16.7,III,3
81.1,16.7,III,3
81.2,16.7,III,3
81.3,16.7,III,3
81.4,16.7,III,3
81.5,16.7,III,3
81.6,16.7,III,3
81.7,16.7,III,3
81.8,16.7,III,3
81.9,16.7,III,3
82,16.7,III,3
82.1,16.7,III,3
82.2,16.7,III,3
82.3,16.7,III,3
73.4,16.8,V,5
73.5,16.8,V,5
73.6,16.8,V,5
73.7,16.8,V,5
73.8,16.8,V,5
73.9,16.8,V,5
74,16.8,V,5
74.1,16.8,V,5
74.2,16.8,IV,4
74.3,16.8,IV,4
74.4,16.8,IV,4
74.5,16.8,III,3
74.6,16.8,III,3
74.7,16.8,III,3
74.8,16.8,III,3
74.9,16.8,II,2
75,16.8,II,2
75.1,16.8,II,2
75.2,16.8,II,2
75.3,16.8,II,2
75.4,16.8,II,2
75.5,16.8,II,2
75.6,16.8,II,2
75.7,16.8,II,2
75.8,16.8,II,2
75.9,16.8,II,2
76,16.8,II,2
76.1,16.8,II,2
76.2,16.8,II,2
76.3,16.8,II,2
76.4,16.8,II,2
76.5,16.8,II,2
76.6,16.8,II,2
76.7,16.8,II,2
76.8,16.8,II,2
76.9,16.8,II,2
77,16.8,II,2
77.1,16.8,II,2
77.2,16.8,II,2
77.3,16.8,II,2
77.4,16.8,II,2
77.5,16.8,II,2
77.6,16.8,II,2
77.7,16.8,II,2
77.8,16.8,II,2
77.9,16.8,II,2
78,16.8,II,2
78.1,16.8,II,2
78.2,16.8,II,2
78.3,16.8,II,2
78.4,16.8,II,2
78.5,16.8,II,2
78.6,16.8,II,2
78.7,16.8,II,2
78.8,16.8,II,2
78.9,16.8,II,2
79,16.8,II,2
79.1,16.8,II,2
79.2,16.8,II,2
79.3,16.8,II,2
79.4,16.8,II,2
79.5,16.8,II,2
79.6,16.8,II,2
79.7,16.8,II,2
79.8,16.8,III,3
79.9,16.8,III,3
80,16.8,III,3
80.1,16.8,III,3
80.2,16.8,III,3
80.3,16.8,III,3
80.4,16.8,III,3
80.5,16.8,III,3
80.6,16.8,III,3
80.7,16.8,III,3
80.8,16.8,III,3
80.9,16.8,III,3
81,16.8,III,3
81.1,16.8,III,3
81.2,16.8,III,3
81.3,16.8,III,3
81.4,16.8,III,3
81.5,16.8,III,3
81.6,16.8,III,3
81.7,16.8,III,3
81.8,16.8,III,3
81.9,16.8,III,3
82,16.8,III,3
82.1,16.8,III,3
82.2,16.8,III,3
82.3,16.8,III,3
73.3,16.9,V,5
73.4,16.9,V,5
73.5,16.9,V,5
73.6,16.9,V,5
73.7,16.9,V,5
73.8,16.9,V,5
73.9,16.9,V,5
74,16.9,V,5
74.1,16.9,V,5
74.2,16.9,V,5
74.3,16.9,V,5
74.4,16.9,IV,4
74.5,16.9,IV,4
74.6,16.9,III,3
74.7,16.9,III,3
74.8,16.9,III,3
74.9,16.9,III,3
75,16.9,II,2
75.1,16.9,II,2
75.2,16.9,II,2
75.3,16.9,II,2
75.4,16.9,II,2
75.5,16.9,II,2
75.6,16.9,II,2
75.7,16.9,II,2
75.8,16.9,II,2
75.9,16.9,II,2
76,16.9,II,2
76.1,16.9,II,2
76.2,16.9,II,2
76.3,16.9,II,2
76.4,16.9,II,2
76.5,16.9,II,2
76.6,16.9,II,2
76.7,16.9,II,2
76.8,16.9,II,2
76.9,16.9,II,2
77,16.9,II,2
77.1,16.9,II,2
77.2,16.9,II,2
77.3,16.9,II,2
77.4,16.9,II,2
77.5,16.9,II,2
77.6,16.9,II,2
77.7,16.9,II,2
77.8,16.9,II,2
77.9,16.9,II,2
78,16.9,II,2
78.1,16.9,II,2
78.2,16.9,II,2
78.3,16.9,II,2
78.4,16.9,II,2
78.5,16.9,II,2
78.6,16.9,II,2
78.7,16.9,II,2
78.8,16.9,II,2
78.9,16.9,II,2
79,16.9,II,2
79.1,16.9,II,2
79.2,16.9,II,2
79.3,16.9,II,2
79.4,16.9,II,2
79.5,16.9,II,2
79.6,16.9,II,2
79.7,16.9,II,2
79.8,16.9,III,3
79.9,16.9,III,3
80,16.9,III,3
80.1,16.9,III,3
80.2,16.9,III,3
80.3,16.9,III,3
80.4,16.9,III,3
80.5,16.9,III,3
80.6,16.9,III,3
80.7,16.9,III,3
80.8,16.9,III,3
80.9,16.9,III,3
81,16.9,III,3
81.1,16.9,III,3
81.2,16.9,III,3
81.3,16.9,III,3
81.4,16.9,III,3
81.5,16.9,III,3
81.6,16.9,III,3
81.7,16.9,III,3
81.8,16.9,III,3
81.9,16.9,III,3
82,16.9,III,3
82.1,16.9,III,3
82.2,16.9,III,3
73.3,17,V,5
73.4,17,V,5
73.5,17,V,5
73.6,17,V,5
73.7,17,V,5
73.8,17,V,5
73.9,17,V,5
74,17,V,5
74.1,17,V,5
74.2,17,V,5
74.3,17,V,5
74.4,17,IV,4
74.5,17,IV,4
74.6,17,IV,4
74.7,17,III,3
74.8,17,III,3
74.9,17,III,3
75,17,II,2
75.1,17,II,2
75.2,17,II,2
75.3,17,II,2
75.4,17,II,2
75.5,17,II,2
75.6,17,II,2
75.7,17,II,2
75.8,17,II,2
75.9,17,II,2
76,17,II,2
76.1,17,II,2
76.2,17,II,2
76.3,17,II,2
76.4,17,II,2
76.5,17,II,2
76.6,17,II,2
76.7,17,II,2
76.8,17,II,2
76.9,17,II,2
77,17,II,2
77.1,17,II,2
77.2,17,II,2
77.3,17,II,2
77.4,17,II,2
77.5,17,II,2
77.6,17,II,2
77.7,17,II,2
77.8,17,II,2
77.9,17,II,2
78,17,II,2
78.1,17,II,2
78.2,17,II,2
78.3,17,II,2
78.4,17,II,2
78.5,17,II,2
78.6,17,II,2
78.7,17,II,2
78.8,17,II,2
78.9,17,II,2
79,17,II,2
79.1,17,II,2
79.2,17,II,2
79.3,17,II,2
79.4,17,II,2
79.5,17,II,2
79.6,17,II,2
79.7,17,II,2
79.8,17,III,3
79.9,17,III,3
80,17,III,3
80.1,17,III,3
80.2,17,III,3
80.3,17,III,3
80.4,17,III,3
80.5,17,III,3
80.6,17,III,3
80.7,17,III,3
80.8,17,III,3
80.9,17,III,3
81,17,III,3
81.1,17,III,3
81.2,17,III,3
81.3,17,III,3
81.4,17,III,3
81.5,17,III,3
81.6,17,III,3
81.7,17,III,3
81.8,17,III,3
81.9,17,III,3
82,17,III,3
82.1,17,III,3
82.2,17,III,3
73.3,17.1,V,5
73.4,17.1,V,5
73.5,17.1,V,5
73.6,17.1,V,5
73.7,17.1,V,5
73.8,17.1,V,5
73.9,17.1,V,5
74,17.1,V,5
74.1,17.1,V,5
74.2,17.1,V,5
74.3,17.1,V,5
74.4,17.1,V,5
74.5,17.1,IV,4
74.6,17.1,IV,4
74.7,17.1,III,3
74.8,17.1,III,3
74.9,17.1,III,3
75,17.1,III,3
75.1,17.1,II,2
75.2,17.1,II,2
75.3,17.1,II,2
75.4,17.1,II,2
75.5,17.1,II,2
75.6,17.1,II,2
75.7,17.1,II,2
75.8,17.1,II,2
75.9,17.1,II,2
76,17.1,II,2
76.1,17.1,II,2
76.2,17.1,II,2
76.3,17.1,II,2
76.4,17.1,II,2
76.5,17.1,II,2
76.6,17.1,II,2
76.7,17.1,II,2
76.8,17.1,II,2
76.9,17.1,II,2
77,17.1,II,2
77.1,17.1,II,2
77.2,17.1,II,2
77.3,17.1,II,2
77.4,17.1,II,2
77.5,17.1,II,2
77.6,17.1,II,2
77.7,17.1,II,2
77.8,17.1,II,2
77.9,17.1,II,2
78,17.1,II,2
78.1,17.1,II,2
78.2,17.1,II,2
78.3,17.1,II,2
78.4,17.1,II,2
78.5,17.1,II,2
78.6,17.1,II,2
78.7,17.1,II,2
78.8,17.1,II,2
78.9,17.1,II,2
79,17.1,II,2
79.1,17.1,II,2
79.2,17.1,II,2
79.3,17.1,II,2
79.4,17.1,II,2
79.5,17.1,II,2
79.6,17.1,II,2
79.7,17.1,II,2
79.8,17.1,II,2
79.9,17.1,III,3
80,17.1,III,3
80.1,17.1,III,3
80.2,17.1,III,3
80.3,17.1,III,3
80.4,17.1,III,3
80.5,17.1,III,3
80.6,17.1,III,3
80.7,17.1,III,3
80.8,17.1,III,3
80.9,17.1,III,3
81,17.1,III,3
81.1,17.1,III,3
81.2,17.1,III,3
81.3,17.1,III,3
81.4,17.1,III,3
81.5,17.1,III,3
81.6,17.1,III,3
81.7,17.1,III,3
81.8,17.1,III,3
81.9,17.1,III,3
82,17.1,III,3
82.1,17.1,III,3
82.2,17.1,III,3
82.3,17.1,III,3
73.3,17.2,V,5
73.4,17.2,V,5
73.5,17.2,V,5
73.6,17.2,V,5
73.7,17.2,V,5
73.8,17.2,V,5
73.9,17.2,V,5
74,17.2,V,5
74.1,17.2,V,5
74.2,17.2,V,5
74.3,17.2,V,5
74.4,17.2,V,5
74.5,17.2,V,5
74.6,17.2,IV,4
74.7,17.2,IV,4
74.8,17.2,III,3
74.9,17.2,III,3
75,17.2,III,3
75.1,17.2,II,2
75.2,17.2,II,2
75.3,17.2,II,2
75.4,17.2,II,2
75.5,17.2,II,2
75.6,17.2,II,2
75.7,17.2,II,2
75.8,17.2,II,2
75.9,17.2,II,2
76,17.2,II,2
76.1,17.2,II,2
76.2,17.2,II,2
76.3,17.2,II,2
76.4,17.2,II,2
76.5,17.2,II,2
76.6,17.2,II,2
76.7,17.2,II,2
76.8,17.2,II,2
76.9,17.2,II,2
77,17.2,II,2
77.1,17.2,II,2
77.2,17.2,II,2
77.3,17.2,II,2
77.4,17.2,II,2
77.5,17.2,II,2
77.6,17.2,II,2
77.7,17.2,II,2
77.8,17.2,II,2
77.9,17.2,II,2
78,17.2,II,2
78.1,17.2,II,2
78.2,17.2,II,2
78.3,17.2,II,2
78.4,17.2,II,2
78.5,17.2,II,2
78.6,17.2,II,2
78.7,17.2,II,2
78.8,17.2,II,2
78.9,17.2,II,2
79,17.2,II,2
79.1,17.2,II,2
79.2,17.2,II,2
79.3,17.2,II,2
79.4,17.2,II,2
79.5,17.2,II,2
79.6,17.2,II,2
79.7,17.2,II,2
79.8,17.2,II,2
79.9,17.2,III,3
80,17.2,III,3
80.1,17.2,III,3
80.2,17.2,III,3
80.3,17.2,III,3
80.4,17.2,III,3
80.5,17.2,III,3
80.6,17.2,III,3
80.7,17.2,III,3
80.8,17.2,III,3
80.9,17.2,III,3
81,17.2,III,3
81.1,17.2,III,3
81.2,17.2,III,3
81.3,17.2,III,3
81.4,17.2,III,3
81.5,17.2,III,3
81.6,17.2,III,3
81.7,17.2,III,3
81.8,17.2,III,3
81.9,17.2,III,3
82,17.2,III,3
82.1,17.2,III,3
82.2,17.2,III,3
82.3,17.2,III,3
82.4,17.2,III,3
73.2,17.3,III,3
73.3,17.3,V,5
73.4,17.3,V,5
73.5,17.3,V,5
73.6,17.3,V,5
73.7,17.3,V,5
73.8,17.3,V,5
73.9,17.3,V,5
74,17.3,V,5
74.1,17.3,V,5
74.2,17.3,V,5
74.3,17.3,V,5
74.4,17.3,V,5
74.5,17.3,V,5
74.6,17.3,IV,4
74.7,17.3,IV,4
74.8,17.3,III,3
74.9,17.3,III,3
75,17.3,III,3
75.1,17.3,II,2
75.2,17.3,II,2
75.3,17.3,II,2
75.4,17.3,II,2
75.5,17.3,II,2
75.6,17.3,II,2
75.7,17.3,II,2
75.8,17.3,II,2
75.9,17.3,II,2
76,17.3,II,2
76.1,17.3,II,2
76.2,17.3,II,2
76.3,17.3,II,2
76.4,17.3,II,2
76.5,17.3,II,2
76.6,17.3,II,2
76.7,17.3,II,2
76.8,17.3,II,2
76.9,17.3,II,2
77,17.3,II,2
77.1,17.3,II,2
77.2,17.3,II,2
77.3,17.3,II,2
77.4,17.3,II,2
77.5,17.3,II,2
77.6,17.3,II,2
77.7,17.3,II,2
77.8,17.3,II,2
77.9,17.3,II,2
78,17.3,II,2
78.1,17.3,II,2
78.2,17.3,II,2
78.3,17.3,II,2
78.4,17.3,II,2
78.5,17.3,II,2
78.6,17.3,II,2
78.7,17.3,II,2
78.8,17.3,II,2
78.9,17.3,II,2
79,17.3,II,2
79.1,17.3,II,2
79.2,17.3,II,2
79.3,17.3,II,2
79.4,17.3,II,2
79.5,17.3,II,2
79.6,17.3,II,2
79.7,17.3,II,2
79.8,17.3,II,2
79.9,17.3,III,3
80,17.3,III,3
80.1,17.3,III,3
80.2,17.3,III,3
80.3,17.3,III,3
80.4,17.3,III,3
80.5,17.3,III,3
80.6,17.3,III,3
80.7,17.3,III,3
80.8,17.3,III,3
80.9,17.3,III,3
81,17.3,III,3
81.1,17.3,III,3
81.2,17.3,III,3
81.3,17.3,III,3
81.4,17.3,III,3
81.5,17.3,III,3
81.6,17.3,III,3
81.7,17.3,III,3
81.8,17.3,III,3
81.9,17.3,III,3
82,17.3,III,3
82.1,17.3,III,3
82.2,17.3,III,3
82.3,17.3,III,3
82.4,17.3,III,3
82.5,17.3,III,3
82.6,17.3,III,3
73.2,17.4,IV,4
73.3,17.4,V,5
73.4,17.4,V,5
73.5,17.4,V,5
73.6,17.4,V,5
73.7,17.4,V,5
73.8,17.4,V,5
73.9,17.4,V,5
74,17.4,V,5
74.1,17.4,V,5
74.2,17.4,V,5
74.3,17.4,V,5
74.4,17.4,V,5
74.5,17.4,V,5
74.6,17.4,IV,4
74.7,17.4,IV,4
74.8,17.4,III,3
74.9,17.4,III,3
75,17.4,III,3
75.1,17.4,II,2
75.2,17.4,II,2
75.3,17.4,II,2
75.4,17.4,II,2
75.5,17.4,II,2
75.6,17.4,II,2
75.7,17.4,II,2
75.8,17.4,II,2
75.9,17.4,II,2
76,17.4,II,2
76.1,17.4,II,2
76.2,17.4,II,2
76.3,17.4,II,2
76.4,17.4,II,2
76.5,17.4,II,2
76.6,17.4,II,2
76.7,17.4,II,2
76.8,17.4,II,2
76.9,17.4,II,2
77,17.4,II,2
77.1,17.4,II,2
77.2,17.4,II,2
77.3,17.4,II,2
77.4,17.4,II,2
77.5,17.4,II,2
77.6,17.4,II,2
77.7,17.4,II,2
77.8,17.4,II,2
77.9,17.4,II,2
78,17.4,II,2
78.1,17.4,II,2
78.2,17.4,II,2
78.3,17.4,II,2
78.4,17.4,II,2
78.5,17.4,II,2
78.6,17.4,II,2
78.7,17.4,II,2
78.8,17.4,II,2
78.9,17.4,II,2
79,17.4,II,2
79.1,17.4,II,2
79.2,17.4,II,2
79.3,17.4,II,2
79.4,17.4,II,2
79.5,17.4,II,2
79.6,17.4,II,2
79.7,17.4,II,2
79.8,17.4,II,2
79.9,17.4,II,2
80,17.4,III,3
80.1,17.4,III,3
80.2,17.4,III,3
80.3,17.4,III,3
80.4,17.4,III,3
80.5,17.4,III,3
80.6,17.4,III,3
80.7,17.4,III,3
80.8,17.4,III,3
80.9,17.4,III,3
81,17.4,III,3
81.1,17.4,III,3
81.2,17.4,III,3
81.3,17.4,III,3
81.4,17.4,III,3
81.5,17.4,III,3
81.6,17.4,III,3
81.7,17.4,III,3
81.8,17.4,III,3
81.9,17.4,III,3
82,17.4,III,3
82.1,17.4,III,3
82.2,17.4,III,3
82.3,17.4,III,3
82.4,17.4,III,3
82.5,17.4,III,3
82.6,17.4,III,3
82.7,17.4,III,3
82.8,17.4,II,2
73.2,17.5,IV,4
73.3,17.5,V,5
73.4,17.5,V,5
73.5,17.5,V,5
73.6,17.5,V,5
73.7,17.5,V,5
73.8,17.5,V,5
73.9,17.5,V,5
74,17.5,V,5
74.1,17.5,V,5
74.2,17.5,V,5
74.3,17.5,V,5
74.4,17.5,V,5
74.5,17.5,IV,4
74.6,17.5,IV,4
74.7,17.5,IV,4
74.8,17.5,III,3
74.9,17.5,III,3
75,17.5,III,3
75.1,17.5,II,2
75.2,17.5,II,2
75.3,17.5,II,2
75.4,17.5,II,2
75.5,17.5,II,2
75.6,17.5,II,2
75.7,17.5,II,2
75.8,17.5,II,2
75.9,17.5,II,2
76,17.5,II,2
76.1,17.5,II,2
76.2,17.5,II,2
76.3,17.5,II,2
76.4,17.5,II,2
76.5,17.5,II,2
76.6,17.5,II,2
76.7,17.5,II,2
76.8,17.5,II,2
76.9,17.5,II,2
77,17.5,II,2
77.1,17.5,II,2
77.2,17.5,II,2
77.3,17.5,II,2
77.4,17.5,II,2
77.5,17.5,II,2
77.6,17.5,II,2
77.7,17.5,II,2
77.8,17.5,II,2
77.9,17.5,II,2
78,17.5,II,2
78.1,17.5,II,2
78.2,17.5,II,2
78.3,17.5,II,2
78.4,17.5,II,2
78.5,17.5,II,2
78.6,17.5,II,2
78.7,17.5,II,2
78.8,17.5,II,2
78.9,17.5,II,2
79,17.5,II,2
79.1,17.5,II,2
79.2,17.5,II,2
79.3,17.5,II,2
79.4,17.5,II,2
79.5,17.5,II,2
79.6,17.5,II,2
79.7,17.5,II,2
79.8,17.5,II,2
79.9,17.5,II,2
80,17.5,III,3
80.1,17.5,III,3
80.2,17.5,III,3
80.3,17.5,III,3
80.4,17.5,III,3
80.5,17.5,III,3
80.6,17.5,III,3
80.7,17.5,III,3
80.8,17.5,III,3
80.9,17.5,III,3
81,17.5,III,3
81.1,17.5,III,3
81.2,17.5,III,3
81.3,17.5,III,3
81.4,17.5,III,3
81.5,17.5,III,3
81.6,17.5,III,3
81.7,17.5,III,3
81.8,17.5,III,3
81.9,17.5,III,3
82,17.5,II,2
82.1,17.5,II,2
82.2,17.5,II,2
82.3,17.5,II,2
82.4,17.5,II,2
82.5,17.5,II,2
82.6,17.5,II,2
82.7,17.5,II,2
82.8,17.5,II,2
82.9,17.5,II,2
83,17.5,II,2
73.2,17.6,IV,4
73.3,17.6,V,5
73.4,17.6,V,5
73.5,17.6,V,5
73.6,17.6,V,5
73.7,17.6,V,5
73.8,17.6,V,5
73.9,17.6,V,5
74,17.6,V,5
74.1,17.6,V,5
74.2,17.6,V,5
74.3,17.6,V,5
74.4,17.6,V,5
74.5,17.6,IV,4
74.6,17.6,IV,4
74.7,17.6,III,3
74.8,17.6,III,3
74.9,17.6,III,3
75,17.6,II,2
75.1,17.6,II,2
75.2,17.6,II,2
75.3,17.6,II,2
75.4,17.6,II,2
75.5,17.6,II,2
75.6,17.6,II,2
75.7,17.6,II,2
75.8,17.6,II,2
75.9,17.6,II,2
76,17.6,II,2
76.1,17.6,II,2
76.2,17.6,II,2
76.3,17.6,II,2
76.4,17.6,II,2
76.5,17.6,II,2
76.6,17.6,II,2
76.7,17.6,II,2
76.8,17.6,II,2
76.9,17.6,II,2
77,17.6,II,2
77.1,17.6,II,2
77.2,17.6,II,2
77.3,17.6,II,2
77.4,17.6,II,2
77.5,17.6,II,2
77.6,17.6,II,2
77.7,17.6,II,2
77.8,17.6,II,2
77.9,17.6,II,2
78,17.6,II,2
78.1,17.6,II,2
78.2,17.6,II,2
78.3,17.6,II,2
78.4,17.6,II,2
78.5,17.6,II,2
78.6,17.6,II,2
78.7,17.6,II,2
78.8,17.6,II,2
78.9,17.6,II,2
79,17.6,II,2
79.1,17.6,II,2
79.2,17.6,II,2
79.3,17.6,II,2
79.4,17.6,II,2
79.5,17.6,II,2
79.6,17.6,II,2
79.7,17.6,II,2
79.8,17.6,II,2
79.9,17.6,II,2
80,17.6,II,2
80.1,17.6,III,3
80.2,17.6,III,3
80.3,17.6,III,3
80.4,17.6,III,3
80.5,17.6,III,3
80.6,17.6,III,3
80.7,17.6,III,3
80.8,17.6,III,3
80.9,17.6,III,3
81,17.6,III,3
81.1,17.6,III,3
81.2,17.6,III,3
81.3,17.6,III,3
81.4,17.6,III,3
81.5,17.6,III,3
81.6,17.6,III,3
81.7,17.6,III,3
81.8,17.6,II,2
81.9,17.6,II,2
82,17.6,II,2
82.1,17.6,II,2
82.2,17.6,II,2
82.3,17.6,II,2
82.4,17.6,II,2
82.5,17.6,II,2
82.6,17.6,II,2
82.7,17.6,II,2
82.8,17.6,II,2
82.9,17.6,II,2
83,17.6,II,2
83.1,17.6,II,2
83.2,17.6,II,2
73.2,17.7,IV,4
73.3,17.7,IV,4
73.4,17.7,V,5
73.5,17.7,V,5
73.6,17.7,V,5
73.7,17.7,V,5
73.8,17.7,V,5
73.9,17.7,V,5
74,17.7,V,5
74.1,17.7,V,5
74.2,17.7,V,5
74.3,17.7,V,5
74.4,17.7,IV,4
74.5,17.7,IV,4
74.6,17.7,IV,4
74.7,17.7,III,3
74.8,17.7,III,3
74.9,17.7,III,3
75,17.7,II,2
75.1,17.7,II,2
75.2,17.7,II,2
75.3,17.7,II,2
75.4,17.7,II,2
75.5,17.7,II,2
75.6,17.7,II,2
75.7,17.7,II,2
75.8,17.7,II,2
75.9,17.7,II,2
76,17.7,II,2
76.1,17.7,II,2
76.2,17.7,II,2
76.3,17.7,II,2
76.4,17.7,II,2
76.5,17.7,II,2
76.6,17.7,II,2
76.7,17.7,II,2
76.8,17.7,II,2
76.9,17.7,II,2
77,17.7,II,2
77.1,17.7,II,2
77.2,17.7,II,2
77.3,17.7,II,2
77.4,17.7,II,2
77.5,17.7,II,2
77.6,17.7,II,2
77.7,17.7,II,2
77.8,17.7,II,2
77.9,17.7,II,2
78,17.7,II,2
78.1,17.7,II,2
78.2,17.7,II,2
78.3,17.7,II,2
78.4,17.7,II,2
78.5,17.7,II,2
78.6,17.7,II,2
78.7,17.7,II,2
78.8,17.7,II,2
78.9,17.7,II,2
79,17.7,II,2
79.1,17.7,II,2
79.2,17.7,II,2
79.3,17.7,II,2
79.4,17.7,II,2
79.5,17.7,II,2
79.6,17.7,II,2
79.7,17.7,II,2
79.8,17.7,II,2
79.9,17.7,II,2
80,17.7,II,2
80.1,17.7,III,3
80.2,17.7,III,3
80.3,17.7,III,3
80.4,17.7,III,3
80.5,17.7,III,3
80.6,17.7,III,3
80.7,17.7,III,3
80.8,17.7,III,3
80.9,17.7,III,3
81,17.7,III,3
81.1,17.7,III,3
81.2,17.7,III,3
81.3,17.7,III,3
81.4,17.7,III,3
81.5,17.7,II,2
81.6,17.7,II,2
81.7,17.7,II,2
81.8,17.7,II,2
81.9,17.7,II,2
82,17.7,II,2
82.1,17.7,II,2
82.2,17.7,II,2
82.3,17.7,II,2
82.4,17.7,II,2
82.5,17.7,II,2
82.6,17.7,II,2
82.7,17.7,II,2
82.8,17.7,II,2
82.9,17.7,II,2
83,17.7,II,2
83.1,17.7,II,2
83.2,17.7,II,2
83.3,17.7,II,2
73.2,17.8,III,3
73.3,17.8,IV,4
73.4,17.8,IV,4
73.5,17.8,V,5
73.6,17.8,V,5
73.7,17.8,V,5
73.8,17.8,V,5
73.9,17.8,V,5
74,17.8,V,5
74.1,17.8,V,5
74.2,17.8,V,5
74.3,17.8,IV,4
74.4,17.8,IV,4
74.5,17.8,IV,4
74.6,17.8,IV,4
74.7,17.8,III,3
74.8,17.8,III,3
74.9,17.8,III,3
75,17.8,II,2
75.1,17.8,II,2
75.2,17.8,II,2
75.3,17.8,II,2
75.4,17.8,II,2
75.5,17.8,II,2
75.6,17.8,II,2
75.7,17.8,II,2
75.8,17.8,II,2
75.9,17.8,II,2
76,17.8,II,2
76.1,17.8,II,2
76.2,17.8,II,2
76.3,17.8,II,2
76.4,17.8,II,2
76.5,17.8,II,2
76.6,17.8,II,2
76.7,17.8,II,2
76.8,17.8,II,2
76.9,17.8,II,2
77,17.8,II,2
77.1,17.8,II,2
77.2,17.8,II,2
77.3,17.8,II,2
77.4,17.8,II,2
77.5,17.8,II,2
77.6,17.8,II,2
77.7,17.8,II,2
77.8,17.8,II,2
77.9,17.8,II,2
78,17.8,II,2
78.1,17.8,II,2
78.2,17.8,II,2
78.3,17.8,II,2
78.4,17.8,II,2
78.5,17.8,II,2
78.6,17.8,II,2
78.7,17.8,II,2
78.8,17.8,II,2
78.9,17.8,II,2
79,17.8,II,2
79.1,17.8,II,2
79.2,17.8,II,2
79.3,17.8,II,2
79.4,17.8,II,2
79.5,17.8,II,2
79.6,17.8,II,2
79.7,17.8,II,2
79.8,17.8,II,2
79.9,17.8,II,2
80,17.8,II,2
80.1,17.8,II,2
80.2,17.8,III,3
80.3,17.8,III,3
80.4,17.8,III,3
80.5,17.8,III,3
80.6,17.8,III,3
80.7,17.8,III,3
80.8,17.8,III,3
80.9,17.8,III,3
81,17.8,III,3
81.1,17.8,III,3
81.2,17.8,II,2
81.3,17.8,II,2
81.4,17.8,II,2
81.5,17.8,II,2
81.6,17.8,II,2
81.7,17.8,II,2
81.8,17.8,II,2
81.9,17.8,II,2
82,17.8,II,2
82.1,17.8,II,2
82.2,17.8,II,2
82.3,17.8,II,2
82.4,17.8,II,2
82.5,17.8,II,2
82.6,17.8,II,2
82.7,17.8,II,2
82.8,17.8,II,2
82.9,17.8,II,2
83,17.8,II,2
83.1,17.8,II,2
83.2,17.8,II,2
83.3,17.8,II,2
83.4,17.8,II,2
73.1,17.9,III,3
73.2,17.9,III,3
73.3,17.9,III,3
73.4,17.9,IV,4
73.5,17.9,IV,4
73.6,17.9,IV,4
73.7,17.9,V,5
73.8,17.9,V,5
73.9,17.9,V,5
74,17.9,V,5
74.1,17.9,V,5
74.2,17.9,IV,4
74.3,17.9,IV,4
74.4,17.9,IV,4
74.5,17.9,IV,4
74.6,17.9,III,3
74.7,17.9,III,3
74.8,17.9,III,3
74.9,17.9,II,2
75,17.9,II,2
75.1,17.9,II,2
75.2,17.9,II,2
75.3,17.9,II,2
75.4,17.9,II,2
75.5,17.9,II,2
75.6,17.9,II,2
75.7,17.9,II,2
75.8,17.9,II,2
75.9,17.9,II,2
76,17.9,II,2
76.1,17.9,II,2
76.2,17.9,II,2
76.3,17.9,II,2
76.4,17.9,II,2
76.5,17.9,II,2
76.6,17.9,II,2
76.7,17.9,II,2
76.8,17.9,II,2
76.9,17.9,II,2
77,17.9,II,2
77.1,17.9,II,2
77.2,17.9,II,2
77.3,17.9,II,2
77.4,17.9,II,2
77.5,17.9,II,2
77.6,17.9,II,2
77.7,17.9,II,2
77.8,17.9,II,2
77.9,17.9,II,2
78,17.9,II,2
78.1,17.9,II,2
78.2,17.9,II,2
78.3,17.9,II,2
78.4,17.9,II,2
78.5,17.9,II,2
78.6,17.9,II,2
78.7,17.9,II,2
78.8,17.9,II,2
78.9,17.9,II,2
79,17.9,II,2
79.1,17.9,II,2
79.2,17.9,II,2
79.3,17.9,II,2
79.4,17.9,II,2
79.5,17.9,II,2
79.6,17.9,II,2
79.7,17.9,II,2
79.8,17.9,II,2
79.9,17.9,II,2
80,17.9,II,2
80.1,17.9,II,2
80.2,17.9,II,2
80.3,17.9,II,2
80.4,17.9,III,3
80.5,17.9,III,3
80.6,17.9,III,3
80.7,17.9,III,3
80.8,17.9,III,3
80.9,17.9,II,2
81,17.9,II,2
81.1,17.9,II,2
81.2,17.9,II,2
81.3,17.9,II,2
81.4,17.9,II,2
81.5,17.9,II,2
81.6,17.9,II,2
81.7,17.9,II,2
81.8,17.9,II,2
81.9,17.9,II,2
82,17.9,II,2
82.1,17.9,II,2
82.2,17.9,II,2
82.3,17.9,II,2
82.4,17.9,II,2
82.5,17.9,II,2
82.6,17.9,II,2
82.7,17.9,II,2
82.8,17.9,II,2
82.9,17.9,II,2
83,17.9,II,2
83.1,17.9,II,2
83.2,17.9,II,2
83.3,17.9,II,2
83.4,17.9,II,2
73.1,18,III,3
73.2,18,III,3
73.3,18,III,3
73.4,18,III,3
73.5,18,IV,4
73.6,18,IV,4
73.7,18,IV,4
73.8,18,IV,4
73.9,18,IV,4
74,18,IV,4
74.1,18,IV,4
74.2,18,IV,4
74.3,18,IV,4
74.4,18,IV,4
74.5,18,III,3
74.6,18,III,3
74.7,18,III,3
74.8,18,III,3
74.9,18,II,2
75,18,II,2
75.1,18,II,2
75.2,18,II,2
75.3,18,II,2
75.4,18,II,2
75.5,18,II,2
75.6,18,II,2
75.7,18,II,2
75.8,18,II,2
75.9,18,II,2
76,18,II,2
76.1,18,II,2
76.2,18,II,2
76.3,18,II,2
76.4,18,II,2
76.5,18,II,2
76.6,18,II,2
76.7,18,II,2
76.8,18,II,2
76.9,18,II,2
77,18,II,2
77.1,18,II,2
77.2,18,II,2
77.3,18,II,2
77.4,18,II,2
77.5,18,II,2
77.6,18,II,2
77.7,18,II,2
77.8,18,II,2
77.9,18,II,2
78,18,II,2
78.1,18,II,2
78.2,18,II,2
78.3,18,II,2
78.4,18,II,2
78.5,18,II,2
78.6,18,II,2
78.7,18,II,2
78.8,18,II,2
78.9,18,II,2
79,18,II,2
79.1,18,II,2
79.2,18,II,2
79.3,18,II,2
79.4,18,II,2
79.5,18,II,2
79.6,18,II,2
79.7,18,II,2
79.8,18,II,2
79.9,18,II,2
80,18,II,2
80.1,18,II,2
80.2,18,II,2
80.3,18,II,2
80.4,18,II,2
80.5,18,II,2
80.6,18,II,2
80.7,18,II,2
80.8,18,II,2
80.9,18,II,2
81,18,II,2
81.1,18,II,2
81.2,18,II,2
81.3,18,II,2
81.4,18,II,2
81.5,18,II,2
81.6,18,II,2
81.7,18,II,2
81.8,18,II,2
81.9,18,II,2
82,18,II,2
82.1,18,II,2
82.2,18,II,2
82.3,18,II,2
82.4,18,II,2
82.5,18,II,2
82.6,18,II,2
82.7,18,II,2
82.8,18,II,2
82.9,18,II,2
83,18,II,2
83.1,18,II,2
83.2,18,II,2
83.3,18,II,2
83.4,18,II,2
83.5,18,II,2
73,18.1,III,3
73.1,18.1,III,3
73.2,18.1,III,3
73.3,18.1,III,3
73.4,18.1,III,3
73.5,18.1,III,3
73.6,18.1,III,3
73.7,18.1,IV,4
73.8,18.1,IV,4
73.9,18.1,IV,4
74,18.1,IV,4
74.1,18.1,IV,4
74.2,18.1,III,3
74.3,18.1,III,3
74.4,18.1,III,3
74.5,18.1,III,3
74.6,18.1,III,3
74.7,18.1,III,3
74.8,18.1,II,2
74.9,18.1,II,2
75,18.1,II,2
75.1,18.1,II,2
75.2,18.1,II,2
75.3,18.1,II,2
75.4,18.1,II,2
75.5,18.1,II,2
75.6,18.1,II,2
75.7,18.1,II,2
75.8,18.1,II,2
75.9,18.1,II,2
76,18.1,II,2
76.1,18.1,II,2
76.2,18.1,II,2
76.3,18.1,II,2
76.4,18.1,II,2
76.5,18.1,II,2
76.6,18.1,II,2
76.7,18.1,II,2
76.8,18.1,II,2
76.9,18.1,II,2
77,18.1,II,2
77.1,18.1,II,2
77.2,18.1,II,2
77.3,18.1,II,2
77.4,18.1,II,2
77.5,18.1,II,2
77.6,18.1,II,2
77.7,18.1,II,2
77.8,18.1,II,2
77.9,18.1,II,2
78,18.1,II,2
78.1,18.1,II,2
78.2,18.1,II,2
78.3,18.1,II,2
78.4,18.1,II,2
78.5,18.1,II,2
78.6,18.1,II,2
78.7,18.1,II,2
78.8,18.1,II,2
78.9,18.1,II,2
79,18.1,II,2
79.1,18.1,II,2
79.2,18.1,II,2
79.3,18.1,II,2
79.4,18.1,II,2
79.5,18.1,II,2
79.6,18.1,II,2
79.7,18.1,II,2
79.8,18.1,II,2
79.9,18.1,II,2
80,18.1,II,2
80.1,18.1,II,2
80.2,18.1,II,2
80.3,18.1,II,2
80.4,18.1,II,2
80.5,18.1,II,2
80.6,18.1,II,2
80.7,18.1,II,2
80.8,18.1,II,2
80.9,18.1,II,2
81,18.1,II,2
81.1,18.1,II,2
81.2,18.1,II,2
81.3,18.1,II,2
81.4,18.1,II,2
81.5,18.1,II,2
81.6,18.1,II,2
81.7,18.1,II,2
81.8,18.1,II,2
81.9,18.1,II,2
82,18.1,II,2
82.1,18.1,II,2
82.2,18.1,II,2
82.3,18.1,II,2
82.4,18.1,II,2
82.5,18.1,II,2
82.6,18.1,II,2
82.7,18.1,II,2
82.8,18.1,II,2
82.9,18.1,II,2
83,18.1,II,2
83.1,18.1,II,2
83.2,18.1,II,2
83.3,18.1,II,2
83.4,18.1,II,2
83.5,18.1,II,2
83.6,18.1,II,2
83.7,18.1,III,3
73,18.2,III,3
73.1,18.2,III,3
73.2,18.2,III,3
73.3,18.2,III,3
73.4,18.2,III,3
73.5,18.2,III,3
73.6,18.2,III,3
73.7,18.2,III,3
73.8,18.2,III,3
73.9,18.2,III,3
74,18.2,III,3
74.1,18.2,III,3
74.2,18.2,III,3
74.3,18.2,III,3
74.4,18.2,III,3
74.5,18.2,III,3
74.6,18.2,III,3
74.7,18.2,II,2
74.8,18.2,II,2
74.9,18.2,II,2
75,18.2,II,2
75.1,18.2,II,2
75.2,18.2,II,2
75.3,18.2,II,2
75.4,18.2,II,2
75.5,18.2,II,2
75.6,18.2,II,2
75.7,18.2,II,2
75.8,18.2,II,2
75.9,18.2,II,2
76,18.2,II,2
76.1,18.2,II,2
76.2,18.2,II,2
76.3,18.2,II,2
76.4,18.2,II,2
76.5,18.2,II,2
76.6,18.2,II,2
76.7,18.2,II,2
76.8,18.2,II,2
76.9,18.2,II,2
77,18.2,II,2
77.1,18.2,II,2
77.2,18.2,II,2
77.3,18.2,II,2
77.4,18.2,II,2
77.5,18.2,II,2
77.6,18.2,II,2
77.7,18.2,II,2
77.8,18.2,II,2
77.9,18.2,II,2
78,18.2,II,2
78.1,18.2,II,2
78.2,18.2,II,2
78.3,18.2,II,2
78.4,18.2,II,2
78.5,18.2,II,2
78.6,18.2,II,2
78.7,18.2,II,2
78.8,18.2,II,2
78.9,18.2,II,2
79,18.2,II,2
79.1,18.2,II,2
79.2,18.2,II,2
79.3,18.2,II,2
79.4,18.2,II,2
79.5,18.2,II,2
79.6,18.2,II,2
79.7,18.2,II,2
79.8,18.2,II,2
79.9,18.2,II,2
80,18.2,II,2
80.1,18.2,II,2
80.2,18.2,II,2
80.3,18.2,II,2
80.4,18.2,II,2
80.5,18.2,II,2
80.6,18.2,II,2
80.7,18.2,II,2
80.8,18.2,II,2
80.9,18.2,II,2
81,18.2,II,2
81.1,18.2,II,2
81.2,18.2,II,2
81.3,18.2,II,2
81.4,18.2,II,2
81.5,18.2,II,2
81.6,18.2,II,2
81.7,18.2,II,2
81.8,18.2,II,2
81.9,18.2,II,2
82,18.2,II,2
82.1,18.2,II,2
82.2,18.2,II,2
82.3,18.2,II,2
82.4,18.2,II,2
82.5,18.2,II,2
82.6,18.2,II,2
82.7,18.2,II,2
82.8,18.2,II,2
82.9,18.2,II,2
83,18.2,II,2
83.1,18.2,II,2
83.2,18.2,II,2
83.3,18.2,II,2
83.4,18.2,II,2
83.5,18.2,II,2
83.6,18.2,II,2
83.7,18.2,II,2
83.8,18.2,II,2
83.9,18.2,III,3
73,18.3,III,3
73.1,18.3,III,3
73.2,18.3,III,3
73.3,18.3,III,3
73.4,18.3,III,3
73.5,18.3,III,3
73.6,18.3,III,3
73.7,18.3,III,3
73.8,18.3,III,3
73.9,18.3,III,3
74,18.3,III,3
74.1,18.3,III,3
74.2,18.3,III,3
74.3,18.3,III,3
74.4,18.3,III,3
74.5,18.3,III,3
74.6,18.3,II,2
74.7,18.3,II,2
74.8,18.3,II,2
74.9,18.3,II,2
75,18.3,II,2
75.1,18.3,II,2
75.2,18.3,II,2
75.3,18.3,II,2
75.4,18.3,II,2
75.5,18.3,II,2
75.6,18.3,II,2
75.7,18.3,II,2
75.8,18.3,II,2
75.9,18.3,II,2
76,18.3,II,2
76.1,18.3,II,2
76.2,18.3,II,2
76.3,18.3,II,2
76.4,18.3,II,2
76.5,18.3,II,2
76.6,18.3,II,2
76.7,18.3,II,2
76.8,18.3,II,2
76.9,18.3,II,2
77,18.3,II,2
77.1,18.3,II,2
77.2,18.3,II,2
77.3,18.3,II,2
77.4,18.3,II,2
77.5,18.3,II,2
77.6,18.3,II,2
77.7,18.3,II,2
77.8,18.3,II,2
77.9,18.3,II,2
78,18.3,II,2
78.1,18.3,II,2
78.2,18.3,II,2
78.3,18.3,II,2
78.4,18.3,II,2
78.5,18.3,II,2
78.6,18.3,II,2
78.7,18.3,II,2
78.8,18.3,II,2
78.9,18.3,II,2
79,18.3,II,2
79.1,18.3,II,2
79.2,18.3,II,2
79.3,18.3,II,2
79.4,18.3,II,2
79.5,18.3,II,2
79.6,18.3,II,2
79.7,18.3,II,2
79.8,18.3,II,2
79.9,18.3,II,2
80,18.3,II,2
80.1,18.3,II,2
80.2,18.3,II,2
80.3,18.3,II,2
80.4,18.3,II,2
80.5,18.3,II,2
80.6,18.3,II,2
80.7,18.3,II,2
80.8,18.3,II,2
80.9,18.3,II,2
81,18.3,II,2
81.1,18.3,II,2
81.2,18.3,II,2
81.3,18.3,II,2
81.4,18.3,II,2
81.5,18.3,II,2
81.6,18.3,II,2
81.7,18.3,II,2
81.8,18.3,II,2
81.9,18.3,II,2
82,18.3,II,2
82.1,18.3,II,2
82.2,18.3,II,2
82.3,18.3,II,2
82.4,18.3,II,2
82.5,18.3,II,2
82.6,18.3,II,2
82.7,18.3,II,2
82.8,18.3,II,2
82.9,18.3,II,2
83,18.3,II,2
83.1,18.3,II,2
83.2,18.3,II,2
83.3,18.3,II,2
83.4,18.3,II,2
83.5,18.3,II,2
83.6,18.3,II,2
83.7,18.3,II,2
83.8,18.3,II,2
83.9,18.3,II,2
84,18.3,II,2
84.1,18.3,II,2
73,18.4,III,3
73.1,18.4,III,3
73.2,18.4,III,3
73.3,18.4,III,3
73.4,18.4,III,3
73.5,18.4,III,3
73.6,18.4,III,3
73.7,18.4,III,3
73.8,18.4,III,3
73.9,18.4,III,3
74,18.4,III,3
74.1,18.4,III,3
74.2,18.4,III,3
74.3,18.4,III,3
74.4,18.4,II,2
74.5,18.4,II,2
74.6,18.4,II,2
74.7,18.4,II,2
74.8,18.4,II,2
74.9,18.4,II,2
75,18.4,II,2
75.1,18.4,II,2
75.2,18.4,II,2
75.3,18.4,II,2
75.4,18.4,II,2
75.5,18.4,II,2
75.6,18.4,II,2
75.7,18.4,II,2
75.8,18.4,II,2
75.9,18.4,II,2
76,18.4,II,2
76.1,18.4,II,2
76.2,18.4,II,2
76.3,18.4,II,2
76.4,18.4,II,2
76.5,18.4,II,2
76.6,18.4,II,2
76.7,18.4,II,2
76.8,18.4,II,2
76.9,18.4,II,2
77,18.4,II,2
77.1,18.4,II,2
77.2,18.4,II,2
77.3,18.4,II,2
77.4,18.4,II,2
77.5,18.4,II,2
77.6,18.4,II,2
77.7,18.4,II,2
77.8,18.4,II,2
77.9,18.4,II,2
78,18.4,II,2
78.1,18.4,II,2
78.2,18.4,II,2
78.3,18.4,II,2
78.4,18.4,II,2
78.5,18.4,II,2
78.6,18.4,II,2
78.7,18.4,II,2
78.8,18.4,II,2
78.9,18.4,II,2
79,18.4,II,2
79.1,18.4,II,2
79.2,18.4,II,2
79.3,18.4,II,2
79.4,18.4,II,2
79.5,18.4,II,2
79.6,18.4,II,2
79.7,18.4,II,2
79.8,18.4,II,2
79.9,18.4,II,2
80,18.4,II,2
80.1,18.4,II,2
80.2,18.4,II,2
80.3,18.4,II,2
80.4,18.4,II,2
80.5,18.4,II,2
80.6,18.4,II,2
80.7,18.4,II,2
80.8,18.4,II,2
80.9,18.4,II,2
81,18.4,II,2
81.1,18.4,II,2
81.2,18.4,II,2
81.3,18.4,II,2
81.4,18.4,II,2
81.5,18.4,II,2
81.6,18.4,II,2
81.7,18.4,II,2
81.8,18.4,II,2
81.9,18.4,II,2
82,18.4,II,2
82.1,18.4,II,2
82.2,18.4,II,2
82.3,18.4,II,2
82.4,18.4,II,2
82.5,18.4,II,2
82.6,18.4,II,2
82.7,18.4,II,2
82.8,18.4,II,2
82.9,18.4,II,2
83,18.4,II,2
83.1,18.4,II,2
83.2,18.4,II,2
83.3,18.4,II,2
83.4,18.4,II,2
83.5,18.4,II,2
83.6,18.4,II,2
83.7,18.4,II,2
83.8,18.4,II,2
83.9,18.4,II,2
84,18.4,II,2
84.1,18.4,II,2
73,18.5,III,3
73.1,18.5,III,3
73.2,18.5,III,3
73.3,18.5,III,3
73.4,18.5,III,3
73.5,18.5,III,3
73.6,18.5,III,3
73.7,18.5,III,3
73.8,18.5,III,3
73.9,18.5,III,3
74,18.5,III,3
74.1,18.5,III,3
74.2,18.5,III,3
74.3,18.5,II,2
74.4,18.5,II,2
74.5,18.5,II,2
74.6,18.5,II,2
74.7,18.5,II,2
74.8,18.5,II,2
74.9,18.5,II,2
75,18.5,II,2
75.1,18.5,II,2
75.2,18.5,II,2
75.3,18.5,II,2
75.4,18.5,II,2
75.5,18.5,II,2
75.6,18.5,II,2
75.7,18.5,II,2
75.8,18.5,II,2
75.9,18.5,II,2
76,18.5,II,2
76.1,18.5,II,2
76.2,18.5,II,2
76.3,18.5,II,2
76.4,18.5,II,2
76.5,18.5,II,2
76.6,18.5,II,2
76.7,18.5,II,2
76.8,18.5,II,2
76.9,18.5,II,2
77,18.5,II,2
77.1,18.5,II,2
77.2,18.5,II,2
77.3,18.5,II,2
77.4,18.5,II,2
77.5,18.5,II,2
77.6,18.5,II,2
77.7,18.5,II,2
77.8,18.5,II,2
77.9,18.5,II,2
78,18.5,II,2
78.1,18.5,II,2
78.2,18.5,II,2
78.3,18.5,II,2
78.4,18.5,II,2
78.5,18.5,II,2
78.6,18.5,II,2
78.7,18.5,II,2
78.8,18.5,II,2
78.9,18.5,II,2
79,18.5,II,2
79.1,18.5,II,2
79.2,18.5,II,2
79.3,18.5,II,2
79.4,18.5,II,2
79.5,18.5,II,2
79.6,18.5,II,2
79.7,18.5,II,2
79.8,18.5,II,2
79.9,18.5,II,2
80,18.5,II,2
80.1,18.5,II,2
80.2,18.5,II,2
80.3,18.5,II,2
80.4,18.5,II,2
80.5,18.5,II,2
80.6,18.5,II,2
80.7,18.5,II,2
80.8,18.5,II,2
80.9,18.5,II,2
81,18.5,II,2
81.1,18.5,II,2
81.2,18.5,II,2
81.3,18.5,II,2
81.4,18.5,II,2
81.5,18.5,II,2
81.6,18.5,II,2
81.7,18.5,II,2
81.8,18.5,II,2
81.9,18.5,II,2
82,18.5,II,2
82.1,18.5,II,2
82.2,18.5,II,2
82.3,18.5,II,2
82.4,18.5,II,2
82.5,18.5,II,2
82.6,18.5,II,2
82.7,18.5,II,2
82.8,18.5,II,2
82.9,18.5,II,2
83,18.5,II,2
83.1,18.5,II,2
83.2,18.5,II,2
83.3,18.5,II,2
83.4,18.5,II,2
83.5,18.5,II,2
83.6,18.5,II,2
83.7,18.5,II,2
83.8,18.5,II,2
83.9,18.5,II,2
84,18.5,II,2
84.1,18.5,II,2
84.2,18.5,II,2
72.9,18.6,III,3
73,18.6,III,3
73.1,18.6,III,3
73.2,18.6,III,3
73.3,18.6,III,3
73.4,18.6,III,3
73.5,18.6,III,3
73.6,18.6,III,3
73.7,18.6,III,3
73.8,18.6,III,3
73.9,18.6,III,3
74,18.6,III,3
74.1,18.6,III,3
74.2,18.6,III,3
74.3,18.6,II,2
74.4,18.6,II,2
74.5,18.6,II,2
74.6,18.6,II,2
74.7,18.6,II,2
74.8,18.6,II,2
74.9,18.6,II,2
75,18.6,II,2
75.1,18.6,II,2
75.2,18.6,II,2
75.3,18.6,II,2
75.4,18.6,II,2
75.5,18.6,II,2
75.6,18.6,II,2
75.7,18.6,II,2
75.8,18.6,II,2
75.9,18.6,II,2
76,18.6,II,2
76.1,18.6,II,2
76.2,18.6,II,2
76.3,18.6,II,2
76.4,18.6,II,2
76.5,18.6,II,2
76.6,18.6,II,2
76.7,18.6,II,2
76.8,18.6,II,2
76.9,18.6,II,2
77,18.6,II,2
77.1,18.6,II,2
77.2,18.6,II,2
77.3,18.6,II,2
77.4,18.6,II,2
77.5,18.6,II,2
77.6,18.6,II,2
77.7,18.6,II,2
77.8,18.6,II,2
77.9,18.6,II,2
78,18.6,II,2
78.1,18.6,II,2
78.2,18.6,II,2
78.3,18.6,II,2
78.4,18.6,II,2
78.5,18.6,II,2
78.6,18.6,II,2
78.7,18.6,II,2
78.8,18.6,II,2
78.9,18.6,II,2
79,18.6,II,2
79.1,18.6,II,2
79.2,18.6,II,2
79.3,18.6,II,2
79.4,18.6,II,2
79.5,18.6,II,2
79.6,18.6,II,2
79.7,18.6,II,2
79.8,18.6,II,2
79.9,18.6,II,2
80,18.6,II,2
80.1,18.6,II,2
80.2,18.6,II,2
80.3,18.6,II,2
80.4,18.6,II,2
80.5,18.6,II,2
80.6,18.6,II,2
80.7,18.6,II,2
80.8,18.6,II,2
80.9,18.6,II,2
81,18.6,II,2
81.1,18.6,II,2
81.2,18.6,II,2
81.3,18.6,II,2
81.4,18.6,II,2
81.5,18.6,II,2
81.6,18.6,II,2
81.7,18.6,II,2
81.8,18.6,II,2
81.9,18.6,II,2
82,18.6,II,2
82.1,18.6,II,2
82.2,18.6,II,2
82.3,18.6,II,2
82.4,18.6,II,2
82.5,18.6,II,2
82.6,18.6,II,2
82.7,18.6,II,2
82.8,18.6,II,2
82.9,18.6,II,2
83,18.6,II,2
83.1,18.6,II,2
83.2,18.6,II,2
83.3,18.6,II,2
83.4,18.6,II,2
83.5,18.6,II,2
83.6,18.6,II,2
83.7,18.6,II,2
83.8,18.6,II,2
83.9,18.6,II,2
84,18.6,II,2
84.1,18.6,II,2
84.2,18.6,II,2
84.3,18.6,II,2
72.9,18.7,III,3
73,18.7,III,3
73.1,18.7,III,3
73.2,18.7,III,3
73.3,18.7,III,3
73.4,18.7,III,3
73.5,18.7,III,3
73.6,18.7,III,3
73.7,18.7,III,3
73.8,18.7,III,3
73.9,18.7,III,3
74,18.7,III,3
74.1,18.7,III,3
74.2,18.7,II,2
74.3,18.7,II,2
74.4,18.7,II,2
74.5,18.7,II,2
74.6,18.7,II,2
74.7,18.7,II,2
74.8,18.7,II,2
74.9,18.7,II,2
75,18.7,II,2
75.1,18.7,II,2
75.2,18.7,II,2
75.3,18.7,II,2
75.4,18.7,II,2
75.5,18.7,II,2
75.6,18.7,II,2
75.7,18.7,II,2
75.8,18.7,II,2
75.9,18.7,II,2
76,18.7,II,2
76.1,18.7,II,2
76.2,18.7,II,2
76.3,18.7,II,2
76.4,18.7,II,2
76.5,18.7,II,2
76.6,18.7,II,2
76.7,18.7,II,2
76.8,18.7,II,2
76.9,18.7,II,2
77,18.7,II,2
77.1,18.7,II,2
77.2,18.7,II,2
77.3,18.7,II,2
77.4,18.7,II,2
77.5,18.7,II,2
77.6,18.7,II,2
77.7,18.7,II,2
77.8,18.7,II,2
77.9,18.7,II,2
78,18.7,II,2
78.1,18.7,II,2
78.2,18.7,II,2
78.3,18.7,II,2
78.4,18.7,II,2
78.5,18.7,II,2
78.6,18.7,II,2
78.7,18.7,II,2
78.8,18.7,II,2
78.9,18.7,II,2
79,18.7,II,2
79.1,18.7,II,2
79.2,18.7,II,2
79.3,18.7,II,2
79.4,18.7,II,2
79.5,18.7,II,2
79.6,18.7,II,2
79.7,18.7,II,2
79.8,18.7,II,2
79.9,18.7,II,2
80,18.7,II,2
80.1,18.7,II,2
80.2,18.7,II,2
80.3,18.7,II,2
80.4,18.7,II,2
80.5,18.7,II,2
80.6,18.7,II,2
80.7,18.7,II,2
80.8,18.7,II,2
80.9,18.7,II,2
81,18.7,II,2
81.1,18.7,II,2
81.2,18.7,II,2
81.3,18.7,II,2
81.4,18.7,II,2
81.5,18.7,II,2
81.6,18.7,II,2
81.7,18.7,II,2
81.8,18.7,II,2
81.9,18.7,II,2
82,18.7,II,2
82.1,18.7,II,2
82.2,18.7,II,2
82.3,18.7,II,2
82.4,18.7,II,2
82.5,18.7,II,2
82.6,18.7,II,2
82.7,18.7,II,2
82.8,18.7,II,2
82.9,18.7,II,2
83,18.7,II,2
83.1,18.7,II,2
83.2,18.7,II,2
83.3,18.7,II,2
83.4,18.7,II,2
83.5,18.7,II,2
83.6,18.7,II,2
83.7,18.7,II,2
83.8,18.7,II,2
83.9,18.7,II,2
84,18.7,II,2
84.1,18.7,II,2
84.2,18.7,II,2
84.3,18.7,II,2
84.4,18.7,II,2
72.9,18.8,III,3
73,18.8,III,3
73.1,18.8,III,3
73.2,18.8,III,3
73.3,18.8,III,3
73.4,18.8,III,3
73.5,18.8,III,3
73.6,18.8,III,3
73.7,18.8,III,3
73.8,18.8,III,3
73.9,18.8,III,3
74,18.8,III,3
74.1,18.8,III,3
74.2,18.8,II,2
74.3,18.8,II,2
74.4,18.8,II,2
74.5,18.8,II,2
74.6,18.8,II,2
74.7,18.8,II,2
74.8,18.8,II,2
74.9,18.8,II,2
75,18.8,II,2
75.1,18.8,II,2
75.2,18.8,II,2
75.3,18.8,II,2
75.4,18.8,II,2
75.5,18.8,II,2
75.6,18.8,II,2
75.7,18.8,II,2
75.8,18.8,II,2
75.9,18.8,II,2
76,18.8,II,2
76.1,18.8,II,2
76.2,18.8,II,2
76.3,18.8,II,2
76.4,18.8,II,2
76.5,18.8,II,2
76.6,18.8,II,2
76.7,18.8,II,2
76.8,18.8,II,2
76.9,18.8,II,2
77,18.8,II,2
77.1,18.8,II,2
77.2,18.8,II,2
77.3,18.8,II,2
77.4,18.8,II,2
77.5,18.8,II,2
77.6,18.8,II,2
77.7,18.8,II,2
77.8,18.8,II,2
77.9,18.8,II,2
78,18.8,II,2
78.1,18.8,II,2
78.2,18.8,II,2
78.3,18.8,II,2
78.4,18.8,II,2
78.5,18.8,II,2
78.6,18.8,II,2
78.7,18.8,II,2
78.8,18.8,II,2
78.9,18.8,II,2
79,18.8,II,2
79.1,18.8,II,2
79.2,18.8,II,2
79.3,18.8,II,2
79.4,18.8,II,2
79.5,18.8,II,2
79.6,18.8,II,2
79.7,18.8,II,2
79.8,18.8,II,2
79.9,18.8,II,2
80,18.8,II,2
80.1,18.8,II,2
80.2,18.8,II,2
80.3,18.8,II,2
80.4,18.8,II,2
80.5,18.8,II,2
80.6,18.8,II,2
80.7,18.8,II,2
80.8,18.8,II,2
80.9,18.8,II,2
81,18.8,II,2
81.1,18.8,II,2
81.2,18.8,II,2
81.3,18.8,II,2
81.4,18.8,II,2
81.5,18.8,II,2
81.6,18.8,II,2
81.7,18.8,II,2
81.8,18.8,II,2
81.9,18.8,II,2
82,18.8,II,2
82.1,18.8,II,2
82.2,18.8,II,2
82.3,18.8,II,2
82.4,18.8,II,2
82.5,18.8,II,2
82.6,18.8,II,2
82.7,18.8,II,2
82.8,18.8,II,2
82.9,18.8,II,2
83,18.8,II,2
83.1,18.8,II,2
83.2,18.8,II,2
83.3,18.8,II,2
83.4,18.8,II,2
83.5,18.8,II,2
83.6,18.8,II,2
83.7,18.8,II,2
83.8,18.8,II,2
83.9,18.8,II,2
84,18.8,II,2
84.1,18.8,II,2
84.2,18.8,II,2
84.3,18.8,II,2
84.4,18.8,II,2
84.5,18.8,II,2
72.9,18.9,III,3
73,18.9,III,3
73.1,18.9,III,3
73.2,18.9,III,3
73.3,18.9,III,3
73.4,18.9,III,3
73.5,18.9,III,3
73.6,18.9,III,3
73.7,18.9,III,3
73.8,18.9,III,3
73.9,18.9,III,3
74,18.9,III,3
74.1,18.9,II,2
74.2,18.9,II,2
74.3,18.9,II,2
74.4,18.9,II,2
74.5,18.9,II,2
74.6,18.9,II,2
74.7,18.9,II,2
74.8,18.9,II,2
74.9,18.9,II,2
75,18.9,II,2
75.1,18.9,II,2
75.2,18.9,II,2
75.3,18.9,II,2
75.4,18.9,II,2
75.5,18.9,II,2
75.6,18.9,II,2
75.7,18.9,II,2
75.8,18.9,II,2
75.9,18.9,II,2
76,18.9,II,2
76.1,18.9,II,2
76.2,18.9,II,2
76.3,18.9,II,2
76.4,18.9,II,2
76.5,18.9,II,2
76.6,18.9,II,2
76.7,18.9,II,2
76.8,18.9,II,2
76.9,18.9,II,2
77,18.9,II,2
77.1,18.9,II,2
77.2,18.9,II,2
77.3,18.9,II,2
77.4,18.9,II,2
77.5,18.9,II,2
77.6,18.9,II,2
77.7,18.9,II,2
77.8,18.9,II,2
77.9,18.9,II,2
78,18.9,II,2
78.1,18.9,II,2
78.2,18.9,II,2
78.3,18.9,II,2
78.4,18.9,II,2
78.5,18.9,II,2
78.6,18.9,II,2
78.7,18.9,II,2
78.8,18.9,II,2
78.9,18.9,II,2
79,18.9,II,2
79.1,18.9,II,2
79.2,18.9,II,2
79.3,18.9,II,2
79.4,18.9,II,2
79.5,18.9,II,2
79.6,18.9,II,2
79.7,18.9,II,2
79.8,18.9,II,2
79.9,18.9,II,2
80,18.9,II,2
80.1,18.9,II,2
80.2,18.9,II,2
80.3,18.9,II,2
80.4,18.9,II,2
80.5,18.9,II,2
80.6,18.9,II,2
80.7,18.9,II,2
80.8,18.9,II,2
80.9,18.9,II,2
81,18.9,II,2
81.1,18.9,II,2
81.2,18.9,II,2
81.3,18.9,II,2
81.4,18.9,II,2
81.5,18.9,II,2
81.6,18.9,II,2
81.7,18.9,II,2
81.8,18.9,II,2
81.9,18.9,II,2
82,18.9,II,2
82.1,18.9,II,2
82.2,18.9,II,2
82.3,18.9,II,2
82.4,18.9,II,2
82.5,18.9,II,2
82.6,18.9,II,2
82.7,18.9,II,2
82.8,18.9,II,2
82.9,18.9,II,2
83,18.9,II,2
83.1,18.9,II,2
83.2,18.9,II,2
83.3,18.9,II,2
83.4,18.9,II,2
83.5,18.9,II,2
83.6,18.9,II,2
83.7,18.9,II,2
83.8,18.9,II,2
83.9,18.9,II,2
84,18.9,II,2
84.1,18.9,II,2
84.2,18.9,II,2
84.3,18.9,II,2
84.4,18.9,II,2
84.5,18.9,II,2
84.6,18.9,II,2
72.9,19,III,3
73,19,III,3
73.1,19,III,3
73.2,19,III,3
73.3,19,III,3
73.4,19,III,3
73.5,19,III,3
73.6,19,III,3
73.7,19,III,3
73.8,19,III,3
73.9,19,III,3
74,19,III,3
74.1,19,II,2
74.2,19,II,2
74.3,19,II,2
74.4,19,II,2
74.5,19,II,2
74.6,19,II,2
74.7,19,II,2
74.8,19,II,2
74.9,19,II,2
75,19,II,2
75.1,19,II,2
75.2,19,II,2
75.3,19,II,2
75.4,19,II,2
75.5,19,II,2
75.6,19,II,2
75.7,19,II,2
75.8,19,II,2
75.9,19,II,2
76,19,II,2
76.1,19,II,2
76.2,19,II,2
76.3,19,II,2
76.4,19,II,2
76.5,19,II,2
76.6,19,II,2
76.7,19,II,2
76.8,19,II,2
76.9,19,II,2
77,19,II,2
77.1,19,II,2
77.2,19,II,2
77.3,19,II,2
77.4,19,II,2
77.5,19,II,2
77.6,19,II,2
77.7,19,II,2
77.8,19,II,2
77.9,19,II,2
78,19,II,2
78.1,19,II,2
78.2,19,II,2
78.3,19,II,2
78.4,19,II,2
78.5,19,II,2
78.6,19,II,2
78.7,19,II,2
78.8,19,II,2
78.9,19,II,2
79,19,II,2
79.1,19,II,2
79.2,19,II,2
79.3,19,II,2
79.4,19,II,2
79.5,19,II,2
79.6,19,II,2
79.7,19,II,2
79.8,19,II,2
79.9,19,II,2
80,19,II,2
80.1,19,II,2
80.2,19,II,2
80.3,19,II,2
80.4,19,II,2
80.5,19,II,2
80.6,19,II,2
80.7,19,II,2
80.8,19,II,2
80.9,19,II,2
81,19,II,2
81.1,19,II,2
81.2,19,II,2
81.3,19,II,2
81.4,19,II,2
81.5,19,II,2
81.6,19,II,2
81.7,19,II,2
81.8,19,II,2
81.9,19,II,2
82,19,II,2
82.1,19,II,2
82.2,19,II,2
82.3,19,II,2
82.4,19,II,2
82.5,19,II,2
82.6,19,II,2
82.7,19,II,2
82.8,19,II,2
82.9,19,II,2
83,19,II,2
83.1,19,II,2
83.2,19,II,2
83.3,19,II,2
83.4,19,II,2
83.5,19,II,2
83.6,19,II,2
83.7,19,II,2
83.8,19,II,2
83.9,19,II,2
84,19,II,2
84.1,19,II,2
84.2,19,II,2
84.3,19,II,2
84.4,19,II,2
84.5,19,II,2
84.6,19,II,2
84.7,19,II,2
72.9,19.1,III,3
73,19.1,III,3
73.1,19.1,III,3
73.2,19.1,III,3
73.3,19.1,III,3
73.4,19.1,III,3
73.5,19.1,III,3
73.6,19.1,III,3
73.7,19.1,III,3
73.8,19.1,III,3
73.9,19.1,III,3
74,19.1,III,3
74.1,19.1,II,2
74.2,19.1,II,2
74.3,19.1,II,2
74.4,19.1,II,2
74.5,19.1,II,2
74.6,19.1,II,2
74.7,19.1,II,2
74.8,19.1,II,2
74.9,19.1,II,2
75,19.1,II,2
75.1,19.1,II,2
75.2,19.1,II,2
75.3,19.1,II,2
75.4,19.1,II,2
75.5,19.1,II,2
75.6,19.1,II,2
75.7,19.1,II,2
75.8,19.1,II,2
75.9,19.1,II,2
76,19.1,II,2
76.1,19.1,II,2
76.2,19.1,II,2
76.3,19.1,II,2
76.4,19.1,II,2
76.5,19.1,II,2
76.6,19.1,II,2
76.7,19.1,II,2
76.8,19.1,II,2
76.9,19.1,II,2
77,19.1,II,2
77.1,19.1,II,2
77.2,19.1,II,2
77.3,19.1,II,2
77.4,19.1,II,2
77.5,19.1,II,2
77.6,19.1,II,2
77.7,19.1,II,2
77.8,19.1,II,2
77.9,19.1,II,2
78,19.1,II,2
78.1,19.1,II,2
78.2,19.1,II,2
78.3,19.1,II,2
78.4,19.1,II,2
78.5,19.1,II,2
78.6,19.1,II,2
78.7,19.1,II,2
78.8,19.1,II,2
78.9,19.1,II,2
79,19.1,II,2
79.1,19.1,II,2
79.2,19.1,II,2
79.3,19.1,II,2
79.4,19.1,II,2
79.5,19.1,II,2
79.6,19.1,II,2
79.7,19.1,II,2
79.8,19.1,II,2
79.9,19.1,II,2
80,19.1,II,2
80.1,19.1,II,2
80.2,19.1,II,2
80.3,19.1,II,2
80.4,19.1,II,2
80.5,19.1,II,2
80.6,19.1,II,2
80.7,19.1,II,2
80.8,19.1,II,2
80.9,19.1,II,2
81,19.1,II,2
81.1,19.1,II,2
81.2,19.1,II,2
81.3,19.1,II,2
81.4,19.1,II,2
81.5,19.1,II,2
81.6,19.1,II,2
81.7,19.1,II,2
81.8,19.1,II,2
81.9,19.1,II,2
82,19.1,II,2
82.1,19.1,II,2
82.2,19.1,II,2
82.3,19.1,II,2
82.4,19.1,II,2
82.5,19.1,II,2
82.6,19.1,II,2
82.7,19.1,II,2
82.8,19.1,II,2
82.9,19.1,II,2
83,19.1,II,2
83.1,19.1,II,2
83.2,19.1,II,2
83.3,19.1,II,2
83.4,19.1,II,2
83.5,19.1,II,2
83.6,19.1,II,2
83.7,19.1,II,2
83.8,19.1,II,2
83.9,19.1,II,2
84,19.1,II,2
84.1,19.1,II,2
84.2,19.1,II,2
84.3,19.1,II,2
84.4,19.1,II,2
84.5,19.1,II,2
84.6,19.1,II,2
84.7,19.1,II,2
72.8,19.2,III,3
72.9,19.2,III,3
73,19.2,III,3
73.1,19.2,III,3
73.2,19.2,III,3
73.3,19.2,III,3
73.4,19.2,III,3
73.5,19.2,III,3
73.6,19.2,III,3
73.7,19.2,III,3
73.8,19.2,III,3
73.9,19.2,III,3
74,19.2,III,3
74.1,19.2,II,2
74.2,19.2,II,2
74.3,19.2,II,2
74.4,19.2,II,2
74.5,19.2,II,2
74.6,19.2,II,2
74.7,19.2,II,2
74.8,19.2,II,2
74.9,19.2,II,2
75,19.2,II,2
75.1,19.2,II,2
75.2,19.2,II,2
75.3,19.2,II,2
75.4,19.2,II,2
75.5,19.2,II,2
75.6,19.2,II,2
75.7,19.2,II,2
75.8,19.2,II,2
75.9,19.2,II,2
76,19.2,II,2
76.1,19.2,II,2
76.2,19.2,II,2
76.3,19.2,II,2
76.4,19.2,II,2
76.5,19.2,II,2
76.6,19.2,II,2
76.7,19.2,II,2
76.8,19.2,II,2
76.9,19.2,II,2
77,19.2,II,2
77.1,19.2,II,2
77.2,19.2,II,2
77.3,19.2,II,2
77.4,19.2,II,2
77.5,19.2,II,2
77.6,19.2,II,2
77.7,19.2,II,2
77.8,19.2,II,2
77.9,19.2,II,2
78,19.2,II,2
78.1,19.2,II,2
78.2,19.2,II,2
78.3,19.2,II,2
78.4,19.2,II,2
78.5,19.2,II,2
78.6,19.2,II,2
78.7,19.2,II,2
78.8,19.2,II,2
78.9,19.2,II,2
79,19.2,II,2
79.1,19.2,II,2
79.2,19.2,II,2
79.3,19.2,II,2
79.4,19.2,II,2
79.5,19.2,II,2
79.6,19.2,II,2
79.7,19.2,II,2
79.8,19.2,II,2
79.9,19.2,II,2
80,19.2,II,2
80.1,19.2,II,2
80.2,19.2,II,2
80.3,19.2,II,2
80.4,19.2,II,2
80.5,19.2,II,2
80.6,19.2,II,2
80.7,19.2,II,2
80.8,19.2,II,2
80.9,19.2,II,2
81,19.2,II,2
81.1,19.2,II,2
81.2,19.2,II,2
81.3,19.2,II,2
81.4,19.2,II,2
81.5,19.2,II,2
81.6,19.2,II,2
81.7,19.2,II,2
81.8,19.2,II,2
81.9,19.2,II,2
82,19.2,II,2
82.1,19.2,II,2
82.2,19.2,II,2
82.3,19.2,II,2
82.4,19.2,II,2
82.5,19.2,II,2
82.6,19.2,II,2
82.7,19.2,II,2
82.8,19.2,II,2
82.9,19.2,II,2
83,19.2,II,2
83.1,19.2,II,2
83.2,19.2,II,2
83.3,19.2,II,2
83.4,19.2,II,2
83.5,19.2,II,2
83.6,19.2,II,2
83.7,19.2,II,2
83.8,19.2,II,2
83.9,19.2,II,2
84,19.2,II,2
84.1,19.2,II,2
84.2,19.2,II,2
84.3,19.2,II,2
84.4,19.2,II,2
84.5,19.2,II,2
84.6,19.2,II,2
84.7,19.2,II,2
84.8,19.2,II,2
72.8,19.3,III,3
72.9,19.3,III,3
73,19.3,III,3
73.1,19.3,III,3
73.2,19.3,III,3
73.3,19.3,III,3
73.4,19.3,III,3
73.5,19.3,III,3
73.6,19.3,III,3
73.7,19.3,III,3
73.8,19.3,III,3
73.9,19.3,III,3
74,19.3,III,3
74.1,19.3,II,2
74.2,19.3,II,2
74.3,19.3,II,2
74.4,19.3,II,2
74.5,19.3,II,2
74.6,19.3,II,2
74.7,19.3,II,2
74.8,19.3,II,2
74.9,19.3,II,2
75,19.3,II,2
75.1,19.3,II,2
75.2,19.3,II,2
75.3,19.3,II,2
75.4,19.3,II,2
75.5,19.3,II,2
75.6,19.3,II,2
75.7,19.3,II,2
75.8,19.3,II,2
75.9,19.3,II,2
76,19.3,II,2
76.1,19.3,II,2
76.2,19.3,II,2
76.3,19.3,II,2
76.4,19.3,II,2
76.5,19.3,II,2
76.6,19.3,II,2
76.7,19.3,II,2
76.8,19.3,II,2
76.9,19.3,II,2
77,19.3,II,2
77.1,19.3,II,2
77.2,19.3,II,2
77.3,19.3,II,2
77.4,19.3,II,2
77.5,19.3,II,2
77.6,19.3,II,2
77.7,19.3,II,2
77.8,19.3,II,2
77.9,19.3,II,2
78,19.3,II,2
78.1,19.3,II,2
78.2,19.3,II,2
78.3,19.3,II,2
78.4,19.3,II,2
78.5,19.3,II,2
78.6,19.3,II,2
78.7,19.3,II,2
78.8,19.3,II,2
78.9,19.3,II,2
79,19.3,II,2
79.1,19.3,II,2
79.2,19.3,II,2
79.3,19.3,II,2
79.4,19.3,II,2
79.5,19.3,II,2
79.6,19.3,II,2
79.7,19.3,II,2
79.8,19.3,II,2
79.9,19.3,II,2
80,19.3,II,2
80.1,19.3,II,2
80.2,19.3,II,2
80.3,19.3,II,2
80.4,19.3,II,2
80.5,19.3,II,2
80.6,19.3,II,2
80.7,19.3,II,2
80.8,19.3,II,2
80.9,19.3,II,2
81,19.3,II,2
81.1,19.3,II,2
81.2,19.3,II,2
81.3,19.3,II,2
81.4,19.3,II,2
81.5,19.3,II,2
81.6,19.3,II,2
81.7,19.3,II,2
81.8,19.3,II,2
81.9,19.3,II,2
82,19.3,II,2
82.1,19.3,II,2
82.2,19.3,II,2
82.3,19.3,II,2
82.4,19.3,II,2
82.5,19.3,II,2
82.6,19.3,II,2
82.7,19.3,II,2
82.8,19.3,II,2
82.9,19.3,II,2
83,19.3,II,2
83.1,19.3,II,2
83.2,19.3,II,2
83.3,19.3,II,2
83.4,19.3,II,2
83.5,19.3,II,2
83.6,19.3,II,2
83.7,19.3,II,2
83.8,19.3,II,2
83.9,19.3,II,2
84,19.3,II,2
84.1,19.3,II,2
84.2,19.3,II,2
84.3,19.3,II,2
84.4,19.3,II,2
84.5,19.3,II,2
84.6,19.3,II,2
84.7,19.3,II,2
84.8,19.3,II,2
84.9,19.3,II,2
72.8,19.4,III,3
72.9,19.4,III,3
73,19.4,III,3
73.1,19.4,III,3
73.2,19.4,III,3
73.3,19.4,III,3
73.4,19.4,III,3
73.5,19.4,III,3
73.6,19.4,III,3
73.7,19.4,III,3
73.8,19.4,III,3
73.9,19.4,III,3
74,19.4,II,2
74.1,19.4,II,2
74.2,19.4,II,2
74.3,19.4,II,2
74.4,19.4,II,2
74.5,19.4,II,2
74.6,19.4,II,2
74.7,19.4,II,2
74.8,19.4,II,2
74.9,19.4,II,2
75,19.4,II,2
75.1,19.4,II,2
75.2,19.4,II,2
75.3,19.4,II,2
75.4,19.4,II,2
75.5,19.4,II,2
75.6,19.4,II,2
75.7,19.4,II,2
75.8,19.4,II,2
75.9,19.4,II,2
76,19.4,II,2
76.1,19.4,II,2
76.2,19.4,II,2
76.3,19.4,II,2
76.4,19.4,II,2
76.5,19.4,II,2
76.6,19.4,II,2
76.7,19.4,II,2
76.8,19.4,II,2
76.9,19.4,II,2
77,19.4,II,2
77.1,19.4,II,2
77.2,19.4,II,2
77.3,19.4,II,2
77.4,19.4,II,2
77.5,19.4,II,2
77.6,19.4,II,2
77.7,19.4,II,2
77.8,19.4,II,2
77.9,19.4,II,2
78,19.4,II,2
78.1,19.4,II,2
78.2,19.4,II,2
78.3,19.4,II,2
78.4,19.4,II,2
78.5,19.4,II,2
78.6,19.4,II,2
78.7,19.4,II,2
78.8,19.4,II,2
78.9,19.4,II,2
79,19.4,II,2
79.1,19.4,II,2
79.2,19.4,II,2
79.3,19.4,II,2
79.4,19.4,II,2
79.5,19.4,II,2
79.6,19.4,II,2
79.7,19.4,II,2
79.8,19.4,II,2
79.9,19.4,II,2
80,19.4,II,2
80.1,19.4,II,2
80.2,19.4,II,2
80.3,19.4,II,2
80.4,19.4,II,2
80.5,19.4,II,2
80.6,19.4,II,2
80.7,19.4,II,2
80.8,19.4,II,2
80.9,19.4,II,2
81,19.4,II,2
81.1,19.4,II,2
81.2,19.4,II,2
81.3,19.4,II,2
81.4,19.4,II,2
81.5,19.4,II,2
81.6,19.4,II,2
81.7,19.4,II,2
81.8,19.4,II,2
81.9,19.4,II,2
82,19.4,II,2
82.1,19.4,II,2
82.2,19.4,II,2
82.3,19.4,II,2
82.4,19.4,II,2
82.5,19.4,II,2
82.6,19.4,II,2
82.7,19.4,II,2
82.8,19.4,II,2
82.9,19.4,II,2
83,19.4,II,2
83.1,19.4,II,2
83.2,19.4,II,2
83.3,19.4,II,2
83.4,19.4,II,2
83.5,19.4,II,2
83.6,19.4,II,2
83.7,19.4,II,2
83.8,19.4,II,2
83.9,19.4,II,2
84,19.4,II,2
84.1,19.4,II,2
84.2,19.4,II,2
84.3,19.4,II,2
84.4,19.4,II,2
84.5,19.4,II,2
84.6,19.4,II,2
84.7,19.4,II,2
84.8,19.4,II,2
84.9,19.4,II,2
85,19.4,II,2
72.8,19.5,III,3
72.9,19.5,III,3
73,19.5,III,3
73.1,19.5,III,3
73.2,19.5,III,3
73.3,19.5,III,3
73.4,19.5,III,3
73.5,19.5,III,3
73.6,19.5,III,3
73.7,19.5,III,3
73.8,19.5,III,3
73.9,19.5,III,3
74,19.5,II,2
74.1,19.5,II,2
74.2,19.5,II,2
74.3,19.5,II,2
74.4,19.5,II,2
74.5,19.5,II,2
74.6,19.5,II,2
74.7,19.5,II,2
74.8,19.5,II,2
74.9,19.5,II,2
75,19.5,II,2
75.1,19.5,II,2
75.2,19.5,II,2
75.3,19.5,II,2
75.4,19.5,II,2
75.5,19.5,II,2
75.6,19.5,II,2
75.7,19.5,II,2
75.8,19.5,II,2
75.9,19.5,II,2
76,19.5,II,2
76.1,19.5,II,2
76.2,19.5,II,2
76.3,19.5,II,2
76.4,19.5,II,2
76.5,19.5,II,2
76.6,19.5,II,2
76.7,19.5,II,2
76.8,19.5,II,2
76.9,19.5,II,2
77,19.5,II,2
77.1,19.5,II,2
77.2,19.5,II,2
77.3,19.5,II,2
77.4,19.5,II,2
77.5,19.5,II,2
77.6,19.5,II,2
77.7,19.5,II,2
77.8,19.5,II,2
77.9,19.5,II,2
78,19.5,II,2
78.1,19.5,II,2
78.2,19.5,II,2
78.3,19.5,II,2
78.4,19.5,II,2
78.5,19.5,II,2
78.6,19.5,II,2
78.7,19.5,II,2
78.8,19.5,II,2
78.9,19.5,II,2
79,19.5,II,2
79.1,19.5,II,2
79.2,19.5,II,2
79.3,19.5,II,2
79.4,19.5,II,2
79.5,19.5,II,2
79.6,19.5,II,2
79.7,19.5,II,2
79.8,19.5,II,2
79.9,19.5,II,2
80,19.5,II,2
80.1,19.5,II,2
80.2,19.5,II,2
80.3,19.5,II,2
80.4,19.5,II,2
80.5,19.5,II,2
80.6,19.5,II,2
80.7,19.5,II,2
80.8,19.5,II,2
80.9,19.5,II,2
81,19.5,II,2
81.1,19.5,II,2
81.2,19.5,II,2
81.3,19.5,II,2
81.4,19.5,II,2
81.5,19.5,II,2
81.6,19.5,II,2
81.7,19.5,II,2
81.8,19.5,II,2
81.9,19.5,II,2
82,19.5,II,2
82.1,19.5,II,2
82.2,19.5,II,2
82.3,19.5,II,2
82.4,19.5,II,2
82.5,19.5,II,2
82.6,19.5,II,2
82.7,19.5,II,2
82.8,19.5,II,2
82.9,19.5,II,2
83,19.5,II,2
83.1,19.5,II,2
83.2,19.5,II,2
83.3,19.5,II,2
83.4,19.5,II,2
83.5,19.5,II,2
83.6,19.5,II,2
83.7,19.5,II,2
83.8,19.5,II,2
83.9,19.5,II,2
84,19.5,II,2
84.1,19.5,II,2
84.2,19.5,II,2
84.3,19.5,II,2
84.4,19.5,II,2
84.5,19.5,II,2
84.6,19.5,II,2
84.7,19.5,II,2
84.8,19.5,II,2
84.9,19.5,II,2
85,19.5,II,2
85.1,19.5,II,2
85.2,19.5,II,2
72.8,19.6,III,3
72.9,19.6,III,3
73,19.6,III,3
73.1,19.6,III,3
73.2,19.6,III,3
73.3,19.6,III,3
73.4,19.6,III,3
73.5,19.6,III,3
73.6,19.6,III,3
73.7,19.6,III,3
73.8,19.6,III,3
73.9,19.6,III,3
74,19.6,II,2
74.1,19.6,II,2
74.2,19.6,II,2
74.3,19.6,II,2
74.4,19.6,II,2
74.5,19.6,II,2
74.6,19.6,II,2
74.7,19.6,II,2
74.8,19.6,II,2
74.9,19.6,II,2
75,19.6,II,2
75.1,19.6,II,2
75.2,19.6,II,2
75.3,19.6,II,2
75.4,19.6,II,2
75.5,19.6,II,2
75.6,19.6,II,2
75.7,19.6,II,2
75.8,19.6,II,2
75.9,19.6,II,2
76,19.6,II,2
76.1,19.6,II,2
76.2,19.6,II,2
76.3,19.6,II,2
76.4,19.6,II,2
76.5,19.6,II,2
76.6,19.6,II,2
76.7,19.6,II,2
76.8,19.6,II,2
76.9,19.6,II,2
77,19.6,II,2
77.1,19.6,II,2
77.2,19.6,II,2
77.3,19.6,II,2
77.4,19.6,II,2
77.5,19.6,II,2
77.6,19.6,II,2
77.7,19.6,II,2
77.8,19.6,II,2
77.9,19.6,II,2
78,19.6,II,2
78.1,19.6,II,2
78.2,19.6,II,2
78.3,19.6,II,2
78.4,19.6,II,2
78.5,19.6,II,2
78.6,19.6,II,2
78.7,19.6,II,2
78.8,19.6,II,2
78.9,19.6,II,2
79,19.6,II,2
79.1,19.6,II,2
79.2,19.6,II,2
79.3,19.6,II,2
79.4,19.6,II,2
79.5,19.6,II,2
79.6,19.6,II,2
79.7,19.6,II,2
79.8,19.6,II,2
79.9,19.6,II,2
80,19.6,II,2
80.1,19.6,II,2
80.2,19.6,II,2
80.3,19.6,II,2
80.4,19.6,II,2
80.5,19.6,II,2
80.6,19.6,II,2
80.7,19.6,II,2
80.8,19.6,II,2
80.9,19.6,II,2
81,19.6,II,2
81.1,19.6,II,2
81.2,19.6,II,2
81.3,19.6,II,2
81.4,19.6,II,2
81.5,19.6,II,2
81.6,19.6,II,2
81.7,19.6,II,2
81.8,19.6,II,2
81.9,19.6,II,2
82,19.6,II,2
82.1,19.6,II,2
82.2,19.6,II,2
82.3,19.6,II,2
82.4,19.6,II,2
82.5,19.6,II,2
82.6,19.6,II,2
82.7,19.6,II,2
82.8,19.6,II,2
82.9,19.6,II,2
83,19.6,II,2
83.1,19.6,II,2
83.2,19.6,II,2
83.3,19.6,II,2
83.4,19.6,II,2
83.5,19.6,II,2
83.6,19.6,II,2
83.7,19.6,II,2
83.8,19.6,II,2
83.9,19.6,II,2
84,19.6,II,2
84.1,19.6,II,2
84.2,19.6,II,2
84.3,19.6,II,2
84.4,19.6,II,2
84.5,19.6,II,2
84.6,19.6,II,2
84.7,19.6,II,2
84.8,19.6,II,2
84.9,19.6,II,2
85,19.6,II,2
85.1,19.6,II,2
85.2,19.6,II,2
85.3,19.6,II,2
85.4,19.6,II,2
72.8,19.7,III,3
72.9,19.7,III,3
73,19.7,III,3
73.1,19.7,III,3
73.2,19.7,III,3
73.3,19.7,III,3
73.4,19.7,III,3
73.5,19.7,III,3
73.6,19.7,III,3
73.7,19.7,III,3
73.8,19.7,III,3
73.9,19.7,III,3
74,19.7,II,2
74.1,19.7,II,2
74.2,19.7,II,2
74.3,19.7,II,2
74.4,19.7,II,2
74.5,19.7,II,2
74.6,19.7,II,2
74.7,19.7,II,2
74.8,19.7,II,2
74.9,19.7,II,2
75,19.7,II,2
75.1,19.7,II,2
75.2,19.7,II,2
75.3,19.7,II,2
75.4,19.7,II,2
75.5,19.7,II,2
75.6,19.7,II,2
75.7,19.7,II,2
75.8,19.7,II,2
75.9,19.7,II,2
76,19.7,II,2
76.1,19.7,II,2
76.2,19.7,II,2
76.3,19.7,II,2
76.4,19.7,II,2
76.5,19.7,II,2
76.6,19.7,II,2
76.7,19.7,II,2
76.8,19.7,II,2
76.9,19.7,II,2
77,19.7,II,2
77.1,19.7,II,2
77.2,19.7,II,2
77.3,19.7,II,2
77.4,19.7,II,2
77.5,19.7,II,2
77.6,19.7,II,2
77.7,19.7,II,2
77.8,19.7,II,2
77.9,19.7,II,2
78,19.7,II,2
78.1,19.7,II,2
78.2,19.7,II,2
78.3,19.7,II,2
78.4,19.7,II,2
78.5,19.7,II,2
78.6,19.7,II,2
78.7,19.7,II,2
78.8,19.7,II,2
78.9,19.7,II,2
79,19.7,II,2
79.1,19.7,II,2
79.2,19.7,II,2
79.3,19.7,II,2
79.4,19.7,II,2
79.5,19.7,II,2
79.6,19.7,II,2
79.7,19.7,II,2
79.8,19.7,II,2
79.9,19.7,II,2
80,19.7,II,2
80.1,19.7,II,2
80.2,19.7,II,2
80.3,19.7,II,2
80.4,19.7,II,2
80.5,19.7,II,2
80.6,19.7,II,2
80.7,19.7,II,2
80.8,19.7,II,2
80.9,19.7,II,2
81,19.7,II,2
81.1,19.7,II,2
81.2,19.7,II,2
81.3,19.7,II,2
81.4,19.7,II,2
81.5,19.7,II,2
81.6,19.7,II,2
81.7,19.7,II,2
81.8,19.7,II,2
81.9,19.7,II,2
82,19.7,II,2
82.1,19.7,II,2
82.2,19.7,II,2
82.3,19.7,II,2
82.4,19.7,II,2
82.5,19.7,II,2
82.6,19.7,II,2
82.7,19.7,II,2
82.8,19.7,II,2
82.9,19.7,II,2
83,19.7,II,2
83.1,19.7,II,2
83.2,19.7,II,2
83.3,19.7,II,2
83.4,19.7,II,2
83.5,19.7,II,2
83.6,19.7,II,2
83.7,19.7,II,2
83.8,19.7,II,2
83.9,19.7,II,2
84,19.7,II,2
84.1,19.7,II,2
84.2,19.7,II,2
84.3,19.7,II,2
84.4,19.7,II,2
84.5,19.7,II,2
84.6,19.7,II,2
84.7,19.7,II,2
84.8,19.7,II,2
84.9,19.7,II,2
85,19.7,II,2
85.1,19.7,II,2
85.2,19.7,II,2
85.3,19.7,II,2
85.4,19.7,II,2
85.5,19.7,II,2
85.6,19.7,III,3
72.8,19.8,III,3
72.9,19.8,III,3
73,19.8,III,3
73.1,19.8,III,3
73.2,19.8,III,3
73.3,19.8,III,3
73.4,19.8,III,3
73.5,19.8,III,3
73.6,19.8,III,3
73.7,19.8,III,3
73.8,19.8,III,3
73.9,19.8,III,3
74,19.8,II,2
74.1,19.8,II,2
74.2,19.8,II,2
74.3,19.8,II,2
74.4,19.8,II,2
74.5,19.8,II,2
74.6,19.8,II,2
74.7,19.8,II,2
74.8,19.8,II,2
74.9,19.8,II,2
75,19.8,II,2
75.1,19.8,II,2
75.2,19.8,II,2
75.3,19.8,II,2
75.4,19.8,II,2
75.5,19.8,II,2
75.6,19.8,II,2
75.7,19.8,II,2
75.8,19.8,II,2
75.9,19.8,II,2
76,19.8,II,2
76.1,19.8,II,2
76.2,19.8,II,2
76.3,19.8,II,2
76.4,19.8,II,2
76.5,19.8,II,2
76.6,19.8,II,2
76.7,19.8,II,2
76.8,19.8,II,2
76.9,19.8,II,2
77,19.8,II,2
77.1,19.8,II,2
77.2,19.8,II,2
77.3,19.8,II,2
77.4,19.8,II,2
77.5,19.8,II,2
77.6,19.8,II,2
77.7,19.8,II,2
77.8,19.8,II,2
77.9,19.8,II,2
78,19.8,II,2
78.1,19.8,II,2
78.2,19.8,II,2
78.3,19.8,II,2
78.4,19.8,II,2
78.5,19.8,II,2
78.6,19.8,II,2
78.7,19.8,II,2
78.8,19.8,II,2
78.9,19.8,II,2
79,19.8,II,2
79.1,19.8,II,2
79.2,19.8,II,2
79.3,19.8,II,2
79.4,19.8,II,2
79.5,19.8,II,2
79.6,19.8,II,2
79.7,19.8,II,2
79.8,19.8,II,2
79.9,19.8,II,2
80,19.8,II,2
80.1,19.8,II,2
80.2,19.8,II,2
80.3,19.8,II,2
80.4,19.8,II,2
80.5,19.8,II,2
80.6,19.8,II,2
80.7,19.8,II,2
80.8,19.8,II,2
80.9,19.8,II,2
81,19.8,II,2
81.1,19.8,II,2
81.2,19.8,II,2
81.3,19.8,II,2
81.4,19.8,II,2
81.5,19.8,II,2
81.6,19.8,II,2
81.7,19.8,II,2
81.8,19.8,II,2
81.9,19.8,II,2
82,19.8,II,2
82.1,19.8,II,2
82.2,19.8,II,2
82.3,19.8,II,2
82.4,19.8,II,2
82.5,19.8,II,2
82.6,19.8,II,2
82.7,19.8,II,2
82.8,19.8,II,2
82.9,19.8,II,2
83,19.8,II,2
83.1,19.8,II,2
83.2,19.8,II,2
83.3,19.8,II,2
83.4,19.8,II,2
83.5,19.8,II,2
83.6,19.8,II,2
83.7,19.8,II,2
83.8,19.8,II,2
83.9,19.8,II,2
84,19.8,II,2
84.1,19.8,II,2
84.2,19.8,II,2
84.3,19.8,II,2
84.4,19.8,II,2
84.5,19.8,II,2
84.6,19.8,II,2
84.7,19.8,II,2
84.8,19.8,II,2
84.9,19.8,II,2
85,19.8,II,2
85.1,19.8,II,2
85.2,19.8,II,2
85.3,19.8,II,2
85.4,19.8,II,2
85.5,19.8,II,2
85.6,19.8,III,3
85.7,19.8,III,3
85.8,19.8,III,3
72.7,19.9,III,3
72.8,19.9,III,3
72.9,19.9,III,3
73,19.9,III,3
73.1,19.9,III,3
73.2,19.9,III,3
73.3,19.9,III,3
73.4,19.9,III,3
73.5,19.9,III,3
73.6,19.9,III,3
73.7,19.9,III,3
73.8,19.9,III,3
73.9,19.9,III,3
74,19.9,II,2
74.1,19.9,II,2
74.2,19.9,II,2
74.3,19.9,II,2
74.4,19.9,II,2
74.5,19.9,II,2
74.6,19.9,II,2
74.7,19.9,II,2
74.8,19.9,II,2
74.9,19.9,II,2
75,19.9,II,2
75.1,19.9,II,2
75.2,19.9,II,2
75.3,19.9,II,2
75.4,19.9,II,2
75.5,19.9,II,2
75.6,19.9,II,2
75.7,19.9,II,2
75.8,19.9,II,2
75.9,19.9,II,2
76,19.9,II,2
76.1,19.9,II,2
76.2,19.9,II,2
76.3,19.9,II,2
76.4,19.9,II,2
76.5,19.9,II,2
76.6,19.9,II,2
76.7,19.9,II,2
76.8,19.9,II,2
76.9,19.9,II,2
77,19.9,II,2
77.1,19.9,II,2
77.2,19.9,II,2
77.3,19.9,II,2
77.4,19.9,II,2
77.5,19.9,II,2
77.6,19.9,II,2
77.7,19.9,II,2
77.8,19.9,II,2
77.9,19.9,II,2
78,19.9,II,2
78.1,19.9,II,2
78.2,19.9,II,2
78.3,19.9,II,2
78.4,19.9,II,2
78.5,19.9,II,2
78.6,19.9,II,2
78.7,19.9,II,2
78.8,19.9,II,2
78.9,19.9,II,2
79,19.9,II,2
79.1,19.9,II,2
79.2,19.9,II,2
79.3,19.9,II,2
79.4,19.9,II,2
79.5,19.9,II,2
79.6,19.9,II,2
79.7,19.9,II,2
79.8,19.9,II,2
79.9,19.9,II,2
80,19.9,II,2
80.1,19.9,II,2
80.2,19.9,II,2
80.3,19.9,II,2
80.4,19.9,II,2
80.5,19.9,II,2
80.6,19.9,II,2
80.7,19.9,II,2
80.8,19.9,II,2
80.9,19.9,II,2
81,19.9,II,2
81.1,19.9,II,2
81.2,19.9,II,2
81.3,19.9,II,2
81.4,19.9,II,2
81.5,19.9,II,2
81.6,19.9,II,2
81.7,19.9,II,2
81.8,19.9,II,2
81.9,19.9,II,2
82,19.9,II,2
82.1,19.9,II,2
82.2,19.9,II,2
82.3,19.9,II,2
82.4,19.9,II,2
82.5,19.9,II,2
82.6,19.9,II,2
82.7,19.9,II,2
82.8,19.9,II,2
82.9,19.9,II,2
83,19.9,II,2
83.1,19.9,II,2
83.2,19.9,II,2
83.3,19.9,II,2
83.4,19.9,II,2
83.5,19.9,II,2
83.6,19.9,II,2
83.7,19.9,II,2
83.8,19.9,II,2
83.9,19.9,II,2
84,19.9,II,2
84.1,19.9,II,2
84.2,19.9,II,2
84.3,19.9,II,2
84.4,19.9,II,2
84.5,19.9,II,2
84.6,19.9,II,2
84.7,19.9,II,2
84.8,19.9,II,2
84.9,19.9,II,2
85,19.9,II,2
85.1,19.9,II,2
85.2,19.9,II,2
85.3,19.9,II,2
85.4,19.9,II,2
85.5,19.9,III,3
85.6,19.9,III,3
85.7,19.9,III,3
85.8,19.9,III,3
85.9,19.9,III,3
86,19.9,III,3
72.8,20,III,3
72.9,20,III,3
73,20,III,3
73.1,20,III,3
73.2,20,III,3
73.3,20,III,3
73.4,20,III,3
73.5,20,III,3
73.6,20,III,3
73.7,20,III,3
73.8,20,III,3
73.9,20,III,3
74,20,II,2
74.1,20,II,2
74.2,20,II,2
74.3,20,II,2
74.4,20,II,2
74.5,20,II,2
74.6,20,II,2
74.7,20,II,2
74.8,20,II,2
74.9,20,II,2
75,20,II,2
75.1,20,II,2
75.2,20,II,2
75.3,20,II,2
75.4,20,II,2
75.5,20,II,2
75.6,20,II,2
75.7,20,II,2
75.8,20,II,2
75.9,20,II,2
76,20,II,2
76.1,20,II,2
76.2,20,II,2
76.3,20,II,2
76.4,20,II,2
76.5,20,II,2
76.6,20,II,2
76.7,20,II,2
76.8,20,II,2
76.9,20,II,2
77,20,II,2
77.1,20,II,2
77.2,20,II,2
77.3,20,II,2
77.4,20,II,2
77.5,20,II,2
77.6,20,II,2
77.7,20,II,2
77.8,20,II,2
77.9,20,II,2
78,20,II,2
78.1,20,II,2
78.2,20,II,2
78.3,20,II,2
78.4,20,II,2
78.5,20,II,2
78.6,20,II,2
78.7,20,II,2
78.8,20,II,2
78.9,20,II,2
79,20,II,2
79.1,20,II,2
79.2,20,II,2
79.3,20,II,2
79.4,20,II,2
79.5,20,II,2
79.6,20,II,2
79.7,20,II,2
79.8,20,II,2
79.9,20,II,2
80,20,II,2
80.1,20,II,2
80.2,20,II,2
80.3,20,II,2
80.4,20,II,2
80.5,20,II,2
80.6,20,II,2
80.7,20,II,2
80.8,20,II,2
80.9,20,II,2
81,20,II,2
81.1,20,II,2
81.2,20,II,2
81.3,20,II,2
81.4,20,II,2
81.5,20,II,2
81.6,20,II,2
81.7,20,II,2
81.8,20,II,2
81.9,20,II,2
82,20,II,2
82.1,20,II,2
82.2,20,II,2
82.3,20,II,2
82.4,20,II,2
82.5,20,II,2
82.6,20,II,2
82.7,20,II,2
82.8,20,II,2
82.9,20,II,2
83,20,II,2
83.1,20,II,2
83.2,20,II,2
83.3,20,II,2
83.4,20,II,2
83.5,20,II,2
83.6,20,II,2
83.7,20,II,2
83.8,20,II,2
83.9,20,II,2
84,20,II,2
84.1,20,II,2
84.2,20,II,2
84.3,20,II,2
84.4,20,II,2
84.5,20,II,2
84.6,20,II,2
84.7,20,II,2
84.8,20,II,2
84.9,20,II,2
85,20,II,2
85.1,20,II,2
85.2,20,II,2
85.3,20,II,2
85.4,20,II,2
85.5,20,III,3
85.6,20,III,3
85.7,20,III,3
85.8,20,III,3
85.9,20,III,3
86,20,III,3
86.1,20,III,3
86.2,20,III,3
72.8,20.1,III,3
72.9,20.1,III,3
73,20.1,III,3
73.1,20.1,III,3
73.2,20.1,III,3
73.3,20.1,III,3
73.4,20.1,III,3
73.5,20.1,III,3
73.6,20.1,III,3
73.7,20.1,III,3
73.8,20.1,III,3
73.9,20.1,III,3
74,20.1,II,2
74.1,20.1,II,2
74.2,20.1,II,2
74.3,20.1,II,2
74.4,20.1,II,2
74.5,20.1,II,2
74.6,20.1,II,2
74.7,20.1,II,2
74.8,20.1,II,2
74.9,20.1,II,2
75,20.1,II,2
75.1,20.1,II,2
75.2,20.1,II,2
75.3,20.1,II,2
75.4,20.1,II,2
75.5,20.1,II,2
75.6,20.1,II,2
75.7,20.1,II,2
75.8,20.1,II,2
75.9,20.1,II,2
76,20.1,II,2
76.1,20.1,II,2
76.2,20.1,II,2
76.3,20.1,II,2
76.4,20.1,II,2
76.5,20.1,II,2
76.6,20.1,II,2
76.7,20.1,II,2
76.8,20.1,II,2
76.9,20.1,II,2
77,20.1,II,2
77.1,20.1,II,2
77.2,20.1,II,2
77.3,20.1,II,2
77.4,20.1,II,2
77.5,20.1,II,2
77.6,20.1,II,2
77.7,20.1,II,2
77.8,20.1,II,2
77.9,20.1,II,2
78,20.1,II,2
78.1,20.1,II,2
78.2,20.1,II,2
78.3,20.1,II,2
78.4,20.1,II,2
78.5,20.1,II,2
78.6,20.1,II,2
78.7,20.1,II,2
78.8,20.1,II,2
78.9,20.1,II,2
79,20.1,II,2
79.1,20.1,II,2
79.2,20.1,II,2
79.3,20.1,II,2
79.4,20.1,II,2
79.5,20.1,II,2
79.6,20.1,II,2
79.7,20.1,II,2
79.8,20.1,II,2
79.9,20.1,II,2
80,20.1,II,2
80.1,20.1,II,2
80.2,20.1,II,2
80.3,20.1,II,2
80.4,20.1,II,2
80.5,20.1,II,2
80.6,20.1,II,2
80.7,20.1,II,2
80.8,20.1,II,2
80.9,20.1,II,2
81,20.1,II,2
81.1,20.1,II,2
81.2,20.1,II,2
81.3,20.1,II,2
81.4,20.1,II,2
81.5,20.1,II,2
81.6,20.1,II,2
81.7,20.1,II,2
81.8,20.1,II,2
81.9,20.1,II,2
82,20.1,II,2
82.1,20.1,II,2
82.2,20.1,II,2
82.3,20.1,II,2
82.4,20.1,II,2
82.5,20.1,II,2
82.6,20.1,II,2
82.7,20.1,II,2
82.8,20.1,II,2
82.9,20.1,II,2
83,20.1,II,2
83.1,20.1,II,2
83.2,20.1,II,2
83.3,20.1,II,2
83.4,20.1,II,2
83.5,20.1,II,2
83.6,20.1,II,2
83.7,20.1,II,2
83.8,20.1,II,2
83.9,20.1,II,2
84,20.1,II,2
84.1,20.1,II,2
84.2,20.1,II,2
84.3,20.1,II,2
84.4,20.1,II,2
84.5,20.1,II,2
84.6,20.1,II,2
84.7,20.1,II,2
84.8,20.1,II,2
84.9,20.1,II,2
85,20.1,II,2
85.1,20.1,II,2
85.2,20.1,II,2
85.3,20.1,II,2
85.4,20.1,II,2
85.5,20.1,III,3
85.6,20.1,III,3
85.7,20.1,III,3
85.8,20.1,III,3
85.9,20.1,III,3
86,20.1,III,3
86.1,20.1,III,3
86.2,20.1,III,3
86.3,20.1,III,3
86.4,20.1,III,3
72.8,20.2,III,3
72.9,20.2,III,3
73,20.2,III,3
73.1,20.2,III,3
73.2,20.2,III,3
73.3,20.2,III,3
73.4,20.2,III,3
73.5,20.2,III,3
73.6,20.2,III,3
73.7,20.2,III,3
73.8,20.2,III,3
73.9,20.2,III,3
74,20.2,II,2
74.1,20.2,II,2
74.2,20.2,II,2
74.3,20.2,II,2
74.4,20.2,II,2
74.5,20.2,II,2
74.6,20.2,II,2
74.7,20.2,II,2
74.8,20.2,II,2
74.9,20.2,II,2
75,20.2,II,2
75.1,20.2,II,2
75.2,20.2,II,2
75.3,20.2,II,2
75.4,20.2,II,2
75.5,20.2,II,2
75.6,20.2,II,2
75.7,20.2,II,2
75.8,20.2,II,2
75.9,20.2,II,2
76,20.2,II,2
76.1,20.2,II,2
76.2,20.2,II,2
76.3,20.2,II,2
76.4,20.2,II,2
76.5,20.2,II,2
76.6,20.2,II,2
76.7,20.2,II,2
76.8,20.2,II,2
76.9,20.2,II,2
77,20.2,II,2
77.1,20.2,II,2
77.2,20.2,II,2
77.3,20.2,II,2
77.4,20.2,II,2
77.5,20.2,II,2
77.6,20.2,II,2
77.7,20.2,II,2
77.8,20.2,II,2
77.9,20.2,II,2
78,20.2,II,2
78.1,20.2,II,2
78.2,20.2,II,2
78.3,20.2,II,2
78.4,20.2,II,2
78.5,20.2,II,2
78.6,20.2,II,2
78.7,20.2,II,2
78.8,20.2,II,2
78.9,20.2,II,2
79,20.2,II,2
79.1,20.2,II,2
79.2,20.2,II,2
79.3,20.2,II,2
79.4,20.2,II,2
79.5,20.2,II,2
79.6,20.2,II,2
79.7,20.2,II,2
79.8,20.2,II,2
79.9,20.2,II,2
80,20.2,II,2
80.1,20.2,II,2
80.2,20.2,II,2
80.3,20.2,II,2
80.4,20.2,II,2
80.5,20.2,II,2
80.6,20.2,II,2
80.7,20.2,II,2
80.8,20.2,II,2
80.9,20.2,II,2
81,20.2,II,2
81.1,20.2,II,2
81.2,20.2,II,2
81.3,20.2,II,2
81.4,20.2,II,2
81.5,20.2,II,2
81.6,20.2,II,2
81.7,20.2,II,2
81.8,20.2,II,2
81.9,20.2,II,2
82,20.2,II,2
82.1,20.2,II,2
82.2,20.2,II,2
82.3,20.2,II,2
82.4,20.2,II,2
82.5,20.2,II,2
82.6,20.2,II,2
82.7,20.2,II,2
82.8,20.2,II,2
82.9,20.2,II,2
83,20.2,II,2
83.1,20.2,II,2
83.2,20.2,II,2
83.3,20.2,II,2
83.4,20.2,II,2
83.5,20.2,II,2
83.6,20.2,II,2
83.7,20.2,II,2
83.8,20.2,II,2
83.9,20.2,II,2
84,20.2,II,2
84.1,20.2,II,2
84.2,20.2,II,2
84.3,20.2,II,2
84.4,20.2,II,2
84.5,20.2,II,2
84.6,20.2,II,2
84.7,20.2,II,2
84.8,20.2,II,2
84.9,20.2,II,2
85,20.2,II,2
85.1,20.2,II,2
85.2,20.2,II,2
85.3,20.2,II,2
85.4,20.2,II,2
85.5,20.2,III,3
85.6,20.2,III,3
85.7,20.2,III,3
85.8,20.2,III,3
85.9,20.2,III,3
86,20.2,III,3
86.1,20.2,III,3
86.2,20.2,III,3
86.3,20.2,III,3
86.4,20.2,III,3
86.5,20.2,III,3
72.8,20.3,III,3
72.9,20.3,III,3
73,20.3,III,3
73.1,20.3,III,3
73.2,20.3,III,3
73.3,20.3,III,3
73.4,20.3,III,3
73.5,20.3,III,3
73.6,20.3,III,3
73.7,20.3,III,3
73.8,20.3,III,3
73.9,20.3,III,3
74,20.3,II,2
74.1,20.3,II,2
74.2,20.3,II,2
74.3,20.3,II,2
74.4,20.3,II,2
74.5,20.3,II,2
74.6,20.3,II,2
74.7,20.3,II,2
74.8,20.3,II,2
74.9,20.3,II,2
75,20.3,II,2
75.1,20.3,II,2
75.2,20.3,II,2
75.3,20.3,II,2
75.4,20.3,II,2
75.5,20.3,II,2
75.6,20.3,II,2
75.7,20.3,II,2
75.8,20.3,II,2
75.9,20.3,II,2
76,20.3,II,2
76.1,20.3,II,2
76.2,20.3,II,2
76.3,20.3,II,2
76.4,20.3,II,2
76.5,20.3,II,2
76.6,20.3,II,2
76.7,20.3,II,2
76.8,20.3,II,2
76.9,20.3,II,2
77,20.3,II,2
77.1,20.3,II,2
77.2,20.3,II,2
77.3,20.3,II,2
77.4,20.3,II,2
77.5,20.3,II,2
77.6,20.3,II,2
77.7,20.3,II,2
77.8,20.3,II,2
77.9,20.3,II,2
78,20.3,II,2
78.1,20.3,II,2
78.2,20.3,II,2
78.3,20.3,II,2
78.4,20.3,II,2
78.5,20.3,II,2
78.6,20.3,II,2
78.7,20.3,II,2
78.8,20.3,II,2
78.9,20.3,II,2
79,20.3,II,2
79.1,20.3,II,2
79.2,20.3,II,2
79.3,20.3,II,2
79.4,20.3,II,2
79.5,20.3,II,2
79.6,20.3,II,2
79.7,20.3,II,2
79.8,20.3,II,2
79.9,20.3,II,2
80,20.3,II,2
80.1,20.3,II,2
80.2,20.3,II,2
80.3,20.3,II,2
80.4,20.3,II,2
80.5,20.3,II,2
80.6,20.3,II,2
80.7,20.3,II,2
80.8,20.3,II,2
80.9,20.3,II,2
81,20.3,II,2
81.1,20.3,II,2
81.2,20.3,II,2
81.3,20.3,II,2
81.4,20.3,II,2
81.5,20.3,II,2
81.6,20.3,II,2
81.7,20.3,II,2
81.8,20.3,II,2
81.9,20.3,II,2
82,20.3,II,2
82.1,20.3,II,2
82.2,20.3,II,2
82.3,20.3,II,2
82.4,20.3,II,2
82.5,20.3,II,2
82.6,20.3,II,2
82.7,20.3,II,2
82.8,20.3,II,2
82.9,20.3,II,2
83,20.3,II,2
83.1,20.3,II,2
83.2,20.3,II,2
83.3,20.3,II,2
83.4,20.3,II,2
83.5,20.3,II,2
83.6,20.3,II,2
83.7,20.3,II,2
83.8,20.3,II,2
83.9,20.3,II,2
84,20.3,II,2
84.1,20.3,II,2
84.2,20.3,II,2
84.3,20.3,II,2
84.4,20.3,II,2
84.5,20.3,II,2
84.6,20.3,II,2
84.7,20.3,II,2
84.8,20.3,II,2
84.9,20.3,II,2
85,20.3,II,2
85.1,20.3,II,2
85.2,20.3,II,2
85.3,20.3,II,2
85.4,20.3,II,2
85.5,20.3,III,3
85.6,20.3,III,3
85.7,20.3,III,3
85.8,20.3,III,3
85.9,20.3,III,3
86,20.3,III,3
86.1,20.3,III,3
86.2,20.3,III,3
86.3,20.3,III,3
86.4,20.3,III,3
86.5,20.3,III,3
86.6,20.3,III,3
86.7,20.3,III,3
72.9,20.4,III,3
73,20.4,III,3
73.1,20.4,III,3
73.2,20.4,III,3
73.3,20.4,III,3
73.4,20.4,III,3
73.5,20.4,III,3
73.6,20.4,III,3
73.7,20.4,III,3
73.8,20.4,III,3
73.9,20.4,III,3
74,20.4,II,2
74.1,20.4,II,2
74.2,20.4,II,2
74.3,20.4,II,2
74.4,20.4,II,2
74.5,20.4,II,2
74.6,20.4,II,2
74.7,20.4,II,2
74.8,20.4,II,2
74.9,20.4,II,2
75,20.4,II,2
75.1,20.4,II,2
75.2,20.4,II,2
75.3,20.4,II,2
75.4,20.4,II,2
75.5,20.4,II,2
75.6,20.4,II,2
75.7,20.4,II,2
75.8,20.4,II,2
75.9,20.4,II,2
76,20.4,II,2
76.1,20.4,II,2
76.2,20.4,II,2
76.3,20.4,II,2
76.4,20.4,II,2
76.5,20.4,II,2
76.6,20.4,II,2
76.7,20.4,II,2
76.8,20.4,II,2
76.9,20.4,II,2
77,20.4,II,2
77.1,20.4,II,2
77.2,20.4,II,2
77.3,20.4,II,2
77.4,20.4,II,2
77.5,20.4,II,2
77.6,20.4,II,2
77.7,20.4,II,2
77.8,20.4,II,2
77.9,20.4,II,2
78,20.4,II,2
78.1,20.4,II,2
78.2,20.4,II,2
78.3,20.4,II,2
78.4,20.4,II,2
78.5,20.4,II,2
78.6,20.4,II,2
78.7,20.4,II,2
78.8,20.4,II,2
78.9,20.4,II,2
79,20.4,II,2
79.1,20.4,II,2
79.2,20.4,II,2
79.3,20.4,II,2
79.4,20.4,II,2
79.5,20.4,II,2
79.6,20.4,II,2
79.7,20.4,II,2
79.8,20.4,II,2
79.9,20.4,II,2
80,20.4,II,2
80.1,20.4,II,2
80.2,20.4,II,2
80.3,20.4,II,2
80.4,20.4,II,2
80.5,20.4,II,2
80.6,20.4,II,2
80.7,20.4,II,2
80.8,20.4,II,2
80.9,20.4,II,2
81,20.4,II,2
81.1,20.4,II,2
81.2,20.4,II,2
81.3,20.4,II,2
81.4,20.4,II,2
81.5,20.4,II,2
81.6,20.4,II,2
81.7,20.4,II,2
81.8,20.4,II,2
81.9,20.4,II,2
82,20.4,II,2
82.1,20.4,II,2
82.2,20.4,II,2
82.3,20.4,II,2
82.4,20.4,II,2
82.5,20.4,II,2
82.6,20.4,II,2
82.7,20.4,II,2
82.8,20.4,II,2
82.9,20.4,II,2
83,20.4,II,2
83.1,20.4,II,2
83.2,20.4,II,2
83.3,20.4,II,2
83.4,20.4,II,2
83.5,20.4,II,2
83.6,20.4,II,2
83.7,20.4,II,2
83.8,20.4,II,2
83.9,20.4,II,2
84,20.4,II,2
84.1,20.4,II,2
84.2,20.4,II,2
84.3,20.4,II,2
84.4,20.4,II,2
84.5,20.4,II,2
84.6,20.4,II,2
84.7,20.4,II,2
84.8,20.4,II,2
84.9,20.4,II,2
85,20.4,II,2
85.1,20.4,II,2
85.2,20.4,II,2
85.3,20.4,II,2
85.4,20.4,III,3
85.5,20.4,III,3
85.6,20.4,III,3
85.7,20.4,III,3
85.8,20.4,III,3
85.9,20.4,III,3
86,20.4,III,3
86.1,20.4,III,3
86.2,20.4,III,3
86.3,20.4,III,3
86.4,20.4,III,3
86.5,20.4,III,3
86.6,20.4,III,3
86.7,20.4,III,3
72.9,20.5,III,3
73,20.5,III,3
73.1,20.5,III,3
73.2,20.5,III,3
73.3,20.5,III,3
73.4,20.5,III,3
73.5,20.5,III,3
73.6,20.5,III,3
73.7,20.5,III,3
73.8,20.5,III,3
73.9,20.5,III,3
74,20.5,II,2
74.1,20.5,II,2
74.2,20.5,II,2
74.3,20.5,II,2
74.4,20.5,II,2
74.5,20.5,II,2
74.6,20.5,II,2
74.7,20.5,II,2
74.8,20.5,II,2
74.9,20.5,II,2
75,20.5,II,2
75.1,20.5,II,2
75.2,20.5,II,2
75.3,20.5,II,2
75.4,20.5,II,2
75.5,20.5,II,2
75.6,20.5,II,2
75.7,20.5,II,2
75.8,20.5,II,2
75.9,20.5,II,2
76,20.5,II,2
76.1,20.5,II,2
76.2,20.5,II,2
76.3,20.5,II,2
76.4,20.5,II,2
76.5,20.5,II,2
76.6,20.5,II,2
76.7,20.5,II,2
76.8,20.5,II,2
76.9,20.5,II,2
77,20.5,II,2
77.1,20.5,II,2
77.2,20.5,II,2
77.3,20.5,II,2
77.4,20.5,II,2
77.5,20.5,II,2
77.6,20.5,II,2
77.7,20.5,II,2
77.8,20.5,II,2
77.9,20.5,II,2
78,20.5,II,2
78.1,20.5,II,2
78.2,20.5,II,2
78.3,20.5,II,2
78.4,20.5,II,2
78.5,20.5,II,2
78.6,20.5,II,2
78.7,20.5,II,2
78.8,20.5,II,2
78.9,20.5,II,2
79,20.5,II,2
79.1,20.5,II,2
79.2,20.5,II,2
79.3,20.5,II,2
79.4,20.5,II,2
79.5,20.5,II,2
79.6,20.5,II,2
79.7,20.5,II,2
79.8,20.5,II,2
79.9,20.5,II,2
80,20.5,II,2
80.1,20.5,II,2
80.2,20.5,II,2
80.3,20.5,II,2
80.4,20.5,II,2
80.5,20.5,II,2
80.6,20.5,II,2
80.7,20.5,II,2
80.8,20.5,II,2
80.9,20.5,II,2
81,20.5,II,2
81.1,20.5,II,2
81.2,20.5,II,2
81.3,20.5,II,2
81.4,20.5,II,2
81.5,20.5,II,2
81.6,20.5,II,2
81.7,20.5,II,2
81.8,20.5,II,2
81.9,20.5,II,2
82,20.5,II,2
82.1,20.5,II,2
82.2,20.5,II,2
82.3,20.5,II,2
82.4,20.5,II,2
82.5,20.5,II,2
82.6,20.5,II,2
82.7,20.5,II,2
82.8,20.5,II,2
82.9,20.5,II,2
83,20.5,II,2
83.1,20.5,II,2
83.2,20.5,II,2
83.3,20.5,II,2
83.4,20.5,II,2
83.5,20.5,II,2
83.6,20.5,II,2
83.7,20.5,II,2
83.8,20.5,II,2
83.9,20.5,II,2
84,20.5,II,2
84.1,20.5,II,2
84.2,20.5,II,2
84.3,20.5,II,2
84.4,20.5,II,2
84.5,20.5,II,2
84.6,20.5,II,2
84.7,20.5,II,2
84.8,20.5,II,2
84.9,20.5,II,2
85,20.5,II,2
85.1,20.5,II,2
85.2,20.5,II,2
85.3,20.5,II,2
85.4,20.5,III,3
85.5,20.5,III,3
85.6,20.5,III,3
85.7,20.5,III,3
85.8,20.5,III,3
85.9,20.5,III,3
86,20.5,III,3
86.1,20.5,III,3
86.2,20.5,III,3
86.3,20.5,III,3
86.4,20.5,III,3
86.5,20.5,III,3
86.6,20.5,III,3
86.7,20.5,III,3
72.9,20.6,III,3
73,20.6,III,3
73.1,20.6,III,3
73.2,20.6,III,3
73.3,20.6,III,3
73.4,20.6,III,3
73.5,20.6,III,3
73.6,20.6,III,3
73.7,20.6,III,3
73.8,20.6,III,3
73.9,20.6,III,3
74,20.6,II,2
74.1,20.6,II,2
74.2,20.6,II,2
74.3,20.6,II,2
74.4,20.6,II,2
74.5,20.6,II,2
74.6,20.6,II,2
74.7,20.6,II,2
74.8,20.6,II,2
74.9,20.6,II,2
75,20.6,II,2
75.1,20.6,II,2
75.2,20.6,II,2
75.3,20.6,II,2
75.4,20.6,II,2
75.5,20.6,II,2
75.6,20.6,II,2
75.7,20.6,II,2
75.8,20.6,II,2
75.9,20.6,II,2
76,20.6,II,2
76.1,20.6,II,2
76.2,20.6,II,2
76.3,20.6,II,2
76.4,20.6,II,2
76.5,20.6,II,2
76.6,20.6,II,2
76.7,20.6,II,2
76.8,20.6,II,2
76.9,20.6,II,2
77,20.6,II,2
77.1,20.6,II,2
77.2,20.6,II,2
77.3,20.6,II,2
77.4,20.6,II,2
77.5,20.6,II,2
77.6,20.6,II,2
77.7,20.6,II,2
77.8,20.6,II,2
77.9,20.6,II,2
78,20.6,II,2
78.1,20.6,II,2
78.2,20.6,II,2
78.3,20.6,II,2
78.4,20.6,II,2
78.5,20.6,II,2
78.6,20.6,II,2
78.7,20.6,II,2
78.8,20.6,II,2
78.9,20.6,II,2
79,20.6,II,2
79.1,20.6,II,2
79.2,20.6,II,2
79.3,20.6,II,2
79.4,20.6,II,2
79.5,20.6,II,2
79.6,20.6,II,2
79.7,20.6,II,2
79.8,20.6,II,2
79.9,20.6,II,2
80,20.6,II,2
80.1,20.6,II,2
80.2,20.6,II,2
80.3,20.6,II,2
80.4,20.6,II,2
80.5,20.6,II,2
80.6,20.6,II,2
80.7,20.6,II,2
80.8,20.6,II,2
80.9,20.6,II,2
81,20.6,II,2
81.1,20.6,II,2
81.2,20.6,II,2
81.3,20.6,II,2
81.4,20.6,II,2
81.5,20.6,II,2
81.6,20.6,II,2
81.7,20.6,II,2
81.8,20.6,II,2
81.9,20.6,II,2
82,20.6,II,2
82.1,20.6,II,2
82.2,20.6,II,2
82.3,20.6,II,2
82.4,20.6,II,2
82.5,20.6,II,2
82.6,20.6,II,2
82.7,20.6,II,2
82.8,20.6,II,2
82.9,20.6,II,2
83,20.6,II,2
83.1,20.6,II,2
83.2,20.6,II,2
83.3,20.6,II,2
83.4,20.6,II,2
83.5,20.6,II,2
83.6,20.6,II,2
83.7,20.6,II,2
83.8,20.6,II,2
83.9,20.6,II,2
84,20.6,II,2
84.1,20.6,II,2
84.2,20.6,II,2
84.3,20.6,II,2
84.4,20.6,II,2
84.5,20.6,II,2
84.6,20.6,II,2
84.7,20.6,II,2
84.8,20.6,II,2
84.9,20.6,II,2
85,20.6,II,2
85.1,20.6,II,2
85.2,20.6,II,2
85.3,20.6,II,2
85.4,20.6,III,3
85.5,20.6,III,3
85.6,20.6,III,3
85.7,20.6,III,3
85.8,20.6,III,3
85.9,20.6,III,3
86,20.6,III,3
86.1,20.6,III,3
86.2,20.6,III,3
86.3,20.6,III,3
86.4,20.6,III,3
86.5,20.6,III,3
86.6,20.6,III,3
86.7,20.6,III,3
86.8,20.6,III,3
70.9,20.7,III,3
72.9,20.7,III,3
73,20.7,III,3
73.1,20.7,III,3
73.2,20.7,III,3
73.3,20.7,III,3
73.4,20.7,III,3
73.5,20.7,III,3
73.6,20.7,III,3
73.7,20.7,III,3
73.8,20.7,III,3
73.9,20.7,III,3
74,20.7,II,2
74.1,20.7,II,2
74.2,20.7,II,2
74.3,20.7,II,2
74.4,20.7,II,2
74.5,20.7,II,2
74.6,20.7,II,2
74.7,20.7,II,2
74.8,20.7,II,2
74.9,20.7,II,2
75,20.7,II,2
75.1,20.7,II,2
75.2,20.7,II,2
75.3,20.7,II,2
75.4,20.7,II,2
75.5,20.7,II,2
75.6,20.7,II,2
75.7,20.7,II,2
75.8,20.7,II,2
75.9,20.7,II,2
76,20.7,II,2
76.1,20.7,II,2
76.2,20.7,II,2
76.3,20.7,II,2
76.4,20.7,II,2
76.5,20.7,II,2
76.6,20.7,II,2
76.7,20.7,II,2
76.8,20.7,II,2
76.9,20.7,II,2
77,20.7,II,2
77.1,20.7,II,2
77.2,20.7,II,2
77.3,20.7,II,2
77.4,20.7,II,2
77.5,20.7,II,2
77.6,20.7,II,2
77.7,20.7,II,2
77.8,20.7,II,2
77.9,20.7,II,2
78,20.7,II,2
78.1,20.7,II,2
78.2,20.7,II,2
78.3,20.7,II,2
78.4,20.7,II,2
78.5,20.7,II,2
78.6,20.7,II,2
78.7,20.7,II,2
78.8,20.7,II,2
78.9,20.7,II,2
79,20.7,II,2
79.1,20.7,II,2
79.2,20.7,II,2
79.3,20.7,II,2
79.4,20.7,II,2
79.5,20.7,II,2
79.6,20.7,II,2
79.7,20.7,II,2
79.8,20.7,II,2
79.9,20.7,II,2
80,20.7,II,2
80.1,20.7,II,2
80.2,20.7,II,2
80.3,20.7,II,2
80.4,20.7,II,2
80.5,20.7,II,2
80.6,20.7,II,2
80.7,20.7,II,2
80.8,20.7,II,2
80.9,20.7,II,2
81,20.7,II,2
81.1,20.7,II,2
81.2,20.7,II,2
81.3,20.7,II,2
81.4,20.7,II,2
81.5,20.7,II,2
81.6,20.7,II,2
81.7,20.7,II,2
81.8,20.7,II,2
81.9,20.7,II,2
82,20.7,II,2
82.1,20.7,II,2
82.2,20.7,II,2
82.3,20.7,II,2
82.4,20.7,II,2
82.5,20.7,II,2
82.6,20.7,II,2
82.7,20.7,II,2
82.8,20.7,II,2
82.9,20.7,II,2
83,20.7,II,2
83.1,20.7,II,2
83.2,20.7,II,2
83.3,20.7,II,2
83.4,20.7,II,2
83.5,20.7,II,2
83.6,20.7,II,2
83.7,20.7,II,2
83.8,20.7,II,2
83.9,20.7,II,2
84,20.7,II,2
84.1,20.7,II,2
84.2,20.7,II,2
84.3,20.7,II,2
84.4,20.7,II,2
84.5,20.7,II,2
84.6,20.7,II,2
84.7,20.7,II,2
84.8,20.7,II,2
84.9,20.7,II,2
85,20.7,II,2
85.1,20.7,II,2
85.2,20.7,II,2
85.3,20.7,III,3
85.4,20.7,III,3
85.5,20.7,III,3
85.6,20.7,III,3
85.7,20.7,III,3
85.8,20.7,III,3
85.9,20.7,III,3
86,20.7,III,3
86.1,20.7,III,3
86.2,20.7,III,3
86.3,20.7,III,3
86.4,20.7,III,3
86.5,20.7,III,3
86.6,20.7,III,3
86.7,20.7,III,3
86.8,20.7,III,3
86.9,20.7,III,3
70.6,20.8,III,3
70.7,20.8,III,3
70.8,20.8,III,3
70.9,20.8,III,3
71,20.8,III,3
71.1,20.8,III,3
71.2,20.8,III,3
72.9,20.8,III,3
73,20.8,III,3
73.1,20.8,III,3
73.2,20.8,III,3
73.3,20.8,III,3
73.4,20.8,III,3
73.5,20.8,III,3
73.6,20.8,III,3
73.7,20.8,III,3
73.8,20.8,III,3
73.9,20.8,III,3
74,20.8,III,3
74.1,20.8,II,2
74.2,20.8,II,2
74.3,20.8,II,2
74.4,20.8,II,2
74.5,20.8,II,2
74.6,20.8,II,2
74.7,20.8,II,2
74.8,20.8,II,2
74.9,20.8,II,2
75,20.8,II,2
75.1,20.8,II,2
75.2,20.8,II,2
75.3,20.8,II,2
75.4,20.8,II,2
75.5,20.8,II,2
75.6,20.8,II,2
75.7,20.8,II,2
75.8,20.8,II,2
75.9,20.8,II,2
76,20.8,II,2
76.1,20.8,II,2
76.2,20.8,II,2
76.3,20.8,II,2
76.4,20.8,II,2
76.5,20.8,II,2
76.6,20.8,II,2
76.7,20.8,II,2
76.8,20.8,II,2
76.9,20.8,II,2
77,20.8,II,2
77.1,20.8,II,2
77.2,20.8,II,2
77.3,20.8,II,2
77.4,20.8,II,2
77.5,20.8,II,2
77.6,20.8,II,2
77.7,20.8,II,2
77.8,20.8,II,2
77.9,20.8,II,2
78,20.8,II,2
78.1,20.8,II,2
78.2,20.8,II,2
78.3,20.8,II,2
78.4,20.8,II,2
78.5,20.8,II,2
78.6,20.8,II,2
78.7,20.8,II,2
78.8,20.8,II,2
78.9,20.8,II,2
79,20.8,II,2
79.1,20.8,II,2
79.2,20.8,II,2
79.3,20.8,II,2
79.4,20.8,II,2
79.5,20.8,II,2
79.6,20.8,II,2
79.7,20.8,II,2
79.8,20.8,II,2
79.9,20.8,II,2
80,20.8,II,2
80.1,20.8,II,2
80.2,20.8,II,2
80.3,20.8,II,2
80.4,20.8,II,2
80.5,20.8,II,2
80.6,20.8,II,2
80.7,20.8,II,2
80.8,20.8,II,2
80.9,20.8,II,2
81,20.8,II,2
81.1,20.8,II,2
81.2,20.8,II,2
81.3,20.8,II,2
81.4,20.8,II,2
81.5,20.8,II,2
81.6,20.8,II,2
81.7,20.8,II,2
81.8,20.8,II,2
81.9,20.8,II,2
82,20.8,II,2
82.1,20.8,II,2
82.2,20.8,II,2
82.3,20.8,II,2
82.4,20.8,II,2
82.5,20.8,II,2
82.6,20.8,II,2
82.7,20.8,II,2
82.8,20.8,II,2
82.9,20.8,II,2
83,20.8,II,2
83.1,20.8,II,2
83.2,20.8,II,2
83.3,20.8,II,2
83.4,20.8,II,2
83.5,20.8,II,2
83.6,20.8,II,2
83.7,20.8,II,2
83.8,20.8,II,2
83.9,20.8,II,2
84,20.8,II,2
84.1,20.8,II,2
84.2,20.8,II,2
84.3,20.8,II,2
84.4,20.8,II,2
84.5,20.8,II,2
84.6,20.8,II,2
84.7,20.8,II,2
84.8,20.8,II,2
84.9,20.8,II,2
85,20.8,II,2
85.1,20.8,II,2
85.2,20.8,II,2
85.3,20.8,III,3
85.4,20.8,III,3
85.5,20.8,III,3
85.6,20.8,III,3
85.7,20.8,III,3
85.8,20.8,III,3
85.9,20.8,III,3
86,20.8,III,3
86.1,20.8,III,3
86.2,20.8,III,3
86.3,20.8,III,3
86.4,20.8,III,3
86.5,20.8,III,3
86.6,20.8,III,3
86.7,20.8,III,3
86.8,20.8,III,3
86.9,20.8,III,3
87,20.8,III,3
70.4,20.9,III,3
70.5,20.9,III,3
70.6,20.9,III,3
70.7,20.9,III,3
70.8,20.9,III,3
70.9,20.9,III,3
71,20.9,III,3
71.1,20.9,III,3
71.2,20.9,III,3
71.3,20.9,III,3
71.4,20.9,III,3
72.8,20.9,III,3
72.9,20.9,III,3
73,20.9,III,3
73.1,20.9,III,3
73.2,20.9,III,3
73.3,20.9,III,3
73.4,20.9,III,3
73.5,20.9,III,3
73.6,20.9,III,3
73.7,20.9,III,3
73.8,20.9,III,3
73.9,20.9,III,3
74,20.9,III,3
74.1,20.9,III,3
74.2,20.9,II,2
74.3,20.9,II,2
74.4,20.9,II,2
74.5,20.9,II,2
74.6,20.9,II,2
74.7,20.9,II,2
74.8,20.9,II,2
74.9,20.9,II,2
75,20.9,II,2
75.1,20.9,II,2
75.2,20.9,II,2
75.3,20.9,II,2
75.4,20.9,II,2
75.5,20.9,II,2
75.6,20.9,II,2
75.7,20.9,II,2
75.8,20.9,II,2
75.9,20.9,II,2
76,20.9,II,2
76.1,20.9,II,2
76.2,20.9,II,2
76.3,20.9,II,2
76.4,20.9,II,2
76.5,20.9,II,2
76.6,20.9,II,2
76.7,20.9,II,2
76.8,20.9,II,2
76.9,20.9,II,2
77,20.9,II,2
77.1,20.9,II,2
77.2,20.9,II,2
77.3,20.9,II,2
77.4,20.9,II,2
77.5,20.9,II,2
77.6,20.9,II,2
77.7,20.9,II,2
77.8,20.9,II,2
77.9,20.9,II,2
78,20.9,II,2
78.1,20.9,II,2
78.2,20.9,II,2
78.3,20.9,II,2
78.4,20.9,II,2
78.5,20.9,II,2
78.6,20.9,II,2
78.7,20.9,II,2
78.8,20.9,II,2
78.9,20.9,II,2
79,20.9,II,2
79.1,20.9,II,2
79.2,20.9,II,2
79.3,20.9,II,2
79.4,20.9,II,2
79.5,20.9,II,2
79.6,20.9,II,2
79.7,20.9,II,2
79.8,20.9,II,2
79.9,20.9,II,2
80,20.9,II,2
80.1,20.9,II,2
80.2,20.9,II,2
80.3,20.9,II,2
80.4,20.9,II,2
80.5,20.9,II,2
80.6,20.9,II,2
80.7,20.9,II,2
80.8,20.9,II,2
80.9,20.9,II,2
81,20.9,II,2
81.1,20.9,II,2
81.2,20.9,II,2
81.3,20.9,II,2
81.4,20.9,II,2
81.5,20.9,II,2
81.6,20.9,II,2
81.7,20.9,II,2
81.8,20.9,II,2
81.9,20.9,II,2
82,20.9,II,2
82.1,20.9,II,2
82.2,20.9,II,2
82.3,20.9,II,2
82.4,20.9,II,2
82.5,20.9,II,2
82.6,20.9,II,2
82.7,20.9,II,2
82.8,20.9,II,2
82.9,20.9,II,2
83,20.9,II,2
83.1,20.9,II,2
83.2,20.9,II,2
83.3,20.9,II,2
83.4,20.9,II,2
83.5,20.9,II,2
83.6,20.9,II,2
83.7,20.9,II,2
83.8,20.9,II,2
83.9,20.9,II,2
84,20.9,II,2
84.1,20.9,II,2
84.2,20.9,II,2
84.3,20.9,II,2
84.4,20.9,II,2
84.5,20.9,II,2
84.6,20.9,II,2
84.7,20.9,II,2
84.8,20.9,II,2
84.9,20.9,II,2
85,20.9,II,2
85.1,20.9,II,2
85.2,20.9,III,3
85.3,20.9,III,3
85.4,20.9,III,3
85.5,20.9,III,3
85.6,20.9,III,3
85.7,20.9,III,3
85.8,20.9,III,3
85.9,20.9,III,3
86,20.9,III,3
86.1,20.9,III,3
86.2,20.9,III,3
86.3,20.9,III,3
86.4,20.9,III,3
86.5,20.9,III,3
86.6,20.9,III,3
86.7,20.9,III,3
86.8,20.9,III,3
86.9,20.9,III,3
70.3,21,III,3
70.4,21,III,3
70.5,21,III,3
70.6,21,III,3
70.7,21,III,3
70.8,21,III,3
70.9,21,III,3
71,21,III,3
71.1,21,III,3
71.2,21,III,3
71.3,21,III,3
71.4,21,III,3
71.5,21,III,3
71.6,21,III,3
72.8,21,III,3
72.9,21,IV,4
73,21,III,3
73.1,21,III,3
73.2,21,III,3
73.3,21,III,3
73.4,21,III,3
73.5,21,III,3
73.6,21,III,3
73.7,21,III,3
73.8,21,III,3
73.9,21,III,3
74,21,III,3
74.1,21,III,3
74.2,21,III,3
74.3,21,III,3
74.4,21,II,2
74.5,21,II,2
74.6,21,II,2
74.7,21,II,2
74.8,21,II,2
74.9,21,II,2
75,21,II,2
75.1,21,II,2
75.2,21,II,2
75.3,21,II,2
75.4,21,II,2
75.5,21,II,2
75.6,21,II,2
75.7,21,II,2
75.8,21,II,2
75.9,21,II,2
76,21,II,2
76.1,21,II,2
76.2,21,II,2
76.3,21,II,2
76.4,21,II,2
76.5,21,II,2
76.6,21,II,2
76.7,21,II,2
76.8,21,II,2
76.9,21,II,2
77,21,II,2
77.1,21,II,2
77.2,21,II,2
77.3,21,II,2
77.4,21,II,2
77.5,21,II,2
77.6,21,II,2
77.7,21,II,2
77.8,21,II,2
77.9,21,II,2
78,21,II,2
78.1,21,II,2
78.2,21,II,2
78.3,21,II,2
78.4,21,II,2
78.5,21,II,2
78.6,21,II,2
78.7,21,II,2
78.8,21,II,2
78.9,21,II,2
79,21,II,2
79.1,21,II,2
79.2,21,II,2
79.3,21,II,2
79.4,21,II,2
79.5,21,II,2
79.6,21,II,2
79.7,21,II,2
79.8,21,II,2
79.9,21,II,2
80,21,II,2
80.1,21,II,2
80.2,21,II,2
80.3,21,II,2
80.4,21,II,2
80.5,21,II,2
80.6,21,II,2
80.7,21,II,2
80.8,21,II,2
80.9,21,II,2
81,21,II,2
81.1,21,II,2
81.2,21,II,2
81.3,21,II,2
81.4,21,II,2
81.5,21,II,2
81.6,21,II,2
81.7,21,II,2
81.8,21,II,2
81.9,21,II,2
82,21,II,2
82.1,21,II,2
82.2,21,II,2
82.3,21,II,2
82.4,21,II,2
82.5,21,II,2
82.6,21,II,2
82.7,21,II,2
82.8,21,II,2
82.9,21,II,2
83,21,II,2
83.1,21,II,2
83.2,21,II,2
83.3,21,II,2
83.4,21,II,2
83.5,21,II,2
83.6,21,II,2
83.7,21,II,2
83.8,21,II,2
83.9,21,II,2
84,21,II,2
84.1,21,II,2
84.2,21,II,2
84.3,21,II,2
84.4,21,II,2
84.5,21,II,2
84.6,21,II,2
84.7,21,II,2
84.8,21,II,2
84.9,21,II,2
85,21,II,2
85.1,21,II,2
85.2,21,III,3
85.3,21,III,3
85.4,21,III,3
85.5,21,III,3
85.6,21,III,3
85.7,21,III,3
85.8,21,III,3
85.9,21,III,3
86,21,III,3
86.1,21,III,3
86.2,21,III,3
86.3,21,III,3
86.4,21,III,3
86.5,21,III,3
86.6,21,III,3
86.7,21,III,3
86.8,21,III,3
86.9,21,III,3
70.2,21.1,III,3
70.3,21.1,III,3
70.4,21.1,III,3
70.5,21.1,III,3
70.6,21.1,III,3
70.7,21.1,III,3
70.8,21.1,III,3
70.9,21.1,III,3
71,21.1,III,3
71.1,21.1,III,3
71.2,21.1,III,3
71.3,21.1,III,3
71.4,21.1,III,3
71.5,21.1,III,3
71.6,21.1,III,3
71.7,21.1,III,3
71.8,21.1,III,3
72.8,21.1,IV,4
72.9,21.1,IV,4
73,21.1,IV,4
73.1,21.1,IV,4
73.2,21.1,IV,4
73.3,21.1,III,3
73.4,21.1,III,3
73.5,21.1,III,3
73.6,21.1,III,3
73.7,21.1,III,3
73.8,21.1,III,3
73.9,21.1,III,3
74,21.1,III,3
74.1,21.1,III,3
74.2,21.1,III,3
74.3,21.1,III,3
74.4,21.1,III,3
74.5,21.1,III,3
74.6,21.1,III,3
74.7,21.1,III,3
74.8,21.1,III,3
74.9,21.1,III,3
75,21.1,III,3
75.1,21.1,III,3
75.2,21.1,III,3
75.3,21.1,III,3
75.4,21.1,III,3
75.5,21.1,III,3
75.6,21.1,III,3
75.7,21.1,III,3
75.8,21.1,III,3
75.9,21.1,III,3
76,21.1,III,3
76.1,21.1,III,3
76.2,21.1,III,3
76.3,21.1,III,3
76.4,21.1,III,3
76.5,21.1,III,3
76.6,21.1,III,3
76.7,21.1,III,3
76.8,21.1,III,3
76.9,21.1,III,3
77,21.1,III,3
77.1,21.1,III,3
77.2,21.1,II,2
77.3,21.1,II,2
77.4,21.1,II,2
77.5,21.1,II,2
77.6,21.1,II,2
77.7,21.1,II,2
77.8,21.1,II,2
77.9,21.1,II,2
78,21.1,II,2
78.1,21.1,II,2
78.2,21.1,II,2
78.3,21.1,II,2
78.4,21.1,II,2
78.5,21.1,II,2
78.6,21.1,II,2
78.7,21.1,II,2
78.8,21.1,II,2
78.9,21.1,II,2
79,21.1,II,2
79.1,21.1,II,2
79.2,21.1,II,2
79.3,21.1,II,2
79.4,21.1,II,2
79.5,21.1,II,2
79.6,21.1,II,2
79.7,21.1,II,2
79.8,21.1,II,2
79.9,21.1,II,2
80,21.1,II,2
80.1,21.1,II,2
80.2,21.1,II,2
80.3,21.1,II,2
80.4,21.1,II,2
80.5,21.1,II,2
80.6,21.1,II,2
80.7,21.1,II,2
80.8,21.1,II,2
80.9,21.1,II,2
81,21.1,II,2
81.1,21.1,II,2
81.2,21.1,II,2
81.3,21.1,II,2
81.4,21.1,II,2
81.5,21.1,II,2
81.6,21.1,II,2
81.7,21.1,II,2
81.8,21.1,II,2
81.9,21.1,II,2
82,21.1,II,2
82.1,21.1,II,2
82.2,21.1,II,2
82.3,21.1,II,2
82.4,21.1,II,2
82.5,21.1,II,2
82.6,21.1,II,2
82.7,21.1,II,2
82.8,21.1,II,2
82.9,21.1,II,2
83,21.1,II,2
83.1,21.1,II,2
83.2,21.1,II,2
83.3,21.1,II,2
83.4,21.1,II,2
83.5,21.1,II,2
83.6,21.1,II,2
83.7,21.1,II,2
83.8,21.1,II,2
83.9,21.1,II,2
84,21.1,II,2
84.1,21.1,II,2
84.2,21.1,II,2
84.3,21.1,II,2
84.4,21.1,II,2
84.5,21.1,II,2
84.6,21.1,II,2
84.7,21.1,II,2
84.8,21.1,II,2
84.9,21.1,II,2
85,21.1,II,2
85.1,21.1,III,3
85.2,21.1,III,3
85.3,21.1,III,3
85.4,21.1,III,3
85.5,21.1,III,3
85.6,21.1,III,3
85.7,21.1,III,3
85.8,21.1,III,3
85.9,21.1,III,3
86,21.1,III,3
86.1,21.1,III,3
86.2,21.1,III,3
86.3,21.1,III,3
86.4,21.1,III,3
86.5,21.1,III,3
86.6,21.1,III,3
86.7,21.1,III,3
86.8,21.1,III,3
70.1,21.2,III,3
70.2,21.2,III,3
70.3,21.2,III,3
70.4,21.2,III,3
70.5,21.2,III,3
70.6,21.2,III,3
70.7,21.2,III,3
70.8,21.2,III,3
70.9,21.2,III,3
71,21.2,III,3
71.1,21.2,III,3
71.2,21.2,III,3
71.3,21.2,III,3
71.4,21.2,III,3
71.5,21.2,III,3
71.6,21.2,III,3
71.7,21.2,III,3
71.8,21.2,III,3
71.9,21.2,III,3
72,21.2,III,3
72.1,21.2,III,3
72.7,21.2,IV,4
72.8,21.2,IV,4
72.9,21.2,IV,4
73,21.2,IV,4
73.1,21.2,IV,4
73.2,21.2,IV,4
73.3,21.2,IV,4
73.4,21.2,III,3
73.5,21.2,III,3
73.6,21.2,III,3
73.7,21.2,III,3
73.8,21.2,III,3
73.9,21.2,III,3
74,21.2,III,3
74.1,21.2,III,3
74.2,21.2,III,3
74.3,21.2,III,3
74.4,21.2,III,3
74.5,21.2,III,3
74.6,21.2,III,3
74.7,21.2,III,3
74.8,21.2,III,3
74.9,21.2,III,3
75,21.2,III,3
75.1,21.2,III,3
75.2,21.2,III,3
75.3,21.2,III,3
75.4,21.2,III,3
75.5,21.2,III,3
75.6,21.2,III,3
75.7,21.2,III,3
75.8,21.2,III,3
75.9,21.2,III,3
76,21.2,III,3
76.1,21.2,III,3
76.2,21.2,III,3
76.3,21.2,III,3
76.4,21.2,III,3
76.5,21.2,III,3
76.6,21.2,III,3
76.7,21.2,III,3
76.8,21.2,III,3
76.9,21.2,III,3
77,21.2,III,3
77.1,21.2,III,3
77.2,21.2,III,3
77.3,21.2,III,3
77.4,21.2,III,3
77.5,21.2,III,3
77.6,21.2,III,3
77.7,21.2,III,3
77.8,21.2,III,3
77.9,21.2,II,2
78,21.2,II,2
78.1,21.2,II,2
78.2,21.2,II,2
78.3,21.2,II,2
78.4,21.2,II,2
78.5,21.2,II,2
78.6,21.2,II,2
78.7,21.2,II,2
78.8,21.2,II,2
78.9,21.2,II,2
79,21.2,II,2
79.1,21.2,II,2
79.2,21.2,II,2
79.3,21.2,II,2
79.4,21.2,II,2
79.5,21.2,II,2
79.6,21.2,II,2
79.7,21.2,II,2
79.8,21.2,II,2
79.9,21.2,II,2
80,21.2,II,2
80.1,21.2,II,2
80.2,21.2,II,2
80.3,21.2,II,2
80.4,21.2,II,2
80.5,21.2,II,2
80.6,21.2,II,2
80.7,21.2,II,2
80.8,21.2,II,2
80.9,21.2,II,2
81,21.2,II,2
81.1,21.2,II,2
81.2,21.2,II,2
81.3,21.2,II,2
81.4,21.2,II,2
81.5,21.2,II,2
81.6,21.2,II,2
81.7,21.2,II,2
81.8,21.2,II,2
81.9,21.2,II,2
82,21.2,II,2
82.1,21.2,II,2
82.2,21.2,II,2
82.3,21.2,II,2
82.4,21.2,II,2
82.5,21.2,II,2
82.6,21.2,II,2
82.7,21.2,II,2
82.8,21.2,II,2
82.9,21.2,II,2
83,21.2,II,2
83.1,21.2,II,2
83.2,21.2,II,2
83.3,21.2,II,2
83.4,21.2,II,2
83.5,21.2,II,2
83.6,21.2,II,2
83.7,21.2,II,2
83.8,21.2,II,2
83.9,21.2,II,2
84,21.2,II,2
84.1,21.2,II,2
84.2,21.2,II,2
84.3,21.2,II,2
84.4,21.2,II,2
84.5,21.2,II,2
84.6,21.2,II,2
84.7,21.2,II,2
84.8,21.2,II,2
84.9,21.2,II,2
85,21.2,II,2
85.1,21.2,III,3
85.2,21.2,III,3
85.3,21.2,III,3
85.4,21.2,III,3
85.5,21.2,III,3
85.6,21.2,III,3
85.7,21.2,III,3
85.8,21.2,III,3
85.9,21.2,III,3
86,21.2,III,3
86.1,21.2,III,3
86.2,21.2,III,3
86.3,21.2,III,3
86.4,21.2,III,3
86.5,21.2,III,3
86.6,21.2,III,3
86.7,21.2,III,3
86.8,21.2,III,3
70,21.3,III,3
70.1,21.3,III,3
70.2,21.3,III,3
70.3,21.3,III,3
70.4,21.3,III,3
70.5,21.3,III,3
70.6,21.3,III,3
70.7,21.3,III,3
70.8,21.3,III,3
70.9,21.3,III,3
71,21.3,III,3
71.1,21.3,III,3
71.2,21.3,III,3
71.3,21.3,III,3
71.4,21.3,III,3
71.5,21.3,III,3
71.6,21.3,III,3
71.7,21.3,III,3
71.8,21.3,III,3
71.9,21.3,III,3
72,21.3,III,3
72.1,21.3,III,3
72.6,21.3,III,3
72.7,21.3,IV,4
72.8,21.3,IV,4
72.9,21.3,IV,4
73,21.3,IV,4
73.1,21.3,IV,4
73.2,21.3,IV,4
73.3,21.3,IV,4
73.4,21.3,III,3
73.5,21.3,III,3
73.6,21.3,III,3
73.7,21.3,III,3
73.8,21.3,III,3
73.9,21.3,III,3
74,21.3,III,3
74.1,21.3,III,3
74.2,21.3,III,3
74.3,21.3,III,3
74.4,21.3,III,3
74.5,21.3,III,3
74.6,21.3,III,3
74.7,21.3,III,3
74.8,21.3,III,3
74.9,21.3,III,3
75,21.3,III,3
75.1,21.3,III,3
75.2,21.3,III,3
75.3,21.3,III,3
75.4,21.3,III,3
75.5,21.3,III,3
75.6,21.3,IV,4
75.7,21.3,IV,4
75.8,21.3,IV,4
75.9,21.3,IV,4
76,21.3,IV,4
76.1,21.3,IV,4
76.2,21.3,IV,4
76.3,21.3,IV,4
76.4,21.3,III,3
76.5,21.3,III,3
76.6,21.3,III,3
76.7,21.3,III,3
76.8,21.3,III,3
76.9,21.3,III,3
77,21.3,III,3
77.1,21.3,III,3
77.2,21.3,III,3
77.3,21.3,III,3
77.4,21.3,III,3
77.5,21.3,III,3
77.6,21.3,III,3
77.7,21.3,III,3
77.8,21.3,III,3
77.9,21.3,III,3
78,21.3,III,3
78.1,21.3,III,3
78.2,21.3,III,3
78.3,21.3,III,3
78.4,21.3,II,2
78.5,21.3,II,2
78.6,21.3,II,2
78.7,21.3,II,2
78.8,21.3,II,2
78.9,21.3,II,2
79,21.3,II,2
79.1,21.3,II,2
79.2,21.3,II,2
79.3,21.3,II,2
79.4,21.3,II,2
79.5,21.3,II,2
79.6,21.3,II,2
79.7,21.3,II,2
79.8,21.3,II,2
79.9,21.3,II,2
80,21.3,II,2
80.1,21.3,II,2
80.2,21.3,II,2
80.3,21.3,II,2
80.4,21.3,II,2
80.5,21.3,II,2
80.6,21.3,II,2
80.7,21.3,II,2
80.8,21.3,II,2
80.9,21.3,II,2
81,21.3,II,2
81.1,21.3,II,2
81.2,21.3,II,2
81.3,21.3,II,2
81.4,21.3,II,2
81.5,21.3,II,2
81.6,21.3,II,2
81.7,21.3,II,2
81.8,21.3,II,2
81.9,21.3,II,2
82,21.3,II,2
82.1,21.3,II,2
82.2,21.3,II,2
82.3,21.3,II,2
82.4,21.3,II,2
82.5,21.3,II,2
82.6,21.3,II,2
82.7,21.3,II,2
82.8,21.3,II,2
82.9,21.3,II,2
83,21.3,II,2
83.1,21.3,II,2
83.2,21.3,II,2
83.3,21.3,II,2
83.4,21.3,II,2
83.5,21.3,II,2
83.6,21.3,II,2
83.7,21.3,II,2
83.8,21.3,II,2
83.9,21.3,II,2
84,21.3,II,2
84.1,21.3,II,2
84.2,21.3,II,2
84.3,21.3,II,2
84.4,21.3,II,2
84.5,21.3,II,2
84.6,21.3,II,2
84.7,21.3,II,2
84.8,21.3,II,2
84.9,21.3,II,2
85,21.3,III,3
85.1,21.3,III,3
85.2,21.3,III,3
85.3,21.3,III,3
85.4,21.3,III,3
85.5,21.3,III,3
85.6,21.3,III,3
85.7,21.3,III,3
85.8,21.3,III,3
85.9,21.3,III,3
86,21.3,III,3
86.1,21.3,III,3
86.2,21.3,III,3
86.3,21.3,III,3
86.4,21.3,III,3
86.5,21.3,III,3
86.6,21.3,III,3
86.7,21.3,III,3
86.8,21.3,III,3
86.9,21.3,III,3
69.9,21.4,III,3
70,21.4,III,3
70.1,21.4,III,3
70.2,21.4,III,3
70.3,21.4,III,3
70.4,21.4,III,3
70.5,21.4,III,3
70.6,21.4,III,3
70.7,21.4,III,3
70.8,21.4,III,3
70.9,21.4,III,3
71,21.4,III,3
71.1,21.4,III,3
71.2,21.4,III,3
71.3,21.4,III,3
71.4,21.4,III,3
71.5,21.4,III,3
71.6,21.4,III,3
71.7,21.4,III,3
71.8,21.4,III,3
71.9,21.4,III,3
72,21.4,III,3
72.1,21.4,III,3
72.7,21.4,IV,4
72.8,21.4,IV,4
72.9,21.4,IV,4
73,21.4,IV,4
73.1,21.4,IV,4
73.2,21.4,IV,4
73.3,21.4,IV,4
73.4,21.4,III,3
73.5,21.4,III,3
73.6,21.4,III,3
73.7,21.4,III,3
73.8,21.4,III,3
73.9,21.4,III,3
74,21.4,III,3
74.1,21.4,III,3
74.2,21.4,III,3
74.3,21.4,III,3
74.4,21.4,III,3
74.5,21.4,III,3
74.6,21.4,III,3
74.7,21.4,III,3
74.8,21.4,III,3
74.9,21.4,III,3
75,21.4,III,3
75.1,21.4,III,3
75.2,21.4,III,3
75.3,21.4,III,3
75.4,21.4,IV,4
75.5,21.4,IV,4
75.6,21.4,IV,4
75.7,21.4,IV,4
75.8,21.4,IV,4
75.9,21.4,IV,4
76,21.4,IV,4
76.1,21.4,IV,4
76.2,21.4,IV,4
76.3,21.4,IV,4
76.4,21.4,IV,4
76.5,21.4,III,3
76.6,21.4,III,3
76.7,21.4,III,3
76.8,21.4,III,3
76.9,21.4,III,3
77,21.4,III,3
77.1,21.4,III,3
77.2,21.4,III,3
77.3,21.4,III,3
77.4,21.4,III,3
77.5,21.4,III,3
77.6,21.4,III,3
77.7,21.4,III,3
77.8,21.4,III,3
77.9,21.4,III,3
78,21.4,III,3
78.1,21.4,III,3
78.2,21.4,III,3
78.3,21.4,III,3
78.4,21.4,III,3
78.5,21.4,III,3
78.6,21.4,III,3
78.7,21.4,III,3
78.8,21.4,III,3
78.9,21.4,II,2
79,21.4,II,2
79.1,21.4,II,2
79.2,21.4,II,2
79.3,21.4,II,2
79.4,21.4,II,2
79.5,21.4,II,2
79.6,21.4,II,2
79.7,21.4,II,2
79.8,21.4,II,2
79.9,21.4,II,2
80,21.4,II,2
80.1,21.4,II,2
80.2,21.4,II,2
80.3,21.4,II,2
80.4,21.4,II,2
80.5,21.4,II,2
80.6,21.4,II,2
80.7,21.4,II,2
80.8,21.4,II,2
80.9,21.4,II,2
81,21.4,II,2
81.1,21.4,II,2
81.2,21.4,II,2
81.3,21.4,II,2
81.4,21.4,II,2
81.5,21.4,II,2
81.6,21.4,II,2
81.7,21.4,II,2
81.8,21.4,II,2
81.9,21.4,II,2
82,21.4,II,2
82.1,21.4,II,2
82.2,21.4,II,2
82.3,21.4,II,2
82.4,21.4,II,2
82.5,21.4,II,2
82.6,21.4,II,2
82.7,21.4,II,2
82.8,21.4,II,2
82.9,21.4,II,2
83,21.4,II,2
83.1,21.4,II,2
83.2,21.4,II,2
83.3,21.4,II,2
83.4,21.4,II,2
83.5,21.4,II,2
83.6,21.4,II,2
83.7,21.4,II,2
83.8,21.4,II,2
83.9,21.4,II,2
84,21.4,II,2
84.1,21.4,II,2
84.2,21.4,II,2
84.3,21.4,II,2
84.4,21.4,II,2
84.5,21.4,II,2
84.6,21.4,II,2
84.7,21.4,II,2
84.8,21.4,II,2
84.9,21.4,II,2
85,21.4,III,3
85.1,21.4,III,3
85.2,21.4,III,3
85.3,21.4,III,3
85.4,21.4,III,3
85.5,21.4,III,3
85.6,21.4,III,3
85.7,21.4,III,3
85.8,21.4,III,3
85.9,21.4,III,3
86,21.4,III,3
86.1,21.4,III,3
86.2,21.4,III,3
86.3,21.4,III,3
86.4,21.4,III,3
86.5,21.4,III,3
86.6,21.4,III,3
86.7,21.4,III,3
86.8,21.4,III,3
86.9,21.4,III,3
87,21.4,III,3
69.8,21.5,III,3
69.9,21.5,III,3
70,21.5,III,3
70.1,21.5,III,3
70.2,21.5,III,3
70.3,21.5,III,3
70.4,21.5,III,3
70.5,21.5,III,3
70.6,21.5,III,3
70.7,21.5,III,3
70.8,21.5,III,3
70.9,21.5,III,3
71,21.5,III,3
71.1,21.5,III,3
71.2,21.5,III,3
71.3,21.5,III,3
71.4,21.5,III,3
71.5,21.5,III,3
71.6,21.5,III,3
71.7,21.5,III,3
71.8,21.5,III,3
71.9,21.5,III,3
72,21.5,III,3
72.1,21.5,III,3
72.2,21.5,III,3
72.7,21.5,IV,4
72.8,21.5,IV,4
72.9,21.5,IV,4
73,21.5,IV,4
73.1,21.5,IV,4
73.2,21.5,IV,4
73.3,21.5,IV,4
73.4,21.5,III,3
73.5,21.5,III,3
73.6,21.5,III,3
73.7,21.5,III,3
73.8,21.5,III,3
73.9,21.5,III,3
74,21.5,III,3
74.1,21.5,III,3
74.2,21.5,III,3
74.3,21.5,III,3
74.4,21.5,III,3
74.5,21.5,III,3
74.6,21.5,III,3
74.7,21.5,III,3
74.8,21.5,III,3
74.9,21.5,III,3
75,21.5,III,3
75.1,21.5,III,3
75.2,21.5,IV,4
75.3,21.5,IV,4
75.4,21.5,IV,4
75.5,21.5,IV,4
75.6,21.5,IV,4
75.7,21.5,IV,4
75.8,21.5,IV,4
75.9,21.5,IV,4
76,21.5,IV,4
76.1,21.5,IV,4
76.2,21.5,IV,4
76.3,21.5,IV,4
76.4,21.5,IV,4
76.5,21.5,III,3
76.6,21.5,III,3
76.7,21.5,III,3
76.8,21.5,III,3
76.9,21.5,III,3
77,21.5,III,3
77.1,21.5,III,3
77.2,21.5,III,3
77.3,21.5,III,3
77.4,21.5,III,3
77.5,21.5,III,3
77.6,21.5,III,3
77.7,21.5,III,3
77.8,21.5,III,3
77.9,21.5,III,3
78,21.5,III,3
78.1,21.5,III,3
78.2,21.5,III,3
78.3,21.5,III,3
78.4,21.5,III,3
78.5,21.5,III,3
78.6,21.5,III,3
78.7,21.5,III,3
78.8,21.5,III,3
78.9,21.5,III,3
79,21.5,III,3
79.1,21.5,III,3
79.2,21.5,II,2
79.3,21.5,II,2
79.4,21.5,II,2
79.5,21.5,II,2
79.6,21.5,II,2
79.7,21.5,II,2
79.8,21.5,II,2
79.9,21.5,II,2
80,21.5,II,2
80.1,21.5,II,2
80.2,21.5,II,2
80.3,21.5,II,2
80.4,21.5,II,2
80.5,21.5,II,2
80.6,21.5,II,2
80.7,21.5,II,2
80.8,21.5,II,2
80.9,21.5,II,2
81,21.5,II,2
81.1,21.5,II,2
81.2,21.5,II,2
81.3,21.5,II,2
81.4,21.5,II,2
81.5,21.5,II,2
81.6,21.5,II,2
81.7,21.5,II,2
81.8,21.5,II,2
81.9,21.5,II,2
82,21.5,II,2
82.1,21.5,II,2
82.2,21.5,II,2
82.3,21.5,II,2
82.4,21.5,II,2
82.5,21.5,II,2
82.6,21.5,II,2
82.7,21.5,II,2
82.8,21.5,II,2
82.9,21.5,II,2
83,21.5,II,2
83.1,21.5,II,2
83.2,21.5,II,2
83.3,21.5,II,2
83.4,21.5,II,2
83.5,21.5,II,2
83.6,21.5,II,2
83.7,21.5,II,2
83.8,21.5,II,2
83.9,21.5,II,2
84,21.5,II,2
84.1,21.5,II,2
84.2,21.5,II,2
84.3,21.5,II,2
84.4,21.5,II,2
84.5,21.5,II,2
84.6,21.5,II,2
84.7,21.5,II,2
84.8,21.5,II,2
84.9,21.5,II,2
85,21.5,III,3
85.1,21.5,III,3
85.2,21.5,III,3
85.3,21.5,III,3
85.4,21.5,III,3
85.5,21.5,III,3
85.6,21.5,III,3
85.7,21.5,III,3
85.8,21.5,III,3
85.9,21.5,III,3
86,21.5,III,3
86.1,21.5,III,3
86.2,21.5,III,3
86.3,21.5,III,3
86.4,21.5,III,3
86.5,21.5,III,3
86.6,21.5,III,3
86.7,21.5,III,3
86.8,21.5,III,3
86.9,21.5,III,3
87,21.5,III,3
87.1,21.5,III,3
69.7,21.6,III,3
69.8,21.6,III,3
69.9,21.6,III,3
70,21.6,III,3
70.1,21.6,III,3
70.2,21.6,III,3
70.3,21.6,III,3
70.4,21.6,III,3
70.5,21.6,III,3
70.6,21.6,III,3
70.7,21.6,III,3
70.8,21.6,III,3
70.9,21.6,III,3
71,21.6,III,3
71.1,21.6,III,3
71.2,21.6,III,3
71.3,21.6,III,3
71.4,21.6,III,3
71.5,21.6,III,3
71.6,21.6,III,3
71.7,21.6,III,3
71.8,21.6,III,3
71.9,21.6,III,3
72,21.6,III,3
72.1,21.6,III,3
72.2,21.6,III,3
72.7,21.6,IV,4
72.8,21.6,IV,4
72.9,21.6,IV,4
73,21.6,IV,4
73.1,21.6,IV,4
73.2,21.6,IV,4
73.3,21.6,IV,4
73.4,21.6,IV,4
73.5,21.6,III,3
73.6,21.6,III,3
73.7,21.6,III,3
73.8,21.6,III,3
73.9,21.6,III,3
74,21.6,III,3
74.1,21.6,III,3
74.2,21.6,III,3
74.3,21.6,III,3
74.4,21.6,III,3
74.5,21.6,III,3
74.6,21.6,III,3
74.7,21.6,III,3
74.8,21.6,III,3
74.9,21.6,III,3
75,21.6,III,3
75.1,21.6,IV,4
75.2,21.6,IV,4
75.3,21.6,IV,4
75.4,21.6,IV,4
75.5,21.6,IV,4
75.6,21.6,IV,4
75.7,21.6,IV,4
75.8,21.6,IV,4
75.9,21.6,IV,4
76,21.6,IV,4
76.1,21.6,IV,4
76.2,21.6,IV,4
76.3,21.6,IV,4
76.4,21.6,IV,4
76.5,21.6,III,3
76.6,21.6,III,3
76.7,21.6,III,3
76.8,21.6,III,3
76.9,21.6,III,3
77,21.6,III,3
77.1,21.6,III,3
77.2,21.6,III,3
77.3,21.6,III,3
77.4,21.6,III,3
77.5,21.6,III,3
77.6,21.6,III,3
77.7,21.6,III,3
77.8,21.6,III,3
77.9,21.6,III,3
78,21.6,III,3
78.1,21.6,III,3
78.2,21.6,III,3
78.3,21.6,III,3
78.4,21.6,III,3
78.5,21.6,III,3
78.6,21.6,III,3
78.7,21.6,III,3
78.8,21.6,III,3
78.9,21.6,III,3
79,21.6,III,3
79.1,21.6,III,3
79.2,21.6,III,3
79.3,21.6,III,3
79.4,21.6,III,3
79.5,21.6,II,2
79.6,21.6,II,2
79.7,21.6,II,2
79.8,21.6,II,2
79.9,21.6,II,2
80,21.6,II,2
80.1,21.6,II,2
80.2,21.6,II,2
80.3,21.6,II,2
80.4,21.6,II,2
80.5,21.6,II,2
80.6,21.6,II,2
80.7,21.6,II,2
80.8,21.6,II,2
80.9,21.6,II,2
81,21.6,II,2
81.1,21.6,II,2
81.2,21.6,II,2
81.3,21.6,II,2
81.4,21.6,II,2
81.5,21.6,II,2
81.6,21.6,II,2
81.7,21.6,II,2
81.8,21.6,II,2
81.9,21.6,II,2
82,21.6,II,2
82.1,21.6,II,2
82.2,21.6,II,2
82.3,21.6,II,2
82.4,21.6,II,2
82.5,21.6,II,2
82.6,21.6,II,2
82.7,21.6,II,2
82.8,21.6,II,2
82.9,21.6,II,2
83,21.6,II,2
83.1,21.6,II,2
83.2,21.6,II,2
83.3,21.6,II,2
83.4,21.6,II,2
83.5,21.6,II,2
83.6,21.6,II,2
83.7,21.6,II,2
83.8,21.6,II,2
83.9,21.6,II,2
84,21.6,II,2
84.1,21.6,II,2
84.2,21.6,II,2
84.3,21.6,II,2
84.4,21.6,II,2
84.5,21.6,II,2
84.6,21.6,II,2
84.7,21.6,II,2
84.8,21.6,II,2
84.9,21.6,III,3
85,21.6,III,3
85.1,21.6,III,3
85.2,21.6,III,3
85.3,21.6,III,3
85.4,21.6,III,3
85.5,21.6,III,3
85.6,21.6,III,3
85.7,21.6,III,3
85.8,21.6,III,3
85.9,21.6,III,3
86,21.6,III,3
86.1,21.6,III,3
86.2,21.6,III,3
86.3,21.6,III,3
86.4,21.6,III,3
86.5,21.6,III,3
86.6,21.6,III,3
86.7,21.6,III,3
86.8,21.6,III,3
86.9,21.6,III,3
87,21.6,III,3
87.1,21.6,III,3
87.2,21.6,III,3
87.3,21.6,III,3
87.4,21.6,III,3
88.4,21.6,IV,4
69.6,21.7,III,3
69.7,21.7,III,3
69.8,21.7,III,3
69.9,21.7,III,3
70,21.7,III,3
70.1,21.7,III,3
70.2,21.7,III,3
70.3,21.7,III,3
70.4,21.7,III,3
70.5,21.7,III,3
70.6,21.7,III,3
70.7,21.7,III,3
70.8,21.7,III,3
70.9,21.7,III,3
71,21.7,III,3
71.1,21.7,III,3
71.2,21.7,III,3
71.3,21.7,III,3
71.4,21.7,III,3
71.5,21.7,III,3
71.6,21.7,III,3
71.7,21.7,III,3
71.8,21.7,III,3
71.9,21.7,III,3
72,21.7,III,3
72.1,21.7,III,3
72.2,21.7,III,3
72.6,21.7,IV,4
72.7,21.7,IV,4
72.8,21.7,IV,4
72.9,21.7,IV,4
73,21.7,IV,4
73.1,21.7,IV,4
73.2,21.7,IV,4
73.3,21.7,IV,4
73.4,21.7,IV,4
73.5,21.7,III,3
73.6,21.7,III,3
73.7,21.7,III,3
73.8,21.7,III,3
73.9,21.7,III,3
74,21.7,III,3
74.1,21.7,III,3
74.2,21.7,III,3
74.3,21.7,III,3
74.4,21.7,III,3
74.5,21.7,III,3
74.6,21.7,III,3
74.7,21.7,III,3
74.8,21.7,III,3
74.9,21.7,III,3
75,21.7,III,3
75.1,21.7,IV,4
75.2,21.7,IV,4
75.3,21.7,IV,4
75.4,21.7,IV,4
75.5,21.7,IV,4
75.6,21.7,IV,4
75.7,21.7,IV,4
75.8,21.7,IV,4
75.9,21.7,IV,4
76,21.7,IV,4
76.1,21.7,IV,4
76.2,21.7,IV,4
76.3,21.7,IV,4
76.4,21.7,III,3
76.5,21.7,III,3
76.6,21.7,III,3
76.7,21.7,III,3
76.8,21.7,III,3
76.9,21.7,III,3
77,21.7,III,3
77.1,21.7,III,3
77.2,21.7,III,3
77.3,21.7,III,3
77.4,21.7,III,3
77.5,21.7,III,3
77.6,21.7,III,3
77.7,21.7,III,3
77.8,21.7,III,3
77.9,21.7,III,3
78,21.7,III,3
78.1,21.7,III,3
78.2,21.7,III,3
78.3,21.7,III,3
78.4,21.7,III,3
78.5,21.7,III,3
78.6,21.7,III,3
78.7,21.7,III,3
78.8,21.7,III,3
78.9,21.7,III,3
79,21.7,III,3
79.1,21.7,III,3
79.2,21.7,III,3
79.3,21.7,III,3
79.4,21.7,III,3
79.5,21.7,III,3
79.6,21.7,III,3
79.7,21.7,II,2
79.8,21.7,II,2
79.9,21.7,II,2
80,21.7,II,2
80.1,21.7,II,2
80.2,21.7,II,2
80.3,21.7,II,2
80.4,21.7,II,2
80.5,21.7,II,2
80.6,21.7,II,2
80.7,21.7,II,2
80.8,21.7,II,2
80.9,21.7,II,2
81,21.7,II,2
81.1,21.7,II,2
81.2,21.7,II,2
81.3,21.7,II,2
81.4,21.7,II,2
81.5,21.7,II,2
81.6,21.7,II,2
81.7,21.7,II,2
81.8,21.7,II,2
81.9,21.7,II,2
82,21.7,II,2
82.1,21.7,II,2
82.2,21.7,II,2
82.3,21.7,II,2
82.4,21.7,II,2
82.5,21.7,II,2
82.6,21.7,II,2
82.7,21.7,II,2
82.8,21.7,II,2
82.9,21.7,II,2
83,21.7,II,2
83.1,21.7,II,2
83.2,21.7,II,2
83.3,21.7,II,2
83.4,21.7,II,2
83.5,21.7,II,2
83.6,21.7,II,2
83.7,21.7,II,2
83.8,21.7,II,2
83.9,21.7,II,2
84,21.7,II,2
84.1,21.7,II,2
84.2,21.7,II,2
84.3,21.7,II,2
84.4,21.7,II,2
84.5,21.7,II,2
84.6,21.7,II,2
84.7,21.7,II,2
84.8,21.7,II,2
84.9,21.7,III,3
85,21.7,III,3
85.1,21.7,III,3
85.2,21.7,III,3
85.3,21.7,III,3
85.4,21.7,III,3
85.5,21.7,III,3
85.6,21.7,III,3
85.7,21.7,III,3
85.8,21.7,III,3
85.9,21.7,III,3
86,21.7,III,3
86.1,21.7,III,3
86.2,21.7,III,3
86.3,21.7,III,3
86.4,21.7,III,3
86.5,21.7,III,3
86.6,21.7,III,3
86.7,21.7,III,3
86.8,21.7,III,3
86.9,21.7,III,3
87,21.7,III,3
87.1,21.7,III,3
87.2,21.7,III,3
87.3,21.7,III,3
87.4,21.7,III,3
87.5,21.7,IV,4
87.6,21.7,IV,4
87.7,21.7,IV,4
87.8,21.7,IV,4
88.1,21.7,IV,4
88.2,21.7,IV,4
88.4,21.7,IV,4
88.8,21.7,IV,4
88.9,21.7,IV,4
89,21.7,IV,4
69.4,21.8,III,3
69.5,21.8,III,3
69.6,21.8,III,3
69.7,21.8,III,3
69.8,21.8,III,3
69.9,21.8,III,3
70,21.8,III,3
70.1,21.8,III,3
70.2,21.8,III,3
70.3,21.8,III,3
70.4,21.8,III,3
70.5,21.8,III,3
70.6,21.8,III,3
70.7,21.8,III,3
70.8,21.8,III,3
70.9,21.8,III,3
71,21.8,III,3
71.1,21.8,III,3
71.2,21.8,III,3
71.3,21.8,III,3
71.4,21.8,III,3
71.5,21.8,III,3
71.6,21.8,III,3
71.7,21.8,III,3
71.8,21.8,IV,4
71.9,21.8,IV,4
72,21.8,IV,4
72.1,21.8,IV,4
72.2,21.8,IV,4
72.6,21.8,IV,4
72.7,21.8,IV,4
72.8,21.8,IV,4
72.9,21.8,IV,4
73,21.8,IV,4
73.1,21.8,IV,4
73.2,21.8,IV,4
73.3,21.8,IV,4
73.4,21.8,IV,4
73.5,21.8,III,3
73.6,21.8,III,3
73.7,21.8,III,3
73.8,21.8,III,3
73.9,21.8,III,3
74,21.8,III,3
74.1,21.8,III,3
74.2,21.8,III,3
74.3,21.8,III,3
74.4,21.8,III,3
74.5,21.8,III,3
74.6,21.8,III,3
74.7,21.8,III,3
74.8,21.8,III,3
74.9,21.8,III,3
75,21.8,III,3
75.1,21.8,IV,4
75.2,21.8,IV,4
75.3,21.8,IV,4
75.4,21.8,IV,4
75.5,21.8,IV,4
75.6,21.8,IV,4
75.7,21.8,IV,4
75.8,21.8,IV,4
75.9,21.8,IV,4
76,21.8,IV,4
76.1,21.8,III,3
76.2,21.8,III,3
76.3,21.8,III,3
76.4,21.8,III,3
76.5,21.8,III,3
76.6,21.8,III,3
76.7,21.8,III,3
76.8,21.8,III,3
76.9,21.8,III,3
77,21.8,III,3
77.1,21.8,III,3
77.2,21.8,III,3
77.3,21.8,III,3
77.4,21.8,III,3
77.5,21.8,III,3
77.6,21.8,III,3
77.7,21.8,III,3
77.8,21.8,III,3
77.9,21.8,III,3
78,21.8,III,3
78.1,21.8,III,3
78.2,21.8,III,3
78.3,21.8,III,3
78.4,21.8,III,3
78.5,21.8,III,3
78.6,21.8,III,3
78.7,21.8,III,3
78.8,21.8,III,3
78.9,21.8,III,3
79,21.8,III,3
79.1,21.8,III,3
79.2,21.8,III,3
79.3,21.8,III,3
79.4,21.8,III,3
79.5,21.8,III,3
79.6,21.8,III,3
79.7,21.8,III,3
79.8,21.8,III,3
79.9,21.8,II,2
80,21.8,II,2
80.1,21.8,II,2
80.2,21.8,II,2
80.3,21.8,II,2
80.4,21.8,II,2
80.5,21.8,II,2
80.6,21.8,II,2
80.7,21.8,II,2
80.8,21.8,II,2
80.9,21.8,II,2
81,21.8,II,2
81.1,21.8,II,2
81.2,21.8,II,2
81.3,21.8,II,2
81.4,21.8,II,2
81.5,21.8,II,2
81.6,21.8,II,2
81.7,21.8,II,2
81.8,21.8,II,2
81.9,21.8,II,2
82,21.8,II,2
82.1,21.8,II,2
82.2,21.8,II,2
82.3,21.8,II,2
82.4,21.8,II,2
82.5,21.8,II,2
82.6,21.8,II,2
82.7,21.8,II,2
82.8,21.8,II,2
82.9,21.8,II,2
83,21.8,II,2
83.1,21.8,II,2
83.2,21.8,II,2
83.3,21.8,II,2
83.4,21.8,II,2
83.5,21.8,II,2
83.6,21.8,II,2
83.7,21.8,II,2
83.8,21.8,II,2
83.9,21.8,II,2
84,21.8,II,2
84.1,21.8,II,2
84.2,21.8,II,2
84.3,21.8,II,2
84.4,21.8,II,2
84.5,21.8,II,2
84.6,21.8,II,2
84.7,21.8,II,2
84.8,21.8,II,2
84.9,21.8,III,3
85,21.8,III,3
85.1,21.8,III,3
85.2,21.8,III,3
85.3,21.8,III,3
85.4,21.8,III,3
85.5,21.8,III,3
85.6,21.8,III,3
85.7,21.8,III,3
85.8,21.8,III,3
85.9,21.8,III,3
86,21.8,III,3
86.1,21.8,III,3
86.2,21.8,III,3
86.3,21.8,III,3
86.4,21.8,III,3
86.5,21.8,III,3
86.6,21.8,III,3
86.7,21.8,III,3
86.8,21.8,III,3
86.9,21.8,III,3
87,21.8,III,3
87.1,21.8,III,3
87.2,21.8,III,3
87.3,21.8,III,3
87.4,21.8,IV,4
87.5,21.8,IV,4
87.6,21.8,IV,4
87.7,21.8,IV,4
87.8,21.8,IV,4
87.9,21.8,IV,4
88.1,21.8,IV,4
88.3,21.8,IV,4
88.6,21.8,IV,4
88.8,21.8,IV,4
88.9,21.8,IV,4
89,21.8,IV,4
69.3,21.9,III,3
69.4,21.9,III,3
69.5,21.9,III,3
69.6,21.9,III,3
69.7,21.9,III,3
69.8,21.9,III,3
69.9,21.9,III,3
70,21.9,III,3
70.1,21.9,III,3
70.2,21.9,III,3
70.3,21.9,III,3
70.4,21.9,III,3
70.5,21.9,III,3
70.6,21.9,III,3
70.7,21.9,III,3
70.8,21.9,III,3
70.9,21.9,III,3
71,21.9,III,3
71.1,21.9,IV,4
71.2,21.9,IV,4
71.3,21.9,IV,4
71.4,21.9,IV,4
71.5,21.9,IV,4
71.6,21.9,IV,4
71.7,21.9,IV,4
71.8,21.9,IV,4
71.9,21.9,IV,4
72,21.9,IV,4
72.1,21.9,IV,4
72.2,21.9,IV,4
72.7,21.9,IV,4
72.8,21.9,IV,4
72.9,21.9,IV,4
73,21.9,IV,4
73.1,21.9,IV,4
73.2,21.9,IV,4
73.3,21.9,IV,4
73.4,21.9,IV,4
73.5,21.9,III,3
73.6,21.9,III,3
73.7,21.9,III,3
73.8,21.9,III,3
73.9,21.9,III,3
74,21.9,III,3
74.1,21.9,III,3
74.2,21.9,III,3
74.3,21.9,III,3
74.4,21.9,III,3
74.5,21.9,III,3
74.6,21.9,III,3
74.7,21.9,III,3
74.8,21.9,III,3
74.9,21.9,III,3
75,21.9,III,3
75.1,21.9,III,3
75.2,21.9,III,3
75.3,21.9,III,3
75.4,21.9,III,3
75.5,21.9,III,3
75.6,21.9,III,3
75.7,21.9,III,3
75.8,21.9,III,3
75.9,21.9,III,3
76,21.9,III,3
76.1,21.9,III,3
76.2,21.9,III,3
76.3,21.9,III,3
76.4,21.9,III,3
76.5,21.9,III,3
76.6,21.9,III,3
76.7,21.9,III,3
76.8,21.9,III,3
76.9,21.9,III,3
77,21.9,III,3
77.1,21.9,III,3
77.2,21.9,III,3
77.3,21.9,III,3
77.4,21.9,III,3
77.5,21.9,III,3
77.6,21.9,III,3
77.7,21.9,III,3
77.8,21.9,III,3
77.9,21.9,III,3
78,21.9,III,3
78.1,21.9,III,3
78.2,21.9,III,3
78.3,21.9,III,3
78.4,21.9,III,3
78.5,21.9,III,3
78.6,21.9,III,3
78.7,21.9,III,3
78.8,21.9,III,3
78.9,21.9,III,3
79,21.9,III,3
79.1,21.9,III,3
79.2,21.9,III,3
79.3,21.9,III,3
79.4,21.9,III,3
79.5,21.9,III,3
79.6,21.9,III,3
79.7,21.9,III,3
79.8,21.9,III,3
79.9,21.9,III,3
80,21.9,II,2
80.1,21.9,II,2
80.2,21.9,II,2
80.3,21.9,II,2
80.4,21.9,II,2
80.5,21.9,II,2
80.6,21.9,II,2
80.7,21.9,II,2
80.8,21.9,II,2
80.9,21.9,II,2
81,21.9,II,2
81.1,21.9,II,2
81.2,21.9,II,2
81.3,21.9,II,2
81.4,21.9,II,2
81.5,21.9,II,2
81.6,21.9,II,2
81.7,21.9,II,2
81.8,21.9,II,2
81.9,21.9,II,2
82,21.9,II,2
82.1,21.9,II,2
82.2,21.9,II,2
82.3,21.9,II,2
82.4,21.9,II,2
82.5,21.9,II,2
82.6,21.9,II,2
82.7,21.9,II,2
82.8,21.9,II,2
82.9,21.9,II,2
83,21.9,II,2
83.1,21.9,II,2
83.2,21.9,II,2
83.3,21.9,II,2
83.4,21.9,II,2
83.5,21.9,II,2
83.6,21.9,II,2
83.7,21.9,II,2
83.8,21.9,II,2
83.9,21.9,II,2
84,21.9,II,2
84.1,21.9,II,2
84.2,21.9,II,2
84.3,21.9,II,2
84.4,21.9,II,2
84.5,21.9,II,2
84.6,21.9,II,2
84.7,21.9,II,2
84.8,21.9,III,3
84.9,21.9,III,3
85,21.9,III,3
85.1,21.9,III,3
85.2,21.9,III,3
85.3,21.9,III,3
85.4,21.9,III,3
85.5,21.9,III,3
85.6,21.9,III,3
85.7,21.9,III,3
85.8,21.9,III,3
85.9,21.9,III,3
86,21.9,III,3
86.1,21.9,III,3
86.2,21.9,III,3
86.3,21.9,III,3
86.4,21.9,III,3
86.5,21.9,III,3
86.6,21.9,III,3
86.7,21.9,III,3
86.8,21.9,III,3
86.9,21.9,III,3
87,21.9,III,3
87.1,21.9,III,3
87.2,21.9,III,3
87.3,21.9,III,3
87.4,21.9,IV,4
87.5,21.9,IV,4
87.6,21.9,IV,4
87.7,21.9,IV,4
87.8,21.9,IV,4
87.9,21.9,IV,4
88,21.9,IV,4
88.2,21.9,IV,4
88.3,21.9,IV,4
88.4,21.9,IV,4
88.5,21.9,IV,4
88.8,21.9,IV,4
88.9,21.9,IV,4
69.2,22,III,3
69.3,22,III,3
69.4,22,III,3
69.5,22,III,3
69.6,22,III,3
69.7,22,III,3
69.8,22,III,3
69.9,22,III,3
70,22,III,3
70.1,22,III,3
70.2,22,III,3
70.3,22,III,3
70.4,22,III,3
70.5,22,IV,4
70.6,22,IV,4
70.7,22,IV,4
70.8,22,IV,4
70.9,22,IV,4
71,22,IV,4
71.1,22,IV,4
71.2,22,IV,4
71.3,22,IV,4
71.4,22,IV,4
71.5,22,IV,4
71.6,22,IV,4
71.7,22,IV,4
71.8,22,IV,4
71.9,22,IV,4
72,22,IV,4
72.1,22,IV,4
72.2,22,IV,4
72.6,22,IV,4
72.7,22,IV,4
72.8,22,IV,4
72.9,22,IV,4
73,22,IV,4
73.1,22,IV,4
73.2,22,IV,4
73.3,22,IV,4
73.4,22,IV,4
73.5,22,III,3
73.6,22,III,3
73.7,22,III,3
73.8,22,III,3
73.9,22,III,3
74,22,III,3
74.1,22,III,3
74.2,22,III,3
74.3,22,III,3
74.4,22,III,3
74.5,22,III,3
74.6,22,III,3
74.7,22,III,3
74.8,22,III,3
74.9,22,III,3
75,22,III,3
75.1,22,III,3
75.2,22,III,3
75.3,22,III,3
75.4,22,III,3
75.5,22,III,3
75.6,22,III,3
75.7,22,III,3
75.8,22,III,3
75.9,22,III,3
76,22,III,3
76.1,22,III,3
76.2,22,III,3
76.3,22,III,3
76.4,22,III,3
76.5,22,III,3
76.6,22,III,3
76.7,22,III,3
76.8,22,III,3
76.9,22,III,3
77,22,III,3
77.1,22,III,3
77.2,22,III,3
77.3,22,III,3
77.4,22,III,3
77.5,22,III,3
77.6,22,III,3
77.7,22,III,3
77.8,22,III,3
77.9,22,III,3
78,22,III,3
78.1,22,III,3
78.2,22,III,3
78.3,22,III,3
78.4,22,III,3
78.5,22,III,3
78.6,22,III,3
78.7,22,III,3
78.8,22,III,3
78.9,22,III,3
79,22,III,3
79.1,22,III,3
79.2,22,III,3
79.3,22,III,3
79.4,22,III,3
79.5,22,III,3
79.6,22,III,3
79.7,22,III,3
79.8,22,III,3
79.9,22,III,3
80,22,III,3
80.1,22,II,2
80.2,22,II,2
80.3,22,II,2
80.4,22,II,2
80.5,22,II,2
80.6,22,II,2
80.7,22,II,2
80.8,22,II,2
80.9,22,II,2
81,22,II,2
81.1,22,II,2
81.2,22,II,2
81.3,22,II,2
81.4,22,II,2
81.5,22,II,2
81.6,22,II,2
81.7,22,II,2
81.8,22,II,2
81.9,22,II,2
82,22,II,2
82.1,22,II,2
82.2,22,II,2
82.3,22,II,2
82.4,22,II,2
82.5,22,II,2
82.6,22,II,2
82.7,22,II,2
82.8,22,II,2
82.9,22,II,2
83,22,II,2
83.1,22,II,2
83.2,22,II,2
83.3,22,II,2
83.4,22,II,2
83.5,22,II,2
83.6,22,II,2
83.7,22,II,2
83.8,22,II,2
83.9,22,II,2
84,22,II,2
84.1,22,II,2
84.2,22,II,2
84.3,22,II,2
84.4,22,II,2
84.5,22,II,2
84.6,22,II,2
84.7,22,II,2
84.8,22,III,3
84.9,22,III,3
85,22,III,3
85.1,22,III,3
85.2,22,III,3
85.3,22,III,3
85.4,22,III,3
85.5,22,III,3
85.6,22,III,3
85.7,22,III,3
85.8,22,III,3
85.9,22,III,3
86,22,III,3
86.1,22,III,3
86.2,22,III,3
86.3,22,III,3
86.4,22,III,3
86.5,22,III,3
86.6,22,III,3
86.7,22,III,3
86.8,22,III,3
86.9,22,III,3
87,22,III,3
87.1,22,III,3
87.2,22,III,3
87.3,22,III,3
87.4,22,IV,4
87.5,22,IV,4
87.6,22,IV,4
87.7,22,IV,4
87.8,22,IV,4
87.9,22,IV,4
88,22,IV,4
88.1,22,IV,4
88.2,22,IV,4
88.3,22,IV,4
88.4,22,IV,4
88.5,22,IV,4
88.6,22,IV,4
88.7,22,IV,4
88.8,22,IV,4
88.9,22,IV,4
89,22,IV,4
92.9,22,VI,6
93,22,VI,6
69.1,22.1,III,3
69.2,22.1,III,3
69.3,22.1,III,3
69.4,22.1,III,3
69.5,22.1,III,3
69.6,22.1,III,3
69.7,22.1,III,3
69.8,22.1,III,3
69.9,22.1,III,3
70,22.1,III,3
70.1,22.1,IV,4
70.2,22.1,IV,4
70.3,22.1,IV,4
70.4,22.1,IV,4
70.5,22.1,IV,4
70.6,22.1,IV,4
70.7,22.1,IV,4
70.8,22.1,IV,4
70.9,22.1,IV,4
71,22.1,IV,4
71.1,22.1,IV,4
71.2,22.1,IV,4
71.3,22.1,IV,4
71.4,22.1,IV,4
71.5,22.1,IV,4
71.6,22.1,IV,4
71.7,22.1,IV,4
71.8,22.1,IV,4
71.9,22.1,IV,4
72,22.1,IV,4
72.1,22.1,IV,4
72.2,22.1,IV,4
72.6,22.1,IV,4
72.7,22.1,IV,4
72.8,22.1,IV,4
72.9,22.1,IV,4
73,22.1,IV,4
73.1,22.1,IV,4
73.2,22.1,IV,4
73.3,22.1,IV,4
73.4,22.1,IV,4
73.5,22.1,III,3
73.6,22.1,III,3
73.7,22.1,III,3
73.8,22.1,III,3
73.9,22.1,III,3
74,22.1,III,3
74.1,22.1,III,3
74.2,22.1,III,3
74.3,22.1,III,3
74.4,22.1,III,3
74.5,22.1,III,3
74.6,22.1,III,3
74.7,22.1,III,3
74.8,22.1,III,3
74.9,22.1,III,3
75,22.1,III,3
75.1,22.1,III,3
75.2,22.1,III,3
75.3,22.1,III,3
75.4,22.1,III,3
75.5,22.1,III,3
75.6,22.1,III,3
75.7,22.1,III,3
75.8,22.1,III,3
75.9,22.1,III,3
76,22.1,III,3
76.1,22.1,III,3
76.2,22.1,III,3
76.3,22.1,III,3
76.4,22.1,III,3
76.5,22.1,III,3
76.6,22.1,III,3
76.7,22.1,III,3
76.8,22.1,III,3
76.9,22.1,III,3
77,22.1,III,3
77.1,22.1,III,3
77.2,22.1,III,3
77.3,22.1,III,3
77.4,22.1,III,3
77.5,22.1,III,3
77.6,22.1,III,3
77.7,22.1,III,3
77.8,22.1,III,3
77.9,22.1,III,3
78,22.1,III,3
78.1,22.1,III,3
78.2,22.1,III,3
78.3,22.1,III,3
78.4,22.1,III,3
78.5,22.1,III,3
78.6,22.1,III,3
78.7,22.1,III,3
78.8,22.1,III,3
78.9,22.1,III,3
79,22.1,III,3
79.1,22.1,III,3
79.2,22.1,III,3
79.3,22.1,III,3
79.4,22.1,III,3
79.5,22.1,III,3
79.6,22.1,III,3
79.7,22.1,III,3
79.8,22.1,III,3
79.9,22.1,III,3
80,22.1,III,3
80.1,22.1,III,3
80.2,22.1,II,2
80.3,22.1,II,2
80.4,22.1,II,2
80.5,22.1,II,2
80.6,22.1,II,2
80.7,22.1,II,2
80.8,22.1,II,2
80.9,22.1,II,2
81,22.1,II,2
81.1,22.1,II,2
81.2,22.1,II,2
81.3,22.1,II,2
81.4,22.1,II,2
81.5,22.1,II,2
81.6,22.1,II,2
81.7,22.1,II,2
81.8,22.1,II,2
81.9,22.1,II,2
82,22.1,II,2
82.1,22.1,II,2
82.2,22.1,II,2
82.3,22.1,II,2
82.4,22.1,II,2
82.5,22.1,II,2
82.6,22.1,II,2
82.7,22.1,II,2
82.8,22.1,II,2
82.9,22.1,II,2
83,22.1,II,2
83.1,22.1,II,2
83.2,22.1,II,2
83.3,22.1,II,2
83.4,22.1,II,2
83.5,22.1,II,2
83.6,22.1,II,2
83.7,22.1,II,2
83.8,22.1,II,2
83.9,22.1,II,2
84,22.1,II,2
84.1,22.1,II,2
84.2,22.1,II,2
84.3,22.1,II,2
84.4,22.1,II,2
84.5,22.1,II,2
84.6,22.1,II,2
84.7,22.1,II,2
84.8,22.1,III,3
84.9,22.1,III,3
85,22.1,III,3
85.1,22.1,III,3
85.2,22.1,III,3
85.3,22.1,III,3
85.4,22.1,III,3
85.5,22.1,III,3
85.6,22.1,III,3
85.7,22.1,III,3
85.8,22.1,III,3
85.9,22.1,III,3
86,22.1,III,3
86.1,22.1,III,3
86.2,22.1,III,3
86.3,22.1,III,3
86.4,22.1,III,3
86.5,22.1,III,3
86.6,22.1,III,3
86.7,22.1,III,3
86.8,22.1,III,3
86.9,22.1,III,3
87,22.1,III,3
87.1,22.1,III,3
87.2,22.1,III,3
87.3,22.1,IV,4
87.4,22.1,IV,4
87.5,22.1,IV,4
87.6,22.1,IV,4
87.7,22.1,IV,4
87.8,22.1,IV,4
87.9,22.1,IV,4
88,22.1,IV,4
88.1,22.1,IV,4
88.3,22.1,IV,4
88.4,22.1,IV,4
88.5,22.1,IV,4
88.6,22.1,IV,4
88.7,22.1,IV,4
88.9,22.1,IV,4
89,22.1,IV,4
92.6,22.1,III,3
92.9,22.1,VI,6
93,22.1,VI,6
69,22.2,III,3
69.1,22.2,III,3
69.2,22.2,III,3
69.3,22.2,III,3
69.4,22.2,III,3
69.5,22.2,III,3
69.6,22.2,III,3
69.7,22.2,III,3
69.8,22.2,III,3
69.9,22.2,IV,4
70,22.2,IV,4
70.1,22.2,IV,4
70.2,22.2,IV,4
70.3,22.2,IV,4
70.4,22.2,IV,4
70.5,22.2,IV,4
70.6,22.2,IV,4
70.7,22.2,IV,4
70.8,22.2,IV,4
70.9,22.2,IV,4
71,22.2,IV,4
71.1,22.2,IV,4
71.2,22.2,IV,4
71.3,22.2,IV,4
71.4,22.2,IV,4
71.5,22.2,IV,4
71.6,22.2,IV,4
71.7,22.2,IV,4
71.8,22.2,IV,4
71.9,22.2,IV,4
72,22.2,IV,4
72.1,22.2,IV,4
72.2,22.2,IV,4
72.3,22.2,IV,4
72.4,22.2,III,3
72.6,22.2,IV,4
72.8,22.2,IV,4
72.9,22.2,IV,4
73,22.2,IV,4
73.1,22.2,IV,4
73.2,22.2,IV,4
73.3,22.2,IV,4
73.4,22.2,IV,4
73.5,22.2,III,3
73.6,22.2,III,3
73.7,22.2,III,3
73.8,22.2,III,3
73.9,22.2,III,3
74,22.2,III,3
74.1,22.2,III,3
74.2,22.2,III,3
74.3,22.2,III,3
74.4,22.2,III,3
74.5,22.2,III,3
74.6,22.2,III,3
74.7,22.2,III,3
74.8,22.2,III,3
74.9,22.2,III,3
75,22.2,III,3
75.1,22.2,III,3
75.2,22.2,III,3
75.3,22.2,III,3
75.4,22.2,III,3
75.5,22.2,III,3
75.6,22.2,III,3
75.7,22.2,III,3
75.8,22.2,III,3
75.9,22.2,III,3
76,22.2,III,3
76.1,22.2,III,3
76.2,22.2,III,3
76.3,22.2,III,3
76.4,22.2,III,3
76.5,22.2,III,3
76.6,22.2,III,3
76.7,22.2,III,3
76.8,22.2,III,3
76.9,22.2,III,3
77,22.2,III,3
77.1,22.2,III,3
77.2,22.2,III,3
77.3,22.2,III,3
77.4,22.2,III,3
77.5,22.2,III,3
77.6,22.2,III,3
77.7,22.2,III,3
77.8,22.2,III,3
77.9,22.2,III,3
78,22.2,III,3
78.1,22.2,III,3
78.2,22.2,III,3
78.3,22.2,III,3
78.4,22.2,III,3
78.5,22.2,III,3
78.6,22.2,III,3
78.7,22.2,III,3
78.8,22.2,III,3
78.9,22.2,III,3
79,22.2,III,3
79.1,22.2,III,3
79.2,22.2,III,3
79.3,22.2,III,3
79.4,22.2,III,3
79.5,22.2,III,3
79.6,22.2,III,3
79.7,22.2,III,3
79.8,22.2,III,3
79.9,22.2,III,3
80,22.2,III,3
80.1,22.2,III,3
80.2,22.2,III,3
80.3,22.2,II,2
80.4,22.2,II,2
80.5,22.2,II,2
80.6,22.2,II,2
80.7,22.2,II,2
80.8,22.2,II,2
80.9,22.2,II,2
81,22.2,II,2
81.1,22.2,II,2
81.2,22.2,II,2
81.3,22.2,II,2
81.4,22.2,II,2
81.5,22.2,II,2
81.6,22.2,II,2
81.7,22.2,II,2
81.8,22.2,II,2
81.9,22.2,II,2
82,22.2,II,2
82.1,22.2,II,2
82.2,22.2,II,2
82.3,22.2,II,2
82.4,22.2,II,2
82.5,22.2,II,2
82.6,22.2,II,2
82.7,22.2,II,2
82.8,22.2,II,2
82.9,22.2,II,2
83,22.2,II,2
83.1,22.2,II,2
83.2,22.2,II,2
83.3,22.2,II,2
83.4,22.2,II,2
83.5,22.2,II,2
83.6,22.2,II,2
83.7,22.2,II,2
83.8,22.2,II,2
83.9,22.2,II,2
84,22.2,II,2
84.1,22.2,II,2
84.2,22.2,II,2
84.3,22.2,II,2
84.4,22.2,II,2
84.5,22.2,II,2
84.6,22.2,II,2
84.7,22.2,II,2
84.8,22.2,III,3
84.9,22.2,III,3
85,22.2,III,3
85.1,22.2,III,3
85.2,22.2,III,3
85.3,22.2,III,3
85.4,22.2,III,3
85.5,22.2,III,3
85.6,22.2,III,3
85.7,22.2,III,3
85.8,22.2,III,3
85.9,22.2,III,3
86,22.2,III,3
86.1,22.2,III,3
86.2,22.2,III,3
86.3,22.2,III,3
86.4,22.2,III,3
86.5,22.2,III,3
86.6,22.2,III,3
86.7,22.2,III,3
86.8,22.2,III,3
86.9,22.2,III,3
87,22.2,III,3
87.1,22.2,III,3
87.2,22.2,III,3
87.3,22.2,IV,4
87.4,22.2,IV,4
87.5,22.2,IV,4
87.6,22.2,IV,4
87.7,22.2,IV,4
87.8,22.2,IV,4
87.9,22.2,IV,4
88,22.2,IV,4
88.2,22.2,IV,4
88.3,22.2,IV,4
88.4,22.2,IV,4
88.5,22.2,IV,4
88.6,22.2,IV,4
88.7,22.2,IV,4
88.8,22.2,IV,4
88.9,22.2,IV,4
92.7,22.2,VI,6
92.8,22.2,VI,6
92.9,22.2,VI,6
93,22.2,VI,6
93.1,22.2,VI,6
69,22.3,III,3
69.1,22.3,III,3
69.4,22.3,III,3
69.5,22.3,III,3
69.6,22.3,III,3
69.7,22.3,III,3
69.8,22.3,IV,4
69.9,22.3,IV,4
70,22.3,IV,4
70.1,22.3,IV,4
70.2,22.3,IV,4
70.3,22.3,IV,4
70.4,22.3,IV,4
70.5,22.3,IV,4
70.6,22.3,IV,4
70.7,22.3,IV,4
70.8,22.3,IV,4
70.9,22.3,IV,4
71,22.3,IV,4
71.1,22.3,IV,4
71.2,22.3,IV,4
71.3,22.3,IV,4
71.4,22.3,IV,4
71.5,22.3,IV,4
71.6,22.3,IV,4
71.7,22.3,IV,4
71.8,22.3,IV,4
71.9,22.3,IV,4
72,22.3,IV,4
72.1,22.3,IV,4
72.2,22.3,IV,4
72.3,22.3,IV,4
72.5,22.3,IV,4
72.6,22.3,IV,4
72.7,22.3,IV,4
72.8,22.3,IV,4
72.9,22.3,IV,4
73,22.3,IV,4
73.1,22.3,IV,4
73.2,22.3,IV,4
73.3,22.3,IV,4
73.4,22.3,IV,4
73.5,22.3,III,3
73.6,22.3,III,3
73.7,22.3,III,3
73.8,22.3,III,3
73.9,22.3,III,3
74,22.3,III,3
74.1,22.3,III,3
74.2,22.3,III,3
74.3,22.3,III,3
74.4,22.3,III,3
74.5,22.3,III,3
74.6,22.3,III,3
74.7,22.3,III,3
74.8,22.3,III,3
74.9,22.3,III,3
75,22.3,III,3
75.1,22.3,III,3
75.2,22.3,III,3
75.3,22.3,III,3
75.4,22.3,III,3
75.5,22.3,III,3
75.6,22.3,III,3
75.7,22.3,III,3
75.8,22.3,III,3
75.9,22.3,III,3
76,22.3,III,3
76.1,22.3,III,3
76.2,22.3,III,3
76.3,22.3,III,3
76.4,22.3,III,3
76.5,22.3,III,3
76.6,22.3,III,3
76.7,22.3,III,3
76.8,22.3,III,3
76.9,22.3,III,3
77,22.3,III,3
77.1,22.3,III,3
77.2,22.3,III,3
77.3,22.3,III,3
77.4,22.3,III,3
77.5,22.3,III,3
77.6,22.3,III,3
77.7,22.3,III,3
77.8,22.3,III,3
77.9,22.3,III,3
78,22.3,III,3
78.1,22.3,III,3
78.2,22.3,III,3
78.3,22.3,III,3
78.4,22.3,III,3
78.5,22.3,III,3
78.6,22.3,III,3
78.7,22.3,III,3
78.8,22.3,III,3
78.9,22.3,III,3
79,22.3,III,3
79.1,22.3,III,3
79.2,22.3,III,3
79.3,22.3,III,3
79.4,22.3,III,3
79.5,22.3,III,3
79.6,22.3,III,3
79.7,22.3,III,3
79.8,22.3,III,3
79.9,22.3,III,3
80,22.3,III,3
80.1,22.3,III,3
80.2,22.3,III,3
80.3,22.3,II,2
80.4,22.3,II,2
80.5,22.3,II,2
80.6,22.3,II,2
80.7,22.3,II,2
80.8,22.3,II,2
80.9,22.3,II,2
81,22.3,II,2
81.1,22.3,II,2
81.2,22.3,II,2
81.3,22.3,II,2
81.4,22.3,II,2
81.5,22.3,II,2
81.6,22.3,II,2
81.7,22.3,II,2
81.8,22.3,II,2
81.9,22.3,II,2
82,22.3,II,2
82.1,22.3,II,2
82.2,22.3,II,2
82.3,22.3,II,2
82.4,22.3,II,2
82.5,22.3,II,2
82.6,22.3,II,2
82.7,22.3,II,2
82.8,22.3,II,2
82.9,22.3,II,2
83,22.3,II,2
83.1,22.3,II,2
83.2,22.3,II,2
83.3,22.3,II,2
83.4,22.3,II,2
83.5,22.3,II,2
83.6,22.3,II,2
83.7,22.3,II,2
83.8,22.3,II,2
83.9,22.3,II,2
84,22.3,II,2
84.1,22.3,II,2
84.2,22.3,II,2
84.3,22.3,II,2
84.4,22.3,II,2
84.5,22.3,II,2
84.6,22.3,II,2
84.7,22.3,II,2
84.8,22.3,III,3
84.9,22.3,III,3
85,22.3,III,3
85.1,22.3,III,3
85.2,22.3,III,3
85.3,22.3,III,3
85.4,22.3,III,3
85.5,22.3,III,3
85.6,22.3,III,3
85.7,22.3,III,3
85.8,22.3,III,3
85.9,22.3,III,3
86,22.3,III,3
86.1,22.3,III,3
86.2,22.3,III,3
86.3,22.3,III,3
86.4,22.3,III,3
86.5,22.3,III,3
86.6,22.3,III,3
86.7,22.3,III,3
86.8,22.3,III,3
86.9,22.3,III,3
87,22.3,III,3
87.1,22.3,III,3
87.2,22.3,III,3
87.3,22.3,IV,4
87.4,22.3,IV,4
87.5,22.3,IV,4
87.6,22.3,IV,4
87.7,22.3,IV,4
87.8,22.3,IV,4
87.9,22.3,IV,4
88,22.3,IV,4
88.2,22.3,IV,4
88.3,22.3,IV,4
88.4,22.3,IV,4
88.5,22.3,IV,4
88.6,22.3,IV,4
88.7,22.3,IV,4
88.8,22.3,IV,4
88.9,22.3,IV,4
89,22.3,IV,4
92.6,22.3,VI,6
92.7,22.3,VI,6
92.8,22.3,VI,6
92.9,22.3,VI,6
93,22.3,VI,6
93.1,22.3,VI,6
69,22.4,III,3
69.1,22.4,III,3
69.7,22.4,IV,4
69.8,22.4,IV,4
69.9,22.4,IV,4
70,22.4,IV,4
70.1,22.4,IV,4
70.2,22.4,IV,4
70.3,22.4,IV,4
70.4,22.4,IV,4
70.5,22.4,IV,4
70.6,22.4,IV,4
70.7,22.4,IV,4
70.8,22.4,IV,4
70.9,22.4,IV,4
71,22.4,IV,4
71.1,22.4,IV,4
71.2,22.4,IV,4
71.3,22.4,IV,4
71.4,22.4,IV,4
71.5,22.4,IV,4
71.6,22.4,IV,4
71.7,22.4,IV,4
71.8,22.4,IV,4
71.9,22.4,IV,4
72,22.4,IV,4
72.1,22.4,IV,4
72.2,22.4,IV,4
72.3,22.4,IV,4
72.4,22.4,IV,4
72.5,22.4,IV,4
72.6,22.4,IV,4
72.7,22.4,IV,4
72.8,22.4,IV,4
72.9,22.4,IV,4
73,22.4,IV,4
73.1,22.4,IV,4
73.2,22.4,IV,4
73.3,22.4,IV,4
73.4,22.4,III,3
73.5,22.4,III,3
73.6,22.4,III,3
73.7,22.4,III,3
73.8,22.4,III,3
73.9,22.4,III,3
74,22.4,III,3
74.1,22.4,III,3
74.2,22.4,III,3
74.3,22.4,III,3
74.4,22.4,III,3
74.5,22.4,III,3
74.6,22.4,III,3
74.7,22.4,III,3
74.8,22.4,III,3
74.9,22.4,III,3
75,22.4,III,3
75.1,22.4,III,3
75.2,22.4,III,3
75.3,22.4,III,3
75.4,22.4,III,3
75.5,22.4,III,3
75.6,22.4,III,3
75.7,22.4,III,3
75.8,22.4,III,3
75.9,22.4,III,3
76,22.4,III,3
76.1,22.4,III,3
76.2,22.4,III,3
76.3,22.4,III,3
76.4,22.4,III,3
76.5,22.4,III,3
76.6,22.4,III,3
76.7,22.4,III,3
76.8,22.4,III,3
76.9,22.4,III,3
77,22.4,III,3
77.1,22.4,III,3
77.2,22.4,III,3
77.3,22.4,III,3
77.4,22.4,III,3
77.5,22.4,III,3
77.6,22.4,III,3
77.7,22.4,III,3
77.8,22.4,III,3
77.9,22.4,III,3
78,22.4,III,3
78.1,22.4,III,3
78.2,22.4,III,3
78.3,22.4,III,3
78.4,22.4,III,3
78.5,22.4,III,3
78.6,22.4,III,3
78.7,22.4,III,3
78.8,22.4,III,3
78.9,22.4,III,3
79,22.4,III,3
79.1,22.4,III,3
79.2,22.4,III,3
79.3,22.4,III,3
79.4,22.4,III,3
79.5,22.4,III,3
79.6,22.4,III,3
79.7,22.4,III,3
79.8,22.4,III,3
79.9,22.4,III,3
80,22.4,III,3
80.1,22.4,III,3
80.2,22.4,III,3
80.3,22.4,III,3
80.4,22.4,II,2
80.5,22.4,II,2
80.6,22.4,II,2
80.7,22.4,II,2
80.8,22.4,II,2
80.9,22.4,II,2
81,22.4,II,2
81.1,22.4,II,2
81.2,22.4,II,2
81.3,22.4,II,2
81.4,22.4,II,2
81.5,22.4,II,2
81.6,22.4,II,2
81.7,22.4,II,2
81.8,22.4,II,2
81.9,22.4,II,2
82,22.4,II,2
82.1,22.4,II,2
82.2,22.4,II,2
82.3,22.4,II,2
82.4,22.4,II,2
82.5,22.4,II,2
82.6,22.4,II,2
82.7,22.4,II,2
82.8,22.4,II,2
82.9,22.4,II,2
83,22.4,II,2
83.1,22.4,II,2
83.2,22.4,II,2
83.3,22.4,II,2
83.4,22.4,II,2
83.5,22.4,II,2
83.6,22.4,II,2
83.7,22.4,II,2
83.8,22.4,II,2
83.9,22.4,II,2
84,22.4,II,2
84.1,22.4,II,2
84.2,22.4,II,2
84.3,22.4,II,2
84.4,22.4,II,2
84.5,22.4,II,2
84.6,22.4,II,2
84.7,22.4,II,2
84.8,22.4,III,3
84.9,22.4,III,3
85,22.4,III,3
85.1,22.4,III,3
85.2,22.4,III,3
85.3,22.4,III,3
85.4,22.4,III,3
85.5,22.4,III,3
85.6,22.4,III,3
85.7,22.4,III,3
85.8,22.4,III,3
85.9,22.4,III,3
86,22.4,III,3
86.1,22.4,III,3
86.2,22.4,III,3
86.3,22.4,III,3
86.4,22.4,III,3
86.5,22.4,III,3
86.6,22.4,III,3
86.7,22.4,III,3
86.8,22.4,III,3
86.9,22.4,III,3
87,22.4,III,3
87.1,22.4,III,3
87.2,22.4,IV,4
87.3,22.4,IV,4
87.4,22.4,IV,4
87.5,22.4,IV,4
87.6,22.4,IV,4
87.7,22.4,IV,4
87.8,22.4,IV,4
87.9,22.4,IV,4
88,22.4,IV,4
88.1,22.4,IV,4
88.2,22.4,IV,4
88.3,22.4,IV,4
88.4,22.4,IV,4
88.5,22.4,IV,4
88.6,22.4,IV,4
88.7,22.4,IV,4
88.8,22.4,IV,4
88.9,22.4,IV,4
92.6,22.4,VI,6
92.7,22.4,VI,6
92.8,22.4,VI,6
92.9,22.4,VI,6
93,22.4,VI,6
93.1,22.4,VI,6
70,22.5,IV,4
70.1,22.5,IV,4
70.2,22.5,IV,4
70.3,22.5,IV,4
70.4,22.5,IV,4
70.5,22.5,IV,4
70.6,22.5,IV,4
70.7,22.5,IV,4
70.8,22.5,IV,4
70.9,22.5,IV,4
71,22.5,IV,4
71.1,22.5,IV,4
71.2,22.5,IV,4
71.3,22.5,IV,4
71.4,22.5,IV,4
71.5,22.5,IV,4
71.6,22.5,IV,4
71.7,22.5,IV,4
71.8,22.5,IV,4
71.9,22.5,IV,4
72,22.5,IV,4
72.1,22.5,IV,4
72.2,22.5,IV,4
72.3,22.5,IV,4
72.4,22.5,IV,4
72.5,22.5,IV,4
72.6,22.5,IV,4
72.7,22.5,IV,4
72.8,22.5,IV,4
72.9,22.5,IV,4
73,22.5,IV,4
73.1,22.5,IV,4
73.2,22.5,IV,4
73.3,22.5,IV,4
73.4,22.5,III,3
73.5,22.5,III,3
73.6,22.5,III,3
73.7,22.5,III,3
73.8,22.5,III,3
73.9,22.5,III,3
74,22.5,III,3
74.1,22.5,III,3
74.2,22.5,III,3
74.3,22.5,III,3
74.4,22.5,III,3
74.5,22.5,III,3
74.6,22.5,III,3
74.7,22.5,III,3
74.8,22.5,III,3
74.9,22.5,III,3
75,22.5,III,3
75.1,22.5,III,3
75.2,22.5,III,3
75.3,22.5,III,3
75.4,22.5,III,3
75.5,22.5,III,3
75.6,22.5,III,3
75.7,22.5,III,3
75.8,22.5,III,3
75.9,22.5,III,3
76,22.5,III,3
76.1,22.5,III,3
76.2,22.5,III,3
76.3,22.5,III,3
76.4,22.5,III,3
76.5,22.5,III,3
76.6,22.5,III,3
76.7,22.5,III,3
76.8,22.5,III,3
76.9,22.5,III,3
77,22.5,III,3
77.1,22.5,III,3
77.2,22.5,III,3
77.3,22.5,III,3
77.4,22.5,III,3
77.5,22.5,III,3
77.6,22.5,III,3
77.7,22.5,III,3
77.8,22.5,III,3
77.9,22.5,III,3
78,22.5,III,3
78.1,22.5,III,3
78.2,22.5,III,3
78.3,22.5,III,3
78.4,22.5,III,3
78.5,22.5,III,3
78.6,22.5,III,3
78.7,22.5,III,3
78.8,22.5,III,3
78.9,22.5,III,3
79,22.5,III,3
79.1,22.5,III,3
79.2,22.5,III,3
79.3,22.5,III,3
79.4,22.5,III,3
79.5,22.5,III,3
79.6,22.5,III,3
79.7,22.5,III,3
79.8,22.5,III,3
79.9,22.5,III,3
80,22.5,III,3
80.1,22.5,III,3
80.2,22.5,III,3
80.3,22.5,III,3
80.4,22.5,III,3
80.5,22.5,II,2
80.6,22.5,II,2
80.7,22.5,II,2
80.8,22.5,II,2
80.9,22.5,II,2
81,22.5,II,2
81.1,22.5,II,2
81.2,22.5,II,2
81.3,22.5,II,2
81.4,22.5,II,2
81.5,22.5,II,2
81.6,22.5,II,2
81.7,22.5,II,2
81.8,22.5,II,2
81.9,22.5,II,2
82,22.5,II,2
82.1,22.5,II,2
82.2,22.5,II,2
82.3,22.5,II,2
82.4,22.5,II,2
82.5,22.5,II,2
82.6,22.5,II,2
82.7,22.5,II,2
82.8,22.5,II,2
82.9,22.5,II,2
83,22.5,II,2
83.1,22.5,II,2
83.2,22.5,II,2
83.3,22.5,II,2
83.4,22.5,II,2
83.5,22.5,II,2
83.6,22.5,II,2
83.7,22.5,II,2
83.8,22.5,II,2
83.9,22.5,II,2
84,22.5,II,2
84.1,22.5,II,2
84.2,22.5,II,2
84.3,22.5,II,2
84.4,22.5,II,2
84.5,22.5,II,2
84.6,22.5,II,2
84.7,22.5,II,2
84.8,22.5,III,3
84.9,22.5,III,3
85,22.5,III,3
85.1,22.5,III,3
85.2,22.5,III,3
85.3,22.5,III,3
85.4,22.5,III,3
85.5,22.5,III,3
85.6,22.5,III,3
85.7,22.5,III,3
85.8,22.5,III,3
85.9,22.5,III,3
86,22.5,III,3
86.1,22.5,III,3
86.2,22.5,III,3
86.3,22.5,III,3
86.4,22.5,III,3
86.5,22.5,III,3
86.6,22.5,III,3
86.7,22.5,III,3
86.8,22.5,III,3
86.9,22.5,III,3
87,22.5,III,3
87.1,22.5,III,3
87.2,22.5,IV,4
87.3,22.5,IV,4
87.4,22.5,IV,4
87.5,22.5,IV,4
87.6,22.5,IV,4
87.7,22.5,IV,4
87.8,22.5,IV,4
87.9,22.5,IV,4
88,22.5,IV,4
88.1,22.5,IV,4
88.2,22.5,IV,4
88.3,22.5,IV,4
88.4,22.5,IV,4
88.5,22.5,IV,4
88.6,22.5,IV,4
88.7,22.5,IV,4
88.8,22.5,IV,4
92.6,22.5,VI,6
92.7,22.5,VI,6
92.8,22.5,VI,6
92.9,22.5,VI,6
93,22.5,VI,6
93.1,22.5,VI,6
70.2,22.6,V,5
70.3,22.6,V,5
70.4,22.6,V,5
70.5,22.6,V,5
70.6,22.6,V,5
70.7,22.6,V,5
70.8,22.6,IV,4
70.9,22.6,IV,4
71,22.6,IV,4
71.1,22.6,IV,4
71.2,22.6,IV,4
71.3,22.6,IV,4
71.4,22.6,IV,4
71.5,22.6,IV,4
71.6,22.6,IV,4
71.7,22.6,IV,4
71.8,22.6,IV,4
71.9,22.6,IV,4
72,22.6,IV,4
72.1,22.6,IV,4
72.2,22.6,IV,4
72.3,22.6,IV,4
72.4,22.6,IV,4
72.5,22.6,IV,4
72.6,22.6,IV,4
72.7,22.6,IV,4
72.8,22.6,IV,4
72.9,22.6,IV,4
73,22.6,IV,4
73.1,22.6,IV,4
73.2,22.6,IV,4
73.3,22.6,III,3
73.4,22.6,III,3
73.5,22.6,III,3
73.6,22.6,III,3
73.7,22.6,III,3
73.8,22.6,III,3
73.9,22.6,III,3
74,22.6,III,3
74.1,22.6,III,3
74.2,22.6,III,3
74.3,22.6,II,2
74.4,22.6,II,2
74.5,22.6,II,2
74.6,22.6,II,2
74.7,22.6,II,2
74.8,22.6,II,2
74.9,22.6,II,2
75,22.6,II,2
75.1,22.6,II,2
75.2,22.6,II,2
75.3,22.6,II,2
75.4,22.6,II,2
75.5,22.6,II,2
75.6,22.6,II,2
75.7,22.6,II,2
75.8,22.6,II,2
75.9,22.6,II,2
76,22.6,II,2
76.1,22.6,II,2
76.2,22.6,II,2
76.3,22.6,II,2
76.4,22.6,II,2
76.5,22.6,III,3
76.6,22.6,III,3
76.7,22.6,III,3
76.8,22.6,III,3
76.9,22.6,III,3
77,22.6,III,3
77.1,22.6,III,3
77.2,22.6,III,3
77.3,22.6,III,3
77.4,22.6,III,3
77.5,22.6,III,3
77.6,22.6,III,3
77.7,22.6,III,3
77.8,22.6,III,3
77.9,22.6,III,3
78,22.6,III,3
78.1,22.6,III,3
78.2,22.6,III,3
78.3,22.6,III,3
78.4,22.6,III,3
78.5,22.6,III,3
78.6,22.6,III,3
78.7,22.6,III,3
78.8,22.6,III,3
78.9,22.6,III,3
79,22.6,III,3
79.1,22.6,III,3
79.2,22.6,III,3
79.3,22.6,III,3
79.4,22.6,III,3
79.5,22.6,III,3
79.6,22.6,III,3
79.7,22.6,III,3
79.8,22.6,III,3
79.9,22.6,III,3
80,22.6,III,3
80.1,22.6,III,3
80.2,22.6,III,3
80.3,22.6,III,3
80.4,22.6,III,3
80.5,22.6,III,3
80.6,22.6,II,2
80.7,22.6,II,2
80.8,22.6,II,2
80.9,22.6,II,2
81,22.6,II,2
81.1,22.6,II,2
81.2,22.6,II,2
81.3,22.6,II,2
81.4,22.6,II,2
81.5,22.6,II,2
81.6,22.6,II,2
81.7,22.6,II,2
81.8,22.6,II,2
81.9,22.6,II,2
82,22.6,II,2
82.1,22.6,II,2
82.2,22.6,II,2
82.3,22.6,II,2
82.4,22.6,II,2
82.5,22.6,II,2
82.6,22.6,II,2
82.7,22.6,II,2
82.8,22.6,II,2
82.9,22.6,II,2
83,22.6,II,2
83.1,22.6,II,2
83.2,22.6,II,2
83.3,22.6,II,2
83.4,22.6,II,2
83.5,22.6,II,2
83.6,22.6,II,2
83.7,22.6,II,2
83.8,22.6,II,2
83.9,22.6,II,2
84,22.6,II,2
84.1,22.6,II,2
84.2,22.6,II,2
84.3,22.6,II,2
84.4,22.6,II,2
84.5,22.6,II,2
84.6,22.6,II,2
84.7,22.6,II,2
84.8,22.6,III,3
84.9,22.6,III,3
85,22.6,III,3
85.1,22.6,III,3
85.2,22.6,III,3
85.3,22.6,III,3
85.4,22.6,III,3
85.5,22.6,III,3
85.6,22.6,III,3
85.7,22.6,III,3
85.8,22.6,III,3
85.9,22.6,III,3
86,22.6,III,3
86.1,22.6,III,3
86.2,22.6,III,3
86.3,22.6,III,3
86.4,22.6,III,3
86.5,22.6,III,3
86.6,22.6,III,3
86.7,22.6,III,3
86.8,22.6,III,3
86.9,22.6,III,3
87,22.6,III,3
87.1,22.6,III,3
87.2,22.6,IV,4
87.3,22.6,IV,4
87.4,22.6,IV,4
87.5,22.6,IV,4
87.6,22.6,IV,4
87.7,22.6,IV,4
87.8,22.6,IV,4
87.9,22.6,IV,4
88,22.6,IV,4
88.1,22.6,IV,4
88.2,22.6,IV,4
88.3,22.6,IV,4
88.4,22.6,IV,4
88.5,22.6,IV,4
88.6,22.6,IV,4
88.7,22.6,IV,4
88.8,22.6,IV,4
88.9,22.6,IV,4
92.6,22.6,VI,6
92.7,22.6,VI,6
92.8,22.6,VI,6
92.9,22.6,VI,6
93,22.6,VI,6
93.1,22.6,III,3
70.3,22.7,V,5
70.4,22.7,V,5
70.5,22.7,V,5
70.6,22.7,V,5
70.7,22.7,V,5
70.8,22.7,V,5
70.9,22.7,V,5
71,22.7,V,5
71.1,22.7,V,5
71.2,22.7,IV,4
71.3,22.7,IV,4
71.4,22.7,IV,4
71.5,22.7,IV,4
71.6,22.7,IV,4
71.7,22.7,IV,4
71.8,22.7,IV,4
71.9,22.7,IV,4
72,22.7,IV,4
72.1,22.7,IV,4
72.2,22.7,IV,4
72.3,22.7,IV,4
72.4,22.7,IV,4
72.5,22.7,IV,4
72.6,22.7,IV,4
72.7,22.7,IV,4
72.8,22.7,IV,4
72.9,22.7,IV,4
73,22.7,IV,4
73.1,22.7,IV,4
73.2,22.7,III,3
73.3,22.7,III,3
73.4,22.7,III,3
73.5,22.7,III,3
73.6,22.7,III,3
73.7,22.7,III,3
73.8,22.7,III,3
73.9,22.7,II,2
74,22.7,II,2
74.1,22.7,II,2
74.2,22.7,II,2
74.3,22.7,II,2
74.4,22.7,II,2
74.5,22.7,II,2
74.6,22.7,II,2
74.7,22.7,II,2
74.8,22.7,II,2
74.9,22.7,II,2
75,22.7,II,2
75.1,22.7,II,2
75.2,22.7,II,2
75.3,22.7,II,2
75.4,22.7,II,2
75.5,22.7,II,2
75.6,22.7,II,2
75.7,22.7,II,2
75.8,22.7,II,2
75.9,22.7,II,2
76,22.7,II,2
76.1,22.7,II,2
76.2,22.7,II,2
76.3,22.7,II,2
76.4,22.7,II,2
76.5,22.7,II,2
76.6,22.7,II,2
76.7,22.7,II,2
76.8,22.7,II,2
76.9,22.7,II,2
77,22.7,II,2
77.1,22.7,II,2
77.2,22.7,II,2
77.3,22.7,II,2
77.4,22.7,III,3
77.5,22.7,III,3
77.6,22.7,III,3
77.7,22.7,III,3
77.8,22.7,III,3
77.9,22.7,III,3
78,22.7,III,3
78.1,22.7,III,3
78.2,22.7,III,3
78.3,22.7,III,3
78.4,22.7,III,3
78.5,22.7,III,3
78.6,22.7,III,3
78.7,22.7,III,3
78.8,22.7,III,3
78.9,22.7,III,3
79,22.7,III,3
79.1,22.7,III,3
79.2,22.7,III,3
79.3,22.7,III,3
79.4,22.7,III,3
79.5,22.7,III,3
79.6,22.7,III,3
79.7,22.7,III,3
79.8,22.7,III,3
79.9,22.7,III,3
80,22.7,III,3
80.1,22.7,III,3
80.2,22.7,III,3
80.3,22.7,III,3
80.4,22.7,III,3
80.5,22.7,III,3
80.6,22.7,III,3
80.7,22.7,III,3
80.8,22.7,II,2
80.9,22.7,II,2
81,22.7,II,2
81.1,22.7,II,2
81.2,22.7,II,2
81.3,22.7,II,2
81.4,22.7,II,2
81.5,22.7,II,2
81.6,22.7,II,2
81.7,22.7,II,2
81.8,22.7,II,2
81.9,22.7,II,2
82,22.7,II,2
82.1,22.7,II,2
82.2,22.7,II,2
82.3,22.7,II,2
82.4,22.7,II,2
82.5,22.7,II,2
82.6,22.7,III,3
82.7,22.7,III,3
82.8,22.7,III,3
82.9,22.7,III,3
83,22.7,II,2
83.1,22.7,II,2
83.2,22.7,II,2
83.3,22.7,II,2
83.4,22.7,II,2
83.5,22.7,II,2
83.6,22.7,II,2
83.7,22.7,II,2
83.8,22.7,II,2
83.9,22.7,II,2
84,22.7,II,2
84.1,22.7,II,2
84.2,22.7,II,2
84.3,22.7,II,2
84.4,22.7,II,2
84.5,22.7,II,2
84.6,22.7,II,2
84.7,22.7,II,2
84.8,22.7,III,3
84.9,22.7,III,3
85,22.7,III,3
85.1,22.7,III,3
85.2,22.7,III,3
85.3,22.7,III,3
85.4,22.7,III,3
85.5,22.7,III,3
85.6,22.7,III,3
85.7,22.7,III,3
85.8,22.7,III,3
85.9,22.7,III,3
86,22.7,III,3
86.1,22.7,III,3
86.2,22.7,III,3
86.3,22.7,III,3
86.4,22.7,III,3
86.5,22.7,III,3
86.6,22.7,III,3
86.7,22.7,III,3
86.8,22.7,III,3
86.9,22.7,III,3
87,22.7,III,3
87.1,22.7,IV,4
87.2,22.7,IV,4
87.3,22.7,IV,4
87.4,22.7,IV,4
87.5,22.7,IV,4
87.6,22.7,IV,4
87.7,22.7,IV,4
87.8,22.7,IV,4
87.9,22.7,IV,4
88,22.7,IV,4
88.1,22.7,IV,4
88.2,22.7,IV,4
88.3,22.7,IV,4
88.4,22.7,IV,4
88.5,22.7,IV,4
88.6,22.7,IV,4
88.7,22.7,IV,4
88.8,22.7,IV,4
88.9,22.7,IV,4
92.6,22.7,VI,6
92.7,22.7,VI,6
92.8,22.7,VI,6
92.9,22.7,VI,6
93,22.7,VI,6
69.5,22.8,VI,6
69.6,22.8,VI,6
69.7,22.8,VI,6
70.4,22.8,V,5
70.5,22.8,V,5
70.6,22.8,V,5
70.7,22.8,V,5
70.8,22.8,V,5
70.9,22.8,V,5
71,22.8,V,5
71.1,22.8,V,5
71.2,22.8,V,5
71.3,22.8,V,5
71.4,22.8,V,5
71.5,22.8,IV,4
71.6,22.8,IV,4
71.7,22.8,IV,4
71.8,22.8,IV,4
71.9,22.8,IV,4
72,22.8,IV,4
72.1,22.8,IV,4
72.2,22.8,IV,4
72.3,22.8,IV,4
72.4,22.8,IV,4
72.5,22.8,IV,4
72.6,22.8,IV,4
72.7,22.8,IV,4
72.8,22.8,IV,4
72.9,22.8,IV,4
73,22.8,IV,4
73.1,22.8,IV,4
73.2,22.8,III,3
73.3,22.8,III,3
73.4,22.8,III,3
73.5,22.8,III,3
73.6,22.8,III,3
73.7,22.8,II,2
73.8,22.8,II,2
73.9,22.8,II,2
74,22.8,II,2
74.1,22.8,II,2
74.2,22.8,II,2
74.3,22.8,II,2
74.4,22.8,II,2
74.5,22.8,II,2
74.6,22.8,II,2
74.7,22.8,II,2
74.8,22.8,II,2
74.9,22.8,II,2
75,22.8,II,2
75.1,22.8,II,2
75.2,22.8,II,2
75.3,22.8,II,2
75.4,22.8,II,2
75.5,22.8,II,2
75.6,22.8,II,2
75.7,22.8,II,2
75.8,22.8,II,2
75.9,22.8,II,2
76,22.8,II,2
76.1,22.8,II,2
76.2,22.8,II,2
76.3,22.8,II,2
76.4,22.8,II,2
76.5,22.8,II,2
76.6,22.8,II,2
76.7,22.8,II,2
76.8,22.8,II,2
76.9,22.8,II,2
77,22.8,II,2
77.1,22.8,II,2
77.2,22.8,II,2
77.3,22.8,II,2
77.4,22.8,II,2
77.5,22.8,II,2
77.6,22.8,II,2
77.7,22.8,II,2
77.8,22.8,III,3
77.9,22.8,III,3
78,22.8,III,3
78.1,22.8,III,3
78.2,22.8,III,3
78.3,22.8,III,3
78.4,22.8,III,3
78.5,22.8,III,3
78.6,22.8,III,3
78.7,22.8,III,3
78.8,22.8,III,3
78.9,22.8,III,3
79,22.8,III,3
79.1,22.8,III,3
79.2,22.8,III,3
79.3,22.8,III,3
79.4,22.8,III,3
79.5,22.8,III,3
79.6,22.8,III,3
79.7,22.8,III,3
79.8,22.8,III,3
79.9,22.8,III,3
80,22.8,III,3
80.1,22.8,III,3
80.2,22.8,III,3
80.3,22.8,III,3
80.4,22.8,III,3
80.5,22.8,III,3
80.6,22.8,III,3
80.7,22.8,III,3
80.8,22.8,III,3
80.9,22.8,III,3
81,22.8,II,2
81.1,22.8,II,2
81.2,22.8,II,2
81.3,22.8,II,2
81.4,22.8,II,2
81.5,22.8,II,2
81.6,22.8,II,2
81.7,22.8,II,2
81.8,22.8,III,3
81.9,22.8,III,3
82,22.8,III,3
82.1,22.8,III,3
82.2,22.8,III,3
82.3,22.8,III,3
82.4,22.8,III,3
82.5,22.8,III,3
82.6,22.8,III,3
82.7,22.8,III,3
82.8,22.8,III,3
82.9,22.8,III,3
83,22.8,III,3
83.1,22.8,III,3
83.2,22.8,III,3
83.3,22.8,III,3
83.4,22.8,II,2
83.5,22.8,II,2
83.6,22.8,II,2
83.7,22.8,II,2
83.8,22.8,II,2
83.9,22.8,II,2
84,22.8,II,2
84.1,22.8,II,2
84.2,22.8,II,2
84.3,22.8,II,2
84.4,22.8,II,2
84.5,22.8,II,2
84.6,22.8,II,2
84.7,22.8,II,2
84.8,22.8,III,3
84.9,22.8,III,3
85,22.8,III,3
85.1,22.8,III,3
85.2,22.8,III,3
85.3,22.8,III,3
85.4,22.8,III,3
85.5,22.8,III,3
85.6,22.8,III,3
85.7,22.8,III,3
85.8,22.8,III,3
85.9,22.8,III,3
86,22.8,III,3
86.1,22.8,III,3
86.2,22.8,III,3
86.3,22.8,III,3
86.4,22.8,III,3
86.5,22.8,III,3
86.6,22.8,III,3
86.7,22.8,III,3
86.8,22.8,III,3
86.9,22.8,III,3
87,22.8,III,3
87.1,22.8,IV,4
87.2,22.8,IV,4
87.3,22.8,IV,4
87.4,22.8,IV,4
87.5,22.8,IV,4
87.6,22.8,IV,4
87.7,22.8,IV,4
87.8,22.8,IV,4
87.9,22.8,IV,4
88,22.8,IV,4
88.1,22.8,IV,4
88.2,22.8,IV,4
88.3,22.8,IV,4
88.4,22.8,IV,4
88.5,22.8,IV,4
88.6,22.8,IV,4
88.7,22.8,IV,4
88.8,22.8,IV,4
88.9,22.8,IV,4
92.5,22.8,VI,6
92.6,22.8,VI,6
92.7,22.8,VI,6
92.8,22.8,VI,6
92.9,22.8,VI,6
93,22.8,VI,6
69.1,22.9,VI,6
69.2,22.9,VI,6
69.3,22.9,VI,6
69.4,22.9,VI,6
69.5,22.9,VI,6
69.6,22.9,VI,6
69.7,22.9,VI,6
69.8,22.9,VI,6
69.9,22.9,VI,6
70.4,22.9,V,5
70.5,22.9,V,5
70.6,22.9,V,5
70.7,22.9,V,5
70.8,22.9,V,5
70.9,22.9,V,5
71,22.9,V,5
71.1,22.9,V,5
71.2,22.9,V,5
71.3,22.9,V,5
71.4,22.9,V,5
71.5,22.9,V,5
71.6,22.9,V,5
71.7,22.9,IV,4
71.8,22.9,IV,4
71.9,22.9,IV,4
72,22.9,IV,4
72.1,22.9,IV,4
72.2,22.9,IV,4
72.3,22.9,IV,4
72.4,22.9,IV,4
72.5,22.9,IV,4
72.6,22.9,IV,4
72.7,22.9,IV,4
72.8,22.9,IV,4
72.9,22.9,IV,4
73,22.9,IV,4
73.1,22.9,IV,4
73.2,22.9,III,3
73.3,22.9,III,3
73.4,22.9,III,3
73.5,22.9,III,3
73.6,22.9,II,2
73.7,22.9,II,2
73.8,22.9,II,2
73.9,22.9,II,2
74,22.9,II,2
74.1,22.9,II,2
74.2,22.9,II,2
74.3,22.9,II,2
74.4,22.9,II,2
74.5,22.9,II,2
74.6,22.9,II,2
74.7,22.9,II,2
74.8,22.9,II,2
74.9,22.9,II,2
75,22.9,II,2
75.1,22.9,II,2
75.2,22.9,II,2
75.3,22.9,II,2
75.4,22.9,II,2
75.5,22.9,II,2
75.6,22.9,II,2
75.7,22.9,II,2
75.8,22.9,II,2
75.9,22.9,II,2
76,22.9,II,2
76.1,22.9,II,2
76.2,22.9,II,2
76.3,22.9,II,2
76.4,22.9,II,2
76.5,22.9,II,2
76.6,22.9,II,2
76.7,22.9,II,2
76.8,22.9,II,2
76.9,22.9,II,2
77,22.9,II,2
77.1,22.9,II,2
77.2,22.9,II,2
77.3,22.9,II,2
77.4,22.9,II,2
77.5,22.9,II,2
77.6,22.9,II,2
77.7,22.9,II,2
77.8,22.9,II,2
77.9,22.9,II,2
78,22.9,III,3
78.1,22.9,III,3
78.2,22.9,III,3
78.3,22.9,III,3
78.4,22.9,III,3
78.5,22.9,III,3
78.6,22.9,III,3
78.7,22.9,III,3
78.8,22.9,III,3
78.9,22.9,III,3
79,22.9,III,3
79.1,22.9,III,3
79.2,22.9,III,3
79.3,22.9,III,3
79.4,22.9,III,3
79.5,22.9,III,3
79.6,22.9,III,3
79.7,22.9,III,3
79.8,22.9,III,3
79.9,22.9,III,3
80,22.9,III,3
80.1,22.9,III,3
80.2,22.9,III,3
80.3,22.9,III,3
80.4,22.9,III,3
80.5,22.9,III,3
80.6,22.9,III,3
80.7,22.9,III,3
80.8,22.9,III,3
80.9,22.9,III,3
81,22.9,III,3
81.1,22.9,III,3
81.2,22.9,III,3
81.3,22.9,III,3
81.4,22.9,III,3
81.5,22.9,III,3
81.6,22.9,III,3
81.7,22.9,III,3
81.8,22.9,III,3
81.9,22.9,III,3
82,22.9,III,3
82.1,22.9,III,3
82.2,22.9,III,3
82.3,22.9,III,3
82.4,22.9,III,3
82.5,22.9,III,3
82.6,22.9,III,3
82.7,22.9,III,3
82.8,22.9,III,3
82.9,22.9,III,3
83,22.9,III,3
83.1,22.9,III,3
83.2,22.9,III,3
83.3,22.9,III,3
83.4,22.9,III,3
83.5,22.9,II,2
83.6,22.9,II,2
83.7,22.9,II,2
83.8,22.9,II,2
83.9,22.9,II,2
84,22.9,II,2
84.1,22.9,II,2
84.2,22.9,II,2
84.3,22.9,II,2
84.4,22.9,II,2
84.5,22.9,II,2
84.6,22.9,II,2
84.7,22.9,II,2
84.8,22.9,III,3
84.9,22.9,III,3
85,22.9,III,3
85.1,22.9,III,3
85.2,22.9,III,3
85.3,22.9,III,3
85.4,22.9,III,3
85.5,22.9,III,3
85.6,22.9,III,3
85.7,22.9,III,3
85.8,22.9,III,3
85.9,22.9,III,3
86,22.9,III,3
86.1,22.9,III,3
86.2,22.9,III,3
86.3,22.9,III,3
86.4,22.9,III,3
86.5,22.9,III,3
86.6,22.9,III,3
86.7,22.9,III,3
86.8,22.9,III,3
86.9,22.9,III,3
87,22.9,IV,4
87.1,22.9,IV,4
87.2,22.9,IV,4
87.3,22.9,IV,4
87.4,22.9,IV,4
87.5,22.9,IV,4
87.6,22.9,IV,4
87.7,22.9,IV,4
87.8,22.9,IV,4
87.9,22.9,IV,4
88,22.9,IV,4
88.1,22.9,IV,4
88.2,22.9,IV,4
88.3,22.9,IV,4
88.4,22.9,IV,4
88.5,22.9,IV,4
88.6,22.9,IV,4
88.7,22.9,IV,4
88.8,22.9,IV,4
88.9,22.9,IV,4
92.5,22.9,VI,6
92.6,22.9,VI,6
92.7,22.9,VI,6
92.8,22.9,VI,6
92.9,22.9,VI,6
93,22.9,VI,6
93.1,22.9,VI,6
69,23,VI,6
69.1,23,VI,6
69.2,23,VI,6
69.3,23,VI,6
69.4,23,VI,6
69.5,23,VI,6
69.6,23,VI,6
69.7,23,VI,6
69.8,23,VI,6
69.9,23,VI,6
70,23,VI,6
70.1,23,VI,6
70.2,23,VI,6
70.3,23,VI,6
70.5,23,V,5
70.6,23,V,5
70.7,23,V,5
70.8,23,V,5
70.9,23,V,5
71,23,V,5
71.1,23,V,5
71.2,23,V,5
71.3,23,V,5
71.4,23,V,5
71.5,23,V,5
71.6,23,V,5
71.7,23,V,5
71.8,23,IV,4
71.9,23,IV,4
72,23,IV,4
72.1,23,IV,4
72.2,23,IV,4
72.3,23,IV,4
72.4,23,IV,4
72.5,23,IV,4
72.6,23,IV,4
72.7,23,IV,4
72.8,23,IV,4
72.9,23,IV,4
73,23,IV,4
73.1,23,III,3
73.2,23,III,3
73.3,23,III,3
73.4,23,III,3
73.5,23,II,2
73.6,23,II,2
73.7,23,II,2
73.8,23,II,2
73.9,23,II,2
74,23,II,2
74.1,23,II,2
74.2,23,II,2
74.3,23,II,2
74.4,23,II,2
74.5,23,II,2
74.6,23,II,2
74.7,23,II,2
74.8,23,II,2
74.9,23,II,2
75,23,II,2
75.1,23,II,2
75.2,23,II,2
75.3,23,II,2
75.4,23,II,2
75.5,23,II,2
75.6,23,II,2
75.7,23,II,2
75.8,23,II,2
75.9,23,II,2
76,23,II,2
76.1,23,II,2
76.2,23,II,2
76.3,23,II,2
76.4,23,II,2
76.5,23,II,2
76.6,23,II,2
76.7,23,II,2
76.8,23,II,2
76.9,23,II,2
77,23,II,2
77.1,23,II,2
77.2,23,II,2
77.3,23,II,2
77.4,23,II,2
77.5,23,II,2
77.6,23,II,2
77.7,23,II,2
77.8,23,II,2
77.9,23,II,2
78,23,II,2
78.1,23,II,2
78.2,23,II,2
78.3,23,III,3
78.4,23,III,3
78.5,23,III,3
78.6,23,III,3
78.7,23,III,3
78.8,23,III,3
78.9,23,III,3
79,23,III,3
79.1,23,III,3
79.2,23,III,3
79.3,23,III,3
79.4,23,III,3
79.5,23,III,3
79.6,23,III,3
79.7,23,III,3
79.8,23,III,3
79.9,23,III,3
80,23,III,3
80.1,23,III,3
80.2,23,III,3
80.3,23,III,3
80.4,23,III,3
80.5,23,III,3
80.6,23,III,3
80.7,23,III,3
80.8,23,III,3
80.9,23,III,3
81,23,III,3
81.1,23,III,3
81.2,23,III,3
81.3,23,III,3
81.4,23,III,3
81.5,23,III,3
81.6,23,III,3
81.7,23,III,3
81.8,23,III,3
81.9,23,III,3
82,23,III,3
82.1,23,III,3
82.2,23,III,3
82.3,23,III,3
82.4,23,III,3
82.5,23,III,3
82.6,23,III,3
82.7,23,III,3
82.8,23,III,3
82.9,23,III,3
83,23,III,3
83.1,23,III,3
83.2,23,III,3
83.3,23,III,3
83.4,23,III,3
83.5,23,III,3
83.6,23,III,3
83.7,23,II,2
83.8,23,II,2
83.9,23,II,2
84,23,II,2
84.1,23,II,2
84.2,23,II,2
84.3,23,II,2
84.4,23,II,2
84.5,23,II,2
84.6,23,II,2
84.7,23,II,2
84.8,23,III,3
84.9,23,III,3
85,23,III,3
85.1,23,III,3
85.2,23,III,3
85.3,23,III,3
85.4,23,III,3
85.5,23,III,3
85.6,23,III,3
85.7,23,III,3
85.8,23,III,3
85.9,23,III,3
86,23,III,3
86.1,23,III,3
86.2,23,III,3
86.3,23,III,3
86.4,23,III,3
86.5,23,III,3
86.6,23,III,3
86.7,23,III,3
86.8,23,III,3
86.9,23,III,3
87,23,IV,4
87.1,23,IV,4
87.2,23,IV,4
87.3,23,IV,4
87.4,23,IV,4
87.5,23,IV,4
87.6,23,IV,4
87.7,23,IV,4
87.8,23,IV,4
87.9,23,IV,4
88,23,IV,4
88.1,23,IV,4
88.2,23,IV,4
88.3,23,IV,4
88.4,23,IV,4
88.5,23,IV,4
88.6,23,IV,4
88.7,23,IV,4
88.8,23,IV,4
91.6,23,VI,6
91.7,23,VI,6
92.4,23,VI,6
92.5,23,VI,6
92.6,23,VI,6
92.7,23,VI,6
92.8,23,VI,6
92.9,23,VI,6
93,23,VI,6
93.1,23,VI,6
68.8,23.1,VI,6
68.9,23.1,VI,6
69,23.1,VI,6
69.1,23.1,VI,6
69.2,23.1,VI,6
69.3,23.1,VI,6
69.4,23.1,VI,6
69.5,23.1,VI,6
69.6,23.1,VI,6
69.7,23.1,VI,6
69.8,23.1,VI,6
69.9,23.1,VI,6
70,23.1,VI,6
70.1,23.1,VI,6
70.2,23.1,VI,6
70.3,23.1,VI,6
70.4,23.1,VI,6
70.5,23.1,VI,6
70.6,23.1,VI,6
70.7,23.1,VI,6
70.8,23.1,VI,6
70.9,23.1,VI,6
71,23.1,VI,6
71.1,23.1,V,5
71.2,23.1,V,5
71.3,23.1,V,5
71.4,23.1,V,5
71.5,23.1,V,5
71.6,23.1,V,5
71.7,23.1,V,5
71.8,23.1,IV,4
71.9,23.1,IV,4
72,23.1,IV,4
72.1,23.1,IV,4
72.2,23.1,IV,4
72.3,23.1,IV,4
72.4,23.1,IV,4
72.5,23.1,IV,4
72.6,23.1,IV,4
72.7,23.1,IV,4
72.8,23.1,IV,4
72.9,23.1,IV,4
73,23.1,IV,4
73.1,23.1,III,3
73.2,23.1,III,3
73.3,23.1,III,3
73.4,23.1,III,3
73.5,23.1,II,2
73.6,23.1,II,2
73.7,23.1,II,2
73.8,23.1,II,2
73.9,23.1,II,2
74,23.1,II,2
74.1,23.1,II,2
74.2,23.1,II,2
74.3,23.1,II,2
74.4,23.1,II,2
74.5,23.1,II,2
74.6,23.1,II,2
74.7,23.1,II,2
74.8,23.1,II,2
74.9,23.1,II,2
75,23.1,II,2
75.1,23.1,II,2
75.2,23.1,II,2
75.3,23.1,II,2
75.4,23.1,II,2
75.5,23.1,II,2
75.6,23.1,II,2
75.7,23.1,II,2
75.8,23.1,II,2
75.9,23.1,II,2
76,23.1,II,2
76.1,23.1,II,2
76.2,23.1,II,2
76.3,23.1,II,2
76.4,23.1,II,2
76.5,23.1,II,2
76.6,23.1,II,2
76.7,23.1,II,2
76.8,23.1,II,2
76.9,23.1,II,2
77,23.1,II,2
77.1,23.1,II,2
77.2,23.1,II,2
77.3,23.1,II,2
77.4,23.1,II,2
77.5,23.1,II,2
77.6,23.1,II,2
77.7,23.1,II,2
77.8,23.1,II,2
77.9,23.1,II,2
78,23.1,II,2
78.1,23.1,II,2
78.2,23.1,II,2
78.3,23.1,II,2
78.4,23.1,II,2
78.5,23.1,III,3
78.6,23.1,III,3
78.7,23.1,III,3
78.8,23.1,III,3
78.9,23.1,III,3
79,23.1,III,3
79.1,23.1,III,3
79.2,23.1,III,3
79.3,23.1,III,3
79.4,23.1,III,3
79.5,23.1,III,3
79.6,23.1,III,3
79.7,23.1,III,3
79.8,23.1,III,3
79.9,23.1,III,3
80,23.1,III,3
80.1,23.1,III,3
80.2,23.1,III,3
80.3,23.1,III,3
80.4,23.1,III,3
80.5,23.1,III,3
80.6,23.1,III,3
80.7,23.1,III,3
80.8,23.1,III,3
80.9,23.1,III,3
81,23.1,III,3
81.1,23.1,III,3
81.2,23.1,III,3
81.3,23.1,III,3
81.4,23.1,III,3
81.5,23.1,III,3
81.6,23.1,III,3
81.7,23.1,III,3
81.8,23.1,III,3
81.9,23.1,III,3
82,23.1,III,3
82.1,23.1,III,3
82.2,23.1,III,3
82.3,23.1,III,3
82.4,23.1,III,3
82.5,23.1,III,3
82.6,23.1,III,3
82.7,23.1,III,3
82.8,23.1,III,3
82.9,23.1,III,3
83,23.1,III,3
83.1,23.1,III,3
83.2,23.1,III,3
83.3,23.1,III,3
83.4,23.1,III,3
83.5,23.1,III,3
83.6,23.1,III,3
83.7,23.1,II,2
83.8,23.1,II,2
83.9,23.1,II,2
84,23.1,II,2
84.1,23.1,II,2
84.2,23.1,II,2
84.3,23.1,II,2
84.4,23.1,II,2
84.5,23.1,II,2
84.6,23.1,II,2
84.7,23.1,II,2
84.8,23.1,II,2
84.9,23.1,III,3
85,23.1,III,3
85.1,23.1,III,3
85.2,23.1,III,3
85.3,23.1,III,3
85.4,23.1,III,3
85.5,23.1,III,3
85.6,23.1,III,3
85.7,23.1,III,3
85.8,23.1,III,3
85.9,23.1,III,3
86,23.1,III,3
86.1,23.1,III,3
86.2,23.1,III,3
86.3,23.1,III,3
86.4,23.1,III,3
86.5,23.1,III,3
86.6,23.1,III,3
86.7,23.1,III,3
86.8,23.1,III,3
86.9,23.1,III,3
87,23.1,IV,4
87.1,23.1,IV,4
87.2,23.1,IV,4
87.3,23.1,IV,4
87.4,23.1,IV,4
87.5,23.1,IV,4
87.6,23.1,IV,4
87.7,23.1,IV,4
87.8,23.1,IV,4
87.9,23.1,IV,4
88,23.1,IV,4
88.1,23.1,IV,4
88.2,23.1,IV,4
88.3,23.1,IV,4
88.4,23.1,IV,4
88.5,23.1,IV,4
88.6,23.1,V,5
88.7,23.1,V,5
88.8,23.1,V,5
91.4,23.1,VI,6
91.6,23.1,VI,6
91.7,23.1,VI,6
91.8,23.1,VI,6
92.4,23.1,VI,6
92.5,23.1,VI,6
92.6,23.1,VI,6
92.7,23.1,VI,6
92.8,23.1,VI,6
92.9,23.1,VI,6
93,23.1,VI,6
93.1,23.1,VI,6
93.2,23.1,VI,6
93.3,23.1,VI,6
68.7,23.2,VI,6
68.8,23.2,VI,6
68.9,23.2,VI,6
69,23.2,VI,6
69.1,23.2,VI,6
69.2,23.2,VI,6
69.3,23.2,VI,6
69.4,23.2,VI,6
69.5,23.2,VI,6
69.6,23.2,VI,6
69.7,23.2,VI,6
69.8,23.2,VI,6
69.9,23.2,VI,6
70,23.2,VI,6
70.1,23.2,VI,6
70.2,23.2,VI,6
70.3,23.2,VI,6
70.4,23.2,VI,6
70.5,23.2,VI,6
70.6,23.2,VI,6
70.7,23.2,VI,6
70.8,23.2,VI,6
70.9,23.2,VI,6
71,23.2,VI,6
71.1,23.2,VI,6
71.2,23.2,VI,6
71.3,23.2,V,5
71.4,23.2,V,5
71.5,23.2,V,5
71.6,23.2,V,5
71.7,23.2,V,5
71.8,23.2,V,5
71.9,23.2,IV,4
72,23.2,IV,4
72.1,23.2,IV,4
72.2,23.2,IV,4
72.3,23.2,IV,4
72.4,23.2,IV,4
72.5,23.2,IV,4
72.6,23.2,IV,4
72.7,23.2,IV,4
72.8,23.2,IV,4
72.9,23.2,IV,4
73,23.2,IV,4
73.1,23.2,III,3
73.2,23.2,III,3
73.3,23.2,III,3
73.4,23.2,II,2
73.5,23.2,II,2
73.6,23.2,II,2
73.7,23.2,II,2
73.8,23.2,II,2
73.9,23.2,II,2
74,23.2,II,2
74.1,23.2,II,2
74.2,23.2,II,2
74.3,23.2,II,2
74.4,23.2,II,2
74.5,23.2,II,2
74.6,23.2,II,2
74.7,23.2,II,2
74.8,23.2,II,2
74.9,23.2,II,2
75,23.2,II,2
75.1,23.2,II,2
75.2,23.2,II,2
75.3,23.2,II,2
75.4,23.2,II,2
75.5,23.2,II,2
75.6,23.2,II,2
75.7,23.2,II,2
75.8,23.2,II,2
75.9,23.2,II,2
76,23.2,II,2
76.1,23.2,II,2
76.2,23.2,II,2
76.3,23.2,II,2
76.4,23.2,II,2
76.5,23.2,II,2
76.6,23.2,II,2
76.7,23.2,II,2
76.8,23.2,II,2
76.9,23.2,II,2
77,23.2,II,2
77.1,23.2,II,2
77.2,23.2,II,2
77.3,23.2,II,2
77.4,23.2,II,2
77.5,23.2,II,2
77.6,23.2,II,2
77.7,23.2,II,2
77.8,23.2,II,2
77.9,23.2,II,2
78,23.2,II,2
78.1,23.2,II,2
78.2,23.2,II,2
78.3,23.2,II,2
78.4,23.2,II,2
78.5,23.2,II,2
78.6,23.2,II,2
78.7,23.2,III,3
78.8,23.2,III,3
78.9,23.2,III,3
79,23.2,III,3
79.1,23.2,III,3
79.2,23.2,III,3
79.3,23.2,III,3
79.4,23.2,III,3
79.5,23.2,III,3
79.6,23.2,III,3
79.7,23.2,III,3
79.8,23.2,III,3
79.9,23.2,III,3
80,23.2,III,3
80.1,23.2,III,3
80.2,23.2,III,3
80.3,23.2,III,3
80.4,23.2,III,3
80.5,23.2,III,3
80.6,23.2,III,3
80.7,23.2,III,3
80.8,23.2,III,3
80.9,23.2,III,3
81,23.2,III,3
81.1,23.2,III,3
81.2,23.2,III,3
81.3,23.2,III,3
81.4,23.2,III,3
81.5,23.2,III,3
81.6,23.2,III,3
81.7,23.2,III,3
81.8,23.2,III,3
81.9,23.2,III,3
82,23.2,III,3
82.1,23.2,III,3
82.2,23.2,III,3
82.3,23.2,III,3
82.4,23.2,III,3
82.5,23.2,III,3
82.6,23.2,III,3
82.7,23.2,III,3
82.8,23.2,III,3
82.9,23.2,III,3
83,23.2,III,3
83.1,23.2,III,3
83.2,23.2,III,3
83.3,23.2,III,3
83.4,23.2,III,3
83.5,23.2,III,3
83.6,23.2,III,3
83.7,23.2,III,3
83.8,23.2,II,2
83.9,23.2,II,2
84,23.2,II,2
84.1,23.2,II,2
84.2,23.2,II,2
84.3,23.2,II,2
84.4,23.2,II,2
84.5,23.2,II,2
84.6,23.2,II,2
84.7,23.2,II,2
84.8,23.2,II,2
84.9,23.2,III,3
85,23.2,III,3
85.1,23.2,III,3
85.2,23.2,III,3
85.3,23.2,III,3
85.4,23.2,III,3
85.5,23.2,III,3
85.6,23.2,III,3
85.7,23.2,III,3
85.8,23.2,III,3
85.9,23.2,III,3
86,23.2,III,3
86.1,23.2,III,3
86.2,23.2,III,3
86.3,23.2,III,3
86.4,23.2,III,3
86.5,23.2,III,3
86.6,23.2,III,3
86.7,23.2,III,3
86.8,23.2,III,3
86.9,23.2,IV,4
87,23.2,IV,4
87.1,23.2,IV,4
87.2,23.2,IV,4
87.3,23.2,IV,4
87.4,23.2,IV,4
87.5,23.2,IV,4
87.6,23.2,IV,4
87.7,23.2,IV,4
87.8,23.2,IV,4
87.9,23.2,IV,4
88,23.2,IV,4
88.1,23.2,IV,4
88.2,23.2,IV,4
88.3,23.2,IV,4
88.4,23.2,V,5
88.5,23.2,V,5
88.6,23.2,V,5
88.7,23.2,V,5
88.8,23.2,V,5
88.9,23.2,V,5
91.5,23.2,VI,6
91.6,23.2,VI,6
91.7,23.2,VI,6
92.4,23.2,VI,6
92.5,23.2,VI,6
92.6,23.2,VI,6
92.7,23.2,VI,6
92.8,23.2,VI,6
92.9,23.2,VI,6
93,23.2,VI,6
93.1,23.2,VI,6
93.2,23.2,VI,6
93.3,23.2,VI,6
68.7,23.3,VI,6
68.8,23.3,VI,6
68.9,23.3,VI,6
69,23.3,VI,6
69.1,23.3,VI,6
69.2,23.3,VI,6
69.3,23.3,VI,6
69.4,23.3,VI,6
69.5,23.3,VI,6
69.6,23.3,VI,6
69.7,23.3,VI,6
69.8,23.3,VI,6
69.9,23.3,VI,6
70,23.3,VI,6
70.1,23.3,VI,6
70.2,23.3,VI,6
70.3,23.3,VI,6
70.4,23.3,VI,6
70.5,23.3,VI,6
70.6,23.3,VI,6
70.7,23.3,VI,6
70.8,23.3,VI,6
70.9,23.3,VI,6
71,23.3,VI,6
71.1,23.3,VI,6
71.2,23.3,VI,6
71.3,23.3,VI,6
71.4,23.3,V,5
71.5,23.3,V,5
71.6,23.3,V,5
71.7,23.3,V,5
71.8,23.3,V,5
71.9,23.3,IV,4
72,23.3,IV,4
72.1,23.3,IV,4
72.2,23.3,IV,4
72.3,23.3,IV,4
72.4,23.3,IV,4
72.5,23.3,IV,4
72.6,23.3,IV,4
72.7,23.3,IV,4
72.8,23.3,IV,4
72.9,23.3,IV,4
73,23.3,IV,4
73.1,23.3,III,3
73.2,23.3,III,3
73.3,23.3,III,3
73.4,23.3,II,2
73.5,23.3,II,2
73.6,23.3,II,2
73.7,23.3,II,2
73.8,23.3,II,2
73.9,23.3,II,2
74,23.3,II,2
74.1,23.3,II,2
74.2,23.3,II,2
74.3,23.3,II,2
74.4,23.3,II,2
74.5,23.3,II,2
74.6,23.3,II,2
74.7,23.3,II,2
74.8,23.3,II,2
74.9,23.3,II,2
75,23.3,II,2
75.1,23.3,II,2
75.2,23.3,II,2
75.3,23.3,II,2
75.4,23.3,II,2
75.5,23.3,II,2
75.6,23.3,II,2
75.7,23.3,II,2
75.8,23.3,II,2
75.9,23.3,II,2
76,23.3,II,2
76.1,23.3,II,2
76.2,23.3,II,2
76.3,23.3,II,2
76.4,23.3,II,2
76.5,23.3,II,2
76.6,23.3,II,2
76.7,23.3,II,2
76.8,23.3,II,2
76.9,23.3,II,2
77,23.3,II,2
77.1,23.3,II,2
77.2,23.3,II,2
77.3,23.3,II,2
77.4,23.3,II,2
77.5,23.3,II,2
77.6,23.3,II,2
77.7,23.3,II,2
77.8,23.3,II,2
77.9,23.3,II,2
78,23.3,II,2
78.1,23.3,II,2
78.2,23.3,II,2
78.3,23.3,II,2
78.4,23.3,II,2
78.5,23.3,II,2
78.6,23.3,II,2
78.7,23.3,II,2
78.8,23.3,III,3
78.9,23.3,III,3
79,23.3,III,3
79.1,23.3,III,3
79.2,23.3,III,3
79.3,23.3,III,3
79.4,23.3,III,3
79.5,23.3,III,3
79.6,23.3,III,3
79.7,23.3,III,3
79.8,23.3,III,3
79.9,23.3,III,3
80,23.3,III,3
80.1,23.3,III,3
80.2,23.3,III,3
80.3,23.3,III,3
80.4,23.3,III,3
80.5,23.3,III,3
80.6,23.3,III,3
80.7,23.3,III,3
80.8,23.3,III,3
80.9,23.3,III,3
81,23.3,III,3
81.1,23.3,III,3
81.2,23.3,III,3
81.3,23.3,III,3
81.4,23.3,III,3
81.5,23.3,III,3
81.6,23.3,III,3
81.7,23.3,III,3
81.8,23.3,III,3
81.9,23.3,III,3
82,23.3,III,3
82.1,23.3,III,3
82.2,23.3,III,3
82.3,23.3,III,3
82.4,23.3,III,3
82.5,23.3,III,3
82.6,23.3,III,3
82.7,23.3,III,3
82.8,23.3,III,3
82.9,23.3,III,3
83,23.3,III,3
83.1,23.3,III,3
83.2,23.3,III,3
83.3,23.3,III,3
83.4,23.3,III,3
83.5,23.3,III,3
83.6,23.3,III,3
83.7,23.3,III,3
83.8,23.3,II,2
83.9,23.3,II,2
84,23.3,II,2
84.1,23.3,II,2
84.2,23.3,II,2
84.3,23.3,II,2
84.4,23.3,II,2
84.5,23.3,II,2
84.6,23.3,II,2
84.7,23.3,II,2
84.8,23.3,II,2
84.9,23.3,II,2
85,23.3,III,3
85.1,23.3,III,3
85.2,23.3,III,3
85.3,23.3,III,3
85.4,23.3,III,3
85.5,23.3,III,3
85.6,23.3,III,3
85.7,23.3,III,3
85.8,23.3,III,3
85.9,23.3,III,3
86,23.3,III,3
86.1,23.3,III,3
86.2,23.3,III,3
86.3,23.3,III,3
86.4,23.3,III,3
86.5,23.3,III,3
86.6,23.3,III,3
86.7,23.3,III,3
86.8,23.3,III,3
86.9,23.3,IV,4
87,23.3,IV,4
87.1,23.3,IV,4
87.2,23.3,IV,4
87.3,23.3,IV,4
87.4,23.3,IV,4
87.5,23.3,IV,4
87.6,23.3,IV,4
87.7,23.3,IV,4
87.8,23.3,IV,4
87.9,23.3,IV,4
88,23.3,IV,4
88.1,23.3,IV,4
88.2,23.3,IV,4
88.3,23.3,V,5
88.4,23.3,V,5
88.5,23.3,V,5
88.6,23.3,V,5
88.7,23.3,V,5
91.4,23.3,VI,6
91.5,23.3,VI,6
91.6,23.3,VI,6
91.7,23.3,VI,6
92.4,23.3,VI,6
92.5,23.3,VI,6
92.6,23.3,VI,6
92.7,23.3,VI,6
92.8,23.3,VI,6
92.9,23.3,VI,6
93,23.3,VI,6
93.1,23.3,VI,6
93.2,23.3,VI,6
93.3,23.3,VI,6
68.6,23.4,VI,6
68.7,23.4,VI,6
68.8,23.4,VI,6
68.9,23.4,VI,6
69,23.4,VI,6
69.1,23.4,VI,6
69.2,23.4,VI,6
69.3,23.4,VI,6
69.4,23.4,VI,6
69.5,23.4,VI,6
69.6,23.4,VI,6
69.7,23.4,VI,6
69.8,23.4,VI,6
69.9,23.4,VI,6
70,23.4,VI,6
70.1,23.4,VI,6
70.2,23.4,VI,6
70.3,23.4,VI,6
70.4,23.4,VI,6
70.5,23.4,VI,6
70.6,23.4,VI,6
70.7,23.4,VI,6
70.8,23.4,VI,6
70.9,23.4,VI,6
71,23.4,VI,6
71.1,23.4,VI,6
71.2,23.4,VI,6
71.3,23.4,VI,6
71.4,23.4,V,5
71.5,23.4,V,5
71.6,23.4,V,5
71.7,23.4,V,5
71.8,23.4,V,5
71.9,23.4,V,5
72,23.4,IV,4
72.1,23.4,IV,4
72.2,23.4,IV,4
72.3,23.4,IV,4
72.4,23.4,IV,4
72.5,23.4,IV,4
72.6,23.4,IV,4
72.7,23.4,IV,4
72.8,23.4,IV,4
72.9,23.4,IV,4
73,23.4,III,3
73.1,23.4,III,3
73.2,23.4,III,3
73.3,23.4,II,2
73.4,23.4,II,2
73.5,23.4,II,2
73.6,23.4,II,2
73.7,23.4,II,2
73.8,23.4,II,2
73.9,23.4,II,2
74,23.4,II,2
74.1,23.4,II,2
74.2,23.4,II,2
74.3,23.4,II,2
74.4,23.4,II,2
74.5,23.4,II,2
74.6,23.4,II,2
74.7,23.4,II,2
74.8,23.4,II,2
74.9,23.4,II,2
75,23.4,II,2
75.1,23.4,II,2
75.2,23.4,II,2
75.3,23.4,II,2
75.4,23.4,II,2
75.5,23.4,II,2
75.6,23.4,II,2
75.7,23.4,II,2
75.8,23.4,II,2
75.9,23.4,II,2
76,23.4,II,2
76.1,23.4,II,2
76.2,23.4,II,2
76.3,23.4,II,2
76.4,23.4,II,2
76.5,23.4,II,2
76.6,23.4,II,2
76.7,23.4,II,2
76.8,23.4,II,2
76.9,23.4,II,2
77,23.4,II,2
77.1,23.4,II,2
77.2,23.4,II,2
77.3,23.4,II,2
77.4,23.4,II,2
77.5,23.4,II,2
77.6,23.4,II,2
77.7,23.4,II,2
77.8,23.4,II,2
77.9,23.4,II,2
78,23.4,II,2
78.1,23.4,II,2
78.2,23.4,II,2
78.3,23.4,II,2
78.4,23.4,II,2
78.5,23.4,II,2
78.6,23.4,II,2
78.7,23.4,II,2
78.8,23.4,II,2
78.9,23.4,II,2
79,23.4,III,3
79.1,23.4,III,3
79.2,23.4,III,3
79.3,23.4,III,3
79.4,23.4,III,3
79.5,23.4,III,3
79.6,23.4,III,3
79.7,23.4,III,3
79.8,23.4,III,3
79.9,23.4,III,3
80,23.4,III,3
80.1,23.4,III,3
80.2,23.4,III,3
80.3,23.4,III,3
80.4,23.4,III,3
80.5,23.4,III,3
80.6,23.4,III,3
80.7,23.4,III,3
80.8,23.4,III,3
80.9,23.4,III,3
81,23.4,III,3
81.1,23.4,III,3
81.2,23.4,III,3
81.3,23.4,III,3
81.4,23.4,III,3
81.5,23.4,III,3
81.6,23.4,III,3
81.7,23.4,III,3
81.8,23.4,III,3
81.9,23.4,III,3
82,23.4,III,3
82.1,23.4,III,3
82.2,23.4,III,3
82.3,23.4,III,3
82.4,23.4,III,3
82.5,23.4,III,3
82.6,23.4,III,3
82.7,23.4,III,3
82.8,23.4,III,3
82.9,23.4,III,3
83,23.4,III,3
83.1,23.4,III,3
83.2,23.4,III,3
83.3,23.4,III,3
83.4,23.4,III,3
83.5,23.4,III,3
83.6,23.4,III,3
83.7,23.4,III,3
83.8,23.4,III,3
83.9,23.4,II,2
84,23.4,II,2
84.1,23.4,II,2
84.2,23.4,II,2
84.3,23.4,II,2
84.4,23.4,II,2
84.5,23.4,II,2
84.6,23.4,II,2
84.7,23.4,II,2
84.8,23.4,II,2
84.9,23.4,II,2
85,23.4,III,3
85.1,23.4,III,3
85.2,23.4,III,3
85.3,23.4,III,3
85.4,23.4,III,3
85.5,23.4,III,3
85.6,23.4,III,3
85.7,23.4,III,3
85.8,23.4,III,3
85.9,23.4,III,3
86,23.4,III,3
86.1,23.4,III,3
86.2,23.4,III,3
86.3,23.4,III,3
86.4,23.4,III,3
86.5,23.4,III,3
86.6,23.4,III,3
86.7,23.4,III,3
86.8,23.4,III,3
86.9,23.4,IV,4
87,23.4,IV,4
87.1,23.4,IV,4
87.2,23.4,IV,4
87.3,23.4,IV,4
87.4,23.4,IV,4
87.5,23.4,IV,4
87.6,23.4,IV,4
87.7,23.4,IV,4
87.8,23.4,IV,4
87.9,23.4,IV,4
88,23.4,IV,4
88.1,23.4,IV,4
88.2,23.4,V,5
88.3,23.4,V,5
88.4,23.4,V,5
88.5,23.4,V,5
88.6,23.4,V,5
88.7,23.4,V,5
91.3,23.4,VI,6
91.4,23.4,VI,6
91.5,23.4,VI,6
91.6,23.4,VI,6
91.7,23.4,VI,6
91.8,23.4,VI,6
92.4,23.4,VI,6
92.5,23.4,VI,6
92.6,23.4,VI,6
92.7,23.4,VI,6
92.8,23.4,VI,6
92.9,23.4,VI,6
93,23.4,VI,6
93.1,23.4,VI,6
93.2,23.4,VI,6
93.3,23.4,VI,6
93.4,23.4,VI,6
68.5,23.5,VI,6
68.6,23.5,VI,6
68.7,23.5,VI,6
68.8,23.5,VI,6
68.9,23.5,VI,6
69,23.5,VI,6
69.1,23.5,VI,6
69.2,23.5,VI,6
69.3,23.5,VI,6
69.4,23.5,VI,6
69.5,23.5,VI,6
69.6,23.5,VI,6
69.7,23.5,VI,6
69.8,23.5,VI,6
69.9,23.5,VI,6
70,23.5,VI,6
70.1,23.5,VI,6
70.2,23.5,VI,6
70.3,23.5,VI,6
70.4,23.5,VI,6
70.5,23.5,VI,6
70.6,23.5,VI,6
70.7,23.5,VI,6
70.8,23.5,VI,6
70.9,23.5,VI,6
71,23.5,VI,6
71.1,23.5,VI,6
71.2,23.5,VI,6
71.3,23.5,VI,6
71.4,23.5,VI,6
71.5,23.5,V,5
71.6,23.5,V,5
71.7,23.5,V,5
71.8,23.5,V,5
71.9,23.5,V,5
72,23.5,IV,4
72.1,23.5,IV,4
72.2,23.5,IV,4
72.3,23.5,IV,4
72.4,23.5,IV,4
72.5,23.5,IV,4
72.6,23.5,IV,4
72.7,23.5,IV,4
72.8,23.5,IV,4
72.9,23.5,IV,4
73,23.5,III,3
73.1,23.5,III,3
73.2,23.5,III,3
73.3,23.5,II,2
73.4,23.5,II,2
73.5,23.5,II,2
73.6,23.5,II,2
73.7,23.5,II,2
73.8,23.5,II,2
73.9,23.5,II,2
74,23.5,II,2
74.1,23.5,II,2
74.2,23.5,II,2
74.3,23.5,II,2
74.4,23.5,II,2
74.5,23.5,II,2
74.6,23.5,II,2
74.7,23.5,II,2
74.8,23.5,II,2
74.9,23.5,II,2
75,23.5,II,2
75.1,23.5,II,2
75.2,23.5,II,2
75.3,23.5,II,2
75.4,23.5,II,2
75.5,23.5,II,2
75.6,23.5,II,2
75.7,23.5,II,2
75.8,23.5,II,2
75.9,23.5,II,2
76,23.5,II,2
76.1,23.5,II,2
76.2,23.5,II,2
76.3,23.5,II,2
76.4,23.5,II,2
76.5,23.5,II,2
76.6,23.5,II,2
76.7,23.5,II,2
76.8,23.5,II,2
76.9,23.5,II,2
77,23.5,II,2
77.1,23.5,II,2
77.2,23.5,II,2
77.3,23.5,II,2
77.4,23.5,II,2
77.5,23.5,II,2
77.6,23.5,II,2
77.7,23.5,II,2
77.8,23.5,II,2
77.9,23.5,II,2
78,23.5,II,2
78.1,23.5,II,2
78.2,23.5,II,2
78.3,23.5,II,2
78.4,23.5,II,2
78.5,23.5,II,2
78.6,23.5,II,2
78.7,23.5,II,2
78.8,23.5,II,2
78.9,23.5,II,2
79,23.5,II,2
79.1,23.5,II,2
79.2,23.5,III,3
79.3,23.5,III,3
79.4,23.5,III,3
79.5,23.5,III,3
79.6,23.5,III,3
79.7,23.5,III,3
79.8,23.5,III,3
79.9,23.5,III,3
80,23.5,III,3
80.1,23.5,III,3
80.2,23.5,III,3
80.3,23.5,III,3
80.4,23.5,III,3
80.5,23.5,III,3
80.6,23.5,III,3
80.7,23.5,III,3
80.8,23.5,III,3
80.9,23.5,III,3
81,23.5,III,3
81.1,23.5,III,3
81.2,23.5,III,3
81.3,23.5,III,3
81.4,23.5,III,3
81.5,23.5,III,3
81.6,23.5,III,3
81.7,23.5,III,3
81.8,23.5,III,3
81.9,23.5,III,3
82,23.5,III,3
82.1,23.5,III,3
82.2,23.5,III,3
82.3,23.5,III,3
82.4,23.5,III,3
82.5,23.5,IV,4
82.6,23.5,IV,4
82.7,23.5,IV,4
82.8,23.5,IV,4
82.9,23.5,IV,4
83,23.5,IV,4
83.1,23.5,III,3
83.2,23.5,III,3
83.3,23.5,III,3
83.4,23.5,III,3
83.5,23.5,III,3
83.6,23.5,III,3
83.7,23.5,III,3
83.8,23.5,III,3
83.9,23.5,II,2
84,23.5,II,2
84.1,23.5,II,2
84.2,23.5,II,2
84.3,23.5,II,2
84.4,23.5,II,2
84.5,23.5,II,2
84.6,23.5,II,2
84.7,23.5,II,2
84.8,23.5,II,2
84.9,23.5,II,2
85,23.5,II,2
85.1,23.5,II,2
85.2,23.5,III,3
85.3,23.5,III,3
85.4,23.5,III,3
85.5,23.5,III,3
85.6,23.5,III,3
85.7,23.5,III,3
85.8,23.5,III,3
85.9,23.5,III,3
86,23.5,III,3
86.1,23.5,III,3
86.2,23.5,III,3
86.3,23.5,III,3
86.4,23.5,III,3
86.5,23.5,III,3
86.6,23.5,III,3
86.7,23.5,III,3
86.8,23.5,III,3
86.9,23.5,IV,4
87,23.5,IV,4
87.1,23.5,IV,4
87.2,23.5,IV,4
87.3,23.5,IV,4
87.4,23.5,IV,4
87.5,23.5,IV,4
87.6,23.5,IV,4
87.7,23.5,IV,4
87.8,23.5,IV,4
87.9,23.5,IV,4
88,23.5,IV,4
88.1,23.5,IV,4
88.2,23.5,V,5
88.3,23.5,V,5
88.4,23.5,V,5
88.5,23.5,V,5
88.6,23.5,V,5
88.7,23.5,V,5
91.3,23.5,VI,6
91.4,23.5,VI,6
91.5,23.5,VI,6
91.6,23.5,VI,6
91.7,23.5,VI,6
91.8,23.5,VI,6
91.9,23.5,VI,6
92.4,23.5,VI,6
92.5,23.5,VI,6
92.6,23.5,VI,6
92.7,23.5,VI,6
92.8,23.5,VI,6
92.9,23.5,VI,6
93,23.5,VI,6
93.1,23.5,VI,6
93.2,23.5,VI,6
93.3,23.5,VI,6
93.4,23.5,VI,6
68.2,23.6,VI,6
68.3,23.6,VI,6
68.5,23.6,VI,6
68.6,23.6,VI,6
68.7,23.6,VI,6
68.8,23.6,VI,6
68.9,23.6,VI,6
69,23.6,VI,6
69.1,23.6,VI,6
69.2,23.6,VI,6
69.3,23.6,VI,6
69.4,23.6,VI,6
69.5,23.6,VI,6
69.6,23.6,VI,6
69.7,23.6,VI,6
69.8,23.6,VI,6
69.9,23.6,VI,6
70,23.6,VI,6
70.1,23.6,VI,6
70.2,23.6,VI,6
70.3,23.6,VI,6
70.4,23.6,VI,6
70.5,23.6,VI,6
70.6,23.6,VI,6
70.7,23.6,VI,6
70.8,23.6,VI,6
70.9,23.6,VI,6
71,23.6,VI,6
71.1,23.6,VI,6
71.2,23.6,VI,6
71.3,23.6,VI,6
71.4,23.6,VI,6
71.5,23.6,V,5
71.6,23.6,V,5
71.7,23.6,V,5
71.8,23.6,V,5
71.9,23.6,V,5
72,23.6,IV,4
72.1,23.6,IV,4
72.2,23.6,IV,4
72.3,23.6,IV,4
72.4,23.6,IV,4
72.5,23.6,IV,4
72.6,23.6,IV,4
72.7,23.6,IV,4
72.8,23.6,IV,4
72.9,23.6,IV,4
73,23.6,III,3
73.1,23.6,III,3
73.2,23.6,III,3
73.3,23.6,II,2
73.4,23.6,II,2
73.5,23.6,II,2
73.6,23.6,II,2
73.7,23.6,II,2
73.8,23.6,II,2
73.9,23.6,II,2
74,23.6,II,2
74.1,23.6,II,2
74.2,23.6,II,2
74.3,23.6,II,2
74.4,23.6,II,2
74.5,23.6,II,2
74.6,23.6,II,2
74.7,23.6,II,2
74.8,23.6,II,2
74.9,23.6,II,2
75,23.6,II,2
75.1,23.6,II,2
75.2,23.6,II,2
75.3,23.6,II,2
75.4,23.6,II,2
75.5,23.6,II,2
75.6,23.6,II,2
75.7,23.6,II,2
75.8,23.6,II,2
75.9,23.6,II,2
76,23.6,II,2
76.1,23.6,II,2
76.2,23.6,II,2
76.3,23.6,II,2
76.4,23.6,II,2
76.5,23.6,II,2
76.6,23.6,II,2
76.7,23.6,II,2
76.8,23.6,II,2
76.9,23.6,II,2
77,23.6,II,2
77.1,23.6,II,2
77.2,23.6,II,2
77.3,23.6,II,2
77.4,23.6,II,2
77.5,23.6,II,2
77.6,23.6,II,2
77.7,23.6,II,2
77.8,23.6,II,2
77.9,23.6,II,2
78,23.6,II,2
78.1,23.6,II,2
78.2,23.6,II,2
78.3,23.6,II,2
78.4,23.6,II,2
78.5,23.6,II,2
78.6,23.6,II,2
78.7,23.6,II,2
78.8,23.6,II,2
78.9,23.6,II,2
79,23.6,II,2
79.1,23.6,II,2
79.2,23.6,II,2
79.3,23.6,II,2
79.4,23.6,III,3
79.5,23.6,III,3
79.6,23.6,III,3
79.7,23.6,III,3
79.8,23.6,III,3
79.9,23.6,III,3
80,23.6,III,3
80.1,23.6,III,3
80.2,23.6,III,3
80.3,23.6,III,3
80.4,23.6,III,3
80.5,23.6,III,3
80.6,23.6,III,3
80.7,23.6,III,3
80.8,23.6,III,3
80.9,23.6,III,3
81,23.6,III,3
81.1,23.6,III,3
81.2,23.6,III,3
81.3,23.6,III,3
81.4,23.6,III,3
81.5,23.6,III,3
81.6,23.6,III,3
81.7,23.6,III,3
81.8,23.6,III,3
81.9,23.6,III,3
82,23.6,III,3
82.1,23.6,III,3
82.2,23.6,III,3
82.3,23.6,IV,4
82.4,23.6,IV,4
82.5,23.6,IV,4
82.6,23.6,IV,4
82.7,23.6,IV,4
82.8,23.6,IV,4
82.9,23.6,IV,4
83,23.6,IV,4
83.1,23.6,IV,4
83.2,23.6,III,3
83.3,23.6,III,3
83.4,23.6,III,3
83.5,23.6,III,3
83.6,23.6,III,3
83.7,23.6,III,3
83.8,23.6,III,3
83.9,23.6,III,3
84,23.6,II,2
84.1,23.6,II,2
84.2,23.6,II,2
84.3,23.6,II,2
84.4,23.6,II,2
84.5,23.6,II,2
84.6,23.6,II,2
84.7,23.6,II,2
84.8,23.6,II,2
84.9,23.6,II,2
85,23.6,II,2
85.1,23.6,II,2
85.2,23.6,II,2
85.3,23.6,III,3
85.4,23.6,III,3
85.5,23.6,III,3
85.6,23.6,III,3
85.7,23.6,III,3
85.8,23.6,III,3
85.9,23.6,III,3
86,23.6,III,3
86.1,23.6,III,3
86.2,23.6,III,3
86.3,23.6,III,3
86.4,23.6,III,3
86.5,23.6,III,3
86.6,23.6,III,3
86.7,23.6,III,3
86.8,23.6,III,3
86.9,23.6,IV,4
87,23.6,IV,4
87.1,23.6,IV,4
87.2,23.6,IV,4
87.3,23.6,IV,4
87.4,23.6,IV,4
87.5,23.6,IV,4
87.6,23.6,IV,4
87.7,23.6,IV,4
87.8,23.6,IV,4
87.9,23.6,IV,4
88,23.6,IV,4
88.1,23.6,V,5
88.2,23.6,V,5
88.3,23.6,V,5
88.4,23.6,V,5
88.5,23.6,V,5
88.6,23.6,V,5
91.2,23.6,VI,6
91.3,23.6,VI,6
91.4,23.6,VI,6
91.5,23.6,VI,6
91.6,23.6,VI,6
91.7,23.6,VI,6
91.8,23.6,VI,6
91.9,23.6,VI,6
92.3,23.6,VI,6
92.4,23.6,VI,6
92.5,23.6,VI,6
92.6,23.6,VI,6
92.7,23.6,VI,6
92.8,23.6,VI,6
92.9,23.6,VI,6
93,23.6,VI,6
93.1,23.6,VI,6
93.2,23.6,VI,6
93.3,23.6,VI,6
93.4,23.6,III,3
68.4,23.7,VI,6
68.6,23.7,VI,6
68.7,23.7,VI,6
68.8,23.7,VI,6
68.9,23.7,VI,6
69,23.7,VI,6
69.1,23.7,VI,6
69.2,23.7,VI,6
69.3,23.7,VI,6
69.4,23.7,VI,6
69.5,23.7,VI,6
69.6,23.7,VI,6
69.7,23.7,VI,6
69.8,23.7,VI,6
69.9,23.7,VI,6
70,23.7,VI,6
70.1,23.7,VI,6
70.2,23.7,VI,6
70.3,23.7,VI,6
70.4,23.7,VI,6
70.5,23.7,VI,6
70.6,23.7,VI,6
70.7,23.7,VI,6
70.8,23.7,VI,6
70.9,23.7,VI,6
71,23.7,VI,6
71.1,23.7,VI,6
71.2,23.7,VI,6
71.3,23.7,VI,6
71.4,23.7,VI,6
71.5,23.7,VI,6
71.6,23.7,V,5
71.7,23.7,V,5
71.8,23.7,V,5
71.9,23.7,V,5
72,23.7,V,5
72.1,23.7,IV,4
72.2,23.7,IV,4
72.3,23.7,IV,4
72.4,23.7,IV,4
72.5,23.7,IV,4
72.6,23.7,IV,4
72.7,23.7,IV,4
72.8,23.7,IV,4
72.9,23.7,III,3
73,23.7,III,3
73.1,23.7,III,3
73.2,23.7,III,3
73.3,23.7,II,2
73.4,23.7,II,2
73.5,23.7,II,2
73.6,23.7,II,2
73.7,23.7,II,2
73.8,23.7,II,2
73.9,23.7,II,2
74,23.7,II,2
74.1,23.7,II,2
74.2,23.7,II,2
74.3,23.7,II,2
74.4,23.7,II,2
74.5,23.7,II,2
74.6,23.7,II,2
74.7,23.7,II,2
74.8,23.7,II,2
74.9,23.7,II,2
75,23.7,II,2
75.1,23.7,II,2
75.2,23.7,II,2
75.3,23.7,II,2
75.4,23.7,II,2
75.5,23.7,II,2
75.6,23.7,II,2
75.7,23.7,II,2
75.8,23.7,II,2
75.9,23.7,II,2
76,23.7,II,2
76.1,23.7,II,2
76.2,23.7,II,2
76.3,23.7,II,2
76.4,23.7,II,2
76.5,23.7,II,2
76.6,23.7,II,2
76.7,23.7,II,2
76.8,23.7,II,2
76.9,23.7,II,2
77,23.7,II,2
77.1,23.7,II,2
77.2,23.7,II,2
77.3,23.7,II,2
77.4,23.7,II,2
77.5,23.7,II,2
77.6,23.7,II,2
77.7,23.7,II,2
77.8,23.7,II,2
77.9,23.7,II,2
78,23.7,II,2
78.1,23.7,II,2
78.2,23.7,II,2
78.3,23.7,II,2
78.4,23.7,II,2
78.5,23.7,II,2
78.6,23.7,II,2
78.7,23.7,II,2
78.8,23.7,II,2
78.9,23.7,II,2
79,23.7,II,2
79.1,23.7,II,2
79.2,23.7,II,2
79.3,23.7,II,2
79.4,23.7,II,2
79.5,23.7,III,3
79.6,23.7,III,3
79.7,23.7,III,3
79.8,23.7,III,3
79.9,23.7,III,3
80,23.7,III,3
80.1,23.7,III,3
80.2,23.7,III,3
80.3,23.7,III,3
80.4,23.7,III,3
80.5,23.7,III,3
80.6,23.7,III,3
80.7,23.7,III,3
80.8,23.7,III,3
80.9,23.7,III,3
81,23.7,III,3
81.1,23.7,III,3
81.2,23.7,III,3
81.3,23.7,III,3
81.4,23.7,III,3
81.5,23.7,III,3
81.6,23.7,III,3
81.7,23.7,III,3
81.8,23.7,III,3
81.9,23.7,III,3
82,23.7,III,3
82.1,23.7,III,3
82.2,23.7,IV,4
82.3,23.7,IV,4
82.4,23.7,IV,4
82.5,23.7,IV,4
82.6,23.7,IV,4
82.7,23.7,IV,4
82.8,23.7,IV,4
82.9,23.7,IV,4
83,23.7,IV,4
83.1,23.7,IV,4
83.2,23.7,IV,4
83.3,23.7,III,3
83.4,23.7,III,3
83.5,23.7,III,3
83.6,23.7,III,3
83.7,23.7,III,3
83.8,23.7,III,3
83.9,23.7,III,3
84,23.7,II,2
84.1,23.7,II,2
84.2,23.7,II,2
84.3,23.7,II,2
84.4,23.7,II,2
84.5,23.7,II,2
84.6,23.7,II,2
84.7,23.7,II,2
84.8,23.7,II,2
84.9,23.7,II,2
85,23.7,II,2
85.1,23.7,II,2
85.2,23.7,II,2
85.3,23.7,II,2
85.4,23.7,III,3
85.5,23.7,III,3
85.6,23.7,III,3
85.7,23.7,III,3
85.8,23.7,III,3
85.9,23.7,III,3
86,23.7,III,3
86.1,23.7,III,3
86.2,23.7,III,3
86.3,23.7,III,3
86.4,23.7,III,3
86.5,23.7,III,3
86.6,23.7,III,3
86.7,23.7,III,3
86.8,23.7,III,3
86.9,23.7,IV,4
87,23.7,IV,4
87.1,23.7,IV,4
87.2,23.7,IV,4
87.3,23.7,IV,4
87.4,23.7,IV,4
87.5,23.7,IV,4
87.6,23.7,IV,4
87.7,23.7,IV,4
87.8,23.7,IV,4
87.9,23.7,IV,4
88,23.7,V,5
88.1,23.7,V,5
88.2,23.7,V,5
88.3,23.7,V,5
88.4,23.7,V,5
88.5,23.7,V,5
91.2,23.7,VI,6
91.3,23.7,VI,6
91.4,23.7,VI,6
91.5,23.7,VI,6
91.6,23.7,VI,6
91.7,23.7,VI,6
91.8,23.7,VI,6
91.9,23.7,VI,6
92,23.7,VI,6
92.1,23.7,VI,6
92.3,23.7,VI,6
92.4,23.7,VI,6
92.5,23.7,VI,6
92.6,23.7,VI,6
92.7,23.7,VI,6
92.8,23.7,VI,6
92.9,23.7,VI,6
93,23.7,VI,6
93.1,23.7,VI,6
93.2,23.7,VI,6
93.3,23.7,VI,6
93.4,23.7,VI,6
68.3,23.8,VI,6
68.4,23.8,VI,6
68.5,23.8,VI,6
68.6,23.8,VI,6
68.7,23.8,VI,6
68.8,23.8,VI,6
68.9,23.8,VI,6
69,23.8,VI,6
69.1,23.8,VI,6
69.2,23.8,VI,6
69.3,23.8,VI,6
69.4,23.8,VI,6
69.5,23.8,VI,6
69.6,23.8,VI,6
69.7,23.8,VI,6
69.8,23.8,VI,6
69.9,23.8,VI,6
70,23.8,VI,6
70.1,23.8,VI,6
70.2,23.8,VI,6
70.3,23.8,VI,6
70.4,23.8,VI,6
70.5,23.8,VI,6
70.6,23.8,VI,6
70.7,23.8,VI,6
70.8,23.8,VI,6
70.9,23.8,VI,6
71,23.8,VI,6
71.1,23.8,VI,6
71.2,23.8,VI,6
71.3,23.8,VI,6
71.4,23.8,VI,6
71.5,23.8,VI,6
71.6,23.8,V,5
71.7,23.8,V,5
71.8,23.8,V,5
71.9,23.8,V,5
72,23.8,V,5
72.1,23.8,IV,4
72.2,23.8,IV,4
72.3,23.8,IV,4
72.4,23.8,IV,4
72.5,23.8,IV,4
72.6,23.8,IV,4
72.7,23.8,IV,4
72.8,23.8,IV,4
72.9,23.8,III,3
73,23.8,III,3
73.1,23.8,III,3
73.2,23.8,III,3
73.3,23.8,II,2
73.4,23.8,II,2
73.5,23.8,II,2
73.6,23.8,II,2
73.7,23.8,II,2
73.8,23.8,II,2
73.9,23.8,II,2
74,23.8,II,2
74.1,23.8,II,2
74.2,23.8,II,2
74.3,23.8,II,2
74.4,23.8,II,2
74.5,23.8,II,2
74.6,23.8,II,2
74.7,23.8,II,2
74.8,23.8,II,2
74.9,23.8,II,2
75,23.8,II,2
75.1,23.8,II,2
75.2,23.8,II,2
75.3,23.8,II,2
75.4,23.8,II,2
75.5,23.8,II,2
75.6,23.8,II,2
75.7,23.8,II,2
75.8,23.8,II,2
75.9,23.8,II,2
76,23.8,II,2
76.1,23.8,II,2
76.2,23.8,II,2
76.3,23.8,II,2
76.4,23.8,II,2
76.5,23.8,II,2
76.6,23.8,II,2
76.7,23.8,II,2
76.8,23.8,II,2
76.9,23.8,II,2
77,23.8,II,2
77.1,23.8,II,2
77.2,23.8,II,2
77.3,23.8,II,2
77.4,23.8,II,2
77.5,23.8,II,2
77.6,23.8,II,2
77.7,23.8,II,2
77.8,23.8,II,2
77.9,23.8,II,2
78,23.8,II,2
78.1,23.8,II,2
78.2,23.8,II,2
78.3,23.8,II,2
78.4,23.8,II,2
78.5,23.8,II,2
78.6,23.8,II,2
78.7,23.8,II,2
78.8,23.8,II,2
78.9,23.8,II,2
79,23.8,II,2
79.1,23.8,II,2
79.2,23.8,II,2
79.3,23.8,II,2
79.4,23.8,II,2
79.5,23.8,II,2
79.6,23.8,II,2
79.7,23.8,III,3
79.8,23.8,III,3
79.9,23.8,III,3
80,23.8,III,3
80.1,23.8,III,3
80.2,23.8,III,3
80.3,23.8,III,3
80.4,23.8,III,3
80.5,23.8,III,3
80.6,23.8,III,3
80.7,23.8,III,3
80.8,23.8,III,3
80.9,23.8,III,3
81,23.8,III,3
81.1,23.8,III,3
81.2,23.8,III,3
81.3,23.8,III,3
81.4,23.8,III,3
81.5,23.8,III,3
81.6,23.8,III,3
81.7,23.8,III,3
81.8,23.8,III,3
81.9,23.8,III,3
82,23.8,III,3
82.1,23.8,III,3
82.2,23.8,IV,4
82.3,23.8,IV,4
82.4,23.8,IV,4
82.5,23.8,IV,4
82.6,23.8,IV,4
82.7,23.8,IV,4
82.8,23.8,IV,4
82.9,23.8,IV,4
83,23.8,IV,4
83.1,23.8,IV,4
83.2,23.8,IV,4
83.3,23.8,III,3
83.4,23.8,III,3
83.5,23.8,III,3
83.6,23.8,III,3
83.7,23.8,III,3
83.8,23.8,III,3
83.9,23.8,III,3
84,23.8,II,2
84.1,23.8,II,2
84.2,23.8,II,2
84.3,23.8,II,2
84.4,23.8,II,2
84.5,23.8,II,2
84.6,23.8,II,2
84.7,23.8,II,2
84.8,23.8,II,2
84.9,23.8,II,2
85,23.8,II,2
85.1,23.8,II,2
85.2,23.8,II,2
85.3,23.8,II,2
85.4,23.8,II,2
85.5,23.8,II,2
85.6,23.8,III,3
85.7,23.8,III,3
85.8,23.8,III,3
85.9,23.8,III,3
86,23.8,III,3
86.1,23.8,III,3
86.2,23.8,III,3
86.3,23.8,III,3
86.4,23.8,III,3
86.5,23.8,III,3
86.6,23.8,III,3
86.7,23.8,III,3
86.8,23.8,III,3
86.9,23.8,IV,4
87,23.8,IV,4
87.1,23.8,IV,4
87.2,23.8,IV,4
87.3,23.8,IV,4
87.4,23.8,IV,4
87.5,23.8,IV,4
87.6,23.8,IV,4
87.7,23.8,IV,4
87.8,23.8,IV,4
87.9,23.8,IV,4
88,23.8,V,5
88.1,23.8,V,5
88.2,23.8,V,5
88.3,23.8,V,5
88.4,23.8,V,5
88.5,23.8,V,5
91.3,23.8,VI,6
91.4,23.8,VI,6
91.5,23.8,VI,6
91.6,23.8,VI,6
91.7,23.8,VI,6
91.8,23.8,VI,6
91.9,23.8,VI,6
92,23.8,VI,6
92.1,23.8,VI,6
92.2,23.8,VI,6
92.3,23.8,VI,6
92.4,23.8,VI,6
92.5,23.8,VI,6
92.6,23.8,VI,6
92.7,23.8,VI,6
92.8,23.8,VI,6
92.9,23.8,VI,6
93,23.8,VI,6
93.1,23.8,VI,6
93.2,23.8,VI,6
93.3,23.8,VI,6
93.4,23.8,III,3
68.3,23.9,VI,6
68.4,23.9,VI,6
68.7,23.9,VI,6
68.8,23.9,VI,6
68.9,23.9,VI,6
69,23.9,VI,6
69.1,23.9,VI,6
69.2,23.9,VI,6
69.3,23.9,VI,6
69.4,23.9,VI,6
69.5,23.9,VI,6
69.6,23.9,VI,6
69.7,23.9,VI,6
69.8,23.9,VI,6
69.9,23.9,VI,6
70,23.9,VI,6
70.1,23.9,VI,6
70.2,23.9,VI,6
70.3,23.9,VI,6
70.4,23.9,VI,6
70.5,23.9,VI,6
70.6,23.9,VI,6
70.7,23.9,VI,6
70.8,23.9,VI,6
70.9,23.9,VI,6
71,23.9,VI,6
71.1,23.9,VI,6
71.2,23.9,VI,6
71.3,23.9,VI,6
71.4,23.9,VI,6
71.5,23.9,VI,6
71.6,23.9,VI,6
71.7,23.9,V,5
71.8,23.9,V,5
71.9,23.9,V,5
72,23.9,V,5
72.1,23.9,IV,4
72.2,23.9,IV,4
72.3,23.9,IV,4
72.4,23.9,IV,4
72.5,23.9,IV,4
72.6,23.9,IV,4
72.7,23.9,IV,4
72.8,23.9,IV,4
72.9,23.9,III,3
73,23.9,III,3
73.1,23.9,III,3
73.2,23.9,III,3
73.3,23.9,II,2
73.4,23.9,II,2
73.5,23.9,II,2
73.6,23.9,II,2
73.7,23.9,II,2
73.8,23.9,II,2
73.9,23.9,II,2
74,23.9,II,2
74.1,23.9,II,2
74.2,23.9,II,2
74.3,23.9,II,2
74.4,23.9,II,2
74.5,23.9,II,2
74.6,23.9,II,2
74.7,23.9,II,2
74.8,23.9,II,2
74.9,23.9,II,2
75,23.9,II,2
75.1,23.9,II,2
75.2,23.9,II,2
75.3,23.9,II,2
75.4,23.9,II,2
75.5,23.9,II,2
75.6,23.9,II,2
75.7,23.9,II,2
75.8,23.9,II,2
75.9,23.9,II,2
76,23.9,II,2
76.1,23.9,II,2
76.2,23.9,II,2
76.3,23.9,II,2
76.4,23.9,II,2
76.5,23.9,II,2
76.6,23.9,II,2
76.7,23.9,II,2
76.8,23.9,II,2
76.9,23.9,II,2
77,23.9,II,2
77.1,23.9,II,2
77.2,23.9,II,2
77.3,23.9,II,2
77.4,23.9,II,2
77.5,23.9,II,2
77.6,23.9,II,2
77.7,23.9,II,2
77.8,23.9,II,2
77.9,23.9,II,2
78,23.9,II,2
78.1,23.9,II,2
78.2,23.9,II,2
78.3,23.9,II,2
78.4,23.9,II,2
78.5,23.9,II,2
78.6,23.9,II,2
78.7,23.9,II,2
78.8,23.9,II,2
78.9,23.9,II,2
79,23.9,II,2
79.1,23.9,II,2
79.2,23.9,II,2
79.3,23.9,II,2
79.4,23.9,II,2
79.5,23.9,II,2
79.6,23.9,II,2
79.7,23.9,II,2
79.8,23.9,II,2
79.9,23.9,III,3
80,23.9,III,3
80.1,23.9,III,3
80.2,23.9,III,3
80.3,23.9,III,3
80.4,23.9,III,3
80.5,23.9,III,3
80.6,23.9,III,3
80.7,23.9,III,3
80.8,23.9,III,3
80.9,23.9,III,3
81,23.9,III,3
81.1,23.9,III,3
81.2,23.9,III,3
81.3,23.9,III,3
81.4,23.9,III,3
81.5,23.9,III,3
81.6,23.9,III,3
81.7,23.9,III,3
81.8,23.9,III,3
81.9,23.9,III,3
82,23.9,III,3
82.1,23.9,IV,4
82.2,23.9,IV,4
82.3,23.9,IV,4
82.4,23.9,IV,4
82.5,23.9,IV,4
82.6,23.9,IV,4
82.7,23.9,IV,4
82.8,23.9,IV,4
82.9,23.9,IV,4
83,23.9,IV,4
83.1,23.9,IV,4
83.2,23.9,IV,4
83.3,23.9,III,3
83.4,23.9,III,3
83.5,23.9,III,3
83.6,23.9,III,3
83.7,23.9,III,3
83.8,23.9,III,3
83.9,23.9,III,3
84,23.9,II,2
84.1,23.9,II,2
84.2,23.9,II,2
84.3,23.9,II,2
84.4,23.9,II,2
84.5,23.9,II,2
84.6,23.9,II,2
84.7,23.9,II,2
84.8,23.9,II,2
84.9,23.9,II,2
85,23.9,II,2
85.1,23.9,II,2
85.2,23.9,II,2
85.3,23.9,II,2
85.4,23.9,II,2
85.5,23.9,II,2
85.6,23.9,II,2
85.7,23.9,II,2
85.8,23.9,III,3
85.9,23.9,III,3
86,23.9,III,3
86.1,23.9,III,3
86.2,23.9,III,3
86.3,23.9,III,3
86.4,23.9,III,3
86.5,23.9,III,3
86.6,23.9,III,3
86.7,23.9,III,3
86.8,23.9,III,3
86.9,23.9,IV,4
87,23.9,IV,4
87.1,23.9,IV,4
87.2,23.9,IV,4
87.3,23.9,IV,4
87.4,23.9,IV,4
87.5,23.9,IV,4
87.6,23.9,IV,4
87.7,23.9,IV,4
87.8,23.9,IV,4
87.9,23.9,V,5
88,23.9,V,5
88.1,23.9,V,5
88.2,23.9,V,5
88.3,23.9,V,5
88.4,23.9,V,5
88.5,23.9,V,5
88.6,23.9,V,5
91.3,23.9,VI,6
91.4,23.9,VI,6
91.5,23.9,VI,6
91.6,23.9,VI,6
91.7,23.9,VI,6
91.8,23.9,VI,6
91.9,23.9,VI,6
92,23.9,VI,6
92.1,23.9,VI,6
92.2,23.9,VI,6
92.3,23.9,VI,6
92.4,23.9,VI,6
92.5,23.9,VI,6
92.6,23.9,VI,6
92.7,23.9,VI,6
92.8,23.9,VI,6
92.9,23.9,VI,6
93,23.9,VI,6
93.1,23.9,VI,6
93.2,23.9,VI,6
93.3,23.9,VI,6
94.1,23.9,III,3
68.8,24,VI,6
68.9,24,VI,6
69,24,VI,6
69.1,24,VI,6
69.2,24,VI,6
69.3,24,VI,6
69.4,24,VI,6
69.5,24,VI,6
69.6,24,VI,6
69.7,24,VI,6
69.8,24,VI,6
69.9,24,VI,6
70,24,VI,6
70.1,24,VI,6
70.2,24,VI,6
70.3,24,VI,6
70.4,24,VI,6
70.5,24,VI,6
70.6,24,VI,6
70.7,24,VI,6
70.8,24,VI,6
70.9,24,VI,6
71,24,VI,6
71.1,24,VI,6
71.2,24,VI,6
71.3,24,VI,6
71.4,24,VI,6
71.5,24,VI,6
71.6,24,VI,6
71.7,24,V,5
71.8,24,V,5
71.9,24,V,5
72,24,V,5
72.1,24,IV,4
72.2,24,IV,4
72.3,24,IV,4
72.4,24,IV,4
72.5,24,IV,4
72.6,24,IV,4
72.7,24,IV,4
72.8,24,IV,4
72.9,24,III,3
73,24,III,3
73.1,24,III,3
73.2,24,III,3
73.3,24,III,3
73.4,24,II,2
73.5,24,II,2
73.6,24,II,2
73.7,24,II,2
73.8,24,II,2
73.9,24,II,2
74,24,II,2
74.1,24,II,2
74.2,24,II,2
74.3,24,II,2
74.4,24,II,2
74.5,24,II,2
74.6,24,II,2
74.7,24,II,2
74.8,24,II,2
74.9,24,II,2
75,24,II,2
75.1,24,II,2
75.2,24,II,2
75.3,24,II,2
75.4,24,II,2
75.5,24,II,2
75.6,24,II,2
75.7,24,II,2
75.8,24,II,2
75.9,24,II,2
76,24,II,2
76.1,24,II,2
76.2,24,II,2
76.3,24,II,2
76.4,24,II,2
76.5,24,II,2
76.6,24,II,2
76.7,24,II,2
76.8,24,II,2
76.9,24,II,2
77,24,II,2
77.1,24,II,2
77.2,24,II,2
77.3,24,II,2
77.4,24,II,2
77.5,24,II,2
77.6,24,II,2
77.7,24,II,2
77.8,24,II,2
77.9,24,II,2
78,24,II,2
78.1,24,II,2
78.2,24,II,2
78.3,24,II,2
78.4,24,II,2
78.5,24,II,2
78.6,24,II,2
78.7,24,II,2
78.8,24,II,2
78.9,24,II,2
79,24,II,2
79.1,24,II,2
79.2,24,II,2
79.3,24,II,2
79.4,24,II,2
79.5,24,II,2
79.6,24,II,2
79.7,24,II,2
79.8,24,II,2
79.9,24,II,2
80,24,II,2
80.1,24,III,3
80.2,24,III,3
80.3,24,III,3
80.4,24,III,3
80.5,24,III,3
80.6,24,III,3
80.7,24,III,3
80.8,24,III,3
80.9,24,III,3
81,24,III,3
81.1,24,III,3
81.2,24,III,3
81.3,24,III,3
81.4,24,III,3
81.5,24,III,3
81.6,24,III,3
81.7,24,III,3
81.8,24,III,3
81.9,24,III,3
82,24,III,3
82.1,24,IV,4
82.2,24,IV,4
82.3,24,IV,4
82.4,24,IV,4
82.5,24,IV,4
82.6,24,IV,4
82.7,24,IV,4
82.8,24,IV,4
82.9,24,IV,4
83,24,IV,4
83.1,24,IV,4
83.2,24,IV,4
83.3,24,III,3
83.4,24,III,3
83.5,24,III,3
83.6,24,III,3
83.7,24,III,3
83.8,24,III,3
83.9,24,III,3
84,24,II,2
84.1,24,II,2
84.2,24,II,2
84.3,24,II,2
84.4,24,II,2
84.5,24,II,2
84.6,24,II,2
84.7,24,II,2
84.8,24,II,2
84.9,24,II,2
85,24,II,2
85.1,24,II,2
85.2,24,II,2
85.3,24,II,2
85.4,24,II,2
85.5,24,II,2
85.6,24,II,2
85.7,24,II,2
85.8,24,II,2
85.9,24,III,3
86,24,III,3
86.1,24,III,3
86.2,24,III,3
86.3,24,III,3
86.4,24,III,3
86.5,24,III,3
86.6,24,III,3
86.7,24,III,3
86.8,24,III,3
86.9,24,IV,4
87,24,IV,4
87.1,24,IV,4
87.2,24,IV,4
87.3,24,IV,4
87.4,24,IV,4
87.5,24,IV,4
87.6,24,IV,4
87.7,24,IV,4
87.8,24,IV,4
87.9,24,V,5
88,24,V,5
88.1,24,V,5
88.2,24,V,5
88.3,24,V,5
88.4,24,V,5
88.5,24,V,5
88.6,24,V,5
88.7,24,V,5
91.4,24,VI,6
91.5,24,VI,6
91.6,24,VI,6
91.7,24,VI,6
91.8,24,VI,6
91.9,24,VI,6
92,24,VI,6
92.1,24,VI,6
92.2,24,VI,6
92.3,24,VI,6
92.4,24,VI,6
92.5,24,VI,6
92.6,24,VI,6
92.7,24,VI,6
92.8,24,VI,6
92.9,24,VI,6
93,24,VI,6
93.1,24,VI,6
93.2,24,VI,6
93.3,24,VI,6
93.5,24,VI,6
93.6,24,VI,6
93.8,24,VI,6
93.9,24,VI,6
94,24,VI,6
94.1,24,VI,6
94.2,24,VI,6
68.8,24.1,VI,6
68.9,24.1,VI,6
69,24.1,VI,6
69.1,24.1,VI,6
69.2,24.1,VI,6
69.3,24.1,VI,6
69.4,24.1,VI,6
69.5,24.1,VI,6
69.6,24.1,VI,6
69.7,24.1,VI,6
69.8,24.1,VI,6
69.9,24.1,VI,6
70,24.1,VI,6
70.1,24.1,VI,6
70.2,24.1,VI,6
70.3,24.1,VI,6
70.4,24.1,VI,6
70.5,24.1,VI,6
70.6,24.1,VI,6
70.7,24.1,VI,6
70.8,24.1,VI,6
70.9,24.1,VI,6
71,24.1,VI,6
71.1,24.1,VI,6
71.2,24.1,VI,6
71.3,24.1,VI,6
71.4,24.1,VI,6
71.5,24.1,VI,6
71.6,24.1,VI,6
71.7,24.1,V,5
71.8,24.1,V,5
71.9,24.1,V,5
72,24.1,V,5
72.1,24.1,V,5
72.2,24.1,IV,4
72.3,24.1,IV,4
72.4,24.1,IV,4
72.5,24.1,IV,4
72.6,24.1,IV,4
72.7,24.1,IV,4
72.8,24.1,IV,4
72.9,24.1,III,3
73,24.1,III,3
73.1,24.1,III,3
73.2,24.1,III,3
73.3,24.1,III,3
73.4,24.1,II,2
73.5,24.1,II,2
73.6,24.1,II,2
73.7,24.1,II,2
73.8,24.1,II,2
73.9,24.1,II,2
74,24.1,II,2
74.1,24.1,II,2
74.2,24.1,II,2
74.3,24.1,II,2
74.4,24.1,II,2
74.5,24.1,II,2
74.6,24.1,II,2
74.7,24.1,II,2
74.8,24.1,II,2
74.9,24.1,II,2
75,24.1,II,2
75.1,24.1,II,2
75.2,24.1,II,2
75.3,24.1,II,2
75.4,24.1,II,2
75.5,24.1,II,2
75.6,24.1,II,2
75.7,24.1,II,2
75.8,24.1,II,2
75.9,24.1,II,2
76,24.1,II,2
76.1,24.1,II,2
76.2,24.1,II,2
76.3,24.1,II,2
76.4,24.1,II,2
76.5,24.1,II,2
76.6,24.1,II,2
76.7,24.1,II,2
76.8,24.1,II,2
76.9,24.1,II,2
77,24.1,II,2
77.1,24.1,II,2
77.2,24.1,II,2
77.3,24.1,II,2
77.4,24.1,II,2
77.5,24.1,II,2
77.6,24.1,II,2
77.7,24.1,II,2
77.8,24.1,II,2
77.9,24.1,II,2
78,24.1,II,2
78.1,24.1,II,2
78.2,24.1,II,2
78.3,24.1,II,2
78.4,24.1,II,2
78.5,24.1,II,2
78.6,24.1,II,2
78.7,24.1,II,2
78.8,24.1,II,2
78.9,24.1,II,2
79,24.1,II,2
79.1,24.1,II,2
79.2,24.1,II,2
79.3,24.1,II,2
79.4,24.1,II,2
79.5,24.1,II,2
79.6,24.1,II,2
79.7,24.1,II,2
79.8,24.1,II,2
79.9,24.1,II,2
80,24.1,II,2
80.1,24.1,II,2
80.2,24.1,II,2
80.3,24.1,II,2
80.4,24.1,III,3
80.5,24.1,III,3
80.6,24.1,III,3
80.7,24.1,III,3
80.8,24.1,III,3
80.9,24.1,III,3
81,24.1,III,3
81.1,24.1,III,3
81.2,24.1,III,3
81.3,24.1,III,3
81.4,24.1,III,3
81.5,24.1,III,3
81.6,24.1,III,3
81.7,24.1,III,3
81.8,24.1,III,3
81.9,24.1,III,3
82,24.1,III,3
82.1,24.1,IV,4
82.2,24.1,IV,4
82.3,24.1,IV,4
82.4,24.1,IV,4
82.5,24.1,IV,4
82.6,24.1,IV,4
82.7,24.1,IV,4
82.8,24.1,IV,4
82.9,24.1,IV,4
83,24.1,IV,4
83.1,24.1,IV,4
83.2,24.1,IV,4
83.3,24.1,III,3
83.4,24.1,III,3
83.5,24.1,III,3
83.6,24.1,III,3
83.7,24.1,III,3
83.8,24.1,III,3
83.9,24.1,III,3
84,24.1,III,3
84.1,24.1,II,2
84.2,24.1,II,2
84.3,24.1,II,2
84.4,24.1,II,2
84.5,24.1,II,2
84.6,24.1,II,2
84.7,24.1,II,2
84.8,24.1,II,2
84.9,24.1,II,2
85,24.1,II,2
85.1,24.1,II,2
85.2,24.1,II,2
85.3,24.1,II,2
85.4,24.1,II,2
85.5,24.1,II,2
85.6,24.1,II,2
85.7,24.1,II,2
85.8,24.1,II,2
85.9,24.1,II,2
86,24.1,III,3
86.1,24.1,III,3
86.2,24.1,III,3
86.3,24.1,III,3
86.4,24.1,III,3
86.5,24.1,III,3
86.6,24.1,III,3
86.7,24.1,III,3
86.8,24.1,III,3
86.9,24.1,IV,4
87,24.1,IV,4
87.1,24.1,IV,4
87.2,24.1,IV,4
87.3,24.1,IV,4
87.4,24.1,IV,4
87.5,24.1,IV,4
87.6,24.1,IV,4
87.7,24.1,IV,4
87.8,24.1,V,5
87.9,24.1,V,5
88,24.1,V,5
88.1,24.1,V,5
88.2,24.1,V,5
88.3,24.1,V,5
88.4,24.1,V,5
88.5,24.1,V,5
88.6,24.1,V,5
88.7,24.1,V,5
91.4,24.1,VI,6
91.7,24.1,VI,6
91.8,24.1,VI,6
91.9,24.1,VI,6
92,24.1,VI,6
92.1,24.1,VI,6
92.2,24.1,VI,6
92.3,24.1,VI,6
92.4,24.1,VI,6
92.5,24.1,VI,6
92.6,24.1,VI,6
92.7,24.1,VI,6
92.8,24.1,VI,6
92.9,24.1,VI,6
93,24.1,VI,6
93.1,24.1,VI,6
93.2,24.1,VI,6
93.3,24.1,VI,6
93.4,24.1,VI,6
93.5,24.1,VI,6
93.6,24.1,VI,6
93.7,24.1,VI,6
93.8,24.1,VI,6
93.9,24.1,VI,6
94,24.1,VI,6
94.1,24.1,VI,6
94.2,24.1,VI,6
68.8,24.2,VI,6
68.9,24.2,VI,6
69,24.2,VI,6
69.1,24.2,VI,6
69.2,24.2,VI,6
69.3,24.2,VI,6
69.4,24.2,VI,6
69.5,24.2,VI,6
69.6,24.2,VI,6
70.1,24.2,VI,6
70.2,24.2,VI,6
70.3,24.2,VI,6
70.4,24.2,VI,6
70.5,24.2,VI,6
70.6,24.2,VI,6
70.7,24.2,VI,6
70.8,24.2,VI,6
70.9,24.2,VI,6
71,24.2,VI,6
71.1,24.2,VI,6
71.2,24.2,VI,6
71.3,24.2,VI,6
71.4,24.2,VI,6
71.5,24.2,VI,6
71.6,24.2,VI,6
71.7,24.2,V,5
71.8,24.2,V,5
71.9,24.2,V,5
72,24.2,V,5
72.1,24.2,V,5
72.2,24.2,IV,4
72.3,24.2,IV,4
72.4,24.2,IV,4
72.5,24.2,IV,4
72.6,24.2,IV,4
72.7,24.2,IV,4
72.8,24.2,IV,4
72.9,24.2,III,3
73,24.2,III,3
73.1,24.2,III,3
73.2,24.2,III,3
73.3,24.2,III,3
73.4,24.2,III,3
73.5,24.2,II,2
73.6,24.2,II,2
73.7,24.2,II,2
73.8,24.2,II,2
73.9,24.2,II,2
74,24.2,II,2
74.1,24.2,II,2
74.2,24.2,II,2
74.3,24.2,II,2
74.4,24.2,II,2
74.5,24.2,II,2
74.6,24.2,II,2
74.7,24.2,II,2
74.8,24.2,II,2
74.9,24.2,II,2
75,24.2,II,2
75.1,24.2,II,2
75.2,24.2,II,2
75.3,24.2,II,2
75.4,24.2,II,2
75.5,24.2,II,2
75.6,24.2,II,2
75.7,24.2,II,2
75.8,24.2,II,2
75.9,24.2,II,2
76,24.2,II,2
76.1,24.2,II,2
76.2,24.2,II,2
76.3,24.2,II,2
76.4,24.2,II,2
76.5,24.2,II,2
76.6,24.2,II,2
76.7,24.2,II,2
76.8,24.2,II,2
76.9,24.2,II,2
77,24.2,II,2
77.1,24.2,II,2
77.2,24.2,II,2
77.3,24.2,II,2
77.4,24.2,II,2
77.5,24.2,II,2
77.6,24.2,II,2
77.7,24.2,II,2
77.8,24.2,II,2
77.9,24.2,II,2
78,24.2,II,2
78.1,24.2,II,2
78.2,24.2,II,2
78.3,24.2,II,2
78.4,24.2,II,2
78.5,24.2,II,2
78.6,24.2,II,2
78.7,24.2,II,2
78.8,24.2,II,2
78.9,24.2,II,2
79,24.2,II,2
79.1,24.2,II,2
79.2,24.2,II,2
79.3,24.2,II,2
79.4,24.2,II,2
79.5,24.2,II,2
79.6,24.2,II,2
79.7,24.2,II,2
79.8,24.2,II,2
79.9,24.2,II,2
80,24.2,II,2
80.1,24.2,II,2
80.2,24.2,II,2
80.3,24.2,II,2
80.4,24.2,II,2
80.5,24.2,II,2
80.6,24.2,III,3
80.7,24.2,III,3
80.8,24.2,III,3
80.9,24.2,III,3
81,24.2,III,3
81.1,24.2,III,3
81.2,24.2,III,3
81.3,24.2,III,3
81.4,24.2,III,3
81.5,24.2,III,3
81.6,24.2,III,3
81.7,24.2,III,3
81.8,24.2,III,3
81.9,24.2,III,3
82,24.2,III,3
82.1,24.2,III,3
82.2,24.2,IV,4
82.3,24.2,IV,4
82.4,24.2,IV,4
82.5,24.2,IV,4
82.6,24.2,IV,4
82.7,24.2,IV,4
82.8,24.2,IV,4
82.9,24.2,IV,4
83,24.2,IV,4
83.1,24.2,IV,4
83.2,24.2,III,3
83.3,24.2,III,3
83.4,24.2,III,3
83.5,24.2,III,3
83.6,24.2,III,3
83.7,24.2,III,3
83.8,24.2,III,3
83.9,24.2,III,3
84,24.2,III,3
84.1,24.2,II,2
84.2,24.2,II,2
84.3,24.2,II,2
84.4,24.2,II,2
84.5,24.2,II,2
84.6,24.2,II,2
84.7,24.2,II,2
84.8,24.2,II,2
84.9,24.2,II,2
85,24.2,II,2
85.1,24.2,II,2
85.2,24.2,II,2
85.3,24.2,II,2
85.4,24.2,II,2
85.5,24.2,II,2
85.6,24.2,II,2
85.7,24.2,II,2
85.8,24.2,II,2
85.9,24.2,II,2
86,24.2,II,2
86.1,24.2,III,3
86.2,24.2,III,3
86.3,24.2,III,3
86.4,24.2,III,3
86.5,24.2,III,3
86.6,24.2,III,3
86.7,24.2,III,3
86.8,24.2,III,3
86.9,24.2,IV,4
87,24.2,IV,4
87.1,24.2,IV,4
87.2,24.2,IV,4
87.3,24.2,IV,4
87.4,24.2,IV,4
87.5,24.2,IV,4
87.6,24.2,IV,4
87.7,24.2,IV,4
87.8,24.2,V,5
87.9,24.2,V,5
88,24.2,V,5
88.1,24.2,V,5
88.2,24.2,V,5
88.3,24.2,V,5
88.4,24.2,V,5
88.5,24.2,V,5
88.6,24.2,V,5
88.7,24.2,V,5
91.8,24.2,VI,6
92,24.2,VI,6
92.1,24.2,VI,6
92.2,24.2,VI,6
92.3,24.2,VI,6
92.4,24.2,VI,6
92.5,24.2,VI,6
92.6,24.2,VI,6
92.7,24.2,VI,6
92.8,24.2,VI,6
92.9,24.2,VI,6
93,24.2,VI,6
93.1,24.2,VI,6
93.2,24.2,VI,6
93.3,24.2,VI,6
93.4,24.2,VI,6
93.5,24.2,VI,6
93.6,24.2,VI,6
93.7,24.2,VI,6
93.8,24.2,VI,6
93.9,24.2,VI,6
94,24.2,VI,6
94.1,24.2,VI,6
94.2,24.2,VI,6
68.8,24.3,III,3
70.2,24.3,VI,6
70.3,24.3,VI,6
70.4,24.3,VI,6
70.5,24.3,VI,6
70.9,24.3,VI,6
71,24.3,VI,6
71.1,24.3,VI,6
71.2,24.3,VI,6
71.3,24.3,VI,6
71.4,24.3,VI,6
71.5,24.3,VI,6
71.6,24.3,VI,6
71.7,24.3,VI,6
71.8,24.3,V,5
71.9,24.3,V,5
72,24.3,V,5
72.1,24.3,V,5
72.2,24.3,IV,4
72.3,24.3,IV,4
72.4,24.3,IV,4
72.5,24.3,IV,4
72.6,24.3,IV,4
72.7,24.3,IV,4
72.8,24.3,IV,4
72.9,24.3,III,3
73,24.3,III,3
73.1,24.3,III,3
73.2,24.3,III,3
73.3,24.3,III,3
73.4,24.3,III,3
73.5,24.3,III,3
73.6,24.3,II,2
73.7,24.3,II,2
73.8,24.3,II,2
73.9,24.3,II,2
74,24.3,II,2
74.1,24.3,II,2
74.2,24.3,II,2
74.3,24.3,II,2
74.4,24.3,II,2
74.5,24.3,II,2
74.6,24.3,II,2
74.7,24.3,II,2
74.8,24.3,II,2
74.9,24.3,II,2
75,24.3,II,2
75.1,24.3,II,2
75.2,24.3,II,2
75.3,24.3,II,2
75.4,24.3,II,2
75.5,24.3,II,2
75.6,24.3,II,2
75.7,24.3,II,2
75.8,24.3,II,2
75.9,24.3,II,2
76,24.3,II,2
76.1,24.3,II,2
76.2,24.3,II,2
76.3,24.3,II,2
76.4,24.3,II,2
76.5,24.3,II,2
76.6,24.3,II,2
76.7,24.3,II,2
76.8,24.3,II,2
76.9,24.3,II,2
77,24.3,II,2
77.1,24.3,II,2
77.2,24.3,II,2
77.3,24.3,II,2
77.4,24.3,II,2
77.5,24.3,II,2
77.6,24.3,II,2
77.7,24.3,II,2
77.8,24.3,II,2
77.9,24.3,II,2
78,24.3,II,2
78.1,24.3,II,2
78.2,24.3,II,2
78.3,24.3,II,2
78.4,24.3,II,2
78.5,24.3,II,2
78.6,24.3,II,2
78.7,24.3,II,2
78.8,24.3,II,2
78.9,24.3,II,2
79,24.3,II,2
79.1,24.3,II,2
79.2,24.3,II,2
79.3,24.3,II,2
79.4,24.3,II,2
79.5,24.3,II,2
79.6,24.3,II,2
79.7,24.3,II,2
79.8,24.3,II,2
79.9,24.3,II,2
80,24.3,II,2
80.1,24.3,II,2
80.2,24.3,II,2
80.3,24.3,II,2
80.4,24.3,II,2
80.5,24.3,II,2
80.6,24.3,II,2
80.7,24.3,II,2
80.8,24.3,II,2
80.9,24.3,III,3
81,24.3,III,3
81.1,24.3,III,3
81.2,24.3,III,3
81.3,24.3,III,3
81.4,24.3,III,3
81.5,24.3,III,3
81.6,24.3,III,3
81.7,24.3,III,3
81.8,24.3,III,3
81.9,24.3,III,3
82,24.3,III,3
82.1,24.3,III,3
82.2,24.3,IV,4
82.3,24.3,IV,4
82.4,24.3,IV,4
82.5,24.3,IV,4
82.6,24.3,IV,4
82.7,24.3,IV,4
82.8,24.3,IV,4
82.9,24.3,IV,4
83,24.3,IV,4
83.1,24.3,IV,4
83.2,24.3,III,3
83.3,24.3,III,3
83.4,24.3,III,3
83.5,24.3,III,3
83.6,24.3,III,3
83.7,24.3,III,3
83.8,24.3,III,3
83.9,24.3,III,3
84,24.3,III,3
84.1,24.3,II,2
84.2,24.3,II,2
84.3,24.3,II,2
84.4,24.3,II,2
84.5,24.3,II,2
84.6,24.3,II,2
84.7,24.3,II,2
84.8,24.3,II,2
84.9,24.3,II,2
85,24.3,II,2
85.1,24.3,II,2
85.2,24.3,II,2
85.3,24.3,II,2
85.4,24.3,II,2
85.5,24.3,II,2
85.6,24.3,II,2
85.7,24.3,II,2
85.8,24.3,II,2
85.9,24.3,II,2
86,24.3,II,2
86.1,24.3,II,2
86.2,24.3,III,3
86.3,24.3,III,3
86.4,24.3,III,3
86.5,24.3,III,3
86.6,24.3,III,3
86.7,24.3,III,3
86.8,24.3,III,3
86.9,24.3,IV,4
87,24.3,IV,4
87.1,24.3,IV,4
87.2,24.3,IV,4
87.3,24.3,IV,4
87.4,24.3,IV,4
87.5,24.3,IV,4
87.6,24.3,IV,4
87.7,24.3,V,5
87.8,24.3,V,5
87.9,24.3,V,5
88,24.3,V,5
88.1,24.3,V,5
88.2,24.3,V,5
88.3,24.3,V,5
88.4,24.3,V,5
88.5,24.3,V,5
88.6,24.3,V,5
88.7,24.3,III,3
92,24.3,VI,6
92.1,24.3,VI,6
92.2,24.3,VI,6
92.3,24.3,VI,6
92.4,24.3,VI,6
92.5,24.3,VI,6
92.6,24.3,VI,6
92.7,24.3,VI,6
92.8,24.3,VI,6
92.9,24.3,VI,6
93,24.3,VI,6
93.1,24.3,VI,6
93.2,24.3,VI,6
93.3,24.3,VI,6
93.4,24.3,VI,6
93.5,24.3,VI,6
93.6,24.3,VI,6
93.7,24.3,VI,6
93.8,24.3,VI,6
93.9,24.3,VI,6
94,24.3,VI,6
94.1,24.3,VI,6
94.2,24.3,VI,6
94.3,24.3,VI,6
71.2,24.4,VI,6
71.3,24.4,VI,6
71.4,24.4,VI,6
71.5,24.4,VI,6
71.6,24.4,VI,6
71.7,24.4,VI,6
71.8,24.4,V,5
71.9,24.4,V,5
72,24.4,V,5
72.1,24.4,V,5
72.2,24.4,IV,4
72.3,24.4,IV,4
72.4,24.4,IV,4
72.5,24.4,IV,4
72.6,24.4,IV,4
72.7,24.4,IV,4
72.8,24.4,IV,4
72.9,24.4,III,3
73,24.4,III,3
73.1,24.4,III,3
73.2,24.4,III,3
73.3,24.4,III,3
73.4,24.4,III,3
73.5,24.4,III,3
73.6,24.4,II,2
73.7,24.4,II,2
73.8,24.4,II,2
73.9,24.4,II,2
74,24.4,II,2
74.1,24.4,II,2
74.2,24.4,II,2
74.3,24.4,II,2
74.4,24.4,II,2
74.5,24.4,II,2
74.6,24.4,II,2
74.7,24.4,II,2
74.8,24.4,II,2
74.9,24.4,II,2
75,24.4,II,2
75.1,24.4,II,2
75.2,24.4,II,2
75.3,24.4,II,2
75.4,24.4,II,2
75.5,24.4,II,2
75.6,24.4,II,2
75.7,24.4,II,2
75.8,24.4,II,2
75.9,24.4,II,2
76,24.4,II,2
76.1,24.4,II,2
76.2,24.4,II,2
76.3,24.4,II,2
76.4,24.4,II,2
76.5,24.4,II,2
76.6,24.4,II,2
76.7,24.4,II,2
76.8,24.4,II,2
76.9,24.4,II,2
77,24.4,II,2
77.1,24.4,II,2
77.2,24.4,II,2
77.3,24.4,II,2
77.4,24.4,II,2
77.5,24.4,II,2
77.6,24.4,II,2
77.7,24.4,II,2
77.8,24.4,II,2
77.9,24.4,II,2
78,24.4,II,2
78.1,24.4,II,2
78.2,24.4,II,2
78.3,24.4,II,2
78.4,24.4,II,2
78.5,24.4,II,2
78.6,24.4,II,2
78.7,24.4,II,2
78.8,24.4,II,2
78.9,24.4,II,2
79,24.4,II,2
79.1,24.4,II,2
79.2,24.4,II,2
79.3,24.4,II,2
79.4,24.4,II,2
79.5,24.4,II,2
79.6,24.4,II,2
79.7,24.4,II,2
79.8,24.4,II,2
79.9,24.4,II,2
80,24.4,II,2
80.1,24.4,II,2
80.2,24.4,II,2
80.3,24.4,II,2
80.4,24.4,II,2
80.5,24.4,II,2
80.6,24.4,II,2
80.7,24.4,II,2
80.8,24.4,II,2
80.9,24.4,II,2
81,24.4,II,2
81.1,24.4,III,3
81.2,24.4,III,3
81.3,24.4,III,3
81.4,24.4,III,3
81.5,24.4,III,3
81.6,24.4,III,3
81.7,24.4,III,3
81.8,24.4,III,3
81.9,24.4,III,3
82,24.4,III,3
82.1,24.4,III,3
82.2,24.4,IV,4
82.3,24.4,IV,4
82.4,24.4,IV,4
82.5,24.4,IV,4
82.6,24.4,IV,4
82.7,24.4,IV,4
82.8,24.4,IV,4
82.9,24.4,IV,4
83,24.4,IV,4
83.1,24.4,III,3
83.2,24.4,III,3
83.3,24.4,III,3
83.4,24.4,III,3
83.5,24.4,III,3
83.6,24.4,III,3
83.7,24.4,III,3
83.8,24.4,III,3
83.9,24.4,III,3
84,24.4,III,3
84.1,24.4,III,3
84.2,24.4,II,2
84.3,24.4,II,2
84.4,24.4,II,2
84.5,24.4,II,2
84.6,24.4,II,2
84.7,24.4,II,2
84.8,24.4,II,2
84.9,24.4,II,2
85,24.4,II,2
85.1,24.4,II,2
85.2,24.4,II,2
85.3,24.4,II,2
85.4,24.4,II,2
85.5,24.4,II,2
85.6,24.4,II,2
85.7,24.4,II,2
85.8,24.4,II,2
85.9,24.4,II,2
86,24.4,II,2
86.1,24.4,II,2
86.2,24.4,III,3
86.3,24.4,III,3
86.4,24.4,III,3
86.5,24.4,III,3
86.6,24.4,III,3
86.7,24.4,III,3
86.8,24.4,III,3
86.9,24.4,IV,4
87,24.4,IV,4
87.1,24.4,IV,4
87.2,24.4,IV,4
87.3,24.4,IV,4
87.4,24.4,IV,4
87.5,24.4,IV,4
87.6,24.4,IV,4
87.7,24.4,V,5
87.8,24.4,V,5
87.9,24.4,V,5
88,24.4,V,5
88.1,24.4,V,5
88.2,24.4,V,5
88.3,24.4,V,5
92.2,24.4,VI,6
92.3,24.4,VI,6
92.4,24.4,VI,6
92.5,24.4,VI,6
92.6,24.4,VI,6
92.7,24.4,VI,6
92.8,24.4,VI,6
92.9,24.4,VI,6
93,24.4,VI,6
93.1,24.4,VI,6
93.2,24.4,VI,6
93.3,24.4,VI,6
93.4,24.4,VI,6
93.5,24.4,VI,6
93.6,24.4,VI,6
93.7,24.4,VI,6
93.8,24.4,VI,6
93.9,24.4,VI,6
94,24.4,VI,6
94.1,24.4,VI,6
94.2,24.4,VI,6
94.3,24.4,VI,6
71.1,24.5,VI,6
71.2,24.5,VI,6
71.3,24.5,VI,6
71.4,24.5,VI,6
71.5,24.5,VI,6
71.6,24.5,VI,6
71.7,24.5,VI,6
71.8,24.5,V,5
71.9,24.5,V,5
72,24.5,V,5
72.1,24.5,V,5
72.2,24.5,IV,4
72.3,24.5,IV,4
72.4,24.5,IV,4
72.5,24.5,IV,4
72.6,24.5,IV,4
72.7,24.5,IV,4
72.8,24.5,III,3
72.9,24.5,III,3
73,24.5,III,3
73.1,24.5,III,3
73.2,24.5,III,3
73.3,24.5,III,3
73.4,24.5,III,3
73.5,24.5,III,3
73.6,24.5,III,3
73.7,24.5,II,2
73.8,24.5,II,2
73.9,24.5,II,2
74,24.5,II,2
74.1,24.5,II,2
74.2,24.5,II,2
74.3,24.5,II,2
74.4,24.5,II,2
74.5,24.5,II,2
74.6,24.5,II,2
74.7,24.5,II,2
74.8,24.5,II,2
74.9,24.5,II,2
75,24.5,II,2
75.1,24.5,II,2
75.2,24.5,II,2
75.3,24.5,II,2
75.4,24.5,II,2
75.5,24.5,II,2
75.6,24.5,II,2
75.7,24.5,II,2
75.8,24.5,II,2
75.9,24.5,II,2
76,24.5,II,2
76.1,24.5,II,2
76.2,24.5,II,2
76.3,24.5,II,2
76.4,24.5,II,2
76.5,24.5,II,2
76.6,24.5,II,2
76.7,24.5,II,2
76.8,24.5,II,2
76.9,24.5,II,2
77,24.5,II,2
77.1,24.5,II,2
77.2,24.5,II,2
77.3,24.5,II,2
77.4,24.5,II,2
77.5,24.5,II,2
77.6,24.5,II,2
77.7,24.5,II,2
77.8,24.5,II,2
77.9,24.5,II,2
78,24.5,II,2
78.1,24.5,II,2
78.2,24.5,II,2
78.3,24.5,II,2
78.4,24.5,II,2
78.5,24.5,II,2
78.6,24.5,II,2
78.7,24.5,II,2
78.8,24.5,II,2
78.9,24.5,II,2
79,24.5,II,2
79.1,24.5,II,2
79.2,24.5,II,2
79.3,24.5,II,2
79.4,24.5,II,2
79.5,24.5,II,2
79.6,24.5,II,2
79.7,24.5,II,2
79.8,24.5,II,2
79.9,24.5,II,2
80,24.5,II,2
80.1,24.5,II,2
80.2,24.5,II,2
80.3,24.5,II,2
80.4,24.5,II,2
80.5,24.5,II,2
80.6,24.5,II,2
80.7,24.5,II,2
80.8,24.5,II,2
80.9,24.5,II,2
81,24.5,II,2
81.1,24.5,II,2
81.2,24.5,II,2
81.3,24.5,II,2
81.4,24.5,III,3
81.5,24.5,III,3
81.6,24.5,III,3
81.7,24.5,III,3
81.8,24.5,III,3
81.9,24.5,III,3
82,24.5,III,3
82.1,24.5,III,3
82.2,24.5,III,3
82.3,24.5,IV,4
82.4,24.5,IV,4
82.5,24.5,IV,4
82.6,24.5,IV,4
82.7,24.5,IV,4
82.8,24.5,IV,4
82.9,24.5,III,3
83,24.5,III,3
83.1,24.5,III,3
83.2,24.5,III,3
83.3,24.5,III,3
83.4,24.5,III,3
83.5,24.5,III,3
83.6,24.5,III,3
83.7,24.5,III,3
83.8,24.5,III,3
83.9,24.5,III,3
84,24.5,III,3
84.1,24.5,III,3
84.2,24.5,III,3
84.3,24.5,II,2
84.4,24.5,II,2
84.5,24.5,II,2
84.6,24.5,II,2
84.7,24.5,II,2
84.8,24.5,II,2
84.9,24.5,II,2
85,24.5,II,2
85.1,24.5,II,2
85.2,24.5,II,2
85.3,24.5,II,2
85.4,24.5,II,2
85.5,24.5,II,2
85.6,24.5,II,2
85.7,24.5,II,2
85.8,24.5,II,2
85.9,24.5,II,2
86,24.5,II,2
86.1,24.5,III,3
86.2,24.5,III,3
86.3,24.5,III,3
86.4,24.5,III,3
86.5,24.5,III,3
86.6,24.5,III,3
86.7,24.5,III,3
86.8,24.5,III,3
86.9,24.5,IV,4
87,24.5,IV,4
87.1,24.5,IV,4
87.2,24.5,IV,4
87.3,24.5,IV,4
87.4,24.5,IV,4
87.5,24.5,IV,4
87.6,24.5,V,5
87.7,24.5,V,5
87.8,24.5,V,5
87.9,24.5,V,5
88,24.5,V,5
88.1,24.5,V,5
92.2,24.5,VI,6
92.3,24.5,VI,6
92.4,24.5,VI,6
92.5,24.5,VI,6
92.6,24.5,VI,6
92.7,24.5,VI,6
92.8,24.5,VI,6
92.9,24.5,VI,6
93,24.5,VI,6
93.1,24.5,VI,6
93.2,24.5,VI,6
93.3,24.5,VI,6
93.4,24.5,VI,6
93.5,24.5,VI,6
93.6,24.5,VI,6
93.7,24.5,VI,6
93.8,24.5,VI,6
93.9,24.5,VI,6
94,24.5,VI,6
94.1,24.5,VI,6
94.2,24.5,VI,6
94.3,24.5,VI,6
94.4,24.5,VI,6
71,24.6,VI,6
71.1,24.6,VI,6
71.2,24.6,VI,6
71.3,24.6,VI,6
71.4,24.6,VI,6
71.5,24.6,VI,6
71.6,24.6,VI,6
71.7,24.6,V,5
71.8,24.6,V,5
71.9,24.6,V,5
72,24.6,V,5
72.1,24.6,V,5
72.2,24.6,IV,4
72.3,24.6,IV,4
72.4,24.6,IV,4
72.5,24.6,IV,4
72.6,24.6,IV,4
72.7,24.6,IV,4
72.8,24.6,III,3
72.9,24.6,III,3
73,24.6,III,3
73.1,24.6,III,3
73.2,24.6,III,3
73.3,24.6,III,3
73.4,24.6,III,3
73.5,24.6,III,3
73.6,24.6,III,3
73.7,24.6,III,3
73.8,24.6,II,2
73.9,24.6,II,2
74,24.6,II,2
74.1,24.6,II,2
74.2,24.6,II,2
74.3,24.6,II,2
74.4,24.6,II,2
74.5,24.6,II,2
74.6,24.6,II,2
74.7,24.6,II,2
74.8,24.6,II,2
74.9,24.6,II,2
75,24.6,II,2
75.1,24.6,II,2
75.2,24.6,II,2
75.3,24.6,II,2
75.4,24.6,II,2
75.5,24.6,II,2
75.6,24.6,II,2
75.7,24.6,II,2
75.8,24.6,II,2
75.9,24.6,II,2
76,24.6,II,2
76.1,24.6,II,2
76.2,24.6,II,2
76.3,24.6,II,2
76.4,24.6,II,2
76.5,24.6,II,2
76.6,24.6,II,2
76.7,24.6,II,2
76.8,24.6,II,2
76.9,24.6,II,2
77,24.6,II,2
77.1,24.6,II,2
77.2,24.6,II,2
77.3,24.6,II,2
77.4,24.6,II,2
77.5,24.6,II,2
77.6,24.6,II,2
77.7,24.6,II,2
77.8,24.6,II,2
77.9,24.6,II,2
78,24.6,II,2
78.1,24.6,II,2
78.2,24.6,II,2
78.3,24.6,II,2
78.4,24.6,II,2
78.5,24.6,II,2
78.6,24.6,II,2
78.7,24.6,II,2
78.8,24.6,II,2
78.9,24.6,II,2
79,24.6,II,2
79.1,24.6,II,2
79.2,24.6,II,2
79.3,24.6,II,2
79.4,24.6,II,2
79.5,24.6,II,2
79.6,24.6,II,2
79.7,24.6,II,2
79.8,24.6,II,2
79.9,24.6,II,2
80,24.6,II,2
80.1,24.6,II,2
80.2,24.6,II,2
80.3,24.6,II,2
80.4,24.6,II,2
80.5,24.6,II,2
80.6,24.6,II,2
80.7,24.6,II,2
80.8,24.6,II,2
80.9,24.6,II,2
81,24.6,II,2
81.1,24.6,II,2
81.2,24.6,II,2
81.3,24.6,II,2
81.4,24.6,II,2
81.5,24.6,II,2
81.6,24.6,III,3
81.7,24.6,III,3
81.8,24.6,III,3
81.9,24.6,III,3
82,24.6,III,3
82.1,24.6,III,3
82.2,24.6,III,3
82.3,24.6,III,3
82.4,24.6,III,3
82.5,24.6,III,3
82.6,24.6,III,3
82.7,24.6,III,3
82.8,24.6,III,3
82.9,24.6,III,3
83,24.6,III,3
83.1,24.6,III,3
83.2,24.6,III,3
83.3,24.6,III,3
83.4,24.6,III,3
83.5,24.6,III,3
83.6,24.6,III,3
83.7,24.6,III,3
83.8,24.6,III,3
83.9,24.6,III,3
84,24.6,III,3
84.1,24.6,III,3
84.2,24.6,III,3
84.3,24.6,III,3
84.4,24.6,II,2
84.5,24.6,II,2
84.6,24.6,II,2
84.7,24.6,II,2
84.8,24.6,II,2
84.9,24.6,II,2
85,24.6,II,2
85.1,24.6,II,2
85.2,24.6,II,2
85.3,24.6,II,2
85.4,24.6,II,2
85.5,24.6,II,2
85.6,24.6,II,2
85.7,24.6,II,2
85.8,24.6,II,2
85.9,24.6,III,3
86,24.6,III,3
86.1,24.6,III,3
86.2,24.6,III,3
86.3,24.6,III,3
86.4,24.6,III,3
86.5,24.6,III,3
86.6,24.6,III,3
86.7,24.6,III,3
86.8,24.6,III,3
86.9,24.6,IV,4
87,24.6,IV,4
87.1,24.6,IV,4
87.2,24.6,IV,4
87.3,24.6,IV,4
87.4,24.6,IV,4
87.5,24.6,IV,4
87.6,24.6,V,5
87.7,24.6,V,5
87.8,24.6,V,5
87.9,24.6,V,5
88,24.6,V,5
92.3,24.6,VI,6
92.4,24.6,VI,6
92.5,24.6,VI,6
92.6,24.6,VI,6
92.7,24.6,VI,6
92.8,24.6,VI,6
92.9,24.6,VI,6
93,24.6,VI,6
93.1,24.6,VI,6
93.2,24.6,VI,6
93.3,24.6,VI,6
93.4,24.6,VI,6
93.5,24.6,VI,6
93.6,24.6,VI,6
93.7,24.6,VI,6
93.8,24.6,VI,6
93.9,24.6,VI,6
94,24.6,VI,6
94.1,24.6,VI,6
94.2,24.6,VI,6
94.3,24.6,VI,6
94.4,24.6,VI,6
94.5,24.6,III,3
71.1,24.7,VI,6
71.2,24.7,VI,6
71.3,24.7,VI,6
71.4,24.7,VI,6
71.5,24.7,VI,6
71.6,24.7,VI,6
71.7,24.7,V,5
71.8,24.7,V,5
71.9,24.7,V,5
72,24.7,V,5
72.1,24.7,V,5
72.2,24.7,IV,4
72.3,24.7,IV,4
72.4,24.7,IV,4
72.5,24.7,IV,4
72.6,24.7,IV,4
72.7,24.7,IV,4
72.8,24.7,III,3
72.9,24.7,III,3
73,24.7,III,3
73.1,24.7,III,3
73.2,24.7,III,3
73.3,24.7,III,3
73.4,24.7,III,3
73.5,24.7,III,3
73.6,24.7,III,3
73.7,24.7,III,3
73.8,24.7,III,3
73.9,24.7,II,2
74,24.7,II,2
74.1,24.7,II,2
74.2,24.7,II,2
74.3,24.7,II,2
74.4,24.7,II,2
74.5,24.7,II,2
74.6,24.7,II,2
74.7,24.7,II,2
74.8,24.7,II,2
74.9,24.7,II,2
75,24.7,II,2
75.1,24.7,II,2
75.2,24.7,II,2
75.3,24.7,II,2
75.4,24.7,II,2
75.5,24.7,II,2
75.6,24.7,II,2
75.7,24.7,II,2
75.8,24.7,II,2
75.9,24.7,II,2
76,24.7,II,2
76.1,24.7,II,2
76.2,24.7,II,2
76.3,24.7,II,2
76.4,24.7,II,2
76.5,24.7,II,2
76.6,24.7,II,2
76.7,24.7,II,2
76.8,24.7,II,2
76.9,24.7,II,2
77,24.7,II,2
77.1,24.7,II,2
77.2,24.7,II,2
77.3,24.7,II,2
77.4,24.7,II,2
77.5,24.7,II,2
77.6,24.7,II,2
77.7,24.7,II,2
77.8,24.7,II,2
77.9,24.7,II,2
78,24.7,II,2
78.1,24.7,II,2
78.2,24.7,II,2
78.3,24.7,II,2
78.4,24.7,II,2
78.5,24.7,II,2
78.6,24.7,II,2
78.7,24.7,II,2
78.8,24.7,II,2
78.9,24.7,II,2
79,24.7,II,2
79.1,24.7,II,2
79.2,24.7,II,2
79.3,24.7,II,2
79.4,24.7,II,2
79.5,24.7,II,2
79.6,24.7,II,2
79.7,24.7,II,2
79.8,24.7,II,2
79.9,24.7,II,2
80,24.7,II,2
80.1,24.7,II,2
80.2,24.7,II,2
80.3,24.7,II,2
80.4,24.7,II,2
80.5,24.7,II,2
80.6,24.7,II,2
80.7,24.7,II,2
80.8,24.7,II,2
80.9,24.7,II,2
81,24.7,II,2
81.1,24.7,II,2
81.2,24.7,II,2
81.3,24.7,II,2
81.4,24.7,II,2
81.5,24.7,II,2
81.6,24.7,II,2
81.7,24.7,II,2
81.8,24.7,III,3
81.9,24.7,III,3
82,24.7,III,3
82.1,24.7,III,3
82.2,24.7,III,3
82.3,24.7,III,3
82.4,24.7,III,3
82.5,24.7,III,3
82.6,24.7,III,3
82.7,24.7,III,3
82.8,24.7,III,3
82.9,24.7,III,3
83,24.7,III,3
83.1,24.7,III,3
83.2,24.7,III,3
83.3,24.7,III,3
83.4,24.7,III,3
83.5,24.7,III,3
83.6,24.7,III,3
83.7,24.7,III,3
83.8,24.7,III,3
83.9,24.7,III,3
84,24.7,III,3
84.1,24.7,III,3
84.2,24.7,III,3
84.3,24.7,III,3
84.4,24.7,III,3
84.5,24.7,III,3
84.6,24.7,III,3
84.7,24.7,III,3
84.8,24.7,III,3
84.9,24.7,III,3
85,24.7,III,3
85.1,24.7,III,3
85.2,24.7,III,3
85.3,24.7,III,3
85.4,24.7,III,3
85.5,24.7,III,3
85.6,24.7,III,3
85.7,24.7,III,3
85.8,24.7,III,3
85.9,24.7,III,3
86,24.7,III,3
86.1,24.7,III,3
86.2,24.7,III,3
86.3,24.7,III,3
86.4,24.7,III,3
86.5,24.7,III,3
86.6,24.7,III,3
86.7,24.7,III,3
86.8,24.7,IV,4
86.9,24.7,IV,4
87,24.7,IV,4
87.1,24.7,IV,4
87.2,24.7,IV,4
87.3,24.7,IV,4
87.4,24.7,IV,4
87.5,24.7,V,5
87.6,24.7,V,5
87.7,24.7,V,5
87.8,24.7,V,5
87.9,24.7,V,5
88,24.7,V,5
92.3,24.7,VI,6
92.4,24.7,VI,6
92.5,24.7,VI,6
92.6,24.7,VI,6
92.7,24.7,VI,6
92.8,24.7,VI,6
92.9,24.7,VI,6
93,24.7,VI,6
93.1,24.7,VI,6
93.2,24.7,VI,6
93.3,24.7,VI,6
93.4,24.7,VI,6
93.5,24.7,VI,6
93.6,24.7,VI,6
93.7,24.7,VI,6
93.8,24.7,VI,6
93.9,24.7,VI,6
94,24.7,VI,6
94.1,24.7,VI,6
94.2,24.7,VI,6
94.3,24.7,VI,6
94.4,24.7,VI,6
94.5,24.7,VI,6
71.1,24.8,VI,6
71.2,24.8,VI,6
71.3,24.8,VI,6
71.4,24.8,VI,6
71.5,24.8,VI,6
71.6,24.8,V,5
71.7,24.8,V,5
71.8,24.8,V,5
71.9,24.8,V,5
72,24.8,V,5
72.1,24.8,V,5
72.2,24.8,IV,4
72.3,24.8,IV,4
72.4,24.8,IV,4
72.5,24.8,IV,4
72.6,24.8,IV,4
72.7,24.8,IV,4
72.8,24.8,III,3
72.9,24.8,III,3
73,24.8,III,3
73.1,24.8,III,3
73.2,24.8,III,3
73.3,24.8,III,3
73.4,24.8,III,3
73.5,24.8,III,3
73.6,24.8,III,3
73.7,24.8,III,3
73.8,24.8,III,3
73.9,24.8,II,2
74,24.8,II,2
74.1,24.8,II,2
74.2,24.8,II,2
74.3,24.8,II,2
74.4,24.8,II,2
74.5,24.8,II,2
74.6,24.8,II,2
74.7,24.8,II,2
74.8,24.8,II,2
74.9,24.8,II,2
75,24.8,II,2
75.1,24.8,II,2
75.2,24.8,II,2
75.3,24.8,II,2
75.4,24.8,II,2
75.5,24.8,II,2
75.6,24.8,II,2
75.7,24.8,II,2
75.8,24.8,II,2
75.9,24.8,II,2
76,24.8,II,2
76.1,24.8,II,2
76.2,24.8,II,2
76.3,24.8,II,2
76.4,24.8,II,2
76.5,24.8,II,2
76.6,24.8,II,2
76.7,24.8,II,2
76.8,24.8,II,2
76.9,24.8,II,2
77,24.8,II,2
77.1,24.8,II,2
77.2,24.8,II,2
77.3,24.8,II,2
77.4,24.8,II,2
77.5,24.8,II,2
77.6,24.8,II,2
77.7,24.8,II,2
77.8,24.8,II,2
77.9,24.8,II,2
78,24.8,II,2
78.1,24.8,II,2
78.2,24.8,II,2
78.3,24.8,II,2
78.4,24.8,II,2
78.5,24.8,II,2
78.6,24.8,II,2
78.7,24.8,II,2
78.8,24.8,II,2
78.9,24.8,II,2
79,24.8,II,2
79.1,24.8,II,2
79.2,24.8,II,2
79.3,24.8,II,2
79.4,24.8,II,2
79.5,24.8,II,2
79.6,24.8,II,2
79.7,24.8,II,2
79.8,24.8,II,2
79.9,24.8,II,2
80,24.8,II,2
80.1,24.8,II,2
80.2,24.8,II,2
80.3,24.8,II,2
80.4,24.8,II,2
80.5,24.8,II,2
80.6,24.8,II,2
80.7,24.8,II,2
80.8,24.8,II,2
80.9,24.8,II,2
81,24.8,II,2
81.1,24.8,II,2
81.2,24.8,II,2
81.3,24.8,II,2
81.4,24.8,II,2
81.5,24.8,II,2
81.6,24.8,II,2
81.7,24.8,II,2
81.8,24.8,II,2
81.9,24.8,II,2
82,24.8,III,3
82.1,24.8,III,3
82.2,24.8,III,3
82.3,24.8,III,3
82.4,24.8,III,3
82.5,24.8,III,3
82.6,24.8,III,3
82.7,24.8,III,3
82.8,24.8,III,3
82.9,24.8,III,3
83,24.8,III,3
83.1,24.8,III,3
83.2,24.8,III,3
83.3,24.8,III,3
83.4,24.8,III,3
83.5,24.8,III,3
83.6,24.8,III,3
83.7,24.8,III,3
83.8,24.8,III,3
83.9,24.8,III,3
84,24.8,III,3
84.1,24.8,III,3
84.2,24.8,III,3
84.3,24.8,III,3
84.4,24.8,III,3
84.5,24.8,III,3
84.6,24.8,III,3
84.7,24.8,III,3
84.8,24.8,III,3
84.9,24.8,III,3
85,24.8,III,3
85.1,24.8,III,3
85.2,24.8,III,3
85.3,24.8,III,3
85.4,24.8,III,3
85.5,24.8,III,3
85.6,24.8,III,3
85.7,24.8,III,3
85.8,24.8,III,3
85.9,24.8,III,3
86,24.8,III,3
86.1,24.8,III,3
86.2,24.8,III,3
86.3,24.8,III,3
86.4,24.8,III,3
86.5,24.8,III,3
86.6,24.8,III,3
86.7,24.8,IV,4
86.8,24.8,IV,4
86.9,24.8,IV,4
87,24.8,IV,4
87.1,24.8,IV,4
87.2,24.8,IV,4
87.3,24.8,IV,4
87.4,24.8,V,5
87.5,24.8,V,5
87.6,24.8,V,5
87.7,24.8,V,5
87.8,24.8,V,5
87.9,24.8,V,5
88,24.8,V,5
88.1,24.8,V,5
92.3,24.8,VI,6
92.4,24.8,VI,6
92.5,24.8,VI,6
92.6,24.8,VI,6
92.7,24.8,VI,6
92.8,24.8,VI,6
92.9,24.8,VI,6
93,24.8,VI,6
93.1,24.8,VI,6
93.2,24.8,VI,6
93.3,24.8,VI,6
93.4,24.8,VI,6
93.5,24.8,VI,6
93.6,24.8,VI,6
93.7,24.8,VI,6
93.8,24.8,VI,6
93.9,24.8,VI,6
94,24.8,VI,6
94.1,24.8,VI,6
94.2,24.8,VI,6
94.3,24.8,VI,6
94.4,24.8,VI,6
94.5,24.8,VI,6
94.6,24.8,VI,6
71,24.9,VI,6
71.1,24.9,VI,6
71.2,24.9,VI,6
71.3,24.9,VI,6
71.4,24.9,VI,6
71.5,24.9,V,5
71.6,24.9,V,5
71.7,24.9,V,5
71.8,24.9,V,5
71.9,24.9,V,5
72,24.9,V,5
72.1,24.9,IV,4
72.2,24.9,IV,4
72.3,24.9,IV,4
72.4,24.9,IV,4
72.5,24.9,IV,4
72.6,24.9,IV,4
72.7,24.9,IV,4
72.8,24.9,III,3
72.9,24.9,III,3
73,24.9,III,3
73.1,24.9,III,3
73.2,24.9,III,3
73.3,24.9,III,3
73.4,24.9,III,3
73.5,24.9,III,3
73.6,24.9,III,3
73.7,24.9,III,3
73.8,24.9,III,3
73.9,24.9,II,2
74,24.9,II,2
74.1,24.9,II,2
74.2,24.9,II,2
74.3,24.9,II,2
74.4,24.9,II,2
74.5,24.9,II,2
74.6,24.9,II,2
74.7,24.9,II,2
74.8,24.9,II,2
74.9,24.9,II,2
75,24.9,II,2
75.1,24.9,II,2
75.2,24.9,II,2
75.3,24.9,II,2
75.4,24.9,II,2
75.5,24.9,II,2
75.6,24.9,II,2
75.7,24.9,II,2
75.8,24.9,II,2
75.9,24.9,II,2
76,24.9,II,2
76.1,24.9,II,2
76.2,24.9,II,2
76.3,24.9,II,2
76.4,24.9,II,2
76.5,24.9,II,2
76.6,24.9,II,2
76.7,24.9,II,2
76.8,24.9,II,2
76.9,24.9,II,2
77,24.9,II,2
77.1,24.9,II,2
77.2,24.9,II,2
77.3,24.9,II,2
77.4,24.9,II,2
77.5,24.9,II,2
77.6,24.9,II,2
77.7,24.9,II,2
77.8,24.9,II,2
77.9,24.9,II,2
78,24.9,II,2
78.1,24.9,II,2
78.2,24.9,II,2
78.3,24.9,II,2
78.4,24.9,II,2
78.5,24.9,II,2
78.6,24.9,II,2
78.7,24.9,II,2
78.8,24.9,II,2
78.9,24.9,II,2
79,24.9,II,2
79.1,24.9,II,2
79.2,24.9,II,2
79.3,24.9,II,2
79.4,24.9,II,2
79.5,24.9,II,2
79.6,24.9,II,2
79.7,24.9,II,2
79.8,24.9,II,2
79.9,24.9,II,2
80,24.9,II,2
80.1,24.9,II,2
80.2,24.9,II,2
80.3,24.9,II,2
80.4,24.9,II,2
80.5,24.9,II,2
80.6,24.9,II,2
80.7,24.9,II,2
80.8,24.9,II,2
80.9,24.9,II,2
81,24.9,II,2
81.1,24.9,II,2
81.2,24.9,II,2
81.3,24.9,II,2
81.4,24.9,II,2
81.5,24.9,II,2
81.6,24.9,II,2
81.7,24.9,II,2
81.8,24.9,II,2
81.9,24.9,II,2
82,24.9,II,2
82.1,24.9,III,3
82.2,24.9,III,3
82.3,24.9,III,3
82.4,24.9,III,3
82.5,24.9,III,3
82.6,24.9,III,3
82.7,24.9,III,3
82.8,24.9,III,3
82.9,24.9,III,3
83,24.9,III,3
83.1,24.9,III,3
83.2,24.9,III,3
83.3,24.9,III,3
83.4,24.9,III,3
83.5,24.9,III,3
83.6,24.9,III,3
83.7,24.9,III,3
83.8,24.9,III,3
83.9,24.9,III,3
84,24.9,III,3
84.1,24.9,III,3
84.2,24.9,III,3
84.3,24.9,III,3
84.4,24.9,III,3
84.5,24.9,III,3
84.6,24.9,III,3
84.7,24.9,III,3
84.8,24.9,III,3
84.9,24.9,III,3
85,24.9,III,3
85.1,24.9,III,3
85.2,24.9,III,3
85.3,24.9,III,3
85.4,24.9,III,3
85.5,24.9,III,3
85.6,24.9,III,3
85.7,24.9,III,3
85.8,24.9,III,3
85.9,24.9,III,3
86,24.9,III,3
86.1,24.9,III,3
86.2,24.9,III,3
86.3,24.9,III,3
86.4,24.9,III,3
86.5,24.9,III,3
86.6,24.9,IV,4
86.7,24.9,IV,4
86.8,24.9,IV,4
86.9,24.9,IV,4
87,24.9,IV,4
87.1,24.9,IV,4
87.2,24.9,IV,4
87.3,24.9,IV,4
87.4,24.9,V,5
87.5,24.9,V,5
87.6,24.9,V,5
87.7,24.9,V,5
87.8,24.9,V,5
87.9,24.9,V,5
88,24.9,V,5
88.1,24.9,V,5
88.3,24.9,III,3
92.3,24.9,VI,6
92.5,24.9,VI,6
92.6,24.9,VI,6
92.7,24.9,VI,6
92.8,24.9,VI,6
92.9,24.9,VI,6
93,24.9,VI,6
93.1,24.9,VI,6
93.2,24.9,VI,6
93.3,24.9,VI,6
93.4,24.9,VI,6
93.5,24.9,VI,6
93.6,24.9,VI,6
93.7,24.9,VI,6
93.8,24.9,VI,6
93.9,24.9,VI,6
94,24.9,VI,6
94.1,24.9,VI,6
94.2,24.9,VI,6
94.3,24.9,VI,6
94.4,24.9,VI,6
94.5,24.9,VI,6
94.6,24.9,VI,6
71,25,VI,6
71.1,25,VI,6
71.2,25,VI,6
71.3,25,VI,6
71.4,25,V,5
71.5,25,V,5
71.6,25,V,5
71.7,25,V,5
71.8,25,V,5
71.9,25,V,5
72,25,V,5
72.1,25,IV,4
72.2,25,IV,4
72.3,25,IV,4
72.4,25,IV,4
72.5,25,IV,4
72.6,25,IV,4
72.7,25,IV,4
72.8,25,III,3
72.9,25,III,3
73,25,III,3
73.1,25,III,3
73.2,25,III,3
73.3,25,III,3
73.4,25,III,3
73.5,25,III,3
73.6,25,III,3
73.7,25,III,3
73.8,25,III,3
73.9,25,II,2
74,25,II,2
74.1,25,II,2
74.2,25,II,2
74.3,25,II,2
74.4,25,II,2
74.5,25,II,2
74.6,25,II,2
74.7,25,II,2
74.8,25,II,2
74.9,25,II,2
75,25,II,2
75.1,25,II,2
75.2,25,II,2
75.3,25,II,2
75.4,25,II,2
75.5,25,II,2
75.6,25,II,2
75.7,25,II,2
75.8,25,II,2
75.9,25,II,2
76,25,II,2
76.1,25,II,2
76.2,25,II,2
76.3,25,II,2
76.4,25,II,2
76.5,25,II,2
76.6,25,II,2
76.7,25,II,2
76.8,25,II,2
76.9,25,II,2
77,25,II,2
77.1,25,II,2
77.2,25,II,2
77.3,25,II,2
77.4,25,II,2
77.5,25,II,2
77.6,25,II,2
77.7,25,II,2
77.8,25,II,2
77.9,25,II,2
78,25,II,2
78.1,25,II,2
78.2,25,II,2
78.3,25,II,2
78.4,25,II,2
78.5,25,II,2
78.6,25,II,2
78.7,25,II,2
78.8,25,II,2
78.9,25,II,2
79,25,II,2
79.1,25,II,2
79.2,25,II,2
79.3,25,II,2
79.4,25,II,2
79.5,25,II,2
79.6,25,II,2
79.7,25,II,2
79.8,25,II,2
79.9,25,II,2
80,25,II,2
80.1,25,II,2
80.2,25,II,2
80.3,25,II,2
80.4,25,II,2
80.5,25,II,2
80.6,25,II,2
80.7,25,II,2
80.8,25,II,2
80.9,25,II,2
81,25,II,2
81.1,25,II,2
81.2,25,II,2
81.3,25,II,2
81.4,25,II,2
81.5,25,II,2
81.6,25,II,2
81.7,25,II,2
81.8,25,II,2
81.9,25,II,2
82,25,II,2
82.1,25,II,2
82.2,25,III,3
82.3,25,III,3
82.4,25,III,3
82.5,25,III,3
82.6,25,III,3
82.7,25,III,3
82.8,25,III,3
82.9,25,III,3
83,25,III,3
83.1,25,III,3
83.2,25,III,3
83.3,25,III,3
83.4,25,III,3
83.5,25,III,3
83.6,25,III,3
83.7,25,III,3
83.8,25,III,3
83.9,25,III,3
84,25,III,3
84.1,25,III,3
84.2,25,III,3
84.3,25,III,3
84.4,25,III,3
84.5,25,III,3
84.6,25,III,3
84.7,25,III,3
84.8,25,III,3
84.9,25,III,3
85,25,III,3
85.1,25,III,3
85.2,25,III,3
85.3,25,III,3
85.4,25,III,3
85.5,25,III,3
85.6,25,III,3
85.7,25,III,3
85.8,25,III,3
85.9,25,III,3
86,25,III,3
86.1,25,III,3
86.2,25,IV,4
86.3,25,IV,4
86.4,25,IV,4
86.5,25,IV,4
86.6,25,IV,4
86.7,25,IV,4
86.8,25,IV,4
86.9,25,IV,4
87,25,IV,4
87.1,25,IV,4
87.2,25,IV,4
87.3,25,V,5
87.4,25,V,5
87.5,25,V,5
87.6,25,V,5
87.7,25,V,5
87.8,25,V,5
87.9,25,V,5
88,25,V,5
88.1,25,V,5
88.2,25,V,5
88.3,25,V,5
88.4,25,V,5
92.5,25,VI,6
92.6,25,VI,6
92.7,25,VI,6
92.8,25,VI,6
92.9,25,VI,6
93,25,VI,6
93.1,25,VI,6
93.2,25,VI,6
93.3,25,VI,6
93.4,25,VI,6
93.5,25,VI,6
93.6,25,VI,6
93.7,25,VI,6
93.8,25,VI,6
93.9,25,VI,6
94,25,VI,6
94.1,25,VI,6
94.2,25,VI,6
94.3,25,VI,6
94.4,25,VI,6
94.5,25,VI,6
94.6,25,VI,6
94.7,25,VI,6
70.9,25.1,V,5
71,25.1,V,5
71.1,25.1,V,5
71.2,25.1,V,5
71.3,25.1,V,5
71.4,25.1,V,5
71.5,25.1,V,5
71.6,25.1,V,5
71.7,25.1,V,5
71.8,25.1,V,5
71.9,25.1,V,5
72,25.1,IV,4
72.1,25.1,IV,4
72.2,25.1,IV,4
72.3,25.1,IV,4
72.4,25.1,IV,4
72.5,25.1,IV,4
72.6,25.1,IV,4
72.7,25.1,IV,4
72.8,25.1,III,3
72.9,25.1,III,3
73,25.1,III,3
73.1,25.1,III,3
73.2,25.1,III,3
73.3,25.1,III,3
73.4,25.1,III,3
73.5,25.1,III,3
73.6,25.1,III,3
73.7,25.1,III,3
73.8,25.1,III,3
73.9,25.1,II,2
74,25.1,II,2
74.1,25.1,II,2
74.2,25.1,II,2
74.3,25.1,II,2
74.4,25.1,II,2
74.5,25.1,II,2
74.6,25.1,II,2
74.7,25.1,II,2
74.8,25.1,II,2
74.9,25.1,II,2
75,25.1,II,2
75.1,25.1,II,2
75.2,25.1,II,2
75.3,25.1,II,2
75.4,25.1,II,2
75.5,25.1,II,2
75.6,25.1,II,2
75.7,25.1,II,2
75.8,25.1,II,2
75.9,25.1,II,2
76,25.1,II,2
76.1,25.1,II,2
76.2,25.1,II,2
76.3,25.1,II,2
76.4,25.1,II,2
76.5,25.1,II,2
76.6,25.1,II,2
76.7,25.1,II,2
76.8,25.1,II,2
76.9,25.1,II,2
77,25.1,II,2
77.1,25.1,II,2
77.2,25.1,II,2
77.3,25.1,II,2
77.4,25.1,II,2
77.5,25.1,II,2
77.6,25.1,II,2
77.7,25.1,II,2
77.8,25.1,II,2
77.9,25.1,II,2
78,25.1,II,2
78.1,25.1,II,2
78.2,25.1,II,2
78.3,25.1,II,2
78.4,25.1,II,2
78.5,25.1,II,2
78.6,25.1,II,2
78.7,25.1,II,2
78.8,25.1,II,2
78.9,25.1,II,2
79,25.1,II,2
79.1,25.1,II,2
79.2,25.1,II,2
79.3,25.1,II,2
79.4,25.1,II,2
79.5,25.1,II,2
79.6,25.1,II,2
79.7,25.1,II,2
79.8,25.1,II,2
79.9,25.1,II,2
80,25.1,II,2
80.1,25.1,II,2
80.2,25.1,II,2
80.3,25.1,II,2
80.4,25.1,II,2
80.5,25.1,II,2
80.6,25.1,II,2
80.7,25.1,II,2
80.8,25.1,II,2
80.9,25.1,II,2
81,25.1,II,2
81.1,25.1,II,2
81.2,25.1,II,2
81.3,25.1,II,2
81.4,25.1,II,2
81.5,25.1,II,2
81.6,25.1,II,2
81.7,25.1,II,2
81.8,25.1,II,2
81.9,25.1,II,2
82,25.1,II,2
82.1,25.1,II,2
82.2,25.1,II,2
82.3,25.1,III,3
82.4,25.1,III,3
82.5,25.1,III,3
82.6,25.1,III,3
82.7,25.1,III,3
82.8,25.1,III,3
82.9,25.1,III,3
83,25.1,III,3
83.1,25.1,III,3
83.2,25.1,III,3
83.3,25.1,III,3
83.4,25.1,III,3
83.5,25.1,III,3
83.6,25.1,III,3
83.7,25.1,III,3
83.8,25.1,III,3
83.9,25.1,III,3
84,25.1,III,3
84.1,25.1,III,3
84.2,25.1,III,3
84.3,25.1,III,3
84.4,25.1,III,3
84.5,25.1,III,3
84.6,25.1,III,3
84.7,25.1,III,3
84.8,25.1,III,3
84.9,25.1,III,3
85,25.1,III,3
85.1,25.1,III,3
85.2,25.1,III,3
85.3,25.1,III,3
85.4,25.1,III,3
85.5,25.1,III,3
85.6,25.1,III,3
85.7,25.1,III,3
85.8,25.1,IV,4
85.9,25.1,IV,4
86,25.1,IV,4
86.1,25.1,IV,4
86.2,25.1,IV,4
86.3,25.1,IV,4
86.4,25.1,IV,4
86.5,25.1,IV,4
86.6,25.1,IV,4
86.7,25.1,IV,4
86.8,25.1,IV,4
86.9,25.1,IV,4
87,25.1,IV,4
87.1,25.1,IV,4
87.2,25.1,V,5
87.3,25.1,V,5
87.4,25.1,V,5
87.5,25.1,V,5
87.6,25.1,V,5
87.7,25.1,V,5
87.8,25.1,V,5
87.9,25.1,V,5
88,25.1,V,5
88.1,25.1,V,5
88.2,25.1,V,5
88.3,25.1,V,5
88.4,25.1,V,5
92.3,25.1,VI,6
92.4,25.1,VI,6
92.5,25.1,VI,6
92.6,25.1,VI,6
92.7,25.1,VI,6
92.8,25.1,VI,6
92.9,25.1,VI,6
93,25.1,VI,6
93.1,25.1,VI,6
93.2,25.1,VI,6
93.3,25.1,VI,6
93.4,25.1,VI,6
93.5,25.1,VI,6
93.6,25.1,VI,6
93.7,25.1,VI,6
93.8,25.1,VI,6
93.9,25.1,VI,6
94,25.1,VI,6
94.1,25.1,VI,6
94.2,25.1,VI,6
94.3,25.1,VI,6
94.4,25.1,VI,6
94.5,25.1,VI,6
94.6,25.1,VI,6
94.7,25.1,VI,6
70.9,25.2,V,5
71,25.2,V,5
71.1,25.2,V,5
71.2,25.2,V,5
71.3,25.2,V,5
71.4,25.2,V,5
71.5,25.2,V,5
71.6,25.2,V,5
71.7,25.2,V,5
71.8,25.2,V,5
71.9,25.2,V,5
72,25.2,IV,4
72.1,25.2,IV,4
72.2,25.2,IV,4
72.3,25.2,IV,4
72.4,25.2,IV,4
72.5,25.2,IV,4
72.6,25.2,IV,4
72.7,25.2,IV,4
72.8,25.2,III,3
72.9,25.2,III,3
73,25.2,III,3
73.1,25.2,III,3
73.2,25.2,III,3
73.3,25.2,III,3
73.4,25.2,III,3
73.5,25.2,III,3
73.6,25.2,III,3
73.7,25.2,III,3
73.8,25.2,III,3
73.9,25.2,II,2
74,25.2,II,2
74.1,25.2,II,2
74.2,25.2,II,2
74.3,25.2,II,2
74.4,25.2,II,2
74.5,25.2,II,2
74.6,25.2,II,2
74.7,25.2,II,2
74.8,25.2,II,2
74.9,25.2,II,2
75,25.2,II,2
75.1,25.2,II,2
75.2,25.2,II,2
75.3,25.2,II,2
75.4,25.2,II,2
75.5,25.2,II,2
75.6,25.2,II,2
75.7,25.2,II,2
75.8,25.2,II,2
75.9,25.2,II,2
76,25.2,II,2
76.1,25.2,II,2
76.2,25.2,II,2
76.3,25.2,II,2
76.4,25.2,II,2
76.5,25.2,II,2
76.6,25.2,II,2
76.7,25.2,II,2
76.8,25.2,II,2
76.9,25.2,II,2
77,25.2,II,2
77.1,25.2,II,2
77.2,25.2,II,2
77.3,25.2,II,2
77.4,25.2,II,2
77.5,25.2,II,2
77.6,25.2,II,2
77.7,25.2,II,2
77.8,25.2,II,2
77.9,25.2,II,2
78,25.2,II,2
78.1,25.2,II,2
78.2,25.2,II,2
78.3,25.2,II,2
78.4,25.2,II,2
78.5,25.2,II,2
78.6,25.2,II,2
78.7,25.2,II,2
78.8,25.2,II,2
78.9,25.2,II,2
79,25.2,II,2
79.1,25.2,II,2
79.2,25.2,II,2
79.3,25.2,II,2
79.4,25.2,II,2
79.5,25.2,II,2
79.6,25.2,II,2
79.7,25.2,II,2
79.8,25.2,II,2
79.9,25.2,II,2
80,25.2,II,2
80.1,25.2,II,2
80.2,25.2,II,2
80.3,25.2,II,2
80.4,25.2,II,2
80.5,25.2,II,2
80.6,25.2,II,2
80.7,25.2,II,2
80.8,25.2,II,2
80.9,25.2,II,2
81,25.2,II,2
81.1,25.2,II,2
81.2,25.2,II,2
81.3,25.2,II,2
81.4,25.2,II,2
81.5,25.2,II,2
81.6,25.2,II,2
81.7,25.2,II,2
81.8,25.2,II,2
81.9,25.2,II,2
82,25.2,II,2
82.1,25.2,II,2
82.2,25.2,II,2
82.3,25.2,II,2
82.4,25.2,II,2
82.5,25.2,III,3
82.6,25.2,III,3
82.7,25.2,III,3
82.8,25.2,III,3
82.9,25.2,III,3
83,25.2,III,3
83.1,25.2,III,3
83.2,25.2,III,3
83.3,25.2,III,3
83.4,25.2,III,3
83.5,25.2,III,3
83.6,25.2,III,3
83.7,25.2,III,3
83.8,25.2,III,3
83.9,25.2,III,3
84,25.2,III,3
84.1,25.2,III,3
84.2,25.2,III,3
84.3,25.2,III,3
84.4,25.2,III,3
84.5,25.2,III,3
84.6,25.2,III,3
84.7,25.2,III,3
84.8,25.2,III,3
84.9,25.2,III,3
85,25.2,III,3
85.1,25.2,III,3
85.2,25.2,III,3
85.3,25.2,III,3
85.4,25.2,IV,4
85.5,25.2,IV,4
85.6,25.2,IV,4
85.7,25.2,IV,4
85.8,25.2,IV,4
85.9,25.2,IV,4
86,25.2,IV,4
86.1,25.2,IV,4
86.2,25.2,IV,4
86.3,25.2,IV,4
86.4,25.2,IV,4
86.5,25.2,IV,4
86.6,25.2,IV,4
86.7,25.2,IV,4
86.8,25.2,IV,4
86.9,25.2,IV,4
87,25.2,IV,4
87.1,25.2,V,5
87.2,25.2,V,5
87.3,25.2,V,5
87.4,25.2,V,5
87.5,25.2,V,5
87.6,25.2,V,5
87.7,25.2,V,5
87.8,25.2,V,5
87.9,25.2,V,5
88,25.2,V,5
88.1,25.2,V,5
88.2,25.2,V,5
88.3,25.2,V,5
88.4,25.2,V,5
88.6,25.2,V,5
88.8,25.2,V,5
88.9,25.2,V,5
90.3,25.2,III,3
90.4,25.2,VI,6
90.5,25.2,VI,6
90.6,25.2,VI,6
90.7,25.2,VI,6
90.8,25.2,VI,6
90.9,25.2,VI,6
91,25.2,VI,6
91.1,25.2,VI,6
91.2,25.2,VI,6
91.3,25.2,VI,6
91.4,25.2,VI,6
91.5,25.2,VI,6
91.6,25.2,VI,6
91.7,25.2,VI,6
91.8,25.2,VI,6
91.9,25.2,VI,6
92,25.2,VI,6
92.1,25.2,VI,6
92.2,25.2,VI,6
92.3,25.2,VI,6
92.4,25.2,VI,6
92.5,25.2,VI,6
92.6,25.2,VI,6
92.7,25.2,VI,6
92.8,25.2,VI,6
92.9,25.2,VI,6
93,25.2,VI,6
93.1,25.2,VI,6
93.2,25.2,VI,6
93.3,25.2,VI,6
93.4,25.2,VI,6
93.5,25.2,VI,6
93.6,25.2,VI,6
93.7,25.2,VI,6
93.8,25.2,VI,6
93.9,25.2,VI,6
94,25.2,VI,6
94.1,25.2,VI,6
94.2,25.2,VI,6
94.3,25.2,VI,6
94.4,25.2,VI,6
94.5,25.2,VI,6
70.8,25.3,V,5
70.9,25.3,V,5
71,25.3,V,5
71.1,25.3,V,5
71.2,25.3,V,5
71.3,25.3,V,5
71.4,25.3,V,5
71.5,25.3,V,5
71.6,25.3,V,5
71.7,25.3,V,5
71.8,25.3,V,5
71.9,25.3,IV,4
72,25.3,IV,4
72.1,25.3,IV,4
72.2,25.3,IV,4
72.3,25.3,IV,4
72.4,25.3,IV,4
72.5,25.3,IV,4
72.6,25.3,IV,4
72.7,25.3,III,3
72.8,25.3,III,3
72.9,25.3,III,3
73,25.3,III,3
73.1,25.3,III,3
73.2,25.3,III,3
73.3,25.3,III,3
73.4,25.3,III,3
73.5,25.3,III,3
73.6,25.3,III,3
73.7,25.3,III,3
73.8,25.3,III,3
73.9,25.3,II,2
74,25.3,II,2
74.1,25.3,II,2
74.2,25.3,II,2
74.3,25.3,II,2
74.4,25.3,II,2
74.5,25.3,II,2
74.6,25.3,II,2
74.7,25.3,II,2
74.8,25.3,II,2
74.9,25.3,II,2
75,25.3,II,2
75.1,25.3,II,2
75.2,25.3,II,2
75.3,25.3,II,2
75.4,25.3,II,2
75.5,25.3,II,2
75.6,25.3,II,2
75.7,25.3,II,2
75.8,25.3,II,2
75.9,25.3,II,2
76,25.3,II,2
76.1,25.3,II,2
76.2,25.3,II,2
76.3,25.3,II,2
76.4,25.3,II,2
76.5,25.3,II,2
76.6,25.3,II,2
76.7,25.3,II,2
76.8,25.3,II,2
76.9,25.3,II,2
77,25.3,II,2
77.1,25.3,II,2
77.2,25.3,II,2
77.3,25.3,II,2
77.4,25.3,II,2
77.5,25.3,II,2
77.6,25.3,II,2
77.7,25.3,II,2
77.8,25.3,II,2
77.9,25.3,II,2
78,25.3,II,2
78.1,25.3,II,2
78.2,25.3,II,2
78.3,25.3,II,2
78.4,25.3,II,2
78.5,25.3,II,2
78.6,25.3,II,2
78.7,25.3,II,2
78.8,25.3,II,2
78.9,25.3,II,2
79,25.3,II,2
79.1,25.3,II,2
79.2,25.3,II,2
79.3,25.3,II,2
79.4,25.3,II,2
79.5,25.3,II,2
79.6,25.3,II,2
79.7,25.3,II,2
79.8,25.3,II,2
79.9,25.3,II,2
80,25.3,II,2
80.1,25.3,II,2
80.2,25.3,II,2
80.3,25.3,II,2
80.4,25.3,II,2
80.5,25.3,II,2
80.6,25.3,II,2
80.7,25.3,II,2
80.8,25.3,II,2
80.9,25.3,II,2
81,25.3,II,2
81.1,25.3,II,2
81.2,25.3,II,2
81.3,25.3,II,2
81.4,25.3,II,2
81.5,25.3,II,2
81.6,25.3,II,2
81.7,25.3,II,2
81.8,25.3,II,2
81.9,25.3,II,2
82,25.3,II,2
82.1,25.3,II,2
82.2,25.3,II,2
82.3,25.3,II,2
82.4,25.3,II,2
82.5,25.3,III,3
82.6,25.3,III,3
82.7,25.3,III,3
82.8,25.3,III,3
82.9,25.3,III,3
83,25.3,III,3
83.1,25.3,III,3
83.2,25.3,III,3
83.3,25.3,III,3
83.4,25.3,III,3
83.5,25.3,III,3
83.6,25.3,III,3
83.7,25.3,III,3
83.8,25.3,III,3
83.9,25.3,III,3
84,25.3,III,3
84.1,25.3,III,3
84.2,25.3,III,3
84.3,25.3,III,3
84.4,25.3,III,3
84.5,25.3,III,3
84.6,25.3,III,3
84.7,25.3,III,3
84.8,25.3,III,3
84.9,25.3,III,3
85,25.3,III,3
85.1,25.3,III,3
85.2,25.3,IV,4
85.3,25.3,IV,4
85.4,25.3,IV,4
85.5,25.3,IV,4
85.6,25.3,IV,4
85.7,25.3,IV,4
85.8,25.3,IV,4
85.9,25.3,IV,4
86,25.3,IV,4
86.1,25.3,IV,4
86.2,25.3,IV,4
86.3,25.3,IV,4
86.4,25.3,IV,4
86.5,25.3,IV,4
86.6,25.3,IV,4
86.7,25.3,IV,4
86.8,25.3,IV,4
86.9,25.3,V,5
87,25.3,V,5
87.1,25.3,V,5
87.2,25.3,V,5
87.3,25.3,V,5
87.4,25.3,V,5
87.5,25.3,V,5
87.6,25.3,V,5
87.7,25.3,V,5
87.8,25.3,V,5
87.9,25.3,V,5
88,25.3,V,5
88.1,25.3,V,5
88.2,25.3,V,5
88.3,25.3,V,5
88.4,25.3,V,5
88.5,25.3,V,5
88.6,25.3,V,5
88.7,25.3,V,5
88.8,25.3,V,5
88.9,25.3,V,5
89,25.3,III,3
90,25.3,VI,6
90.1,25.3,VI,6
90.2,25.3,VI,6
90.3,25.3,VI,6
90.4,25.3,VI,6
90.5,25.3,VI,6
90.6,25.3,VI,6
90.7,25.3,VI,6
90.8,25.3,VI,6
90.9,25.3,VI,6
91,25.3,VI,6
91.1,25.3,VI,6
91.2,25.3,VI,6
91.3,25.3,VI,6
91.4,25.3,VI,6
91.5,25.3,VI,6
91.6,25.3,VI,6
91.7,25.3,VI,6
91.8,25.3,VI,6
91.9,25.3,VI,6
92,25.3,VI,6
92.1,25.3,VI,6
92.2,25.3,VI,6
92.3,25.3,VI,6
92.4,25.3,VI,6
92.5,25.3,VI,6
92.6,25.3,VI,6
92.7,25.3,VI,6
92.8,25.3,VI,6
92.9,25.3,VI,6
93,25.3,VI,6
93.1,25.3,VI,6
93.2,25.3,VI,6
93.3,25.3,VI,6
93.4,25.3,VI,6
93.5,25.3,VI,6
93.6,25.3,VI,6
93.7,25.3,VI,6
93.8,25.3,VI,6
93.9,25.3,VI,6
94,25.3,VI,6
94.1,25.3,VI,6
94.2,25.3,VI,6
94.3,25.3,VI,6
94.4,25.3,VI,6
94.5,25.3,VI,6
94.6,25.3,VI,6
70.7,25.4,IV,4
70.8,25.4,V,5
70.9,25.4,V,5
71,25.4,V,5
71.1,25.4,V,5
71.2,25.4,V,5
71.3,25.4,V,5
71.4,25.4,V,5
71.5,25.4,V,5
71.6,25.4,V,5
71.7,25.4,V,5
71.8,25.4,IV,4
71.9,25.4,IV,4
72,25.4,IV,4
72.1,25.4,IV,4
72.2,25.4,IV,4
72.3,25.4,IV,4
72.4,25.4,IV,4
72.5,25.4,IV,4
72.6,25.4,III,3
72.7,25.4,III,3
72.8,25.4,III,3
72.9,25.4,III,3
73,25.4,III,3
73.1,25.4,III,3
73.2,25.4,III,3
73.3,25.4,III,3
73.4,25.4,III,3
73.5,25.4,III,3
73.6,25.4,III,3
73.7,25.4,III,3
73.8,25.4,II,2
73.9,25.4,II,2
74,25.4,II,2
74.1,25.4,II,2
74.2,25.4,II,2
74.3,25.4,II,2
74.4,25.4,II,2
74.5,25.4,II,2
74.6,25.4,II,2
74.7,25.4,II,2
74.8,25.4,II,2
74.9,25.4,II,2
75,25.4,II,2
75.1,25.4,II,2
75.2,25.4,II,2
75.3,25.4,II,2
75.4,25.4,II,2
75.5,25.4,II,2
75.6,25.4,II,2
75.7,25.4,II,2
75.8,25.4,II,2
75.9,25.4,II,2
76,25.4,II,2
76.1,25.4,II,2
76.2,25.4,II,2
76.3,25.4,II,2
76.4,25.4,II,2
76.5,25.4,II,2
76.6,25.4,II,2
76.7,25.4,II,2
76.8,25.4,II,2
76.9,25.4,II,2
77,25.4,II,2
77.1,25.4,II,2
77.2,25.4,II,2
77.3,25.4,II,2
77.4,25.4,II,2
77.5,25.4,II,2
77.6,25.4,II,2
77.7,25.4,II,2
77.8,25.4,II,2
77.9,25.4,II,2
78,25.4,II,2
78.1,25.4,II,2
78.2,25.4,II,2
78.3,25.4,II,2
78.4,25.4,II,2
78.5,25.4,II,2
78.6,25.4,II,2
78.7,25.4,II,2
78.8,25.4,II,2
78.9,25.4,II,2
79,25.4,II,2
79.1,25.4,II,2
79.2,25.4,II,2
79.3,25.4,II,2
79.4,25.4,II,2
79.5,25.4,II,2
79.6,25.4,II,2
79.7,25.4,II,2
79.8,25.4,II,2
79.9,25.4,II,2
80,25.4,II,2
80.1,25.4,II,2
80.2,25.4,II,2
80.3,25.4,II,2
80.4,25.4,II,2
80.5,25.4,II,2
80.6,25.4,II,2
80.7,25.4,II,2
80.8,25.4,II,2
80.9,25.4,II,2
81,25.4,II,2
81.1,25.4,II,2
81.2,25.4,II,2
81.3,25.4,II,2
81.4,25.4,II,2
81.5,25.4,II,2
81.6,25.4,II,2
81.7,25.4,II,2
81.8,25.4,II,2
81.9,25.4,II,2
82,25.4,II,2
82.1,25.4,II,2
82.2,25.4,II,2
82.3,25.4,II,2
82.4,25.4,II,2
82.5,25.4,II,2
82.6,25.4,III,3
82.7,25.4,III,3
82.8,25.4,III,3
82.9,25.4,III,3
83,25.4,III,3
83.1,25.4,III,3
83.2,25.4,III,3
83.3,25.4,III,3
83.4,25.4,III,3
83.5,25.4,III,3
83.6,25.4,III,3
83.7,25.4,III,3
83.8,25.4,III,3
83.9,25.4,III,3
84,25.4,III,3
84.1,25.4,III,3
84.2,25.4,III,3
84.3,25.4,III,3
84.4,25.4,III,3
84.5,25.4,III,3
84.6,25.4,III,3
84.7,25.4,III,3
84.8,25.4,III,3
84.9,25.4,III,3
85,25.4,IV,4
85.1,25.4,IV,4
85.2,25.4,IV,4
85.3,25.4,IV,4
85.4,25.4,IV,4
85.5,25.4,IV,4
85.6,25.4,IV,4
85.7,25.4,IV,4
85.8,25.4,IV,4
85.9,25.4,IV,4
86,25.4,IV,4
86.1,25.4,IV,4
86.2,25.4,IV,4
86.3,25.4,IV,4
86.4,25.4,IV,4
86.5,25.4,IV,4
86.6,25.4,IV,4
86.7,25.4,IV,4
86.8,25.4,V,5
86.9,25.4,V,5
87,25.4,V,5
87.1,25.4,V,5
87.2,25.4,V,5
87.3,25.4,V,5
87.4,25.4,V,5
87.5,25.4,V,5
87.6,25.4,V,5
87.7,25.4,V,5
87.8,25.4,V,5
87.9,25.4,V,5
88,25.4,V,5
88.1,25.4,V,5
88.2,25.4,V,5
88.3,25.4,V,5
88.4,25.4,V,5
88.5,25.4,V,5
88.6,25.4,V,5
88.7,25.4,V,5
88.8,25.4,V,5
89.9,25.4,VI,6
90,25.4,VI,6
90.1,25.4,VI,6
90.2,25.4,VI,6
90.3,25.4,VI,6
90.4,25.4,VI,6
90.5,25.4,VI,6
90.6,25.4,VI,6
90.7,25.4,VI,6
90.8,25.4,VI,6
90.9,25.4,VI,6
91,25.4,VI,6
91.1,25.4,VI,6
91.2,25.4,VI,6
91.3,25.4,VI,6
91.4,25.4,VI,6
91.5,25.4,VI,6
91.6,25.4,VI,6
91.7,25.4,VI,6
91.8,25.4,VI,6
91.9,25.4,VI,6
92,25.4,VI,6
92.1,25.4,VI,6
92.2,25.4,VI,6
92.3,25.4,VI,6
92.4,25.4,VI,6
92.5,25.4,VI,6
92.6,25.4,VI,6
92.7,25.4,VI,6
92.8,25.4,VI,6
92.9,25.4,VI,6
93,25.4,VI,6
93.1,25.4,VI,6
93.2,25.4,VI,6
93.3,25.4,VI,6
93.4,25.4,VI,6
93.5,25.4,VI,6
93.6,25.4,VI,6
93.7,25.4,VI,6
93.8,25.4,VI,6
93.9,25.4,VI,6
94,25.4,VI,6
94.1,25.4,VI,6
94.2,25.4,VI,6
94.3,25.4,VI,6
94.4,25.4,VI,6
94.5,25.4,VI,6
94.6,25.4,VI,6
70.7,25.5,IV,4
70.8,25.5,IV,4
70.9,25.5,IV,4
71,25.5,IV,4
71.1,25.5,V,5
71.2,25.5,V,5
71.3,25.5,V,5
71.4,25.5,V,5
71.5,25.5,IV,4
71.6,25.5,IV,4
71.7,25.5,IV,4
71.8,25.5,IV,4
71.9,25.5,IV,4
72,25.5,IV,4
72.1,25.5,IV,4
72.2,25.5,IV,4
72.3,25.5,IV,4
72.4,25.5,IV,4
72.5,25.5,IV,4
72.6,25.5,III,3
72.7,25.5,III,3
72.8,25.5,III,3
72.9,25.5,III,3
73,25.5,III,3
73.1,25.5,III,3
73.2,25.5,III,3
73.3,25.5,III,3
73.4,25.5,III,3
73.5,25.5,III,3
73.6,25.5,III,3
73.7,25.5,III,3
73.8,25.5,II,2
73.9,25.5,II,2
74,25.5,II,2
74.1,25.5,II,2
74.2,25.5,II,2
74.3,25.5,II,2
74.4,25.5,II,2
74.5,25.5,II,2
74.6,25.5,II,2
74.7,25.5,II,2
74.8,25.5,II,2
74.9,25.5,II,2
75,25.5,II,2
75.1,25.5,II,2
75.2,25.5,II,2
75.3,25.5,II,2
75.4,25.5,II,2
75.5,25.5,II,2
75.6,25.5,II,2
75.7,25.5,II,2
75.8,25.5,II,2
75.9,25.5,II,2
76,25.5,II,2
76.1,25.5,II,2
76.2,25.5,II,2
76.3,25.5,II,2
76.4,25.5,II,2
76.5,25.5,II,2
76.6,25.5,II,2
76.7,25.5,II,2
76.8,25.5,II,2
76.9,25.5,II,2
77,25.5,II,2
77.1,25.5,II,2
77.2,25.5,II,2
77.3,25.5,II,2
77.4,25.5,II,2
77.5,25.5,II,2
77.6,25.5,II,2
77.7,25.5,II,2
77.8,25.5,II,2
77.9,25.5,II,2
78,25.5,II,2
78.1,25.5,II,2
78.2,25.5,II,2
78.3,25.5,II,2
78.4,25.5,II,2
78.5,25.5,II,2
78.6,25.5,II,2
78.7,25.5,II,2
78.8,25.5,II,2
78.9,25.5,II,2
79,25.5,II,2
79.1,25.5,II,2
79.2,25.5,II,2
79.3,25.5,II,2
79.4,25.5,II,2
79.5,25.5,II,2
79.6,25.5,II,2
79.7,25.5,II,2
79.8,25.5,II,2
79.9,25.5,II,2
80,25.5,II,2
80.1,25.5,II,2
80.2,25.5,II,2
80.3,25.5,II,2
80.4,25.5,II,2
80.5,25.5,II,2
80.6,25.5,II,2
80.7,25.5,II,2
80.8,25.5,II,2
80.9,25.5,II,2
81,25.5,II,2
81.1,25.5,II,2
81.2,25.5,II,2
81.3,25.5,II,2
81.4,25.5,II,2
81.5,25.5,II,2
81.6,25.5,II,2
81.7,25.5,II,2
81.8,25.5,II,2
81.9,25.5,II,2
82,25.5,II,2
82.1,25.5,II,2
82.2,25.5,II,2
82.3,25.5,II,2
82.4,25.5,II,2
82.5,25.5,II,2
82.6,25.5,II,2
82.7,25.5,III,3
82.8,25.5,III,3
82.9,25.5,III,3
83,25.5,III,3
83.1,25.5,III,3
83.2,25.5,III,3
83.3,25.5,III,3
83.4,25.5,III,3
83.5,25.5,III,3
83.6,25.5,III,3
83.7,25.5,III,3
83.8,25.5,III,3
83.9,25.5,III,3
84,25.5,III,3
84.1,25.5,III,3
84.2,25.5,III,3
84.3,25.5,III,3
84.4,25.5,III,3
84.5,25.5,III,3
84.6,25.5,III,3
84.7,25.5,III,3
84.8,25.5,IV,4
84.9,25.5,IV,4
85,25.5,IV,4
85.1,25.5,IV,4
85.2,25.5,IV,4
85.3,25.5,IV,4
85.4,25.5,IV,4
85.5,25.5,IV,4
85.6,25.5,IV,4
85.7,25.5,IV,4
85.8,25.5,IV,4
85.9,25.5,IV,4
86,25.5,IV,4
86.1,25.5,IV,4
86.2,25.5,IV,4
86.3,25.5,IV,4
86.4,25.5,IV,4
86.5,25.5,IV,4
86.6,25.5,V,5
86.7,25.5,V,5
86.8,25.5,V,5
86.9,25.5,V,5
87,25.5,V,5
87.1,25.5,V,5
87.2,25.5,V,5
87.3,25.5,V,5
87.4,25.5,V,5
87.5,25.5,V,5
87.6,25.5,V,5
87.7,25.5,V,5
87.8,25.5,V,5
87.9,25.5,V,5
88,25.5,V,5
88.1,25.5,V,5
88.2,25.5,V,5
88.3,25.5,V,5
88.4,25.5,V,5
88.5,25.5,V,5
88.6,25.5,V,5
88.8,25.5,III,3
89.9,25.5,VI,6
90,25.5,VI,6
90.1,25.5,VI,6
90.2,25.5,VI,6
90.3,25.5,VI,6
90.4,25.5,VI,6
90.5,25.5,VI,6
90.6,25.5,VI,6
90.7,25.5,VI,6
90.8,25.5,VI,6
90.9,25.5,VI,6
91,25.5,VI,6
91.1,25.5,VI,6
91.2,25.5,VI,6
91.3,25.5,VI,6
91.4,25.5,VI,6
91.5,25.5,VI,6
91.6,25.5,VI,6
91.7,25.5,VI,6
91.8,25.5,VI,6
91.9,25.5,VI,6
92,25.5,VI,6
92.1,25.5,VI,6
92.2,25.5,VI,6
92.3,25.5,VI,6
92.4,25.5,VI,6
92.5,25.5,VI,6
92.6,25.5,VI,6
92.7,25.5,VI,6
92.8,25.5,VI,6
92.9,25.5,VI,6
93,25.5,VI,6
93.1,25.5,VI,6
93.2,25.5,VI,6
93.3,25.5,VI,6
93.4,25.5,VI,6
93.5,25.5,VI,6
93.6,25.5,VI,6
93.7,25.5,VI,6
93.8,25.5,VI,6
93.9,25.5,VI,6
94,25.5,VI,6
94.1,25.5,VI,6
94.2,25.5,VI,6
94.3,25.5,VI,6
94.4,25.5,VI,6
94.5,25.5,VI,6
94.6,25.5,VI,6
94.7,25.5,VI,6
94.8,25.5,VI,6
70.7,25.6,IV,4
70.8,25.6,IV,4
70.9,25.6,IV,4
71,25.6,IV,4
71.1,25.6,IV,4
71.2,25.6,IV,4
71.3,25.6,IV,4
71.4,25.6,IV,4
71.5,25.6,IV,4
71.6,25.6,IV,4
71.7,25.6,IV,4
71.8,25.6,IV,4
71.9,25.6,IV,4
72,25.6,IV,4
72.1,25.6,IV,4
72.2,25.6,IV,4
72.3,25.6,IV,4
72.4,25.6,III,3
72.5,25.6,III,3
72.6,25.6,III,3
72.7,25.6,III,3
72.8,25.6,III,3
72.9,25.6,III,3
73,25.6,III,3
73.1,25.6,III,3
73.2,25.6,III,3
73.3,25.6,III,3
73.4,25.6,III,3
73.5,25.6,III,3
73.6,25.6,III,3
73.7,25.6,II,2
73.8,25.6,II,2
73.9,25.6,II,2
74,25.6,II,2
74.1,25.6,II,2
74.2,25.6,II,2
74.3,25.6,II,2
74.4,25.6,II,2
74.5,25.6,II,2
74.6,25.6,II,2
74.7,25.6,II,2
74.8,25.6,II,2
74.9,25.6,II,2
75,25.6,II,2
75.1,25.6,II,2
75.2,25.6,II,2
75.3,25.6,II,2
75.4,25.6,II,2
75.5,25.6,II,2
75.6,25.6,II,2
75.7,25.6,II,2
75.8,25.6,II,2
75.9,25.6,II,2
76,25.6,II,2
76.1,25.6,II,2
76.2,25.6,II,2
76.3,25.6,II,2
76.4,25.6,II,2
76.5,25.6,II,2
76.6,25.6,II,2
76.7,25.6,II,2
76.8,25.6,II,2
76.9,25.6,II,2
77,25.6,II,2
77.1,25.6,II,2
77.2,25.6,II,2
77.3,25.6,II,2
77.4,25.6,II,2
77.5,25.6,II,2
77.6,25.6,II,2
77.7,25.6,II,2
77.8,25.6,II,2
77.9,25.6,II,2
78,25.6,II,2
78.1,25.6,II,2
78.2,25.6,II,2
78.3,25.6,II,2
78.4,25.6,II,2
78.5,25.6,II,2
78.6,25.6,II,2
78.7,25.6,II,2
78.8,25.6,II,2
78.9,25.6,II,2
79,25.6,II,2
79.1,25.6,II,2
79.2,25.6,II,2
79.3,25.6,II,2
79.4,25.6,II,2
79.5,25.6,II,2
79.6,25.6,II,2
79.7,25.6,II,2
79.8,25.6,II,2
79.9,25.6,II,2
80,25.6,II,2
80.1,25.6,II,2
80.2,25.6,II,2
80.3,25.6,II,2
80.4,25.6,II,2
80.5,25.6,II,2
80.6,25.6,II,2
80.7,25.6,II,2
80.8,25.6,II,2
80.9,25.6,II,2
81,25.6,II,2
81.1,25.6,II,2
81.2,25.6,II,2
81.3,25.6,II,2
81.4,25.6,II,2
81.5,25.6,II,2
81.6,25.6,II,2
81.7,25.6,II,2
81.8,25.6,II,2
81.9,25.6,II,2
82,25.6,II,2
82.1,25.6,II,2
82.2,25.6,II,2
82.3,25.6,II,2
82.4,25.6,II,2
82.5,25.6,II,2
82.6,25.6,II,2
82.7,25.6,III,3
82.8,25.6,III,3
82.9,25.6,III,3
83,25.6,III,3
83.1,25.6,III,3
83.2,25.6,III,3
83.3,25.6,III,3
83.4,25.6,III,3
83.5,25.6,III,3
83.6,25.6,III,3
83.7,25.6,III,3
83.8,25.6,III,3
83.9,25.6,III,3
84,25.6,III,3
84.1,25.6,III,3
84.2,25.6,III,3
84.3,25.6,III,3
84.4,25.6,III,3
84.5,25.6,III,3
84.6,25.6,IV,4
84.7,25.6,IV,4
84.8,25.6,IV,4
84.9,25.6,IV,4
85,25.6,IV,4
85.1,25.6,IV,4
85.2,25.6,IV,4
85.3,25.6,IV,4
85.4,25.6,IV,4
85.5,25.6,IV,4
85.6,25.6,IV,4
85.7,25.6,IV,4
85.8,25.6,IV,4
85.9,25.6,IV,4
86,25.6,IV,4
86.1,25.6,IV,4
86.2,25.6,IV,4
86.3,25.6,IV,4
86.4,25.6,V,5
86.5,25.6,V,5
86.6,25.6,V,5
86.7,25.6,V,5
86.8,25.6,V,5
86.9,25.6,V,5
87,25.6,V,5
87.1,25.6,V,5
87.2,25.6,V,5
87.3,25.6,V,5
87.4,25.6,V,5
87.5,25.6,V,5
87.6,25.6,V,5
87.7,25.6,V,5
87.8,25.6,V,5
87.9,25.6,V,5
88,25.6,V,5
88.1,25.6,V,5
88.2,25.6,V,5
88.3,25.6,V,5
88.4,25.6,V,5
89.9,25.6,VI,6
90,25.6,VI,6
90.1,25.6,VI,6
90.2,25.6,VI,6
90.3,25.6,VI,6
90.4,25.6,VI,6
90.5,25.6,VI,6
90.6,25.6,VI,6
90.7,25.6,VI,6
90.8,25.6,VI,6
90.9,25.6,VI,6
91,25.6,VI,6
91.1,25.6,VI,6
91.2,25.6,VI,6
91.3,25.6,VI,6
91.4,25.6,VI,6
91.5,25.6,VI,6
91.6,25.6,VI,6
91.7,25.6,VI,6
91.8,25.6,VI,6
91.9,25.6,VI,6
92,25.6,VI,6
92.1,25.6,VI,6
92.2,25.6,VI,6
92.3,25.6,VI,6
92.4,25.6,VI,6
92.5,25.6,VI,6
92.6,25.6,VI,6
92.7,25.6,VI,6
92.8,25.6,VI,6
92.9,25.6,VI,6
93,25.6,VI,6
93.1,25.6,VI,6
93.2,25.6,VI,6
93.3,25.6,VI,6
93.4,25.6,VI,6
93.5,25.6,VI,6
93.6,25.6,VI,6
93.7,25.6,VI,6
93.8,25.6,VI,6
93.9,25.6,VI,6
94,25.6,VI,6
94.1,25.6,VI,6
94.2,25.6,VI,6
94.3,25.6,VI,6
94.4,25.6,VI,6
94.5,25.6,VI,6
94.6,25.6,VI,6
94.7,25.6,VI,6
94.8,25.6,VI,6
94.9,25.6,III,3
70.4,25.7,IV,4
70.5,25.7,IV,4
70.7,25.7,IV,4
70.8,25.7,IV,4
70.9,25.7,IV,4
71,25.7,IV,4
71.1,25.7,IV,4
71.2,25.7,IV,4
71.3,25.7,IV,4
71.4,25.7,IV,4
71.5,25.7,IV,4
71.6,25.7,IV,4
71.7,25.7,IV,4
71.8,25.7,IV,4
71.9,25.7,IV,4
72,25.7,IV,4
72.1,25.7,IV,4
72.2,25.7,IV,4
72.3,25.7,III,3
72.4,25.7,III,3
72.5,25.7,III,3
72.6,25.7,III,3
72.7,25.7,III,3
72.8,25.7,III,3
72.9,25.7,III,3
73,25.7,III,3
73.1,25.7,III,3
73.2,25.7,III,3
73.3,25.7,III,3
73.4,25.7,III,3
73.5,25.7,III,3
73.6,25.7,II,2
73.7,25.7,II,2
73.8,25.7,II,2
73.9,25.7,II,2
74,25.7,II,2
74.1,25.7,II,2
74.2,25.7,II,2
74.3,25.7,II,2
74.4,25.7,II,2
74.5,25.7,II,2
74.6,25.7,II,2
74.7,25.7,II,2
74.8,25.7,II,2
74.9,25.7,II,2
75,25.7,II,2
75.1,25.7,II,2
75.2,25.7,II,2
75.3,25.7,II,2
75.4,25.7,II,2
75.5,25.7,II,2
75.6,25.7,II,2
75.7,25.7,II,2
75.8,25.7,II,2
75.9,25.7,II,2
76,25.7,II,2
76.1,25.7,II,2
76.2,25.7,II,2
76.3,25.7,II,2
76.4,25.7,II,2
76.5,25.7,II,2
76.6,25.7,II,2
76.7,25.7,II,2
76.8,25.7,II,2
76.9,25.7,II,2
77,25.7,II,2
77.1,25.7,II,2
77.2,25.7,II,2
77.3,25.7,II,2
77.4,25.7,II,2
77.5,25.7,II,2
77.6,25.7,II,2
77.7,25.7,II,2
77.8,25.7,II,2
77.9,25.7,II,2
78,25.7,II,2
78.1,25.7,II,2
78.2,25.7,II,2
78.3,25.7,II,2
78.4,25.7,II,2
78.5,25.7,II,2
78.6,25.7,II,2
78.7,25.7,II,2
78.8,25.7,II,2
78.9,25.7,II,2
79,25.7,II,2
79.1,25.7,II,2
79.2,25.7,II,2
79.3,25.7,II,2
79.4,25.7,II,2
79.5,25.7,II,2
79.6,25.7,II,2
79.7,25.7,II,2
79.8,25.7,II,2
79.9,25.7,II,2
80,25.7,II,2
80.1,25.7,II,2
80.2,25.7,II,2
80.3,25.7,II,2
80.4,25.7,II,2
80.5,25.7,II,2
80.6,25.7,II,2
80.7,25.7,II,2
80.8,25.7,II,2
80.9,25.7,II,2
81,25.7,II,2
81.1,25.7,II,2
81.2,25.7,II,2
81.3,25.7,II,2
81.4,25.7,II,2
81.5,25.7,II,2
81.6,25.7,II,2
81.7,25.7,II,2
81.8,25.7,II,2
81.9,25.7,II,2
82,25.7,II,2
82.1,25.7,II,2
82.2,25.7,II,2
82.3,25.7,II,2
82.4,25.7,II,2
82.5,25.7,II,2
82.6,25.7,II,2
82.7,25.7,III,3
82.8,25.7,III,3
82.9,25.7,III,3
83,25.7,III,3
83.1,25.7,III,3
83.2,25.7,III,3
83.3,25.7,III,3
83.4,25.7,III,3
83.5,25.7,III,3
83.6,25.7,III,3
83.7,25.7,III,3
83.8,25.7,III,3
83.9,25.7,III,3
84,25.7,III,3
84.1,25.7,III,3
84.2,25.7,III,3
84.3,25.7,III,3
84.4,25.7,III,3
84.5,25.7,IV,4
84.6,25.7,IV,4
84.7,25.7,IV,4
84.8,25.7,IV,4
84.9,25.7,IV,4
85,25.7,IV,4
85.1,25.7,IV,4
85.2,25.7,IV,4
85.3,25.7,IV,4
85.4,25.7,IV,4
85.5,25.7,IV,4
85.6,25.7,IV,4
85.7,25.7,IV,4
85.8,25.7,IV,4
85.9,25.7,IV,4
86,25.7,IV,4
86.1,25.7,IV,4
86.2,25.7,V,5
86.3,25.7,V,5
86.4,25.7,V,5
86.5,25.7,V,5
86.6,25.7,V,5
86.7,25.7,V,5
86.8,25.7,V,5
86.9,25.7,V,5
87,25.7,V,5
87.1,25.7,V,5
87.2,25.7,V,5
87.3,25.7,V,5
87.4,25.7,V,5
87.5,25.7,V,5
87.6,25.7,V,5
87.7,25.7,V,5
87.8,25.7,V,5
87.9,25.7,V,5
88,25.7,V,5
88.1,25.7,V,5
88.2,25.7,V,5
88.3,25.7,V,5
89.9,25.7,VI,6
90,25.7,VI,6
90.1,25.7,VI,6
90.2,25.7,VI,6
90.3,25.7,VI,6
90.4,25.7,VI,6
90.5,25.7,VI,6
90.6,25.7,VI,6
90.7,25.7,VI,6
90.8,25.7,VI,6
90.9,25.7,VI,6
91,25.7,VI,6
91.1,25.7,VI,6
91.2,25.7,VI,6
91.3,25.7,VI,6
91.4,25.7,VI,6
91.5,25.7,VI,6
91.6,25.7,VI,6
91.7,25.7,VI,6
91.8,25.7,VI,6
91.9,25.7,VI,6
92,25.7,VI,6
92.1,25.7,VI,6
92.2,25.7,VI,6
92.3,25.7,VI,6
92.4,25.7,VI,6
92.5,25.7,VI,6
92.6,25.7,VI,6
92.7,25.7,VI,6
92.8,25.7,VI,6
92.9,25.7,VI,6
93,25.7,VI,6
93.1,25.7,VI,6
93.2,25.7,VI,6
93.3,25.7,VI,6
93.4,25.7,VI,6
93.5,25.7,VI,6
93.6,25.7,VI,6
93.7,25.7,VI,6
93.8,25.7,VI,6
93.9,25.7,VI,6
94,25.7,VI,6
94.1,25.7,VI,6
94.2,25.7,VI,6
94.3,25.7,VI,6
94.4,25.7,VI,6
94.5,25.7,VI,6
94.6,25.7,VI,6
94.7,25.7,VI,6
94.8,25.7,VI,6
94.9,25.7,VI,6
70.3,25.8,IV,4
70.4,25.8,IV,4
70.5,25.8,IV,4
70.6,25.8,IV,4
70.7,25.8,IV,4
70.8,25.8,IV,4
70.9,25.8,IV,4
71,25.8,IV,4
71.1,25.8,IV,4
71.2,25.8,IV,4
71.3,25.8,IV,4
71.4,25.8,IV,4
71.5,25.8,IV,4
71.6,25.8,IV,4
71.7,25.8,IV,4
71.8,25.8,IV,4
71.9,25.8,IV,4
72,25.8,IV,4
72.1,25.8,IV,4
72.2,25.8,III,3
72.3,25.8,III,3
72.4,25.8,III,3
72.5,25.8,III,3
72.6,25.8,III,3
72.7,25.8,III,3
72.8,25.8,III,3
72.9,25.8,III,3
73,25.8,III,3
73.1,25.8,III,3
73.2,25.8,III,3
73.3,25.8,III,3
73.4,25.8,III,3
73.5,25.8,III,3
73.6,25.8,II,2
73.7,25.8,II,2
73.8,25.8,II,2
73.9,25.8,II,2
74,25.8,II,2
74.1,25.8,II,2
74.2,25.8,II,2
74.3,25.8,II,2
74.4,25.8,II,2
74.5,25.8,II,2
74.6,25.8,II,2
74.7,25.8,II,2
74.8,25.8,II,2
74.9,25.8,II,2
75,25.8,II,2
75.1,25.8,II,2
75.2,25.8,II,2
75.3,25.8,II,2
75.4,25.8,II,2
75.5,25.8,II,2
75.6,25.8,II,2
75.7,25.8,II,2
75.8,25.8,II,2
75.9,25.8,II,2
76,25.8,II,2
76.1,25.8,II,2
76.2,25.8,II,2
76.3,25.8,II,2
76.4,25.8,II,2
76.5,25.8,II,2
76.6,25.8,II,2
76.7,25.8,II,2
76.8,25.8,II,2
76.9,25.8,II,2
77,25.8,II,2
77.1,25.8,II,2
77.2,25.8,II,2
77.3,25.8,II,2
77.4,25.8,II,2
77.5,25.8,II,2
77.6,25.8,II,2
77.7,25.8,II,2
77.8,25.8,II,2
77.9,25.8,II,2
78,25.8,II,2
78.1,25.8,II,2
78.2,25.8,II,2
78.3,25.8,II,2
78.4,25.8,II,2
78.5,25.8,II,2
78.6,25.8,II,2
78.7,25.8,II,2
78.8,25.8,II,2
78.9,25.8,II,2
79,25.8,II,2
79.1,25.8,II,2
79.2,25.8,II,2
79.3,25.8,II,2
79.4,25.8,II,2
79.5,25.8,II,2
79.6,25.8,II,2
79.7,25.8,II,2
79.8,25.8,II,2
79.9,25.8,II,2
80,25.8,II,2
80.1,25.8,II,2
80.2,25.8,II,2
80.3,25.8,II,2
80.4,25.8,II,2
80.5,25.8,II,2
80.6,25.8,II,2
80.7,25.8,II,2
80.8,25.8,II,2
80.9,25.8,II,2
81,25.8,II,2
81.1,25.8,II,2
81.2,25.8,II,2
81.3,25.8,II,2
81.4,25.8,II,2
81.5,25.8,II,2
81.6,25.8,II,2
81.7,25.8,II,2
81.8,25.8,II,2
81.9,25.8,II,2
82,25.8,II,2
82.1,25.8,II,2
82.2,25.8,II,2
82.3,25.8,II,2
82.4,25.8,II,2
82.5,25.8,II,2
82.6,25.8,II,2
82.7,25.8,III,3
82.8,25.8,III,3
82.9,25.8,III,3
83,25.8,III,3
83.1,25.8,III,3
83.2,25.8,III,3
83.3,25.8,III,3
83.4,25.8,III,3
83.5,25.8,III,3
83.6,25.8,III,3
83.7,25.8,III,3
83.8,25.8,III,3
83.9,25.8,III,3
84,25.8,III,3
84.1,25.8,III,3
84.2,25.8,III,3
84.3,25.8,IV,4
84.4,25.8,IV,4
84.5,25.8,IV,4
84.6,25.8,IV,4
84.7,25.8,IV,4
84.8,25.8,IV,4
84.9,25.8,IV,4
85,25.8,IV,4
85.1,25.8,IV,4
85.2,25.8,IV,4
85.3,25.8,IV,4
85.4,25.8,IV,4
85.5,25.8,IV,4
85.6,25.8,IV,4
85.7,25.8,IV,4
85.8,25.8,IV,4
85.9,25.8,V,5
86,25.8,V,5
86.1,25.8,V,5
86.2,25.8,V,5
86.3,25.8,V,5
86.4,25.8,V,5
86.5,25.8,V,5
86.6,25.8,V,5
86.7,25.8,V,5
86.8,25.8,V,5
86.9,25.8,V,5
87,25.8,V,5
87.1,25.8,V,5
87.2,25.8,V,5
87.3,25.8,V,5
87.4,25.8,V,5
87.5,25.8,V,5
87.6,25.8,V,5
87.7,25.8,V,5
87.8,25.8,V,5
87.9,25.8,V,5
88,25.8,V,5
88.1,25.8,V,5
89.9,25.8,VI,6
90,25.8,VI,6
90.1,25.8,VI,6
90.2,25.8,VI,6
90.3,25.8,VI,6
90.4,25.8,VI,6
90.5,25.8,VI,6
90.6,25.8,VI,6
90.7,25.8,VI,6
90.8,25.8,VI,6
90.9,25.8,VI,6
91,25.8,VI,6
91.1,25.8,VI,6
91.2,25.8,VI,6
91.3,25.8,VI,6
91.4,25.8,VI,6
91.5,25.8,VI,6
91.6,25.8,VI,6
91.7,25.8,VI,6
91.8,25.8,VI,6
91.9,25.8,VI,6
92,25.8,VI,6
92.1,25.8,VI,6
92.2,25.8,VI,6
92.3,25.8,VI,6
92.4,25.8,VI,6
92.5,25.8,VI,6
92.6,25.8,VI,6
92.7,25.8,VI,6
92.8,25.8,VI,6
92.9,25.8,VI,6
93,25.8,VI,6
93.1,25.8,VI,6
93.2,25.8,VI,6
93.3,25.8,VI,6
93.4,25.8,VI,6
93.5,25.8,VI,6
93.6,25.8,VI,6
93.7,25.8,VI,6
93.8,25.8,VI,6
93.9,25.8,VI,6
94,25.8,VI,6
94.1,25.8,VI,6
94.2,25.8,VI,6
94.3,25.8,VI,6
94.4,25.8,VI,6
94.5,25.8,VI,6
94.6,25.8,VI,6
94.7,25.8,VI,6
94.8,25.8,VI,6
94.9,25.8,VI,6
95,25.8,VI,6
70.2,25.9,IV,4
70.3,25.9,IV,4
70.4,25.9,IV,4
70.5,25.9,IV,4
70.6,25.9,IV,4
70.7,25.9,IV,4
70.8,25.9,IV,4
70.9,25.9,IV,4
71,25.9,IV,4
71.1,25.9,IV,4
71.2,25.9,IV,4
71.3,25.9,IV,4
71.4,25.9,IV,4
71.5,25.9,IV,4
71.6,25.9,IV,4
71.7,25.9,IV,4
71.8,25.9,IV,4
71.9,25.9,IV,4
72,25.9,IV,4
72.1,25.9,III,3
72.2,25.9,III,3
72.3,25.9,III,3
72.4,25.9,III,3
72.5,25.9,III,3
72.6,25.9,III,3
72.7,25.9,III,3
72.8,25.9,III,3
72.9,25.9,III,3
73,25.9,III,3
73.1,25.9,III,3
73.2,25.9,III,3
73.3,25.9,III,3
73.4,25.9,III,3
73.5,25.9,II,2
73.6,25.9,II,2
73.7,25.9,II,2
73.8,25.9,II,2
73.9,25.9,II,2
74,25.9,II,2
74.1,25.9,II,2
74.2,25.9,II,2
74.3,25.9,II,2
74.4,25.9,II,2
74.5,25.9,II,2
74.6,25.9,II,2
74.7,25.9,II,2
74.8,25.9,II,2
74.9,25.9,II,2
75,25.9,II,2
75.1,25.9,II,2
75.2,25.9,II,2
75.3,25.9,II,2
75.4,25.9,II,2
75.5,25.9,II,2
75.6,25.9,II,2
75.7,25.9,II,2
75.8,25.9,II,2
75.9,25.9,II,2
76,25.9,II,2
76.1,25.9,II,2
76.2,25.9,II,2
76.3,25.9,II,2
76.4,25.9,II,2
76.5,25.9,II,2
76.6,25.9,II,2
76.7,25.9,II,2
76.8,25.9,II,2
76.9,25.9,II,2
77,25.9,II,2
77.1,25.9,II,2
77.2,25.9,II,2
77.3,25.9,II,2
77.4,25.9,II,2
77.5,25.9,II,2
77.6,25.9,II,2
77.7,25.9,II,2
77.8,25.9,II,2
77.9,25.9,II,2
78,25.9,II,2
78.1,25.9,II,2
78.2,25.9,II,2
78.3,25.9,II,2
78.4,25.9,II,2
78.5,25.9,II,2
78.6,25.9,II,2
78.7,25.9,II,2
78.8,25.9,II,2
78.9,25.9,II,2
79,25.9,II,2
79.1,25.9,II,2
79.2,25.9,II,2
79.3,25.9,II,2
79.4,25.9,II,2
79.5,25.9,II,2
79.6,25.9,II,2
79.7,25.9,II,2
79.8,25.9,II,2
79.9,25.9,II,2
80,25.9,II,2
80.1,25.9,II,2
80.2,25.9,II,2
80.3,25.9,II,2
80.4,25.9,II,2
80.5,25.9,II,2
80.6,25.9,II,2
80.7,25.9,II,2
80.8,25.9,II,2
80.9,25.9,II,2
81,25.9,II,2
81.1,25.9,II,2
81.2,25.9,II,2
81.3,25.9,II,2
81.4,25.9,II,2
81.5,25.9,II,2
81.6,25.9,II,2
81.7,25.9,II,2
81.8,25.9,II,2
81.9,25.9,II,2
82,25.9,II,2
82.1,25.9,II,2
82.2,25.9,II,2
82.3,25.9,II,2
82.4,25.9,II,2
82.5,25.9,II,2
82.6,25.9,III,3
82.7,25.9,III,3
82.8,25.9,III,3
82.9,25.9,III,3
83,25.9,III,3
83.1,25.9,III,3
83.2,25.9,III,3
83.3,25.9,III,3
83.4,25.9,III,3
83.5,25.9,III,3
83.6,25.9,III,3
83.7,25.9,III,3
83.8,25.9,III,3
83.9,25.9,III,3
84,25.9,III,3
84.1,25.9,III,3
84.2,25.9,IV,4
84.3,25.9,IV,4
84.4,25.9,IV,4
84.5,25.9,IV,4
84.6,25.9,IV,4
84.7,25.9,IV,4
84.8,25.9,IV,4
84.9,25.9,IV,4
85,25.9,IV,4
85.1,25.9,IV,4
85.2,25.9,IV,4
85.3,25.9,IV,4
85.4,25.9,IV,4
85.5,25.9,IV,4
85.6,25.9,V,5
85.7,25.9,V,5
85.8,25.9,V,5
85.9,25.9,V,5
86,25.9,V,5
86.1,25.9,V,5
86.2,25.9,V,5
86.3,25.9,V,5
86.4,25.9,V,5
86.5,25.9,V,5
86.6,25.9,V,5
86.7,25.9,V,5
86.8,25.9,V,5
86.9,25.9,V,5
87,25.9,V,5
87.1,25.9,V,5
87.2,25.9,V,5
87.3,25.9,V,5
87.4,25.9,V,5
87.5,25.9,V,5
87.6,25.9,V,5
87.7,25.9,V,5
87.8,25.9,V,5
87.9,25.9,V,5
88,25.9,V,5
89.9,25.9,VI,6
90,25.9,VI,6
90.1,25.9,VI,6
90.2,25.9,VI,6
90.3,25.9,VI,6
90.4,25.9,VI,6
90.5,25.9,VI,6
90.6,25.9,VI,6
90.7,25.9,VI,6
90.8,25.9,VI,6
90.9,25.9,VI,6
91,25.9,VI,6
91.1,25.9,VI,6
91.2,25.9,VI,6
91.3,25.9,VI,6
91.4,25.9,VI,6
91.5,25.9,VI,6
91.6,25.9,VI,6
91.7,25.9,VI,6
91.8,25.9,VI,6
91.9,25.9,VI,6
92,25.9,VI,6
92.1,25.9,VI,6
92.2,25.9,VI,6
92.3,25.9,VI,6
92.4,25.9,VI,6
92.5,25.9,VI,6
92.6,25.9,VI,6
92.7,25.9,VI,6
92.8,25.9,VI,6
92.9,25.9,VI,6
93,25.9,VI,6
93.1,25.9,VI,6
93.2,25.9,VI,6
93.3,25.9,VI,6
93.4,25.9,VI,6
93.5,25.9,VI,6
93.6,25.9,VI,6
93.7,25.9,VI,6
93.8,25.9,VI,6
93.9,25.9,VI,6
94,25.9,VI,6
94.1,25.9,VI,6
94.2,25.9,VI,6
94.3,25.9,VI,6
94.4,25.9,VI,6
94.5,25.9,VI,6
94.6,25.9,VI,6
94.7,25.9,VI,6
94.8,25.9,VI,6
94.9,25.9,VI,6
95,25.9,VI,6
70.1,26,III,3
70.2,26,IV,4
70.3,26,IV,4
70.4,26,IV,4
70.5,26,IV,4
70.6,26,IV,4
70.7,26,IV,4
70.8,26,IV,4
70.9,26,IV,4
71,26,IV,4
71.1,26,IV,4
71.2,26,IV,4
71.3,26,IV,4
71.4,26,IV,4
71.5,26,IV,4
71.6,26,IV,4
71.7,26,IV,4
71.8,26,IV,4
71.9,26,IV,4
72,26,III,3
72.1,26,III,3
72.2,26,III,3
72.3,26,III,3
72.4,26,III,3
72.5,26,III,3
72.6,26,III,3
72.7,26,III,3
72.8,26,III,3
72.9,26,III,3
73,26,III,3
73.1,26,III,3
73.2,26,III,3
73.3,26,III,3
73.4,26,III,3
73.5,26,II,2
73.6,26,II,2
73.7,26,II,2
73.8,26,II,2
73.9,26,II,2
74,26,II,2
74.1,26,II,2
74.2,26,II,2
74.3,26,II,2
74.4,26,II,2
74.5,26,II,2
74.6,26,II,2
74.7,26,II,2
74.8,26,II,2
74.9,26,II,2
75,26,II,2
75.1,26,II,2
75.2,26,II,2
75.3,26,II,2
75.4,26,II,2
75.5,26,II,2
75.6,26,II,2
75.7,26,II,2
75.8,26,II,2
75.9,26,II,2
76,26,II,2
76.1,26,II,2
76.2,26,II,2
76.3,26,II,2
76.4,26,II,2
76.5,26,II,2
76.6,26,II,2
76.7,26,II,2
76.8,26,II,2
76.9,26,II,2
77,26,II,2
77.1,26,II,2
77.2,26,II,2
77.3,26,II,2
77.4,26,II,2
77.5,26,II,2
77.6,26,II,2
77.7,26,II,2
77.8,26,II,2
77.9,26,II,2
78,26,II,2
78.1,26,II,2
78.2,26,II,2
78.3,26,II,2
78.4,26,II,2
78.5,26,II,2
78.6,26,II,2
78.7,26,II,2
78.8,26,II,2
78.9,26,II,2
79,26,II,2
79.1,26,II,2
79.2,26,II,2
79.3,26,III,3
79.4,26,III,3
79.5,26,III,3
79.6,26,III,3
79.7,26,III,3
79.8,26,III,3
79.9,26,III,3
80,26,III,3
80.1,26,III,3
80.2,26,III,3
80.3,26,III,3
80.4,26,II,2
80.5,26,II,2
80.6,26,II,2
80.7,26,II,2
80.8,26,II,2
80.9,26,II,2
81,26,II,2
81.1,26,II,2
81.2,26,II,2
81.3,26,II,2
81.4,26,II,2
81.5,26,II,2
81.6,26,II,2
81.7,26,II,2
81.8,26,II,2
81.9,26,II,2
82,26,II,2
82.1,26,II,2
82.2,26,II,2
82.3,26,II,2
82.4,26,II,2
82.5,26,III,3
82.6,26,III,3
82.7,26,III,3
82.8,26,III,3
82.9,26,III,3
83,26,III,3
83.1,26,III,3
83.2,26,III,3
83.3,26,III,3
83.4,26,III,3
83.5,26,III,3
83.6,26,III,3
83.7,26,III,3
83.8,26,III,3
83.9,26,III,3
84,26,IV,4
84.1,26,IV,4
84.2,26,IV,4
84.3,26,IV,4
84.4,26,IV,4
84.5,26,IV,4
84.6,26,IV,4
84.7,26,IV,4
84.8,26,IV,4
84.9,26,IV,4
85,26,IV,4
85.1,26,IV,4
85.2,26,IV,4
85.3,26,V,5
85.4,26,V,5
85.5,26,V,5
85.6,26,V,5
85.7,26,V,5
85.8,26,V,5
85.9,26,V,5
86,26,V,5
86.1,26,V,5
86.2,26,V,5
86.3,26,V,5
86.4,26,V,5
86.5,26,V,5
86.6,26,V,5
86.7,26,V,5
86.8,26,V,5
86.9,26,V,5
87,26,V,5
87.1,26,V,5
87.2,26,V,5
87.3,26,V,5
87.4,26,V,5
87.5,26,V,5
87.6,26,V,5
87.7,26,V,5
87.8,26,V,5
87.9,26,V,5
88,26,V,5
88.1,26,V,5
89.9,26,VI,6
90,26,VI,6
90.1,26,VI,6
90.2,26,VI,6
90.3,26,VI,6
90.4,26,VI,6
90.5,26,VI,6
90.6,26,VI,6
90.7,26,VI,6
90.8,26,VI,6
90.9,26,VI,6
91,26,VI,6
91.1,26,VI,6
91.2,26,VI,6
91.3,26,VI,6
91.4,26,VI,6
91.5,26,VI,6
91.6,26,VI,6
91.7,26,VI,6
91.8,26,VI,6
91.9,26,VI,6
92,26,VI,6
92.1,26,VI,6
92.2,26,VI,6
92.3,26,VI,6
92.4,26,VI,6
92.5,26,VI,6
92.6,26,VI,6
92.7,26,VI,6
92.8,26,VI,6
92.9,26,VI,6
93,26,VI,6
93.1,26,VI,6
93.2,26,VI,6
93.3,26,VI,6
93.4,26,VI,6
93.5,26,VI,6
93.6,26,VI,6
93.7,26,VI,6
93.8,26,VI,6
93.9,26,VI,6
94,26,VI,6
94.1,26,VI,6
94.2,26,VI,6
94.3,26,VI,6
94.4,26,VI,6
94.5,26,VI,6
94.6,26,VI,6
94.7,26,VI,6
94.8,26,VI,6
94.9,26,VI,6
95,26,VI,6
95.1,26,III,3
70.1,26.1,III,3
70.2,26.1,IV,4
70.3,26.1,IV,4
70.4,26.1,IV,4
70.5,26.1,IV,4
70.6,26.1,IV,4
70.7,26.1,IV,4
70.8,26.1,IV,4
70.9,26.1,IV,4
71,26.1,IV,4
71.1,26.1,IV,4
71.2,26.1,IV,4
71.3,26.1,IV,4
71.4,26.1,IV,4
71.5,26.1,IV,4
71.6,26.1,IV,4
71.7,26.1,IV,4
71.8,26.1,IV,4
71.9,26.1,III,3
72,26.1,III,3
72.1,26.1,III,3
72.2,26.1,III,3
72.3,26.1,III,3
72.4,26.1,III,3
72.5,26.1,III,3
72.6,26.1,III,3
72.7,26.1,III,3
72.8,26.1,III,3
72.9,26.1,III,3
73,26.1,III,3
73.1,26.1,III,3
73.2,26.1,III,3
73.3,26.1,III,3
73.4,26.1,II,2
73.5,26.1,II,2
73.6,26.1,II,2
73.7,26.1,II,2
73.8,26.1,II,2
73.9,26.1,II,2
74,26.1,II,2
74.1,26.1,II,2
74.2,26.1,II,2
74.3,26.1,II,2
74.4,26.1,II,2
74.5,26.1,II,2
74.6,26.1,II,2
74.7,26.1,II,2
74.8,26.1,II,2
74.9,26.1,II,2
75,26.1,II,2
75.1,26.1,II,2
75.2,26.1,II,2
75.3,26.1,II,2
75.4,26.1,II,2
75.5,26.1,II,2
75.6,26.1,II,2
75.7,26.1,II,2
75.8,26.1,II,2
75.9,26.1,II,2
76,26.1,II,2
76.1,26.1,II,2
76.2,26.1,II,2
76.3,26.1,II,2
76.4,26.1,II,2
76.5,26.1,II,2
76.6,26.1,II,2
76.7,26.1,II,2
76.8,26.1,II,2
76.9,26.1,II,2
77,26.1,II,2
77.1,26.1,II,2
77.2,26.1,II,2
77.3,26.1,II,2
77.4,26.1,II,2
77.5,26.1,II,2
77.6,26.1,II,2
77.7,26.1,II,2
77.8,26.1,II,2
77.9,26.1,II,2
78,26.1,II,2
78.1,26.1,II,2
78.2,26.1,II,2
78.3,26.1,II,2
78.4,26.1,II,2
78.5,26.1,II,2
78.6,26.1,II,2
78.7,26.1,II,2
78.8,26.1,II,2
78.9,26.1,II,2
79,26.1,II,2
79.1,26.1,II,2
79.2,26.1,III,3
79.3,26.1,III,3
79.4,26.1,III,3
79.5,26.1,III,3
79.6,26.1,III,3
79.7,26.1,III,3
79.8,26.1,III,3
79.9,26.1,III,3
80,26.1,III,3
80.1,26.1,III,3
80.2,26.1,III,3
80.3,26.1,III,3
80.4,26.1,III,3
80.5,26.1,III,3
80.6,26.1,III,3
80.7,26.1,III,3
80.8,26.1,II,2
80.9,26.1,II,2
81,26.1,II,2
81.1,26.1,II,2
81.2,26.1,II,2
81.3,26.1,II,2
81.4,26.1,II,2
81.5,26.1,II,2
81.6,26.1,II,2
81.7,26.1,II,2
81.8,26.1,II,2
81.9,26.1,II,2
82,26.1,II,2
82.1,26.1,II,2
82.2,26.1,II,2
82.3,26.1,II,2
82.4,26.1,III,3
82.5,26.1,III,3
82.6,26.1,III,3
82.7,26.1,III,3
82.8,26.1,III,3
82.9,26.1,III,3
83,26.1,III,3
83.1,26.1,III,3
83.2,26.1,III,3
83.3,26.1,III,3
83.4,26.1,III,3
83.5,26.1,III,3
83.6,26.1,III,3
83.7,26.1,III,3
83.8,26.1,III,3
83.9,26.1,IV,4
84,26.1,IV,4
84.1,26.1,IV,4
84.2,26.1,IV,4
84.3,26.1,IV,4
84.4,26.1,IV,4
84.5,26.1,IV,4
84.6,26.1,IV,4
84.7,26.1,IV,4
84.8,26.1,IV,4
84.9,26.1,IV,4
85,26.1,IV,4
85.1,26.1,V,5
85.2,26.1,V,5
85.3,26.1,V,5
85.4,26.1,V,5
85.5,26.1,V,5
85.6,26.1,V,5
85.7,26.1,V,5
85.8,26.1,V,5
85.9,26.1,V,5
86,26.1,V,5
86.1,26.1,V,5
86.2,26.1,V,5
86.3,26.1,V,5
86.4,26.1,V,5
86.5,26.1,V,5
86.6,26.1,V,5
86.7,26.1,V,5
86.8,26.1,V,5
86.9,26.1,V,5
87,26.1,V,5
87.1,26.1,V,5
87.2,26.1,VI,6
87.3,26.1,VI,6
87.4,26.1,VI,6
87.5,26.1,VI,6
87.6,26.1,VI,6
87.7,26.1,VI,6
87.8,26.1,VI,6
87.9,26.1,VI,6
88,26.1,VI,6
88.1,26.1,VI,6
89.3,26.1,VI,6
89.4,26.1,VI,6
89.5,26.1,VI,6
89.6,26.1,VI,6
89.8,26.1,VI,6
89.9,26.1,VI,6
90,26.1,VI,6
90.1,26.1,VI,6
90.2,26.1,VI,6
90.3,26.1,VI,6
90.4,26.1,VI,6
90.5,26.1,VI,6
90.6,26.1,VI,6
90.7,26.1,VI,6
90.8,26.1,VI,6
90.9,26.1,VI,6
91,26.1,VI,6
91.1,26.1,VI,6
91.2,26.1,VI,6
91.3,26.1,VI,6
91.4,26.1,VI,6
91.5,26.1,VI,6
91.6,26.1,VI,6
91.7,26.1,VI,6
91.8,26.1,VI,6
91.9,26.1,VI,6
92,26.1,VI,6
92.1,26.1,VI,6
92.2,26.1,VI,6
92.3,26.1,VI,6
92.4,26.1,VI,6
92.5,26.1,VI,6
92.6,26.1,VI,6
92.7,26.1,VI,6
92.8,26.1,VI,6
92.9,26.1,VI,6
93,26.1,VI,6
93.1,26.1,VI,6
93.2,26.1,VI,6
93.3,26.1,VI,6
93.4,26.1,VI,6
93.5,26.1,VI,6
93.6,26.1,VI,6
93.7,26.1,VI,6
93.8,26.1,VI,6
93.9,26.1,VI,6
94,26.1,VI,6
94.1,26.1,VI,6
94.2,26.1,VI,6
94.3,26.1,VI,6
94.4,26.1,VI,6
94.5,26.1,VI,6
94.6,26.1,VI,6
94.7,26.1,VI,6
94.8,26.1,VI,6
94.9,26.1,VI,6
95,26.1,VI,6
95.1,26.1,VI,6
70.2,26.2,III,3
70.3,26.2,IV,4
70.4,26.2,IV,4
70.5,26.2,IV,4
70.6,26.2,IV,4
70.7,26.2,IV,4
70.8,26.2,IV,4
70.9,26.2,IV,4
71,26.2,IV,4
71.1,26.2,IV,4
71.2,26.2,IV,4
71.3,26.2,IV,4
71.4,26.2,IV,4
71.5,26.2,IV,4
71.6,26.2,IV,4
71.7,26.2,IV,4
71.8,26.2,IV,4
71.9,26.2,III,3
72,26.2,III,3
72.1,26.2,III,3
72.2,26.2,III,3
72.3,26.2,III,3
72.4,26.2,III,3
72.5,26.2,III,3
72.6,26.2,III,3
72.7,26.2,III,3
72.8,26.2,III,3
72.9,26.2,III,3
73,26.2,III,3
73.1,26.2,III,3
73.2,26.2,III,3
73.3,26.2,II,2
73.4,26.2,II,2
73.5,26.2,II,2
73.6,26.2,II,2
73.7,26.2,II,2
73.8,26.2,II,2
73.9,26.2,II,2
74,26.2,II,2
74.1,26.2,II,2
74.2,26.2,II,2
74.3,26.2,II,2
74.4,26.2,II,2
74.5,26.2,II,2
74.6,26.2,II,2
74.7,26.2,II,2
74.8,26.2,II,2
74.9,26.2,II,2
75,26.2,II,2
75.1,26.2,II,2
75.2,26.2,II,2
75.3,26.2,II,2
75.4,26.2,II,2
75.5,26.2,II,2
75.6,26.2,II,2
75.7,26.2,II,2
75.8,26.2,II,2
75.9,26.2,II,2
76,26.2,II,2
76.1,26.2,II,2
76.2,26.2,II,2
76.3,26.2,II,2
76.4,26.2,II,2
76.5,26.2,II,2
76.6,26.2,II,2
76.7,26.2,II,2
76.8,26.2,II,2
76.9,26.2,II,2
77,26.2,II,2
77.1,26.2,II,2
77.2,26.2,II,2
77.3,26.2,II,2
77.4,26.2,II,2
77.5,26.2,II,2
77.6,26.2,II,2
77.7,26.2,II,2
77.8,26.2,II,2
77.9,26.2,II,2
78,26.2,II,2
78.1,26.2,II,2
78.2,26.2,II,2
78.3,26.2,II,2
78.4,26.2,II,2
78.5,26.2,II,2
78.6,26.2,II,2
78.7,26.2,II,2
78.8,26.2,II,2
78.9,26.2,II,2
79,26.2,II,2
79.1,26.2,II,2
79.2,26.2,III,3
79.3,26.2,III,3
79.4,26.2,III,3
79.5,26.2,III,3
79.6,26.2,III,3
79.7,26.2,III,3
79.8,26.2,III,3
79.9,26.2,III,3
80,26.2,III,3
80.1,26.2,III,3
80.2,26.2,III,3
80.3,26.2,III,3
80.4,26.2,III,3
80.5,26.2,III,3
80.6,26.2,III,3
80.7,26.2,III,3
80.8,26.2,III,3
80.9,26.2,III,3
81,26.2,III,3
81.1,26.2,III,3
81.2,26.2,III,3
81.3,26.2,II,2
81.4,26.2,II,2
81.5,26.2,II,2
81.6,26.2,II,2
81.7,26.2,II,2
81.8,26.2,II,2
81.9,26.2,II,2
82,26.2,II,2
82.1,26.2,II,2
82.2,26.2,III,3
82.3,26.2,III,3
82.4,26.2,III,3
82.5,26.2,III,3
82.6,26.2,III,3
82.7,26.2,III,3
82.8,26.2,III,3
82.9,26.2,III,3
83,26.2,III,3
83.1,26.2,III,3
83.2,26.2,III,3
83.3,26.2,III,3
83.4,26.2,III,3
83.5,26.2,III,3
83.6,26.2,III,3
83.7,26.2,IV,4
83.8,26.2,IV,4
83.9,26.2,IV,4
84,26.2,IV,4
84.1,26.2,IV,4
84.2,26.2,IV,4
84.3,26.2,IV,4
84.4,26.2,IV,4
84.5,26.2,IV,4
84.6,26.2,IV,4
84.7,26.2,IV,4
84.8,26.2,V,5
84.9,26.2,V,5
85,26.2,V,5
85.1,26.2,V,5
85.2,26.2,V,5
85.3,26.2,V,5
85.4,26.2,V,5
85.5,26.2,V,5
85.6,26.2,V,5
85.7,26.2,V,5
85.8,26.2,V,5
85.9,26.2,V,5
86,26.2,V,5
86.1,26.2,V,5
86.2,26.2,V,5
86.3,26.2,V,5
86.4,26.2,V,5
86.5,26.2,V,5
86.6,26.2,V,5
86.7,26.2,VI,6
86.8,26.2,VI,6
86.9,26.2,VI,6
87,26.2,VI,6
87.1,26.2,VI,6
87.2,26.2,VI,6
87.3,26.2,VI,6
87.4,26.2,VI,6
87.5,26.2,VI,6
87.6,26.2,VI,6
87.7,26.2,VI,6
87.8,26.2,VI,6
87.9,26.2,VI,6
88,26.2,VI,6
88.1,26.2,VI,6
88.2,26.2,VI,6
88.8,26.2,III,3
89.2,26.2,VI,6
89.3,26.2,VI,6
89.4,26.2,VI,6
89.5,26.2,VI,6
89.6,26.2,VI,6
89.7,26.2,VI,6
89.8,26.2,VI,6
89.9,26.2,VI,6
90,26.2,VI,6
90.1,26.2,VI,6
90.2,26.2,VI,6
90.3,26.2,VI,6
90.4,26.2,VI,6
90.5,26.2,VI,6
90.6,26.2,VI,6
90.7,26.2,VI,6
90.8,26.2,VI,6
90.9,26.2,VI,6
91,26.2,VI,6
91.1,26.2,VI,6
91.2,26.2,VI,6
91.3,26.2,VI,6
91.4,26.2,VI,6
91.5,26.2,VI,6
91.6,26.2,VI,6
91.7,26.2,VI,6
91.8,26.2,VI,6
91.9,26.2,VI,6
92,26.2,VI,6
92.1,26.2,VI,6
92.2,26.2,VI,6
92.3,26.2,VI,6
92.4,26.2,VI,6
92.5,26.2,VI,6
92.6,26.2,VI,6
92.7,26.2,VI,6
92.8,26.2,VI,6
92.9,26.2,VI,6
93,26.2,VI,6
93.1,26.2,VI,6
93.2,26.2,VI,6
93.3,26.2,VI,6
93.4,26.2,VI,6
93.5,26.2,VI,6
93.6,26.2,VI,6
93.7,26.2,VI,6
93.8,26.2,VI,6
93.9,26.2,VI,6
94,26.2,VI,6
94.1,26.2,VI,6
94.2,26.2,VI,6
94.3,26.2,VI,6
94.4,26.2,VI,6
94.5,26.2,VI,6
94.6,26.2,VI,6
94.7,26.2,VI,6
94.8,26.2,VI,6
94.9,26.2,VI,6
95,26.2,VI,6
95.1,26.2,VI,6
70.2,26.3,III,3
70.3,26.3,III,3
70.4,26.3,IV,4
70.5,26.3,IV,4
70.6,26.3,IV,4
70.7,26.3,IV,4
70.8,26.3,IV,4
70.9,26.3,IV,4
71,26.3,IV,4
71.1,26.3,IV,4
71.2,26.3,IV,4
71.3,26.3,IV,4
71.4,26.3,IV,4
71.5,26.3,IV,4
71.6,26.3,IV,4
71.7,26.3,IV,4
71.8,26.3,III,3
71.9,26.3,III,3
72,26.3,III,3
72.1,26.3,III,3
72.2,26.3,III,3
72.3,26.3,III,3
72.4,26.3,III,3
72.5,26.3,III,3
72.6,26.3,III,3
72.7,26.3,III,3
72.8,26.3,III,3
72.9,26.3,III,3
73,26.3,III,3
73.1,26.3,III,3
73.2,26.3,III,3
73.3,26.3,II,2
73.4,26.3,II,2
73.5,26.3,II,2
73.6,26.3,II,2
73.7,26.3,II,2
73.8,26.3,II,2
73.9,26.3,II,2
74,26.3,II,2
74.1,26.3,II,2
74.2,26.3,II,2
74.3,26.3,II,2
74.4,26.3,II,2
74.5,26.3,II,2
74.6,26.3,II,2
74.7,26.3,II,2
74.8,26.3,II,2
74.9,26.3,II,2
75,26.3,II,2
75.1,26.3,II,2
75.2,26.3,II,2
75.3,26.3,II,2
75.4,26.3,II,2
75.5,26.3,II,2
75.6,26.3,II,2
75.7,26.3,II,2
75.8,26.3,II,2
75.9,26.3,II,2
76,26.3,II,2
76.1,26.3,II,2
76.2,26.3,II,2
76.3,26.3,II,2
76.4,26.3,II,2
76.5,26.3,II,2
76.6,26.3,II,2
76.7,26.3,II,2
76.8,26.3,II,2
76.9,26.3,II,2
77,26.3,II,2
77.1,26.3,II,2
77.2,26.3,II,2
77.3,26.3,II,2
77.4,26.3,II,2
77.5,26.3,II,2
77.6,26.3,II,2
77.7,26.3,II,2
77.8,26.3,II,2
77.9,26.3,II,2
78,26.3,II,2
78.1,26.3,II,2
78.2,26.3,II,2
78.3,26.3,II,2
78.4,26.3,II,2
78.5,26.3,II,2
78.6,26.3,II,2
78.7,26.3,II,2
78.8,26.3,II,2
78.9,26.3,II,2
79,26.3,II,2
79.1,26.3,II,2
79.2,26.3,III,3
79.3,26.3,III,3
79.4,26.3,III,3
79.5,26.3,III,3
79.6,26.3,III,3
79.7,26.3,III,3
79.8,26.3,III,3
79.9,26.3,III,3
80,26.3,III,3
80.1,26.3,III,3
80.2,26.3,III,3
80.3,26.3,III,3
80.4,26.3,III,3
80.5,26.3,III,3
80.6,26.3,III,3
80.7,26.3,III,3
80.8,26.3,III,3
80.9,26.3,III,3
81,26.3,III,3
81.1,26.3,III,3
81.2,26.3,III,3
81.3,26.3,III,3
81.4,26.3,III,3
81.5,26.3,III,3
81.6,26.3,III,3
81.7,26.3,III,3
81.8,26.3,III,3
81.9,26.3,III,3
82,26.3,III,3
82.1,26.3,III,3
82.2,26.3,III,3
82.3,26.3,III,3
82.4,26.3,III,3
82.5,26.3,III,3
82.6,26.3,III,3
82.7,26.3,III,3
82.8,26.3,III,3
82.9,26.3,III,3
83,26.3,III,3
83.1,26.3,III,3
83.2,26.3,III,3
83.3,26.3,III,3
83.4,26.3,III,3
83.5,26.3,IV,4
83.6,26.3,IV,4
83.7,26.3,IV,4
83.8,26.3,IV,4
83.9,26.3,IV,4
84,26.3,IV,4
84.1,26.3,IV,4
84.2,26.3,IV,4
84.3,26.3,IV,4
84.4,26.3,IV,4
84.5,26.3,V,5
84.6,26.3,V,5
84.7,26.3,V,5
84.8,26.3,V,5
84.9,26.3,V,5
85,26.3,V,5
85.1,26.3,V,5
85.2,26.3,V,5
85.3,26.3,V,5
85.4,26.3,V,5
85.5,26.3,V,5
85.6,26.3,V,5
85.7,26.3,V,5
85.8,26.3,V,5
85.9,26.3,V,5
86,26.3,V,5
86.1,26.3,V,5
86.2,26.3,V,5
86.3,26.3,V,5
86.4,26.3,VI,6
86.5,26.3,VI,6
86.6,26.3,VI,6
86.7,26.3,VI,6
86.8,26.3,VI,6
86.9,26.3,VI,6
87,26.3,VI,6
87.1,26.3,VI,6
87.2,26.3,VI,6
87.3,26.3,VI,6
87.4,26.3,VI,6
87.5,26.3,VI,6
87.6,26.3,VI,6
87.7,26.3,VI,6
87.8,26.3,VI,6
87.9,26.3,VI,6
88,26.3,VI,6
88.1,26.3,VI,6
88.2,26.3,VI,6
88.3,26.3,VI,6
88.7,26.3,VI,6
88.9,26.3,VI,6
89.2,26.3,VI,6
89.3,26.3,VI,6
89.4,26.3,VI,6
89.5,26.3,VI,6
89.6,26.3,VI,6
89.7,26.3,VI,6
89.8,26.3,VI,6
89.9,26.3,VI,6
90,26.3,VI,6
90.1,26.3,VI,6
90.2,26.3,VI,6
90.3,26.3,VI,6
90.4,26.3,VI,6
90.5,26.3,VI,6
90.6,26.3,VI,6
90.7,26.3,VI,6
90.8,26.3,VI,6
90.9,26.3,VI,6
91,26.3,VI,6
91.1,26.3,VI,6
91.2,26.3,VI,6
91.3,26.3,VI,6
91.4,26.3,VI,6
91.5,26.3,VI,6
91.6,26.3,VI,6
91.7,26.3,VI,6
91.8,26.3,VI,6
91.9,26.3,VI,6
92,26.3,VI,6
92.1,26.3,VI,6
92.2,26.3,VI,6
92.3,26.3,VI,6
92.4,26.3,VI,6
92.5,26.3,VI,6
92.6,26.3,VI,6
92.7,26.3,VI,6
92.8,26.3,VI,6
92.9,26.3,VI,6
93,26.3,VI,6
93.1,26.3,VI,6
93.2,26.3,VI,6
93.3,26.3,VI,6
93.4,26.3,VI,6
93.5,26.3,VI,6
93.6,26.3,VI,6
93.7,26.3,VI,6
93.8,26.3,VI,6
93.9,26.3,VI,6
94,26.3,VI,6
94.1,26.3,VI,6
94.2,26.3,VI,6
94.3,26.3,VI,6
94.4,26.3,VI,6
94.5,26.3,VI,6
94.6,26.3,VI,6
94.7,26.3,VI,6
94.8,26.3,VI,6
94.9,26.3,VI,6
95,26.3,VI,6
95.1,26.3,VI,6
70.2,26.4,III,3
70.3,26.4,III,3
70.4,26.4,III,3
70.5,26.4,IV,4
70.6,26.4,IV,4
70.7,26.4,IV,4
70.8,26.4,IV,4
70.9,26.4,IV,4
71,26.4,IV,4
71.1,26.4,IV,4
71.2,26.4,IV,4
71.3,26.4,IV,4
71.4,26.4,IV,4
71.5,26.4,IV,4
71.6,26.4,IV,4
71.7,26.4,III,3
71.8,26.4,III,3
71.9,26.4,III,3
72,26.4,III,3
72.1,26.4,III,3
72.2,26.4,III,3
72.3,26.4,III,3
72.4,26.4,III,3
72.5,26.4,III,3
72.6,26.4,III,3
72.7,26.4,III,3
72.8,26.4,III,3
72.9,26.4,III,3
73,26.4,III,3
73.1,26.4,III,3
73.2,26.4,II,2
73.3,26.4,II,2
73.4,26.4,II,2
73.5,26.4,II,2
73.6,26.4,II,2
73.7,26.4,II,2
73.8,26.4,II,2
73.9,26.4,II,2
74,26.4,II,2
74.1,26.4,II,2
74.2,26.4,II,2
74.3,26.4,II,2
74.4,26.4,III,3
74.5,26.4,III,3
74.6,26.4,III,3
74.7,26.4,III,3
74.8,26.4,III,3
74.9,26.4,III,3
75,26.4,III,3
75.1,26.4,III,3
75.2,26.4,III,3
75.3,26.4,III,3
75.4,26.4,III,3
75.5,26.4,III,3
75.6,26.4,III,3
75.7,26.4,III,3
75.8,26.4,III,3
75.9,26.4,III,3
76,26.4,II,2
76.1,26.4,II,2
76.2,26.4,II,2
76.3,26.4,II,2
76.4,26.4,II,2
76.5,26.4,II,2
76.6,26.4,II,2
76.7,26.4,II,2
76.8,26.4,II,2
76.9,26.4,II,2
77,26.4,II,2
77.1,26.4,II,2
77.2,26.4,II,2
77.3,26.4,II,2
77.4,26.4,II,2
77.5,26.4,II,2
77.6,26.4,II,2
77.7,26.4,II,2
77.8,26.4,II,2
77.9,26.4,II,2
78,26.4,II,2
78.1,26.4,II,2
78.2,26.4,II,2
78.3,26.4,II,2
78.4,26.4,II,2
78.5,26.4,II,2
78.6,26.4,II,2
78.7,26.4,II,2
78.8,26.4,II,2
78.9,26.4,II,2
79,26.4,II,2
79.1,26.4,II,2
79.2,26.4,III,3
79.3,26.4,III,3
79.4,26.4,III,3
79.5,26.4,III,3
79.6,26.4,III,3
79.7,26.4,III,3
79.8,26.4,III,3
79.9,26.4,III,3
80,26.4,III,3
80.1,26.4,III,3
80.2,26.4,III,3
80.3,26.4,III,3
80.4,26.4,III,3
80.5,26.4,III,3
80.6,26.4,III,3
80.7,26.4,III,3
80.8,26.4,III,3
80.9,26.4,III,3
81,26.4,III,3
81.1,26.4,III,3
81.2,26.4,III,3
81.3,26.4,III,3
81.4,26.4,III,3
81.5,26.4,III,3
81.6,26.4,III,3
81.7,26.4,III,3
81.8,26.4,III,3
81.9,26.4,III,3
82,26.4,III,3
82.1,26.4,III,3
82.2,26.4,III,3
82.3,26.4,III,3
82.4,26.4,III,3
82.5,26.4,III,3
82.6,26.4,III,3
82.7,26.4,III,3
82.8,26.4,III,3
82.9,26.4,III,3
83,26.4,III,3
83.1,26.4,III,3
83.2,26.4,III,3
83.3,26.4,IV,4
83.4,26.4,IV,4
83.5,26.4,IV,4
83.6,26.4,IV,4
83.7,26.4,IV,4
83.8,26.4,IV,4
83.9,26.4,IV,4
84,26.4,IV,4
84.1,26.4,IV,4
84.2,26.4,V,5
84.3,26.4,V,5
84.4,26.4,V,5
84.5,26.4,V,5
84.6,26.4,V,5
84.7,26.4,V,5
84.8,26.4,V,5
84.9,26.4,V,5
85,26.4,V,5
85.1,26.4,V,5
85.2,26.4,V,5
85.3,26.4,V,5
85.4,26.4,V,5
85.5,26.4,V,5
85.6,26.4,V,5
85.7,26.4,V,5
85.8,26.4,V,5
85.9,26.4,V,5
86,26.4,VI,6
86.1,26.4,VI,6
86.2,26.4,VI,6
86.3,26.4,VI,6
86.4,26.4,VI,6
86.5,26.4,VI,6
86.6,26.4,VI,6
86.7,26.4,VI,6
86.8,26.4,VI,6
86.9,26.4,VI,6
87,26.4,VI,6
87.1,26.4,VI,6
87.2,26.4,VI,6
87.4,26.4,VI,6
87.5,26.4,VI,6
87.7,26.4,VI,6
87.8,26.4,VI,6
87.9,26.4,VI,6
88.1,26.4,VI,6
88.2,26.4,VI,6
88.3,26.4,VI,6
88.4,26.4,VI,6
88.5,26.4,III,3
88.7,26.4,VI,6
88.8,26.4,VI,6
88.9,26.4,VI,6
89.1,26.4,VI,6
89.2,26.4,VI,6
89.3,26.4,VI,6
89.4,26.4,VI,6
89.5,26.4,VI,6
89.6,26.4,VI,6
89.7,26.4,VI,6
89.8,26.4,VI,6
89.9,26.4,VI,6
90,26.4,VI,6
90.1,26.4,VI,6
90.2,26.4,VI,6
90.3,26.4,VI,6
90.4,26.4,VI,6
90.5,26.4,VI,6
90.6,26.4,VI,6
90.7,26.4,VI,6
90.8,26.4,VI,6
90.9,26.4,VI,6
91,26.4,VI,6
91.1,26.4,VI,6
91.2,26.4,VI,6
91.3,26.4,VI,6
91.4,26.4,VI,6
91.5,26.4,VI,6
91.6,26.4,VI,6
91.7,26.4,VI,6
91.8,26.4,VI,6
91.9,26.4,VI,6
92,26.4,VI,6
92.1,26.4,VI,6
92.2,26.4,VI,6
92.3,26.4,VI,6
92.4,26.4,VI,6
92.5,26.4,VI,6
92.6,26.4,VI,6
92.7,26.4,VI,6
92.8,26.4,VI,6
92.9,26.4,VI,6
93,26.4,VI,6
93.1,26.4,VI,6
93.2,26.4,VI,6
93.3,26.4,VI,6
93.4,26.4,VI,6
93.5,26.4,VI,6
93.6,26.4,VI,6
93.7,26.4,VI,6
93.8,26.4,VI,6
93.9,26.4,VI,6
94,26.4,VI,6
94.1,26.4,VI,6
94.2,26.4,VI,6
94.3,26.4,VI,6
94.4,26.4,VI,6
94.5,26.4,VI,6
94.6,26.4,VI,6
94.7,26.4,VI,6
94.8,26.4,VI,6
94.9,26.4,VI,6
95,26.4,VI,6
95.1,26.4,VI,6
70.2,26.5,III,3
70.3,26.5,III,3
70.4,26.5,III,3
70.5,26.5,III,3
70.6,26.5,IV,4
70.7,26.5,IV,4
70.8,26.5,IV,4
70.9,26.5,IV,4
71,26.5,IV,4
71.1,26.5,IV,4
71.2,26.5,IV,4
71.3,26.5,IV,4
71.4,26.5,IV,4
71.5,26.5,IV,4
71.6,26.5,III,3
71.7,26.5,III,3
71.8,26.5,III,3
71.9,26.5,III,3
72,26.5,III,3
72.1,26.5,III,3
72.2,26.5,III,3
72.3,26.5,III,3
72.4,26.5,III,3
72.5,26.5,III,3
72.6,26.5,III,3
72.7,26.5,III,3
72.8,26.5,III,3
72.9,26.5,III,3
73,26.5,III,3
73.1,26.5,III,3
73.2,26.5,II,2
73.3,26.5,II,2
73.4,26.5,II,2
73.5,26.5,II,2
73.6,26.5,II,2
73.7,26.5,II,2
73.8,26.5,II,2
73.9,26.5,II,2
74,26.5,II,2
74.1,26.5,II,2
74.2,26.5,II,2
74.3,26.5,III,3
74.4,26.5,III,3
74.5,26.5,III,3
74.6,26.5,III,3
74.7,26.5,III,3
74.8,26.5,III,3
74.9,26.5,III,3
75,26.5,III,3
75.1,26.5,III,3
75.2,26.5,III,3
75.3,26.5,III,3
75.4,26.5,III,3
75.5,26.5,III,3
75.6,26.5,III,3
75.7,26.5,III,3
75.8,26.5,III,3
75.9,26.5,III,3
76,26.5,III,3
76.1,26.5,III,3
76.2,26.5,III,3
76.3,26.5,III,3
76.4,26.5,III,3
76.5,26.5,II,2
76.6,26.5,II,2
76.7,26.5,II,2
76.8,26.5,II,2
76.9,26.5,II,2
77,26.5,II,2
77.1,26.5,II,2
77.2,26.5,II,2
77.3,26.5,II,2
77.4,26.5,II,2
77.5,26.5,II,2
77.6,26.5,II,2
77.7,26.5,II,2
77.8,26.5,II,2
77.9,26.5,II,2
78,26.5,II,2
78.1,26.5,II,2
78.2,26.5,II,2
78.3,26.5,II,2
78.4,26.5,II,2
78.5,26.5,II,2
78.6,26.5,II,2
78.7,26.5,II,2
78.8,26.5,II,2
78.9,26.5,II,2
79,26.5,II,2
79.1,26.5,II,2
79.2,26.5,III,3
79.3,26.5,III,3
79.4,26.5,III,3
79.5,26.5,III,3
79.6,26.5,III,3
79.7,26.5,III,3
79.8,26.5,III,3
79.9,26.5,III,3
80,26.5,III,3
80.1,26.5,III,3
80.2,26.5,III,3
80.3,26.5,III,3
80.4,26.5,III,3
80.5,26.5,III,3
80.6,26.5,III,3
80.7,26.5,III,3
80.8,26.5,III,3
80.9,26.5,III,3
81,26.5,III,3
81.1,26.5,III,3
81.2,26.5,III,3
81.3,26.5,III,3
81.4,26.5,III,3
81.5,26.5,III,3
81.6,26.5,III,3
81.7,26.5,III,3
81.8,26.5,III,3
81.9,26.5,III,3
82,26.5,III,3
82.1,26.5,III,3
82.2,26.5,III,3
82.3,26.5,III,3
82.4,26.5,III,3
82.5,26.5,III,3
82.6,26.5,III,3
82.7,26.5,III,3
82.8,26.5,III,3
82.9,26.5,III,3
83,26.5,IV,4
83.1,26.5,IV,4
83.2,26.5,IV,4
83.3,26.5,IV,4
83.4,26.5,IV,4
83.5,26.5,IV,4
83.6,26.5,IV,4
83.7,26.5,IV,4
83.8,26.5,IV,4
83.9,26.5,IV,4
84,26.5,V,5
84.1,26.5,V,5
84.2,26.5,V,5
84.3,26.5,V,5
84.4,26.5,V,5
84.5,26.5,V,5
84.6,26.5,V,5
84.7,26.5,V,5
84.8,26.5,V,5
84.9,26.5,V,5
85,26.5,V,5
85.1,26.5,V,5
85.2,26.5,V,5
85.3,26.5,V,5
85.4,26.5,V,5
85.5,26.5,V,5
85.6,26.5,V,5
85.7,26.5,VI,6
85.8,26.5,VI,6
85.9,26.5,VI,6
86,26.5,VI,6
86.1,26.5,VI,6
86.2,26.5,VI,6
86.3,26.5,VI,6
86.4,26.5,VI,6
86.5,26.5,VI,6
87,26.5,VI,6
88.2,26.5,VI,6
88.3,26.5,VI,6
88.6,26.5,VI,6
88.7,26.5,VI,6
88.8,26.5,VI,6
88.9,26.5,VI,6
89,26.5,VI,6
89.1,26.5,VI,6
89.2,26.5,VI,6
89.3,26.5,VI,6
89.4,26.5,VI,6
89.5,26.5,VI,6
89.6,26.5,VI,6
89.7,26.5,VI,6
89.8,26.5,VI,6
89.9,26.5,VI,6
90,26.5,VI,6
90.1,26.5,VI,6
90.2,26.5,VI,6
90.3,26.5,VI,6
90.4,26.5,VI,6
90.5,26.5,VI,6
90.6,26.5,VI,6
90.7,26.5,VI,6
90.8,26.5,VI,6
90.9,26.5,VI,6
91,26.5,VI,6
91.1,26.5,VI,6
91.2,26.5,VI,6
91.3,26.5,VI,6
91.4,26.5,VI,6
91.5,26.5,VI,6
91.6,26.5,VI,6
91.7,26.5,VI,6
91.8,26.5,VI,6
91.9,26.5,VI,6
92,26.5,VI,6
92.1,26.5,VI,6
92.2,26.5,VI,6
92.3,26.5,VI,6
92.4,26.5,VI,6
92.5,26.5,VI,6
92.6,26.5,VI,6
92.7,26.5,VI,6
92.8,26.5,VI,6
92.9,26.5,VI,6
93,26.5,VI,6
93.1,26.5,VI,6
93.2,26.5,VI,6
93.3,26.5,VI,6
93.4,26.5,VI,6
93.5,26.5,VI,6
93.6,26.5,VI,6
93.7,26.5,VI,6
93.8,26.5,VI,6
93.9,26.5,VI,6
94,26.5,VI,6
94.1,26.5,VI,6
94.2,26.5,VI,6
94.3,26.5,VI,6
94.4,26.5,VI,6
94.5,26.5,VI,6
94.6,26.5,VI,6
94.7,26.5,VI,6
94.8,26.5,VI,6
94.9,26.5,VI,6
95,26.5,VI,6
95.1,26.5,III,3
69.8,26.6,III,3
69.9,26.6,III,3
70,26.6,III,3
70.1,26.6,III,3
70.2,26.6,III,3
70.3,26.6,III,3
70.4,26.6,III,3
70.5,26.6,III,3
70.6,26.6,III,3
70.7,26.6,IV,4
70.8,26.6,IV,4
70.9,26.6,IV,4
71,26.6,IV,4
71.1,26.6,IV,4
71.2,26.6,IV,4
71.3,26.6,IV,4
71.4,26.6,III,3
71.5,26.6,III,3
71.6,26.6,III,3
71.7,26.6,III,3
71.8,26.6,III,3
71.9,26.6,III,3
72,26.6,III,3
72.1,26.6,III,3
72.2,26.6,III,3
72.3,26.6,III,3
72.4,26.6,III,3
72.5,26.6,III,3
72.6,26.6,III,3
72.7,26.6,III,3
72.8,26.6,III,3
72.9,26.6,III,3
73,26.6,III,3
73.1,26.6,III,3
73.2,26.6,II,2
73.3,26.6,II,2
73.4,26.6,II,2
73.5,26.6,II,2
73.6,26.6,II,2
73.7,26.6,II,2
73.8,26.6,II,2
73.9,26.6,II,2
74,26.6,II,2
74.1,26.6,III,3
74.2,26.6,III,3
74.3,26.6,III,3
74.4,26.6,III,3
74.5,26.6,III,3
74.6,26.6,III,3
74.7,26.6,III,3
74.8,26.6,III,3
74.9,26.6,III,3
75,26.6,III,3
75.1,26.6,III,3
75.2,26.6,III,3
75.3,26.6,III,3
75.4,26.6,III,3
75.5,26.6,III,3
75.6,26.6,III,3
75.7,26.6,III,3
75.8,26.6,III,3
75.9,26.6,III,3
76,26.6,III,3
76.1,26.6,III,3
76.2,26.6,III,3
76.3,26.6,III,3
76.4,26.6,III,3
76.5,26.6,III,3
76.6,26.6,III,3
76.7,26.6,II,2
76.8,26.6,II,2
76.9,26.6,II,2
77,26.6,II,2
77.1,26.6,II,2
77.2,26.6,II,2
77.3,26.6,II,2
77.4,26.6,II,2
77.5,26.6,II,2
77.6,26.6,II,2
77.7,26.6,II,2
77.8,26.6,II,2
77.9,26.6,II,2
78,26.6,II,2
78.1,26.6,II,2
78.2,26.6,II,2
78.3,26.6,II,2
78.4,26.6,II,2
78.5,26.6,II,2
78.6,26.6,II,2
78.7,26.6,II,2
78.8,26.6,II,2
78.9,26.6,II,2
79,26.6,II,2
79.1,26.6,II,2
79.2,26.6,III,3
79.3,26.6,III,3
79.4,26.6,III,3
79.5,26.6,III,3
79.6,26.6,III,3
79.7,26.6,III,3
79.8,26.6,III,3
79.9,26.6,III,3
80,26.6,III,3
80.1,26.6,III,3
80.2,26.6,III,3
80.3,26.6,III,3
80.4,26.6,III,3
80.5,26.6,III,3
80.6,26.6,III,3
80.7,26.6,III,3
80.8,26.6,III,3
80.9,26.6,III,3
81,26.6,III,3
81.1,26.6,III,3
81.2,26.6,III,3
81.3,26.6,III,3
81.4,26.6,III,3
81.5,26.6,III,3
81.6,26.6,III,3
81.7,26.6,III,3
81.8,26.6,III,3
81.9,26.6,III,3
82,26.6,III,3
82.1,26.6,III,3
82.2,26.6,III,3
82.3,26.6,III,3
82.4,26.6,III,3
82.5,26.6,III,3
82.6,26.6,III,3
82.7,26.6,III,3
82.8,26.6,IV,4
82.9,26.6,IV,4
83,26.6,IV,4
83.1,26.6,IV,4
83.2,26.6,IV,4
83.3,26.6,IV,4
83.4,26.6,IV,4
83.5,26.6,IV,4
83.6,26.6,IV,4
83.7,26.6,V,5
83.8,26.6,V,5
83.9,26.6,V,5
84,26.6,V,5
84.1,26.6,V,5
84.2,26.6,V,5
84.3,26.6,V,5
84.4,26.6,V,5
84.5,26.6,V,5
84.6,26.6,V,5
84.7,26.6,V,5
84.8,26.6,V,5
84.9,26.6,V,5
85,26.6,V,5
85.1,26.6,V,5
85.2,26.6,V,5
85.3,26.6,VI,6
85.4,26.6,VI,6
85.5,26.6,VI,6
85.6,26.6,VI,6
85.7,26.6,VI,6
85.8,26.6,VI,6
85.9,26.6,VI,6
86,26.6,VI,6
86.1,26.6,VI,6
86.2,26.6,VI,6
86.3,26.6,VI,6
88.2,26.6,VI,6
88.3,26.6,VI,6
88.5,26.6,VI,6
88.6,26.6,VI,6
88.7,26.6,VI,6
88.8,26.6,VI,6
88.9,26.6,VI,6
89,26.6,VI,6
89.1,26.6,VI,6
89.2,26.6,VI,6
89.3,26.6,VI,6
89.4,26.6,VI,6
89.5,26.6,VI,6
89.6,26.6,VI,6
89.7,26.6,VI,6
89.8,26.6,VI,6
89.9,26.6,VI,6
90,26.6,VI,6
90.1,26.6,VI,6
90.2,26.6,VI,6
90.3,26.6,VI,6
90.4,26.6,VI,6
90.5,26.6,VI,6
90.6,26.6,VI,6
90.7,26.6,VI,6
90.8,26.6,VI,6
90.9,26.6,VI,6
91,26.6,VI,6
91.1,26.6,VI,6
91.2,26.6,VI,6
91.3,26.6,VI,6
91.4,26.6,VI,6
91.5,26.6,VI,6
91.6,26.6,VI,6
91.7,26.6,VI,6
91.8,26.6,VI,6
91.9,26.6,VI,6
92,26.6,VI,6
92.1,26.6,VI,6
92.2,26.6,VI,6
92.3,26.6,VI,6
92.4,26.6,VI,6
92.5,26.6,VI,6
92.6,26.6,VI,6
92.7,26.6,VI,6
92.8,26.6,VI,6
92.9,26.6,VI,6
93,26.6,VI,6
93.1,26.6,VI,6
93.2,26.6,VI,6
93.3,26.6,VI,6
93.4,26.6,VI,6
93.5,26.6,VI,6
93.6,26.6,VI,6
93.7,26.6,VI,6
93.8,26.6,VI,6
93.9,26.6,VI,6
94,26.6,VI,6
94.1,26.6,VI,6
94.2,26.6,VI,6
94.3,26.6,VI,6
94.4,26.6,VI,6
94.5,26.6,VI,6
94.6,26.6,VI,6
94.7,26.6,VI,6
94.8,26.6,VI,6
94.9,26.6,VI,6
95,26.6,VI,6
95.1,26.6,VI,6
69.7,26.7,III,3
69.8,26.7,III,3
69.9,26.7,III,3
70,26.7,III,3
70.1,26.7,III,3
70.2,26.7,III,3
70.3,26.7,III,3
70.4,26.7,III,3
70.5,26.7,III,3
70.6,26.7,III,3
70.7,26.7,III,3
70.8,26.7,III,3
70.9,26.7,IV,4
71,26.7,IV,4
71.1,26.7,IV,4
71.2,26.7,III,3
71.3,26.7,III,3
71.4,26.7,III,3
71.5,26.7,III,3
71.6,26.7,III,3
71.7,26.7,III,3
71.8,26.7,III,3
71.9,26.7,III,3
72,26.7,III,3
72.1,26.7,III,3
72.2,26.7,III,3
72.3,26.7,III,3
72.4,26.7,III,3
72.5,26.7,III,3
72.6,26.7,III,3
72.7,26.7,III,3
72.8,26.7,III,3
72.9,26.7,III,3
73,26.7,III,3
73.1,26.7,II,2
73.2,26.7,II,2
73.3,26.7,II,2
73.4,26.7,II,2
73.5,26.7,II,2
73.6,26.7,II,2
73.7,26.7,II,2
73.8,26.7,II,2
73.9,26.7,II,2
74,26.7,II,2
74.1,26.7,III,3
74.2,26.7,III,3
74.3,26.7,III,3
74.4,26.7,III,3
74.5,26.7,III,3
74.6,26.7,III,3
74.7,26.7,III,3
74.8,26.7,III,3
74.9,26.7,III,3
75,26.7,III,3
75.1,26.7,III,3
75.2,26.7,III,3
75.3,26.7,III,3
75.4,26.7,III,3
75.5,26.7,III,3
75.6,26.7,IV,4
75.7,26.7,IV,4
75.8,26.7,IV,4
75.9,26.7,IV,4
76,26.7,III,3
76.1,26.7,III,3
76.2,26.7,III,3
76.3,26.7,III,3
76.4,26.7,III,3
76.5,26.7,III,3
76.6,26.7,III,3
76.7,26.7,III,3
76.8,26.7,III,3
76.9,26.7,III,3
77,26.7,III,3
77.1,26.7,II,2
77.2,26.7,II,2
77.3,26.7,II,2
77.4,26.7,II,2
77.5,26.7,II,2
77.6,26.7,II,2
77.7,26.7,II,2
77.8,26.7,II,2
77.9,26.7,II,2
78,26.7,II,2
78.1,26.7,II,2
78.2,26.7,II,2
78.3,26.7,II,2
78.4,26.7,II,2
78.5,26.7,II,2
78.6,26.7,II,2
78.7,26.7,II,2
78.8,26.7,II,2
78.9,26.7,II,2
79,26.7,II,2
79.1,26.7,II,2
79.2,26.7,II,2
79.3,26.7,III,3
79.4,26.7,III,3
79.5,26.7,III,3
79.6,26.7,III,3
79.7,26.7,III,3
79.8,26.7,III,3
79.9,26.7,III,3
80,26.7,III,3
80.1,26.7,III,3
80.2,26.7,III,3
80.3,26.7,III,3
80.4,26.7,III,3
80.5,26.7,III,3
80.6,26.7,III,3
80.7,26.7,III,3
80.8,26.7,III,3
80.9,26.7,III,3
81,26.7,III,3
81.1,26.7,III,3
81.2,26.7,III,3
81.3,26.7,III,3
81.4,26.7,III,3
81.5,26.7,III,3
81.6,26.7,III,3
81.7,26.7,III,3
81.8,26.7,III,3
81.9,26.7,III,3
82,26.7,III,3
82.1,26.7,III,3
82.2,26.7,III,3
82.3,26.7,III,3
82.4,26.7,III,3
82.5,26.7,IV,4
82.6,26.7,IV,4
82.7,26.7,IV,4
82.8,26.7,IV,4
82.9,26.7,IV,4
83,26.7,IV,4
83.1,26.7,IV,4
83.2,26.7,IV,4
83.3,26.7,IV,4
83.4,26.7,V,5
83.5,26.7,V,5
83.6,26.7,V,5
83.7,26.7,V,5
83.8,26.7,V,5
83.9,26.7,V,5
84,26.7,V,5
84.1,26.7,V,5
84.2,26.7,V,5
84.3,26.7,V,5
84.4,26.7,V,5
84.5,26.7,V,5
84.6,26.7,V,5
84.7,26.7,V,5
84.8,26.7,V,5
84.9,26.7,V,5
85,26.7,VI,6
85.1,26.7,VI,6
85.2,26.7,VI,6
85.3,26.7,VI,6
85.4,26.7,VI,6
85.5,26.7,VI,6
85.6,26.7,VI,6
85.7,26.7,VI,6
85.8,26.7,VI,6
85.9,26.7,VI,6
86,26.7,VI,6
88.2,26.7,VI,6
88.3,26.7,VI,6
88.4,26.7,VI,6
88.5,26.7,VI,6
88.6,26.7,VI,6
88.7,26.7,VI,6
88.8,26.7,VI,6
88.9,26.7,VI,6
89,26.7,VI,6
89.1,26.7,VI,6
89.2,26.7,VI,6
89.3,26.7,VI,6
89.4,26.7,VI,6
89.5,26.7,VI,6
89.6,26.7,VI,6
89.7,26.7,VI,6
89.8,26.7,VI,6
89.9,26.7,VI,6
90,26.7,VI,6
90.1,26.7,VI,6
90.2,26.7,VI,6
90.3,26.7,VI,6
90.4,26.7,VI,6
90.5,26.7,VI,6
90.6,26.7,VI,6
90.7,26.7,VI,6
90.8,26.7,VI,6
90.9,26.7,VI,6
91,26.7,VI,6
91.1,26.7,VI,6
91.2,26.7,VI,6
91.3,26.7,VI,6
91.4,26.7,VI,6
91.5,26.7,VI,6
91.6,26.7,VI,6
91.7,26.7,VI,6
91.8,26.7,VI,6
91.9,26.7,VI,6
92,26.7,VI,6
92.1,26.7,VI,6
92.2,26.7,VI,6
92.3,26.7,VI,6
92.4,26.7,VI,6
92.5,26.7,VI,6
92.6,26.7,VI,6
92.7,26.7,VI,6
92.8,26.7,VI,6
92.9,26.7,VI,6
93,26.7,VI,6
93.1,26.7,VI,6
93.2,26.7,VI,6
93.3,26.7,VI,6
93.4,26.7,VI,6
93.5,26.7,VI,6
93.6,26.7,VI,6
93.7,26.7,VI,6
93.8,26.7,VI,6
93.9,26.7,VI,6
94,26.7,VI,6
94.1,26.7,VI,6
94.2,26.7,VI,6
94.3,26.7,VI,6
94.4,26.7,VI,6
94.5,26.7,VI,6
94.6,26.7,VI,6
94.7,26.7,VI,6
94.8,26.7,VI,6
94.9,26.7,VI,6
95,26.7,VI,6
95.1,26.7,VI,6
95.2,26.7,VI,6
95.3,26.7,VI,6
95.4,26.7,VI,6
69.5,26.8,III,3
69.6,26.8,III,3
69.7,26.8,III,3
69.8,26.8,III,3
69.9,26.8,III,3
70,26.8,III,3
70.1,26.8,III,3
70.2,26.8,III,3
70.3,26.8,III,3
70.4,26.8,III,3
70.5,26.8,III,3
70.6,26.8,III,3
70.7,26.8,III,3
70.8,26.8,III,3
70.9,26.8,III,3
71,26.8,III,3
71.1,26.8,III,3
71.2,26.8,III,3
71.3,26.8,III,3
71.4,26.8,III,3
71.5,26.8,III,3
71.6,26.8,III,3
71.7,26.8,III,3
71.8,26.8,III,3
71.9,26.8,III,3
72,26.8,III,3
72.1,26.8,III,3
72.2,26.8,III,3
72.3,26.8,III,3
72.4,26.8,III,3
72.5,26.8,III,3
72.6,26.8,III,3
72.7,26.8,III,3
72.8,26.8,III,3
72.9,26.8,III,3
73,26.8,II,2
73.1,26.8,II,2
73.2,26.8,II,2
73.3,26.8,II,2
73.4,26.8,II,2
73.5,26.8,II,2
73.6,26.8,II,2
73.7,26.8,II,2
73.8,26.8,II,2
73.9,26.8,II,2
74,26.8,III,3
74.1,26.8,III,3
74.2,26.8,III,3
74.3,26.8,III,3
74.4,26.8,III,3
74.5,26.8,III,3
74.6,26.8,III,3
74.7,26.8,III,3
74.8,26.8,III,3
74.9,26.8,III,3
75,26.8,III,3
75.1,26.8,III,3
75.2,26.8,III,3
75.3,26.8,III,3
75.4,26.8,III,3
75.5,26.8,IV,4
75.6,26.8,IV,4
75.7,26.8,IV,4
75.8,26.8,IV,4
75.9,26.8,IV,4
76,26.8,IV,4
76.1,26.8,IV,4
76.2,26.8,III,3
76.3,26.8,III,3
76.4,26.8,III,3
76.5,26.8,III,3
76.6,26.8,III,3
76.7,26.8,III,3
76.8,26.8,III,3
76.9,26.8,III,3
77,26.8,III,3
77.1,26.8,III,3
77.2,26.8,III,3
77.3,26.8,III,3
77.4,26.8,III,3
77.5,26.8,II,2
77.6,26.8,II,2
77.7,26.8,II,2
77.8,26.8,II,2
77.9,26.8,II,2
78,26.8,II,2
78.1,26.8,II,2
78.2,26.8,II,2
78.3,26.8,II,2
78.4,26.8,II,2
78.5,26.8,II,2
78.6,26.8,II,2
78.7,26.8,II,2
78.8,26.8,II,2
78.9,26.8,II,2
79,26.8,II,2
79.1,26.8,II,2
79.2,26.8,II,2
79.3,26.8,III,3
79.4,26.8,III,3
79.5,26.8,III,3
79.6,26.8,III,3
79.7,26.8,III,3
79.8,26.8,III,3
79.9,26.8,III,3
80,26.8,III,3
80.1,26.8,III,3
80.2,26.8,III,3
80.3,26.8,III,3
80.4,26.8,III,3
80.5,26.8,III,3
80.6,26.8,III,3
80.7,26.8,III,3
80.8,26.8,III,3
80.9,26.8,III,3
81,26.8,III,3
81.1,26.8,III,3
81.2,26.8,III,3
81.3,26.8,III,3
81.4,26.8,III,3
81.5,26.8,III,3
81.6,26.8,III,3
81.7,26.8,III,3
81.8,26.8,III,3
81.9,26.8,III,3
82,26.8,III,3
82.1,26.8,III,3
82.2,26.8,III,3
82.3,26.8,IV,4
82.4,26.8,IV,4
82.5,26.8,IV,4
82.6,26.8,IV,4
82.7,26.8,IV,4
82.8,26.8,IV,4
82.9,26.8,IV,4
83,26.8,IV,4
83.1,26.8,V,5
83.2,26.8,V,5
83.3,26.8,V,5
83.4,26.8,V,5
83.5,26.8,V,5
83.6,26.8,V,5
83.7,26.8,V,5
83.8,26.8,V,5
83.9,26.8,V,5
84,26.8,V,5
84.1,26.8,V,5
84.2,26.8,V,5
84.3,26.8,V,5
84.4,26.8,V,5
84.5,26.8,V,5
84.6,26.8,VI,6
84.7,26.8,VI,6
84.8,26.8,VI,6
84.9,26.8,VI,6
85,26.8,VI,6
85.1,26.8,VI,6
85.2,26.8,VI,6
85.3,26.8,VI,6
85.4,26.8,VI,6
85.5,26.8,VI,6
85.6,26.8,VI,6
85.7,26.8,III,3
88.2,26.8,VI,6
88.3,26.8,VI,6
88.4,26.8,VI,6
88.5,26.8,VI,6
88.6,26.8,VI,6
88.7,26.8,VI,6
88.8,26.8,VI,6
88.9,26.8,VI,6
89,26.8,VI,6
89.1,26.8,VI,6
89.2,26.8,VI,6
89.3,26.8,VI,6
89.4,26.8,VI,6
89.5,26.8,VI,6
90.2,26.8,III,3
90.3,26.8,VI,6
90.4,26.8,VI,6
90.5,26.8,VI,6
91.1,26.8,VI,6
91.2,26.8,VI,6
91.4,26.8,VI,6
91.6,26.8,VI,6
91.7,26.8,VI,6
91.8,26.8,VI,6
91.9,26.8,VI,6
92,26.8,VI,6
92.1,26.8,VI,6
92.2,26.8,VI,6
92.3,26.8,VI,6
92.4,26.8,VI,6
92.5,26.8,VI,6
92.6,26.8,VI,6
92.7,26.8,VI,6
92.8,26.8,VI,6
92.9,26.8,VI,6
93,26.8,VI,6
93.1,26.8,VI,6
93.2,26.8,VI,6
93.3,26.8,VI,6
93.4,26.8,VI,6
93.5,26.8,VI,6
93.6,26.8,VI,6
93.7,26.8,VI,6
93.8,26.8,VI,6
93.9,26.8,VI,6
94,26.8,VI,6
94.1,26.8,VI,6
94.2,26.8,VI,6
94.3,26.8,VI,6
94.4,26.8,VI,6
94.5,26.8,VI,6
94.6,26.8,VI,6
94.7,26.8,VI,6
94.8,26.8,VI,6
94.9,26.8,VI,6
95,26.8,VI,6
95.1,26.8,VI,6
95.2,26.8,VI,6
95.3,26.8,VI,6
95.4,26.8,VI,6
95.5,26.8,VI,6
69.6,26.9,III,3
69.7,26.9,III,3
69.8,26.9,III,3
69.9,26.9,III,3
70,26.9,III,3
70.1,26.9,III,3
70.2,26.9,III,3
70.3,26.9,III,3
70.4,26.9,III,3
70.5,26.9,III,3
70.6,26.9,III,3
70.7,26.9,III,3
70.8,26.9,III,3
70.9,26.9,III,3
71,26.9,III,3
71.1,26.9,III,3
71.2,26.9,III,3
71.3,26.9,III,3
71.4,26.9,III,3
71.5,26.9,III,3
71.6,26.9,III,3
71.7,26.9,III,3
71.8,26.9,III,3
71.9,26.9,III,3
72,26.9,III,3
72.1,26.9,III,3
72.2,26.9,III,3
72.3,26.9,III,3
72.4,26.9,III,3
72.5,26.9,III,3
72.6,26.9,III,3
72.7,26.9,III,3
72.8,26.9,III,3
72.9,26.9,III,3
73,26.9,II,2
73.1,26.9,II,2
73.2,26.9,II,2
73.3,26.9,II,2
73.4,26.9,II,2
73.5,26.9,II,2
73.6,26.9,II,2
73.7,26.9,II,2
73.8,26.9,II,2
73.9,26.9,II,2
74,26.9,III,3
74.1,26.9,III,3
74.2,26.9,III,3
74.3,26.9,III,3
74.4,26.9,III,3
74.5,26.9,III,3
74.6,26.9,III,3
74.7,26.9,III,3
74.8,26.9,III,3
74.9,26.9,III,3
75,26.9,III,3
75.1,26.9,III,3
75.2,26.9,III,3
75.3,26.9,III,3
75.4,26.9,IV,4
75.5,26.9,IV,4
75.6,26.9,IV,4
75.7,26.9,IV,4
75.8,26.9,IV,4
75.9,26.9,IV,4
76,26.9,IV,4
76.1,26.9,IV,4
76.2,26.9,IV,4
76.3,26.9,IV,4
76.4,26.9,III,3
76.5,26.9,III,3
76.6,26.9,III,3
76.7,26.9,III,3
76.8,26.9,III,3
76.9,26.9,III,3
77,26.9,III,3
77.1,26.9,III,3
77.2,26.9,III,3
77.3,26.9,III,3
77.4,26.9,III,3
77.5,26.9,III,3
77.6,26.9,III,3
77.7,26.9,III,3
77.8,26.9,II,2
77.9,26.9,II,2
78,26.9,II,2
78.1,26.9,II,2
78.2,26.9,II,2
78.3,26.9,II,2
78.4,26.9,II,2
78.5,26.9,II,2
78.6,26.9,II,2
78.7,26.9,II,2
78.8,26.9,II,2
78.9,26.9,II,2
79,26.9,II,2
79.1,26.9,II,2
79.2,26.9,II,2
79.3,26.9,III,3
79.4,26.9,III,3
79.5,26.9,III,3
79.6,26.9,III,3
79.7,26.9,III,3
79.8,26.9,III,3
79.9,26.9,III,3
80,26.9,III,3
80.1,26.9,III,3
80.2,26.9,III,3
80.3,26.9,III,3
80.4,26.9,III,3
80.5,26.9,III,3
80.6,26.9,III,3
80.7,26.9,III,3
80.8,26.9,III,3
80.9,26.9,III,3
81,26.9,III,3
81.1,26.9,III,3
81.2,26.9,III,3
81.3,26.9,III,3
81.4,26.9,III,3
81.5,26.9,III,3
81.6,26.9,III,3
81.7,26.9,III,3
81.8,26.9,III,3
81.9,26.9,III,3
82,26.9,IV,4
82.1,26.9,IV,4
82.2,26.9,IV,4
82.3,26.9,IV,4
82.4,26.9,IV,4
82.5,26.9,IV,4
82.6,26.9,IV,4
82.7,26.9,IV,4
82.8,26.9,V,5
82.9,26.9,V,5
83,26.9,V,5
83.1,26.9,V,5
83.2,26.9,V,5
83.3,26.9,V,5
83.4,26.9,V,5
83.5,26.9,V,5
83.6,26.9,V,5
83.7,26.9,V,5
83.8,26.9,V,5
83.9,26.9,V,5
84,26.9,V,5
84.1,26.9,V,5
84.2,26.9,V,5
84.3,26.9,VI,6
84.4,26.9,VI,6
84.5,26.9,VI,6
84.6,26.9,VI,6
84.7,26.9,VI,6
84.8,26.9,VI,6
84.9,26.9,VI,6
85,26.9,VI,6
88.2,26.9,VI,6
88.3,26.9,VI,6
88.4,26.9,VI,6
88.5,26.9,VI,6
88.6,26.9,VI,6
88.7,26.9,VI,6
88.8,26.9,VI,6
88.9,26.9,VI,6
89,26.9,VI,6
90.4,26.9,VI,6
91.9,26.9,VI,6
92.2,26.9,VI,6
92.3,26.9,VI,6
92.4,26.9,VI,6
92.5,26.9,VI,6
92.6,26.9,VI,6
92.7,26.9,VI,6
92.8,26.9,VI,6
92.9,26.9,VI,6
93,26.9,VI,6
93.1,26.9,VI,6
93.2,26.9,VI,6
93.3,26.9,VI,6
93.4,26.9,VI,6
93.5,26.9,VI,6
93.6,26.9,VI,6
93.7,26.9,VI,6
93.8,26.9,VI,6
93.9,26.9,VI,6
94,26.9,VI,6
94.1,26.9,VI,6
94.2,26.9,VI,6
94.3,26.9,VI,6
94.4,26.9,VI,6
94.5,26.9,VI,6
94.6,26.9,VI,6
94.7,26.9,VI,6
94.8,26.9,VI,6
94.9,26.9,VI,6
95,26.9,VI,6
95.1,26.9,VI,6
95.2,26.9,VI,6
95.3,26.9,VI,6
95.4,26.9,VI,6
95.5,26.9,VI,6
95.6,26.9,VI,6
95.7,26.9,VI,6
69.6,27,III,3
69.7,27,III,3
69.8,27,III,3
69.9,27,III,3
70,27,III,3
70.1,27,III,3
70.2,27,III,3
70.3,27,III,3
70.4,27,III,3
70.5,27,III,3
70.6,27,III,3
70.7,27,III,3
70.8,27,III,3
70.9,27,III,3
71,27,III,3
71.1,27,III,3
71.2,27,III,3
71.3,27,III,3
71.4,27,III,3
71.5,27,III,3
71.6,27,III,3
71.7,27,III,3
71.8,27,III,3
71.9,27,III,3
72,27,III,3
72.1,27,III,3
72.2,27,III,3
72.3,27,III,3
72.4,27,III,3
72.5,27,III,3
72.6,27,III,3
72.7,27,III,3
72.8,27,III,3
72.9,27,II,2
73,27,II,2
73.1,27,II,2
73.2,27,II,2
73.3,27,II,2
73.4,27,II,2
73.5,27,II,2
73.6,27,II,2
73.7,27,II,2
73.8,27,II,2
73.9,27,III,3
74,27,III,3
74.1,27,III,3
74.2,27,III,3
74.3,27,III,3
74.4,27,III,3
74.5,27,III,3
74.6,27,III,3
74.7,27,III,3
74.8,27,III,3
74.9,27,III,3
75,27,III,3
75.1,27,III,3
75.2,27,III,3
75.3,27,III,3
75.4,27,IV,4
75.5,27,IV,4
75.6,27,IV,4
75.7,27,IV,4
75.8,27,IV,4
75.9,27,IV,4
76,27,IV,4
76.1,27,IV,4
76.2,27,IV,4
76.3,27,IV,4
76.4,27,IV,4
76.5,27,III,3
76.6,27,III,3
76.7,27,III,3
76.8,27,III,3
76.9,27,III,3
77,27,III,3
77.1,27,III,3
77.2,27,III,3
77.3,27,III,3
77.4,27,III,3
77.5,27,III,3
77.6,27,III,3
77.7,27,III,3
77.8,27,III,3
77.9,27,III,3
78,27,III,3
78.1,27,II,2
78.2,27,II,2
78.3,27,II,2
78.4,27,II,2
78.5,27,II,2
78.6,27,II,2
78.7,27,II,2
78.8,27,II,2
78.9,27,II,2
79,27,II,2
79.1,27,II,2
79.2,27,II,2
79.3,27,II,2
79.4,27,III,3
79.5,27,III,3
79.6,27,III,3
79.7,27,III,3
79.8,27,III,3
79.9,27,III,3
80,27,III,3
80.1,27,III,3
80.2,27,III,3
80.3,27,III,3
80.4,27,III,3
80.5,27,III,3
80.6,27,III,3
80.7,27,III,3
80.8,27,III,3
80.9,27,III,3
81,27,III,3
81.1,27,III,3
81.2,27,III,3
81.3,27,III,3
81.4,27,III,3
81.5,27,III,3
81.6,27,III,3
81.7,27,IV,4
81.8,27,IV,4
81.9,27,IV,4
82,27,IV,4
82.1,27,IV,4
82.2,27,IV,4
82.3,27,IV,4
82.4,27,IV,4
82.5,27,IV,4
82.6,27,V,5
82.7,27,V,5
82.8,27,V,5
82.9,27,V,5
83,27,V,5
83.1,27,V,5
83.2,27,V,5
83.3,27,V,5
83.4,27,V,5
83.5,27,V,5
83.6,27,V,5
83.7,27,V,5
83.8,27,V,5
83.9,27,VI,6
84,27,VI,6
84.1,27,VI,6
84.2,27,VI,6
84.3,27,VI,6
84.4,27,VI,6
84.5,27,VI,6
84.6,27,VI,6
84.7,27,VI,6
88.2,27,VI,6
88.3,27,VI,6
88.4,27,VI,6
88.5,27,VI,6
88.6,27,VI,6
88.7,27,VI,6
88.8,27,VI,6
92.2,27,VI,6
92.3,27,VI,6
92.4,27,VI,6
92.5,27,VI,6
92.6,27,VI,6
92.7,27,VI,6
92.8,27,VI,6
92.9,27,VI,6
93,27,VI,6
93.1,27,VI,6
93.2,27,VI,6
93.3,27,VI,6
93.4,27,VI,6
93.5,27,VI,6
93.6,27,VI,6
93.7,27,VI,6
93.8,27,VI,6
93.9,27,VI,6
94,27,VI,6
94.1,27,VI,6
94.2,27,VI,6
94.3,27,VI,6
94.4,27,VI,6
94.5,27,VI,6
94.6,27,VI,6
94.7,27,VI,6
94.8,27,VI,6
94.9,27,VI,6
95,27,VI,6
95.1,27,VI,6
95.2,27,VI,6
95.3,27,VI,6
95.4,27,VI,6
95.5,27,VI,6
95.6,27,VI,6
95.7,27,VI,6
69.6,27.1,III,3
69.7,27.1,III,3
69.8,27.1,III,3
69.9,27.1,III,3
70,27.1,III,3
70.1,27.1,III,3
70.2,27.1,III,3
70.3,27.1,III,3
70.4,27.1,III,3
70.5,27.1,III,3
70.6,27.1,III,3
70.7,27.1,III,3
70.8,27.1,III,3
70.9,27.1,III,3
71,27.1,III,3
71.1,27.1,III,3
71.2,27.1,III,3
71.3,27.1,III,3
71.4,27.1,III,3
71.5,27.1,III,3
71.6,27.1,III,3
71.7,27.1,III,3
71.8,27.1,III,3
71.9,27.1,III,3
72,27.1,III,3
72.1,27.1,III,3
72.2,27.1,III,3
72.3,27.1,III,3
72.4,27.1,III,3
72.5,27.1,III,3
72.6,27.1,III,3
72.7,27.1,III,3
72.8,27.1,II,2
72.9,27.1,II,2
73,27.1,II,2
73.1,27.1,II,2
73.2,27.1,II,2
73.3,27.1,II,2
73.4,27.1,II,2
73.5,27.1,II,2
73.6,27.1,II,2
73.7,27.1,II,2
73.8,27.1,II,2
73.9,27.1,III,3
74,27.1,III,3
74.1,27.1,III,3
74.2,27.1,III,3
74.3,27.1,III,3
74.4,27.1,III,3
74.5,27.1,III,3
74.6,27.1,III,3
74.7,27.1,III,3
74.8,27.1,III,3
74.9,27.1,III,3
75,27.1,III,3
75.1,27.1,III,3
75.2,27.1,III,3
75.3,27.1,IV,4
75.4,27.1,IV,4
75.5,27.1,IV,4
75.6,27.1,IV,4
75.7,27.1,IV,4
75.8,27.1,IV,4
75.9,27.1,IV,4
76,27.1,IV,4
76.1,27.1,IV,4
76.2,27.1,IV,4
76.3,27.1,IV,4
76.4,27.1,IV,4
76.5,27.1,IV,4
76.6,27.1,III,3
76.7,27.1,III,3
76.8,27.1,III,3
76.9,27.1,III,3
77,27.1,III,3
77.1,27.1,III,3
77.2,27.1,III,3
77.3,27.1,III,3
77.4,27.1,III,3
77.5,27.1,III,3
77.6,27.1,III,3
77.7,27.1,III,3
77.8,27.1,III,3
77.9,27.1,III,3
78,27.1,III,3
78.1,27.1,III,3
78.2,27.1,III,3
78.3,27.1,III,3
78.4,27.1,II,2
78.5,27.1,II,2
78.6,27.1,II,2
78.7,27.1,II,2
78.8,27.1,II,2
78.9,27.1,II,2
79,27.1,II,2
79.1,27.1,II,2
79.2,27.1,II,2
79.3,27.1,III,3
79.4,27.1,III,3
79.5,27.1,III,3
79.6,27.1,III,3
79.7,27.1,III,3
79.8,27.1,III,3
79.9,27.1,III,3
80,27.1,III,3
80.1,27.1,III,3
80.2,27.1,III,3
80.3,27.1,III,3
80.4,27.1,III,3
80.5,27.1,III,3
80.6,27.1,III,3
80.7,27.1,III,3
80.8,27.1,III,3
80.9,27.1,III,3
81,27.1,III,3
81.1,27.1,III,3
81.2,27.1,III,3
81.3,27.1,III,3
81.4,27.1,IV,4
81.5,27.1,IV,4
81.6,27.1,IV,4
81.7,27.1,IV,4
81.8,27.1,IV,4
81.9,27.1,IV,4
82,27.1,IV,4
82.1,27.1,IV,4
82.2,27.1,IV,4
82.3,27.1,V,5
82.4,27.1,V,5
82.5,27.1,V,5
82.6,27.1,V,5
82.7,27.1,V,5
82.8,27.1,V,5
82.9,27.1,V,5
83,27.1,V,5
83.1,27.1,V,5
83.2,27.1,V,5
83.3,27.1,V,5
83.4,27.1,V,5
83.5,27.1,VI,6
83.6,27.1,VI,6
83.7,27.1,VI,6
83.8,27.1,VI,6
83.9,27.1,VI,6
84,27.1,VI,6
84.1,27.1,VI,6
84.2,27.1,VI,6
84.3,27.1,VI,6
84.4,27.1,VI,6
84.5,27.1,VI,6
84.6,27.1,VI,6
88.1,27.1,VI,6
88.2,27.1,VI,6
88.3,27.1,VI,6
88.4,27.1,VI,6
88.5,27.1,VI,6
88.6,27.1,VI,6
88.7,27.1,VI,6
88.8,27.1,VI,6
92.1,27.1,VI,6
92.2,27.1,VI,6
92.3,27.1,VI,6
92.4,27.1,VI,6
92.5,27.1,VI,6
92.6,27.1,VI,6
92.7,27.1,VI,6
92.8,27.1,VI,6
92.9,27.1,VI,6
93,27.1,VI,6
93.1,27.1,VI,6
93.2,27.1,VI,6
93.3,27.1,VI,6
93.4,27.1,VI,6
93.5,27.1,VI,6
93.6,27.1,VI,6
93.7,27.1,VI,6
93.8,27.1,VI,6
93.9,27.1,VI,6
94,27.1,VI,6
94.1,27.1,VI,6
94.2,27.1,VI,6
94.3,27.1,VI,6
94.4,27.1,VI,6
94.5,27.1,VI,6
94.6,27.1,VI,6
94.7,27.1,VI,6
94.8,27.1,VI,6
94.9,27.1,VI,6
95,27.1,VI,6
95.1,27.1,VI,6
95.2,27.1,VI,6
95.3,27.1,VI,6
95.4,27.1,VI,6
95.5,27.1,VI,6
95.6,27.1,VI,6
95.7,27.1,VI,6
95.8,27.1,VI,6
95.9,27.1,VI,6
69.7,27.2,III,3
69.8,27.2,III,3
69.9,27.2,III,3
70,27.2,III,3
70.1,27.2,III,3
70.2,27.2,III,3
70.3,27.2,III,3
70.4,27.2,III,3
70.5,27.2,III,3
70.6,27.2,III,3
70.7,27.2,III,3
70.8,27.2,III,3
70.9,27.2,III,3
71,27.2,III,3
71.1,27.2,III,3
71.2,27.2,III,3
71.3,27.2,III,3
71.4,27.2,III,3
71.5,27.2,III,3
71.6,27.2,III,3
71.7,27.2,III,3
71.8,27.2,III,3
71.9,27.2,III,3
72,27.2,III,3
72.1,27.2,III,3
72.2,27.2,III,3
72.3,27.2,III,3
72.4,27.2,III,3
72.5,27.2,III,3
72.6,27.2,III,3
72.7,27.2,III,3
72.8,27.2,II,2
72.9,27.2,II,2
73,27.2,II,2
73.1,27.2,II,2
73.2,27.2,II,2
73.3,27.2,II,2
73.4,27.2,II,2
73.5,27.2,II,2
73.6,27.2,II,2
73.7,27.2,II,2
73.8,27.2,II,2
73.9,27.2,III,3
74,27.2,III,3
74.1,27.2,III,3
74.2,27.2,III,3
74.3,27.2,III,3
74.4,27.2,III,3
74.5,27.2,III,3
74.6,27.2,III,3
74.7,27.2,III,3
74.8,27.2,III,3
74.9,27.2,III,3
75,27.2,III,3
75.1,27.2,III,3
75.2,27.2,III,3
75.3,27.2,IV,4
75.4,27.2,IV,4
75.5,27.2,IV,4
75.6,27.2,IV,4
75.7,27.2,IV,4
75.8,27.2,IV,4
75.9,27.2,IV,4
76,27.2,IV,4
76.1,27.2,IV,4
76.2,27.2,IV,4
76.3,27.2,IV,4
76.4,27.2,IV,4
76.5,27.2,IV,4
76.6,27.2,IV,4
76.7,27.2,III,3
76.8,27.2,III,3
76.9,27.2,III,3
77,27.2,III,3
77.1,27.2,III,3
77.2,27.2,III,3
77.3,27.2,III,3
77.4,27.2,III,3
77.5,27.2,III,3
77.6,27.2,III,3
77.7,27.2,III,3
77.8,27.2,III,3
77.9,27.2,III,3
78,27.2,III,3
78.1,27.2,III,3
78.2,27.2,III,3
78.3,27.2,III,3
78.4,27.2,III,3
78.5,27.2,III,3
78.6,27.2,II,2
78.7,27.2,II,2
78.8,27.2,II,2
78.9,27.2,II,2
79,27.2,II,2
79.1,27.2,II,2
79.2,27.2,III,3
79.3,27.2,III,3
79.4,27.2,III,3
79.5,27.2,III,3
79.6,27.2,III,3
79.7,27.2,III,3
79.8,27.2,III,3
79.9,27.2,III,3
80,27.2,III,3
80.1,27.2,III,3
80.2,27.2,III,3
80.3,27.2,III,3
80.4,27.2,III,3
80.5,27.2,III,3
80.6,27.2,III,3
80.7,27.2,III,3
80.8,27.2,III,3
80.9,27.2,III,3
81,27.2,III,3
81.1,27.2,IV,4
81.2,27.2,IV,4
81.3,27.2,IV,4
81.4,27.2,IV,4
81.5,27.2,IV,4
81.6,27.2,IV,4
81.7,27.2,IV,4
81.8,27.2,IV,4
81.9,27.2,IV,4
82,27.2,V,5
82.1,27.2,V,5
82.2,27.2,V,5
82.3,27.2,V,5
82.4,27.2,V,5
82.5,27.2,V,5
82.6,27.2,V,5
82.7,27.2,V,5
82.8,27.2,V,5
82.9,27.2,V,5
83,27.2,V,5
83.1,27.2,V,5
83.2,27.2,VI,6
83.3,27.2,VI,6
83.4,27.2,VI,6
83.5,27.2,VI,6
83.6,27.2,VI,6
83.7,27.2,VI,6
83.8,27.2,VI,6
83.9,27.2,VI,6
84,27.2,VI,6
84.1,27.2,VI,6
84.2,27.2,VI,6
84.3,27.2,VI,6
84.4,27.2,VI,6
84.5,27.2,VI,6
84.6,27.2,VI,6
88.1,27.2,VI,6
88.2,27.2,VI,6
88.3,27.2,VI,6
88.4,27.2,VI,6
88.5,27.2,VI,6
88.6,27.2,VI,6
88.7,27.2,VI,6
92.1,27.2,VI,6
92.2,27.2,VI,6
92.3,27.2,VI,6
92.4,27.2,VI,6
92.5,27.2,VI,6
92.6,27.2,VI,6
92.7,27.2,VI,6
92.8,27.2,VI,6
92.9,27.2,VI,6
93,27.2,VI,6
93.1,27.2,VI,6
93.2,27.2,VI,6
93.3,27.2,VI,6
93.4,27.2,VI,6
93.5,27.2,VI,6
93.6,27.2,VI,6
93.7,27.2,VI,6
93.8,27.2,VI,6
93.9,27.2,VI,6
94,27.2,VI,6
94.1,27.2,VI,6
94.2,27.2,VI,6
94.3,27.2,VI,6
94.4,27.2,VI,6
94.5,27.2,VI,6
94.6,27.2,VI,6
94.7,27.2,VI,6
94.8,27.2,VI,6
94.9,27.2,VI,6
95,27.2,VI,6
95.1,27.2,VI,6
95.2,27.2,VI,6
95.3,27.2,VI,6
95.4,27.2,VI,6
95.5,27.2,VI,6
95.6,27.2,VI,6
95.7,27.2,VI,6
95.8,27.2,VI,6
95.9,27.2,VI,6
96,27.2,VI,6
96.9,27.2,VI,6
97,27.2,VI,6
97.1,27.2,VI,6
69.8,27.3,III,3
69.9,27.3,III,3
70,27.3,III,3
70.1,27.3,III,3
70.2,27.3,III,3
70.3,27.3,III,3
70.4,27.3,III,3
70.5,27.3,III,3
70.6,27.3,III,3
70.7,27.3,III,3
70.8,27.3,III,3
70.9,27.3,III,3
71,27.3,III,3
71.1,27.3,III,3
71.2,27.3,III,3
71.3,27.3,III,3
71.4,27.3,III,3
71.5,27.3,III,3
71.6,27.3,III,3
71.7,27.3,III,3
71.8,27.3,III,3
71.9,27.3,III,3
72,27.3,III,3
72.1,27.3,III,3
72.2,27.3,III,3
72.3,27.3,III,3
72.4,27.3,III,3
72.5,27.3,III,3
72.6,27.3,III,3
72.7,27.3,II,2
72.8,27.3,II,2
72.9,27.3,II,2
73,27.3,II,2
73.1,27.3,II,2
73.2,27.3,II,2
73.3,27.3,II,2
73.4,27.3,II,2
73.5,27.3,II,2
73.6,27.3,II,2
73.7,27.3,II,2
73.8,27.3,III,3
73.9,27.3,III,3
74,27.3,III,3
74.1,27.3,III,3
74.2,27.3,III,3
74.3,27.3,III,3
74.4,27.3,III,3
74.5,27.3,III,3
74.6,27.3,III,3
74.7,27.3,III,3
74.8,27.3,III,3
74.9,27.3,III,3
75,27.3,III,3
75.1,27.3,III,3
75.2,27.3,III,3
75.3,27.3,IV,4
75.4,27.3,IV,4
75.5,27.3,IV,4
75.6,27.3,IV,4
75.7,27.3,IV,4
75.8,27.3,IV,4
75.9,27.3,IV,4
76,27.3,IV,4
76.1,27.3,IV,4
76.2,27.3,IV,4
76.3,27.3,IV,4
76.4,27.3,IV,4
76.5,27.3,IV,4
76.6,27.3,IV,4
76.7,27.3,IV,4
76.8,27.3,III,3
76.9,27.3,III,3
77,27.3,III,3
77.1,27.3,III,3
77.2,27.3,III,3
77.3,27.3,III,3
77.4,27.3,III,3
77.5,27.3,III,3
77.6,27.3,III,3
77.7,27.3,III,3
77.8,27.3,III,3
77.9,27.3,III,3
78,27.3,III,3
78.1,27.3,III,3
78.2,27.3,III,3
78.3,27.3,III,3
78.4,27.3,III,3
78.5,27.3,III,3
78.6,27.3,III,3
78.7,27.3,III,3
78.8,27.3,III,3
78.9,27.3,III,3
79,27.3,III,3
79.1,27.3,III,3
79.2,27.3,III,3
79.3,27.3,III,3
79.4,27.3,III,3
79.5,27.3,III,3
79.6,27.3,III,3
79.7,27.3,III,3
79.8,27.3,III,3
79.9,27.3,III,3
80,27.3,III,3
80.1,27.3,III,3
80.2,27.3,III,3
80.3,27.3,III,3
80.4,27.3,III,3
80.5,27.3,III,3
80.6,27.3,III,3
80.7,27.3,III,3
80.8,27.3,IV,4
80.9,27.3,IV,4
81,27.3,IV,4
81.1,27.3,IV,4
81.2,27.3,IV,4
81.3,27.3,IV,4
81.4,27.3,IV,4
81.5,27.3,IV,4
81.6,27.3,IV,4
81.7,27.3,V,5
81.8,27.3,V,5
81.9,27.3,V,5
82,27.3,V,5
82.1,27.3,V,5
82.2,27.3,V,5
82.3,27.3,V,5
82.4,27.3,V,5
82.5,27.3,V,5
82.6,27.3,V,5
82.7,27.3,V,5
82.8,27.3,V,5
82.9,27.3,V,5
83,27.3,VI,6
83.1,27.3,VI,6
83.2,27.3,VI,6
83.3,27.3,VI,6
83.4,27.3,VI,6
83.5,27.3,VI,6
83.6,27.3,VI,6
83.7,27.3,VI,6
83.8,27.3,VI,6
83.9,27.3,VI,6
84,27.3,VI,6
84.1,27.3,VI,6
84.2,27.3,VI,6
84.3,27.3,VI,6
84.4,27.3,VI,6
84.5,27.3,VI,6
84.6,27.3,III,3
88.1,27.3,VI,6
88.2,27.3,VI,6
88.3,27.3,VI,6
88.4,27.3,VI,6
88.5,27.3,VI,6
88.6,27.3,VI,6
88.7,27.3,VI,6
88.8,27.3,VI,6
88.9,27.3,VI,6
92.2,27.3,VI,6
92.3,27.3,VI,6
92.4,27.3,VI,6
92.5,27.3,VI,6
92.6,27.3,VI,6
92.7,27.3,VI,6
92.8,27.3,VI,6
92.9,27.3,VI,6
93,27.3,VI,6
93.1,27.3,VI,6
93.2,27.3,VI,6
93.3,27.3,VI,6
93.4,27.3,VI,6
93.5,27.3,VI,6
93.6,27.3,VI,6
93.7,27.3,VI,6
93.8,27.3,VI,6
93.9,27.3,VI,6
94,27.3,VI,6
94.1,27.3,VI,6
94.2,27.3,VI,6
94.3,27.3,VI,6
94.4,27.3,VI,6
94.5,27.3,VI,6
94.6,27.3,VI,6
94.7,27.3,VI,6
94.8,27.3,VI,6
94.9,27.3,VI,6
95,27.3,VI,6
95.1,27.3,VI,6
95.2,27.3,VI,6
95.3,27.3,VI,6
95.4,27.3,VI,6
95.5,27.3,VI,6
95.6,27.3,VI,6
95.7,27.3,VI,6
95.8,27.3,VI,6
95.9,27.3,VI,6
96,27.3,VI,6
96.1,27.3,VI,6
96.2,27.3,VI,6
96.3,27.3,VI,6
96.4,27.3,VI,6
96.9,27.3,VI,6
97,27.3,VI,6
69.9,27.4,III,3
70,27.4,III,3
70.1,27.4,III,3
70.2,27.4,III,3
70.3,27.4,III,3
70.4,27.4,III,3
70.5,27.4,III,3
70.6,27.4,III,3
70.7,27.4,III,3
70.8,27.4,III,3
70.9,27.4,III,3
71,27.4,III,3
71.1,27.4,III,3
71.2,27.4,III,3
71.3,27.4,III,3
71.4,27.4,III,3
71.5,27.4,III,3
71.6,27.4,III,3
71.7,27.4,III,3
71.8,27.4,III,3
71.9,27.4,III,3
72,27.4,III,3
72.1,27.4,III,3
72.2,27.4,III,3
72.3,27.4,III,3
72.4,27.4,III,3
72.5,27.4,III,3
72.6,27.4,II,2
72.7,27.4,II,2
72.8,27.4,II,2
72.9,27.4,II,2
73,27.4,II,2
73.1,27.4,II,2
73.2,27.4,II,2
73.3,27.4,II,2
73.4,27.4,II,2
73.5,27.4,II,2
73.6,27.4,II,2
73.7,27.4,II,2
73.8,27.4,III,3
73.9,27.4,III,3
74,27.4,III,3
74.1,27.4,III,3
74.2,27.4,III,3
74.3,27.4,III,3
74.4,27.4,III,3
74.5,27.4,III,3
74.6,27.4,III,3
74.7,27.4,III,3
74.8,27.4,III,3
74.9,27.4,III,3
75,27.4,III,3
75.1,27.4,III,3
75.2,27.4,III,3
75.3,27.4,IV,4
75.4,27.4,IV,4
75.5,27.4,IV,4
75.6,27.4,IV,4
75.7,27.4,IV,4
75.8,27.4,IV,4
75.9,27.4,IV,4
76,27.4,IV,4
76.1,27.4,IV,4
76.2,27.4,IV,4
76.3,27.4,IV,4
76.4,27.4,IV,4
76.5,27.4,IV,4
76.6,27.4,IV,4
76.7,27.4,IV,4
76.8,27.4,IV,4
76.9,27.4,IV,4
77,27.4,III,3
77.1,27.4,III,3
77.2,27.4,III,3
77.3,27.4,III,3
77.4,27.4,III,3
77.5,27.4,III,3
77.6,27.4,III,3
77.7,27.4,III,3
77.8,27.4,III,3
77.9,27.4,III,3
78,27.4,III,3
78.1,27.4,III,3
78.2,27.4,III,3
78.3,27.4,III,3
78.4,27.4,III,3
78.5,27.4,III,3
78.6,27.4,III,3
78.7,27.4,III,3
78.8,27.4,III,3
78.9,27.4,III,3
79,27.4,III,3
79.1,27.4,III,3
79.2,27.4,III,3
79.3,27.4,III,3
79.4,27.4,III,3
79.5,27.4,III,3
79.6,27.4,III,3
79.7,27.4,III,3
79.8,27.4,III,3
79.9,27.4,III,3
80,27.4,III,3
80.1,27.4,III,3
80.2,27.4,III,3
80.3,27.4,III,3
80.4,27.4,III,3
80.5,27.4,III,3
80.6,27.4,IV,4
80.7,27.4,IV,4
80.8,27.4,IV,4
80.9,27.4,IV,4
81,27.4,IV,4
81.1,27.4,IV,4
81.2,27.4,IV,4
81.3,27.4,IV,4
81.4,27.4,IV,4
81.5,27.4,V,5
81.6,27.4,V,5
81.7,27.4,V,5
81.8,27.4,V,5
81.9,27.4,V,5
82,27.4,V,5
82.1,27.4,V,5
82.2,27.4,V,5
82.3,27.4,V,5
82.4,27.4,V,5
82.5,27.4,V,5
82.6,27.4,V,5
82.7,27.4,VI,6
82.8,27.4,VI,6
82.9,27.4,VI,6
83,27.4,VI,6
83.1,27.4,VI,6
83.2,27.4,VI,6
83.5,27.4,VI,6
83.6,27.4,VI,6
83.7,27.4,VI,6
83.9,27.4,VI,6
84,27.4,VI,6
84.1,27.4,VI,6
84.2,27.4,VI,6
88.1,27.4,VI,6
88.2,27.4,VI,6
88.3,27.4,VI,6
88.4,27.4,VI,6
88.5,27.4,VI,6
88.6,27.4,VI,6
88.7,27.4,VI,6
88.8,27.4,VI,6
92.1,27.4,VI,6
92.2,27.4,VI,6
92.3,27.4,VI,6
92.4,27.4,VI,6
92.5,27.4,VI,6
92.6,27.4,VI,6
92.7,27.4,VI,6
92.8,27.4,VI,6
92.9,27.4,VI,6
93,27.4,VI,6
93.1,27.4,VI,6
93.2,27.4,VI,6
93.3,27.4,VI,6
93.4,27.4,VI,6
93.5,27.4,VI,6
93.6,27.4,VI,6
93.7,27.4,VI,6
93.8,27.4,VI,6
93.9,27.4,VI,6
94,27.4,VI,6
94.1,27.4,VI,6
94.2,27.4,VI,6
94.3,27.4,VI,6
94.4,27.4,VI,6
94.5,27.4,VI,6
94.6,27.4,VI,6
94.7,27.4,VI,6
94.8,27.4,VI,6
94.9,27.4,VI,6
95,27.4,VI,6
95.1,27.4,VI,6
95.2,27.4,VI,6
95.3,27.4,VI,6
95.4,27.4,VI,6
95.5,27.4,VI,6
95.6,27.4,VI,6
95.7,27.4,VI,6
95.8,27.4,VI,6
95.9,27.4,VI,6
96,27.4,VI,6
96.1,27.4,VI,6
96.2,27.4,VI,6
96.3,27.4,VI,6
96.4,27.4,VI,6
96.5,27.4,VI,6
96.6,27.4,VI,6
96.7,27.4,VI,6
96.8,27.4,VI,6
96.9,27.4,III,3
70,27.5,III,3
70.1,27.5,III,3
70.2,27.5,III,3
70.3,27.5,III,3
70.4,27.5,III,3
70.5,27.5,III,3
70.6,27.5,III,3
70.7,27.5,III,3
70.8,27.5,III,3
70.9,27.5,III,3
71,27.5,III,3
71.1,27.5,III,3
71.2,27.5,III,3
71.3,27.5,III,3
71.4,27.5,III,3
71.5,27.5,III,3
71.6,27.5,III,3
71.7,27.5,III,3
71.8,27.5,III,3
71.9,27.5,III,3
72,27.5,III,3
72.1,27.5,III,3
72.2,27.5,III,3
72.3,27.5,III,3
72.4,27.5,III,3
72.5,27.5,II,2
72.6,27.5,II,2
72.7,27.5,II,2
72.8,27.5,II,2
72.9,27.5,II,2
73,27.5,II,2
73.1,27.5,II,2
73.2,27.5,II,2
73.3,27.5,II,2
73.4,27.5,II,2
73.5,27.5,II,2
73.6,27.5,II,2
73.7,27.5,II,2
73.8,27.5,III,3
73.9,27.5,III,3
74,27.5,III,3
74.1,27.5,III,3
74.2,27.5,III,3
74.3,27.5,III,3
74.4,27.5,III,3
74.5,27.5,III,3
74.6,27.5,III,3
74.7,27.5,III,3
74.8,27.5,III,3
74.9,27.5,III,3
75,27.5,III,3
75.1,27.5,III,3
75.2,27.5,III,3
75.3,27.5,IV,4
75.4,27.5,IV,4
75.5,27.5,IV,4
75.6,27.5,IV,4
75.7,27.5,IV,4
75.8,27.5,IV,4
75.9,27.5,IV,4
76,27.5,IV,4
76.1,27.5,IV,4
76.2,27.5,IV,4
76.3,27.5,IV,4
76.4,27.5,IV,4
76.5,27.5,IV,4
76.6,27.5,IV,4
76.7,27.5,IV,4
76.8,27.5,IV,4
76.9,27.5,IV,4
77,27.5,IV,4
77.1,27.5,IV,4
77.2,27.5,III,3
77.3,27.5,III,3
77.4,27.5,III,3
77.5,27.5,III,3
77.6,27.5,III,3
77.7,27.5,III,3
77.8,27.5,III,3
77.9,27.5,III,3
78,27.5,III,3
78.1,27.5,III,3
78.2,27.5,III,3
78.3,27.5,III,3
78.4,27.5,III,3
78.5,27.5,III,3
78.6,27.5,III,3
78.7,27.5,III,3
78.8,27.5,III,3
78.9,27.5,III,3
79,27.5,III,3
79.1,27.5,III,3
79.2,27.5,III,3
79.3,27.5,III,3
79.4,27.5,III,3
79.5,27.5,III,3
79.6,27.5,III,3
79.7,27.5,III,3
79.8,27.5,III,3
79.9,27.5,III,3
80,27.5,III,3
80.1,27.5,III,3
80.2,27.5,III,3
80.3,27.5,IV,4
80.4,27.5,IV,4
80.5,27.5,IV,4
80.6,27.5,IV,4
80.7,27.5,IV,4
80.8,27.5,IV,4
80.9,27.5,IV,4
81,27.5,IV,4
81.1,27.5,IV,4
81.2,27.5,V,5
81.3,27.5,V,5
81.4,27.5,V,5
81.5,27.5,V,5
81.6,27.5,V,5
81.7,27.5,V,5
81.8,27.5,V,5
81.9,27.5,V,5
82,27.5,V,5
82.1,27.5,V,5
82.2,27.5,V,5
82.3,27.5,V,5
82.4,27.5,VI,6
82.5,27.5,VI,6
82.6,27.5,VI,6
82.7,27.5,VI,6
88.1,27.5,VI,6
88.2,27.5,VI,6
88.3,27.5,VI,6
88.4,27.5,VI,6
88.5,27.5,VI,6
88.6,27.5,VI,6
88.7,27.5,VI,6
91.7,27.5,VI,6
91.8,27.5,VI,6
91.9,27.5,VI,6
92,27.5,VI,6
92.1,27.5,VI,6
92.2,27.5,VI,6
92.3,27.5,VI,6
92.4,27.5,VI,6
92.5,27.5,VI,6
92.6,27.5,VI,6
92.7,27.5,VI,6
92.8,27.5,VI,6
92.9,27.5,VI,6
93,27.5,VI,6
93.1,27.5,VI,6
93.2,27.5,VI,6
93.3,27.5,VI,6
93.4,27.5,VI,6
93.5,27.5,VI,6
93.6,27.5,VI,6
93.7,27.5,VI,6
93.8,27.5,VI,6
93.9,27.5,VI,6
94,27.5,VI,6
94.1,27.5,VI,6
94.2,27.5,VI,6
94.3,27.5,VI,6
94.4,27.5,VI,6
94.5,27.5,VI,6
94.6,27.5,VI,6
94.7,27.5,VI,6
94.8,27.5,VI,6
94.9,27.5,VI,6
95,27.5,VI,6
95.1,27.5,VI,6
95.2,27.5,VI,6
95.3,27.5,VI,6
95.4,27.5,VI,6
95.5,27.5,VI,6
95.6,27.5,VI,6
95.7,27.5,VI,6
95.8,27.5,VI,6
95.9,27.5,VI,6
96,27.5,VI,6
96.1,27.5,VI,6
96.2,27.5,VI,6
96.3,27.5,VI,6
96.4,27.5,VI,6
96.5,27.5,VI,6
96.6,27.5,VI,6
96.7,27.5,VI,6
96.8,27.5,VI,6
96.9,27.5,III,3
70.1,27.6,III,3
70.2,27.6,III,3
70.3,27.6,III,3
70.4,27.6,III,3
70.5,27.6,III,3
70.6,27.6,III,3
70.7,27.6,III,3
70.8,27.6,III,3
70.9,27.6,III,3
71,27.6,III,3
71.1,27.6,III,3
71.2,27.6,III,3
71.3,27.6,III,3
71.4,27.6,III,3
71.5,27.6,III,3
71.6,27.6,III,3
71.7,27.6,III,3
71.8,27.6,III,3
71.9,27.6,III,3
72,27.6,III,3
72.1,27.6,III,3
72.2,27.6,III,3
72.3,27.6,II,2
72.4,27.6,II,2
72.5,27.6,II,2
72.6,27.6,II,2
72.7,27.6,II,2
72.8,27.6,II,2
72.9,27.6,II,2
73,27.6,II,2
73.1,27.6,II,2
73.2,27.6,II,2
73.3,27.6,II,2
73.4,27.6,II,2
73.5,27.6,II,2
73.6,27.6,II,2
73.7,27.6,II,2
73.8,27.6,III,3
73.9,27.6,III,3
74,27.6,III,3
74.1,27.6,III,3
74.2,27.6,III,3
74.3,27.6,III,3
74.4,27.6,III,3
74.5,27.6,III,3
74.6,27.6,III,3
74.7,27.6,III,3
74.8,27.6,III,3
74.9,27.6,III,3
75,27.6,III,3
75.1,27.6,III,3
75.2,27.6,III,3
75.3,27.6,IV,4
75.4,27.6,IV,4
75.5,27.6,IV,4
75.6,27.6,IV,4
75.7,27.6,IV,4
75.8,27.6,IV,4
75.9,27.6,IV,4
76,27.6,IV,4
76.1,27.6,IV,4
76.2,27.6,IV,4
76.3,27.6,IV,4
76.4,27.6,IV,4
76.5,27.6,IV,4
76.6,27.6,IV,4
76.7,27.6,IV,4
76.8,27.6,IV,4
76.9,27.6,IV,4
77,27.6,IV,4
77.1,27.6,IV,4
77.2,27.6,IV,4
77.3,27.6,IV,4
77.4,27.6,III,3
77.5,27.6,III,3
77.6,27.6,III,3
77.7,27.6,III,3
77.8,27.6,III,3
77.9,27.6,III,3
78,27.6,III,3
78.1,27.6,III,3
78.2,27.6,III,3
78.3,27.6,III,3
78.4,27.6,III,3
78.5,27.6,III,3
78.6,27.6,III,3
78.7,27.6,III,3
78.8,27.6,III,3
78.9,27.6,III,3
79,27.6,III,3
79.1,27.6,III,3
79.2,27.6,III,3
79.3,27.6,III,3
79.4,27.6,III,3
79.5,27.6,III,3
79.6,27.6,III,3
79.7,27.6,III,3
79.8,27.6,III,3
79.9,27.6,III,3
80,27.6,III,3
80.1,27.6,IV,4
80.2,27.6,IV,4
80.3,27.6,IV,4
80.4,27.6,IV,4
80.5,27.6,IV,4
80.6,27.6,IV,4
80.7,27.6,IV,4
80.8,27.6,IV,4
80.9,27.6,V,5
81,27.6,V,5
81.1,27.6,V,5
81.2,27.6,V,5
81.3,27.6,V,5
81.4,27.6,V,5
81.5,27.6,V,5
81.6,27.6,V,5
81.7,27.6,V,5
81.8,27.6,V,5
81.9,27.6,V,5
82,27.6,V,5
82.1,27.6,V,5
82.2,27.6,VI,6
82.3,27.6,VI,6
82.4,27.6,VI,6
82.5,27.6,VI,6
82.6,27.6,VI,6
82.7,27.6,VI,6
88.2,27.6,VI,6
88.3,27.6,VI,6
88.4,27.6,VI,6
88.5,27.6,VI,6
88.6,27.6,VI,6
88.7,27.6,VI,6
88.8,27.6,VI,6
91.6,27.6,VI,6
91.7,27.6,VI,6
91.8,27.6,VI,6
91.9,27.6,VI,6
92,27.6,VI,6
92.1,27.6,VI,6
92.2,27.6,VI,6
92.3,27.6,VI,6
92.4,27.6,VI,6
92.5,27.6,VI,6
92.6,27.6,VI,6
92.7,27.6,VI,6
92.8,27.6,VI,6
92.9,27.6,VI,6
93,27.6,VI,6
93.1,27.6,VI,6
93.2,27.6,VI,6
93.3,27.6,VI,6
93.4,27.6,VI,6
93.5,27.6,VI,6
93.6,27.6,VI,6
93.7,27.6,VI,6
93.8,27.6,VI,6
93.9,27.6,VI,6
94,27.6,VI,6
94.1,27.6,VI,6
94.2,27.6,VI,6
94.3,27.6,VI,6
94.4,27.6,VI,6
94.5,27.6,VI,6
94.6,27.6,VI,6
94.7,27.6,VI,6
94.8,27.6,VI,6
94.9,27.6,VI,6
95,27.6,VI,6
95.1,27.6,VI,6
95.2,27.6,VI,6
95.3,27.6,VI,6
95.4,27.6,VI,6
95.5,27.6,VI,6
95.6,27.6,VI,6
95.7,27.6,VI,6
95.8,27.6,VI,6
95.9,27.6,VI,6
96,27.6,VI,6
96.1,27.6,VI,6
96.2,27.6,VI,6
96.3,27.6,VI,6
96.4,27.6,VI,6
96.5,27.6,VI,6
96.6,27.6,VI,6
96.7,27.6,VI,6
96.8,27.6,VI,6
70.1,27.7,III,3
70.2,27.7,III,3
70.3,27.7,III,3
70.4,27.7,III,3
70.5,27.7,III,3
70.6,27.7,III,3
70.7,27.7,III,3
70.8,27.7,III,3
70.9,27.7,III,3
71,27.7,III,3
71.1,27.7,III,3
71.2,27.7,III,3
71.3,27.7,III,3
71.4,27.7,III,3
71.5,27.7,III,3
71.6,27.7,III,3
71.7,27.7,III,3
71.8,27.7,III,3
71.9,27.7,III,3
72,27.7,III,3
72.1,27.7,III,3
72.2,27.7,II,2
72.3,27.7,II,2
72.4,27.7,II,2
72.5,27.7,II,2
72.6,27.7,II,2
72.7,27.7,II,2
72.8,27.7,II,2
72.9,27.7,II,2
73,27.7,II,2
73.1,27.7,II,2
73.2,27.7,II,2
73.3,27.7,II,2
73.4,27.7,II,2
73.5,27.7,II,2
73.6,27.7,II,2
73.7,27.7,II,2
73.8,27.7,III,3
73.9,27.7,III,3
74,27.7,III,3
74.1,27.7,III,3
74.2,27.7,III,3
74.3,27.7,III,3
74.4,27.7,III,3
74.5,27.7,III,3
74.6,27.7,III,3
74.7,27.7,III,3
74.8,27.7,III,3
74.9,27.7,III,3
75,27.7,III,3
75.1,27.7,III,3
75.2,27.7,III,3
75.3,27.7,IV,4
75.4,27.7,IV,4
75.5,27.7,IV,4
75.6,27.7,IV,4
75.7,27.7,IV,4
75.8,27.7,IV,4
75.9,27.7,IV,4
76,27.7,IV,4
76.1,27.7,IV,4
76.2,27.7,IV,4
76.3,27.7,IV,4
76.4,27.7,IV,4
76.5,27.7,IV,4
76.6,27.7,IV,4
76.7,27.7,IV,4
76.8,27.7,IV,4
76.9,27.7,IV,4
77,27.7,IV,4
77.1,27.7,IV,4
77.2,27.7,IV,4
77.3,27.7,IV,4
77.4,27.7,IV,4
77.5,27.7,IV,4
77.6,27.7,III,3
77.7,27.7,III,3
77.8,27.7,III,3
77.9,27.7,III,3
78,27.7,III,3
78.1,27.7,III,3
78.2,27.7,III,3
78.3,27.7,III,3
78.4,27.7,III,3
78.5,27.7,III,3
78.6,27.7,III,3
78.7,27.7,III,3
78.8,27.7,III,3
78.9,27.7,III,3
79,27.7,III,3
79.1,27.7,III,3
79.2,27.7,III,3
79.3,27.7,III,3
79.4,27.7,III,3
79.5,27.7,III,3
79.6,27.7,III,3
79.7,27.7,III,3
79.8,27.7,IV,4
79.9,27.7,IV,4
80,27.7,IV,4
80.1,27.7,IV,4
80.2,27.7,IV,4
80.3,27.7,IV,4
80.4,27.7,IV,4
80.5,27.7,IV,4
80.6,27.7,IV,4
80.7,27.7,V,5
80.8,27.7,V,5
80.9,27.7,V,5
81,27.7,V,5
81.1,27.7,V,5
81.2,27.7,V,5
81.3,27.7,V,5
81.4,27.7,V,5
81.5,27.7,V,5
81.6,27.7,V,5
81.7,27.7,V,5
81.8,27.7,V,5
81.9,27.7,VI,6
82,27.7,VI,6
82.1,27.7,VI,6
82.2,27.7,VI,6
82.3,27.7,VI,6
82.4,27.7,VI,6
82.7,27.7,III,3
88.2,27.7,VI,6
88.3,27.7,VI,6
88.4,27.7,VI,6
88.5,27.7,VI,6
88.6,27.7,VI,6
88.7,27.7,VI,6
88.8,27.7,VI,6
91.7,27.7,VI,6
91.8,27.7,VI,6
91.9,27.7,VI,6
92,27.7,VI,6
92.1,27.7,VI,6
92.2,27.7,VI,6
92.3,27.7,VI,6
92.4,27.7,VI,6
92.5,27.7,VI,6
92.6,27.7,VI,6
92.7,27.7,VI,6
92.8,27.7,VI,6
92.9,27.7,VI,6
93,27.7,VI,6
93.1,27.7,VI,6
93.2,27.7,VI,6
93.3,27.7,VI,6
93.4,27.7,VI,6
93.5,27.7,VI,6
93.6,27.7,VI,6
93.7,27.7,VI,6
93.8,27.7,VI,6
93.9,27.7,VI,6
94,27.7,VI,6
94.1,27.7,VI,6
94.2,27.7,VI,6
94.3,27.7,VI,6
94.4,27.7,VI,6
94.5,27.7,VI,6
94.6,27.7,VI,6
94.7,27.7,VI,6
94.8,27.7,VI,6
94.9,27.7,VI,6
95,27.7,VI,6
95.1,27.7,VI,6
95.2,27.7,VI,6
95.3,27.7,VI,6
95.4,27.7,VI,6
95.5,27.7,VI,6
95.6,27.7,VI,6
95.7,27.7,VI,6
95.8,27.7,VI,6
95.9,27.7,VI,6
96,27.7,VI,6
96.1,27.7,VI,6
96.2,27.7,VI,6
96.3,27.7,VI,6
96.4,27.7,VI,6
96.5,27.7,VI,6
96.6,27.7,VI,6
96.7,27.7,VI,6
96.8,27.7,VI,6
96.9,27.7,VI,6
97,27.7,VI,6
70.2,27.8,III,3
70.3,27.8,III,3
70.4,27.8,III,3
70.5,27.8,III,3
70.6,27.8,III,3
70.7,27.8,III,3
71.2,27.8,III,3
71.3,27.8,III,3
71.4,27.8,III,3
71.5,27.8,III,3
71.6,27.8,III,3
71.7,27.8,III,3
71.8,27.8,III,3
71.9,27.8,III,3
72,27.8,III,3
72.1,27.8,III,3
72.2,27.8,II,2
72.3,27.8,II,2
72.4,27.8,II,2
72.5,27.8,II,2
72.6,27.8,II,2
72.7,27.8,II,2
72.8,27.8,II,2
72.9,27.8,II,2
73,27.8,II,2
73.1,27.8,II,2
73.2,27.8,II,2
73.3,27.8,II,2
73.4,27.8,II,2
73.5,27.8,II,2
73.6,27.8,II,2
73.7,27.8,II,2
73.8,27.8,II,2
73.9,27.8,III,3
74,27.8,III,3
74.1,27.8,III,3
74.2,27.8,III,3
74.3,27.8,III,3
74.4,27.8,III,3
74.5,27.8,III,3
74.6,27.8,III,3
74.7,27.8,III,3
74.8,27.8,III,3
74.9,27.8,III,3
75,27.8,III,3
75.1,27.8,III,3
75.2,27.8,III,3
75.3,27.8,IV,4
75.4,27.8,IV,4
75.5,27.8,IV,4
75.6,27.8,IV,4
75.7,27.8,IV,4
75.8,27.8,IV,4
75.9,27.8,IV,4
76,27.8,IV,4
76.1,27.8,IV,4
76.2,27.8,IV,4
76.3,27.8,IV,4
76.4,27.8,IV,4
76.5,27.8,IV,4
76.6,27.8,IV,4
76.7,27.8,IV,4
76.8,27.8,IV,4
76.9,27.8,IV,4
77,27.8,IV,4
77.1,27.8,IV,4
77.2,27.8,IV,4
77.3,27.8,IV,4
77.4,27.8,IV,4
77.5,27.8,IV,4
77.6,27.8,IV,4
77.7,27.8,IV,4
77.8,27.8,IV,4
77.9,27.8,III,3
78,27.8,III,3
78.1,27.8,III,3
78.2,27.8,III,3
78.3,27.8,III,3
78.4,27.8,III,3
78.5,27.8,III,3
78.6,27.8,III,3
78.7,27.8,III,3
78.8,27.8,III,3
78.9,27.8,III,3
79,27.8,III,3
79.1,27.8,III,3
79.2,27.8,III,3
79.3,27.8,III,3
79.4,27.8,III,3
79.5,27.8,IV,4
79.6,27.8,IV,4
79.7,27.8,IV,4
79.8,27.8,IV,4
79.9,27.8,IV,4
80,27.8,IV,4
80.1,27.8,IV,4
80.2,27.8,IV,4
80.3,27.8,IV,4
80.4,27.8,V,5
80.5,27.8,V,5
80.6,27.8,V,5
80.7,27.8,V,5
80.8,27.8,V,5
80.9,27.8,V,5
81,27.8,V,5
81.1,27.8,V,5
81.2,27.8,V,5
81.3,27.8,V,5
81.4,27.8,V,5
81.5,27.8,V,5
81.6,27.8,V,5
81.7,27.8,VI,6
81.8,27.8,VI,6
81.9,27.8,VI,6
82,27.8,VI,6
82.1,27.8,VI,6
82.2,27.8,VI,6
88.2,27.8,VI,6
88.3,27.8,VI,6
88.4,27.8,VI,6
88.5,27.8,VI,6
88.6,27.8,VI,6
88.7,27.8,VI,6
88.8,27.8,VI,6
91.7,27.8,VI,6
91.8,27.8,VI,6
92.2,27.8,VI,6
92.4,27.8,VI,6
92.5,27.8,III,3
92.6,27.8,VI,6
92.7,27.8,VI,6
92.8,27.8,VI,6
92.9,27.8,VI,6
93,27.8,VI,6
93.1,27.8,VI,6
93.2,27.8,VI,6
93.3,27.8,VI,6
93.4,27.8,VI,6
93.5,27.8,VI,6
93.6,27.8,VI,6
93.7,27.8,VI,6
93.8,27.8,VI,6
93.9,27.8,VI,6
94,27.8,VI,6
94.1,27.8,VI,6
94.2,27.8,VI,6
94.3,27.8,VI,6
94.4,27.8,VI,6
94.5,27.8,VI,6
94.6,27.8,VI,6
94.7,27.8,VI,6
94.8,27.8,VI,6
94.9,27.8,VI,6
95,27.8,VI,6
95.1,27.8,VI,6
95.2,27.8,VI,6
95.3,27.8,VI,6
95.4,27.8,VI,6
95.5,27.8,VI,6
95.6,27.8,VI,6
95.7,27.8,VI,6
95.8,27.8,VI,6
95.9,27.8,VI,6
96,27.8,VI,6
96.1,27.8,VI,6
96.2,27.8,VI,6
96.3,27.8,VI,6
96.4,27.8,VI,6
96.5,27.8,VI,6
96.6,27.8,VI,6
96.7,27.8,VI,6
96.8,27.8,VI,6
96.9,27.8,VI,6
97,27.8,VI,6
97.1,27.8,VI,6
70.3,27.9,III,3
70.4,27.9,III,3
70.5,27.9,III,3
70.6,27.9,III,3
71.8,27.9,III,3
71.9,27.9,III,3
72,27.9,II,2
72.1,27.9,II,2
72.2,27.9,II,2
72.3,27.9,II,2
72.4,27.9,II,2
72.5,27.9,II,2
72.6,27.9,II,2
72.7,27.9,II,2
72.8,27.9,II,2
72.9,27.9,II,2
73,27.9,II,2
73.1,27.9,II,2
73.2,27.9,II,2
73.3,27.9,II,2
73.4,27.9,II,2
73.5,27.9,II,2
73.6,27.9,II,2
73.7,27.9,II,2
73.8,27.9,II,2
73.9,27.9,III,3
74,27.9,III,3
74.1,27.9,III,3
74.2,27.9,III,3
74.3,27.9,III,3
74.4,27.9,III,3
74.5,27.9,III,3
74.6,27.9,III,3
74.7,27.9,III,3
74.8,27.9,III,3
74.9,27.9,III,3
75,27.9,III,3
75.1,27.9,III,3
75.2,27.9,III,3
75.3,27.9,IV,4
75.4,27.9,IV,4
75.5,27.9,IV,4
75.6,27.9,IV,4
75.7,27.9,IV,4
75.8,27.9,IV,4
75.9,27.9,IV,4
76,27.9,IV,4
76.1,27.9,IV,4
76.2,27.9,IV,4
76.3,27.9,IV,4
76.4,27.9,IV,4
76.5,27.9,IV,4
76.6,27.9,IV,4
76.7,27.9,IV,4
76.8,27.9,IV,4
76.9,27.9,IV,4
77,27.9,IV,4
77.1,27.9,IV,4
77.2,27.9,IV,4
77.3,27.9,IV,4
77.4,27.9,IV,4
77.5,27.9,IV,4
77.6,27.9,IV,4
77.7,27.9,IV,4
77.8,27.9,IV,4
77.9,27.9,IV,4
78,27.9,IV,4
78.1,27.9,IV,4
78.2,27.9,IV,4
78.3,27.9,IV,4
78.4,27.9,IV,4
78.5,27.9,IV,4
78.6,27.9,III,3
78.7,27.9,III,3
78.8,27.9,IV,4
78.9,27.9,IV,4
79,27.9,IV,4
79.1,27.9,IV,4
79.2,27.9,IV,4
79.3,27.9,IV,4
79.4,27.9,IV,4
79.5,27.9,IV,4
79.6,27.9,IV,4
79.7,27.9,IV,4
79.8,27.9,IV,4
79.9,27.9,IV,4
80,27.9,IV,4
80.1,27.9,IV,4
80.2,27.9,V,5
80.3,27.9,V,5
80.4,27.9,V,5
80.5,27.9,V,5
80.6,27.9,V,5
80.7,27.9,V,5
80.8,27.9,V,5
80.9,27.9,V,5
81,27.9,V,5
81.1,27.9,V,5
81.2,27.9,V,5
81.3,27.9,V,5
81.4,27.9,V,5
81.5,27.9,VI,6
81.6,27.9,VI,6
81.7,27.9,VI,6
81.8,27.9,VI,6
82,27.9,VI,6
88.2,27.9,VI,6
88.3,27.9,VI,6
88.4,27.9,VI,6
88.5,27.9,VI,6
88.6,27.9,VI,6
88.7,27.9,VI,6
88.8,27.9,VI,6
92.7,27.9,VI,6
92.8,27.9,VI,6
92.9,27.9,VI,6
93,27.9,VI,6
93.1,27.9,VI,6
93.2,27.9,VI,6
93.3,27.9,VI,6
93.4,27.9,VI,6
93.5,27.9,VI,6
93.6,27.9,VI,6
93.7,27.9,VI,6
93.8,27.9,VI,6
93.9,27.9,VI,6
94,27.9,VI,6
94.1,27.9,VI,6
94.2,27.9,VI,6
94.3,27.9,VI,6
94.4,27.9,VI,6
94.5,27.9,VI,6
94.6,27.9,VI,6
94.7,27.9,VI,6
94.8,27.9,VI,6
94.9,27.9,VI,6
95,27.9,VI,6
95.1,27.9,VI,6
95.2,27.9,VI,6
95.3,27.9,VI,6
95.4,27.9,VI,6
95.5,27.9,VI,6
95.6,27.9,VI,6
95.7,27.9,VI,6
95.8,27.9,VI,6
95.9,27.9,VI,6
96,27.9,VI,6
96.1,27.9,VI,6
96.2,27.9,VI,6
96.3,27.9,VI,6
96.4,27.9,VI,6
96.5,27.9,VI,6
96.6,27.9,VI,6
96.7,27.9,VI,6
96.8,27.9,VI,6
96.9,27.9,VI,6
97,27.9,VI,6
97.1,27.9,VI,6
97.2,27.9,VI,6
70.4,28,III,3
70.5,28,III,3
70.6,28,III,3
72,28,II,2
72.1,28,II,2
72.2,28,II,2
72.3,28,II,2
72.4,28,II,2
72.5,28,II,2
72.6,28,II,2
72.7,28,II,2
72.8,28,II,2
72.9,28,II,2
73,28,II,2
73.1,28,II,2
73.2,28,II,2
73.3,28,II,2
73.4,28,II,2
73.5,28,II,2
73.6,28,II,2
73.7,28,II,2
73.8,28,II,2
73.9,28,II,2
74,28,III,3
74.1,28,III,3
74.2,28,III,3
74.3,28,III,3
74.4,28,III,3
74.5,28,III,3
74.6,28,III,3
74.7,28,III,3
74.8,28,III,3
74.9,28,III,3
75,28,III,3
75.1,28,III,3
75.2,28,III,3
75.3,28,IV,4
75.4,28,IV,4
75.5,28,IV,4
75.6,28,IV,4
75.7,28,IV,4
75.8,28,IV,4
75.9,28,IV,4
76,28,IV,4
76.1,28,IV,4
76.2,28,IV,4
76.3,28,IV,4
76.4,28,IV,4
76.5,28,IV,4
76.6,28,IV,4
76.7,28,IV,4
76.8,28,IV,4
76.9,28,IV,4
77,28,IV,4
77.1,28,IV,4
77.2,28,IV,4
77.3,28,IV,4
77.4,28,IV,4
77.5,28,IV,4
77.6,28,IV,4
77.7,28,IV,4
77.8,28,IV,4
77.9,28,IV,4
78,28,IV,4
78.1,28,IV,4
78.2,28,IV,4
78.3,28,IV,4
78.4,28,IV,4
78.5,28,IV,4
78.6,28,IV,4
78.7,28,IV,4
78.8,28,IV,4
78.9,28,IV,4
79,28,IV,4
79.1,28,IV,4
79.2,28,IV,4
79.3,28,IV,4
79.4,28,IV,4
79.5,28,IV,4
79.6,28,IV,4
79.7,28,IV,4
79.8,28,IV,4
79.9,28,V,5
80,28,V,5
80.1,28,V,5
80.2,28,V,5
80.3,28,V,5
80.4,28,V,5
80.5,28,V,5
80.6,28,V,5
80.7,28,V,5
80.8,28,V,5
80.9,28,V,5
81,28,V,5
81.1,28,V,5
81.2,28,V,5
81.3,28,VI,6
81.4,28,VI,6
81.5,28,VI,6
81.6,28,VI,6
88.5,28,VI,6
88.6,28,VI,6
88.7,28,VI,6
88.8,28,VI,6
92.8,28,VI,6
92.9,28,VI,6
93,28,VI,6
93.1,28,VI,6
93.2,28,VI,6
93.3,28,VI,6
93.4,28,VI,6
93.5,28,VI,6
93.6,28,VI,6
93.7,28,VI,6
93.8,28,VI,6
93.9,28,VI,6
94,28,VI,6
94.1,28,VI,6
94.2,28,VI,6
94.3,28,VI,6
94.4,28,VI,6
94.5,28,VI,6
94.6,28,VI,6
94.7,28,VI,6
94.8,28,VI,6
94.9,28,VI,6
95,28,VI,6
95.1,28,VI,6
95.2,28,VI,6
95.3,28,VI,6
95.4,28,VI,6
95.5,28,VI,6
95.6,28,VI,6
95.7,28,VI,6
95.8,28,VI,6
95.9,28,VI,6
96,28,VI,6
96.1,28,VI,6
96.2,28,VI,6
96.3,28,VI,6
96.4,28,VI,6
96.5,28,VI,6
96.6,28,VI,6
96.7,28,VI,6
96.8,28,VI,6
96.9,28,VI,6
97,28,VI,6
97.1,28,VI,6
97.2,28,VI,6
97.3,28,VI,6
72,28.1,II,2
72.1,28.1,II,2
72.2,28.1,II,2
72.3,28.1,II,2
72.4,28.1,II,2
72.5,28.1,II,2
72.6,28.1,II,2
72.7,28.1,II,2
72.8,28.1,II,2
72.9,28.1,II,2
73,28.1,II,2
73.1,28.1,II,2
73.2,28.1,II,2
73.3,28.1,II,2
73.4,28.1,II,2
73.5,28.1,II,2
73.6,28.1,II,2
73.7,28.1,II,2
73.8,28.1,II,2
73.9,28.1,II,2
74,28.1,II,2
74.1,28.1,III,3
74.2,28.1,III,3
74.3,28.1,III,3
74.4,28.1,III,3
74.5,28.1,III,3
74.6,28.1,III,3
74.7,28.1,III,3
74.8,28.1,III,3
74.9,28.1,III,3
75,28.1,III,3
75.1,28.1,III,3
75.2,28.1,III,3
75.3,28.1,IV,4
75.4,28.1,IV,4
75.5,28.1,IV,4
75.6,28.1,IV,4
75.7,28.1,IV,4
75.8,28.1,IV,4
75.9,28.1,IV,4
76,28.1,IV,4
76.1,28.1,IV,4
76.2,28.1,IV,4
76.3,28.1,IV,4
76.4,28.1,IV,4
76.5,28.1,IV,4
76.6,28.1,IV,4
76.7,28.1,IV,4
76.8,28.1,IV,4
76.9,28.1,IV,4
77,28.1,IV,4
77.1,28.1,IV,4
77.2,28.1,IV,4
77.3,28.1,IV,4
77.4,28.1,IV,4
77.5,28.1,IV,4
77.6,28.1,IV,4
77.7,28.1,IV,4
77.8,28.1,IV,4
77.9,28.1,IV,4
78,28.1,IV,4
78.1,28.1,IV,4
78.2,28.1,IV,4
78.3,28.1,IV,4
78.4,28.1,IV,4
78.5,28.1,IV,4
78.6,28.1,IV,4
78.7,28.1,IV,4
78.8,28.1,IV,4
78.9,28.1,IV,4
79,28.1,IV,4
79.1,28.1,IV,4
79.2,28.1,IV,4
79.3,28.1,IV,4
79.4,28.1,IV,4
79.5,28.1,IV,4
79.6,28.1,V,5
79.7,28.1,V,5
79.8,28.1,V,5
79.9,28.1,V,5
80,28.1,V,5
80.1,28.1,V,5
80.2,28.1,V,5
80.3,28.1,V,5
80.4,28.1,V,5
80.5,28.1,V,5
80.6,28.1,V,5
80.7,28.1,V,5
80.8,28.1,V,5
80.9,28.1,V,5
81,28.1,V,5
81.1,28.1,VI,6
81.2,28.1,VI,6
81.3,28.1,VI,6
81.4,28.1,VI,6
92.7,28.1,VI,6
92.8,28.1,VI,6
92.9,28.1,VI,6
93,28.1,VI,6
93.1,28.1,VI,6
93.2,28.1,VI,6
93.3,28.1,VI,6
93.4,28.1,VI,6
93.5,28.1,VI,6
93.6,28.1,VI,6
93.7,28.1,VI,6
93.8,28.1,VI,6
93.9,28.1,VI,6
94,28.1,VI,6
94.1,28.1,VI,6
94.2,28.1,VI,6
94.3,28.1,VI,6
94.4,28.1,VI,6
94.5,28.1,VI,6
94.6,28.1,VI,6
94.7,28.1,VI,6
94.8,28.1,VI,6
94.9,28.1,VI,6
95,28.1,VI,6
95.1,28.1,VI,6
95.2,28.1,VI,6
95.3,28.1,VI,6
95.4,28.1,VI,6
95.5,28.1,VI,6
95.6,28.1,VI,6
95.7,28.1,VI,6
95.8,28.1,VI,6
95.9,28.1,VI,6
96,28.1,VI,6
96.1,28.1,VI,6
96.2,28.1,VI,6
96.3,28.1,VI,6
96.4,28.1,VI,6
96.5,28.1,VI,6
96.6,28.1,VI,6
96.7,28.1,VI,6
96.8,28.1,VI,6
96.9,28.1,VI,6
97,28.1,VI,6
97.1,28.1,VI,6
97.2,28.1,VI,6
97.3,28.1,VI,6
72,28.2,II,2
72.1,28.2,II,2
72.2,28.2,II,2
72.3,28.2,II,2
72.4,28.2,II,2
72.5,28.2,II,2
72.6,28.2,II,2
72.7,28.2,II,2
72.8,28.2,II,2
72.9,28.2,II,2
73,28.2,II,2
73.1,28.2,II,2
73.2,28.2,II,2
73.3,28.2,II,2
73.4,28.2,II,2
73.5,28.2,II,2
73.6,28.2,II,2
73.7,28.2,II,2
73.8,28.2,II,2
73.9,28.2,II,2
74,28.2,II,2
74.1,28.2,II,2
74.2,28.2,II,2
74.3,28.2,III,3
74.4,28.2,III,3
74.5,28.2,III,3
74.6,28.2,III,3
74.7,28.2,III,3
74.8,28.2,III,3
74.9,28.2,III,3
75,28.2,III,3
75.1,28.2,III,3
75.2,28.2,III,3
75.3,28.2,III,3
75.4,28.2,IV,4
75.5,28.2,IV,4
75.6,28.2,IV,4
75.7,28.2,IV,4
75.8,28.2,IV,4
75.9,28.2,IV,4
76,28.2,IV,4
76.1,28.2,IV,4
76.2,28.2,IV,4
76.3,28.2,IV,4
76.4,28.2,IV,4
76.5,28.2,IV,4
76.6,28.2,IV,4
76.7,28.2,IV,4
76.8,28.2,IV,4
76.9,28.2,IV,4
77,28.2,IV,4
77.1,28.2,IV,4
77.2,28.2,IV,4
77.3,28.2,IV,4
77.4,28.2,IV,4
77.5,28.2,IV,4
77.6,28.2,IV,4
77.7,28.2,IV,4
77.8,28.2,IV,4
77.9,28.2,IV,4
78,28.2,IV,4
78.1,28.2,IV,4
78.2,28.2,IV,4
78.3,28.2,IV,4
78.4,28.2,IV,4
78.5,28.2,IV,4
78.6,28.2,IV,4
78.7,28.2,IV,4
78.8,28.2,IV,4
78.9,28.2,IV,4
79,28.2,IV,4
79.1,28.2,IV,4
79.2,28.2,IV,4
79.3,28.2,IV,4
79.4,28.2,V,5
79.5,28.2,V,5
79.6,28.2,V,5
79.7,28.2,V,5
79.8,28.2,V,5
79.9,28.2,V,5
80,28.2,V,5
80.1,28.2,V,5
80.2,28.2,V,5
80.3,28.2,V,5
80.4,28.2,V,5
80.5,28.2,V,5
80.6,28.2,V,5
80.7,28.2,V,5
80.8,28.2,V,5
80.9,28.2,VI,6
81,28.2,VI,6
81.1,28.2,VI,6
81.2,28.2,VI,6
81.3,28.2,VI,6
92.9,28.2,VI,6
93,28.2,VI,6
93.1,28.2,VI,6
93.2,28.2,VI,6
93.3,28.2,VI,6
93.4,28.2,VI,6
93.5,28.2,VI,6
93.6,28.2,VI,6
93.7,28.2,VI,6
93.8,28.2,VI,6
93.9,28.2,VI,6
94,28.2,VI,6
94.1,28.2,VI,6
94.2,28.2,VI,6
94.3,28.2,VI,6
94.4,28.2,VI,6
94.5,28.2,VI,6
94.6,28.2,VI,6
94.7,28.2,VI,6
94.8,28.2,VI,6
94.9,28.2,VI,6
95,28.2,VI,6
95.1,28.2,VI,6
95.2,28.2,VI,6
95.3,28.2,VI,6
95.4,28.2,VI,6
95.5,28.2,VI,6
95.6,28.2,VI,6
95.7,28.2,VI,6
95.8,28.2,VI,6
95.9,28.2,VI,6
96,28.2,VI,6
96.1,28.2,VI,6
96.2,28.2,VI,6
96.3,28.2,VI,6
96.4,28.2,VI,6
96.5,28.2,VI,6
96.6,28.2,VI,6
96.7,28.2,VI,6
96.8,28.2,VI,6
96.9,28.2,VI,6
97,28.2,VI,6
97.1,28.2,VI,6
97.2,28.2,VI,6
97.3,28.2,VI,6
72.2,28.3,II,2
72.3,28.3,II,2
72.4,28.3,II,2
72.5,28.3,II,2
72.6,28.3,II,2
72.7,28.3,II,2
72.8,28.3,II,2
72.9,28.3,II,2
73,28.3,II,2
73.1,28.3,II,2
73.2,28.3,II,2
73.3,28.3,II,2
73.4,28.3,II,2
73.5,28.3,II,2
73.6,28.3,II,2
73.7,28.3,II,2
73.8,28.3,II,2
73.9,28.3,II,2
74,28.3,II,2
74.1,28.3,II,2
74.2,28.3,II,2
74.3,28.3,II,2
74.4,28.3,II,2
74.5,28.3,III,3
74.6,28.3,III,3
74.7,28.3,III,3
74.8,28.3,III,3
74.9,28.3,III,3
75,28.3,III,3
75.1,28.3,III,3
75.2,28.3,III,3
75.3,28.3,III,3
75.4,28.3,IV,4
75.5,28.3,IV,4
75.6,28.3,IV,4
75.7,28.3,IV,4
75.8,28.3,IV,4
75.9,28.3,IV,4
76,28.3,IV,4
76.1,28.3,IV,4
76.2,28.3,IV,4
76.3,28.3,IV,4
76.4,28.3,IV,4
76.5,28.3,IV,4
76.6,28.3,IV,4
76.7,28.3,IV,4
76.8,28.3,IV,4
76.9,28.3,IV,4
77,28.3,IV,4
77.1,28.3,IV,4
77.2,28.3,IV,4
77.3,28.3,IV,4
77.4,28.3,IV,4
77.5,28.3,IV,4
77.6,28.3,IV,4
77.7,28.3,IV,4
77.8,28.3,IV,4
77.9,28.3,IV,4
78,28.3,IV,4
78.1,28.3,IV,4
78.2,28.3,IV,4
78.3,28.3,IV,4
78.4,28.3,IV,4
78.5,28.3,IV,4
78.6,28.3,IV,4
78.7,28.3,IV,4
78.8,28.3,IV,4
78.9,28.3,IV,4
79,28.3,IV,4
79.1,28.3,IV,4
79.2,28.3,V,5
79.3,28.3,V,5
79.4,28.3,V,5
79.5,28.3,V,5
79.6,28.3,V,5
79.7,28.3,V,5
79.8,28.3,V,5
79.9,28.3,V,5
80,28.3,V,5
80.1,28.3,V,5
80.2,28.3,V,5
80.3,28.3,V,5
80.4,28.3,V,5
80.5,28.3,V,5
80.6,28.3,V,5
80.7,28.3,VI,6
80.8,28.3,VI,6
80.9,28.3,VI,6
81,28.3,VI,6
81.1,28.3,VI,6
81.2,28.3,VI,6
93.1,28.3,VI,6
93.2,28.3,VI,6
93.3,28.3,VI,6
93.4,28.3,VI,6
93.5,28.3,VI,6
93.6,28.3,VI,6
93.7,28.3,VI,6
93.8,28.3,VI,6
93.9,28.3,VI,6
94,28.3,VI,6
94.1,28.3,VI,6
94.2,28.3,VI,6
94.3,28.3,VI,6
94.4,28.3,VI,6
94.5,28.3,VI,6
94.6,28.3,VI,6
94.7,28.3,VI,6
94.8,28.3,VI,6
94.9,28.3,VI,6
95,28.3,VI,6
95.1,28.3,VI,6
95.2,28.3,VI,6
95.3,28.3,VI,6
95.4,28.3,VI,6
95.5,28.3,VI,6
95.6,28.3,VI,6
95.7,28.3,VI,6
95.8,28.3,VI,6
95.9,28.3,VI,6
96,28.3,VI,6
96.1,28.3,VI,6
96.2,28.3,VI,6
96.3,28.3,VI,6
96.4,28.3,VI,6
96.5,28.3,VI,6
96.6,28.3,VI,6
96.7,28.3,VI,6
96.8,28.3,VI,6
96.9,28.3,VI,6
97,28.3,VI,6
97.1,28.3,VI,6
72.3,28.4,II,2
72.4,28.4,II,2
72.5,28.4,II,2
72.6,28.4,II,2
72.7,28.4,II,2
72.8,28.4,II,2
72.9,28.4,II,2
73,28.4,II,2
73.1,28.4,II,2
73.2,28.4,II,2
73.3,28.4,II,2
73.4,28.4,II,2
73.5,28.4,II,2
73.6,28.4,II,2
73.7,28.4,II,2
73.8,28.4,II,2
73.9,28.4,II,2
74,28.4,II,2
74.1,28.4,II,2
74.2,28.4,II,2
74.3,28.4,II,2
74.4,28.4,II,2
74.5,28.4,II,2
74.6,28.4,III,3
74.7,28.4,III,3
74.8,28.4,III,3
74.9,28.4,III,3
75,28.4,III,3
75.1,28.4,III,3
75.2,28.4,III,3
75.3,28.4,III,3
75.4,28.4,IV,4
75.5,28.4,IV,4
75.6,28.4,IV,4
75.7,28.4,IV,4
75.8,28.4,IV,4
75.9,28.4,IV,4
76,28.4,IV,4
76.1,28.4,IV,4
76.2,28.4,IV,4
76.3,28.4,IV,4
76.4,28.4,IV,4
76.5,28.4,IV,4
76.6,28.4,IV,4
76.7,28.4,IV,4
76.8,28.4,IV,4
76.9,28.4,IV,4
77,28.4,IV,4
77.1,28.4,IV,4
77.2,28.4,IV,4
77.3,28.4,IV,4
77.4,28.4,IV,4
77.5,28.4,IV,4
77.6,28.4,IV,4
77.7,28.4,IV,4
77.8,28.4,IV,4
77.9,28.4,IV,4
78,28.4,IV,4
78.1,28.4,IV,4
78.2,28.4,IV,4
78.3,28.4,IV,4
78.4,28.4,IV,4
78.5,28.4,IV,4
78.6,28.4,IV,4
78.7,28.4,IV,4
78.8,28.4,IV,4
78.9,28.4,IV,4
79,28.4,IV,4
79.1,28.4,V,5
79.2,28.4,V,5
79.3,28.4,V,5
79.4,28.4,V,5
79.5,28.4,V,5
79.6,28.4,V,5
79.7,28.4,V,5
79.8,28.4,V,5
79.9,28.4,V,5
80,28.4,V,5
80.1,28.4,V,5
80.2,28.4,V,5
80.3,28.4,V,5
80.4,28.4,VI,6
80.5,28.4,VI,6
80.6,28.4,VI,6
80.7,28.4,VI,6
80.8,28.4,VI,6
80.9,28.4,VI,6
81,28.4,VI,6
93.3,28.4,VI,6
93.4,28.4,VI,6
93.5,28.4,VI,6
93.6,28.4,VI,6
93.7,28.4,VI,6
93.8,28.4,VI,6
93.9,28.4,VI,6
94,28.4,VI,6
94.1,28.4,VI,6
94.2,28.4,VI,6
94.3,28.4,VI,6
94.4,28.4,VI,6
94.5,28.4,VI,6
94.6,28.4,VI,6
94.7,28.4,VI,6
94.8,28.4,VI,6
94.9,28.4,VI,6
95,28.4,VI,6
95.1,28.4,VI,6
95.2,28.4,VI,6
95.3,28.4,VI,6
95.4,28.4,VI,6
95.5,28.4,VI,6
95.6,28.4,VI,6
95.7,28.4,VI,6
95.8,28.4,VI,6
95.9,28.4,VI,6
96,28.4,VI,6
96.1,28.4,VI,6
96.2,28.4,VI,6
96.3,28.4,III,3
96.5,28.4,VI,6
96.6,28.4,VI,6
96.7,28.4,VI,6
72.3,28.5,II,2
72.4,28.5,II,2
72.5,28.5,II,2
72.6,28.5,II,2
72.7,28.5,II,2
72.8,28.5,II,2
72.9,28.5,II,2
73,28.5,II,2
73.1,28.5,II,2
73.2,28.5,II,2
73.3,28.5,II,2
73.4,28.5,II,2
73.5,28.5,II,2
73.6,28.5,II,2
73.7,28.5,II,2
73.8,28.5,II,2
73.9,28.5,II,2
74,28.5,II,2
74.1,28.5,II,2
74.2,28.5,II,2
74.3,28.5,II,2
74.4,28.5,II,2
74.5,28.5,II,2
74.6,28.5,II,2
74.7,28.5,II,2
74.8,28.5,III,3
74.9,28.5,III,3
75,28.5,III,3
75.1,28.5,III,3
75.2,28.5,III,3
75.3,28.5,III,3
75.4,28.5,IV,4
75.5,28.5,IV,4
75.6,28.5,IV,4
75.7,28.5,IV,4
75.8,28.5,IV,4
75.9,28.5,IV,4
76,28.5,IV,4
76.1,28.5,IV,4
76.2,28.5,IV,4
76.3,28.5,IV,4
76.4,28.5,IV,4
76.5,28.5,IV,4
76.6,28.5,IV,4
76.7,28.5,IV,4
76.8,28.5,IV,4
76.9,28.5,IV,4
77,28.5,IV,4
77.1,28.5,IV,4
77.2,28.5,IV,4
77.3,28.5,IV,4
77.4,28.5,IV,4
77.5,28.5,IV,4
77.6,28.5,IV,4
77.7,28.5,IV,4
77.8,28.5,IV,4
77.9,28.5,IV,4
78,28.5,IV,4
78.1,28.5,IV,4
78.2,28.5,IV,4
78.3,28.5,IV,4
78.4,28.5,IV,4
78.5,28.5,IV,4
78.6,28.5,IV,4
78.7,28.5,IV,4
78.8,28.5,IV,4
78.9,28.5,V,5
79,28.5,V,5
79.1,28.5,V,5
79.2,28.5,V,5
79.3,28.5,V,5
79.4,28.5,V,5
79.5,28.5,V,5
79.6,28.5,V,5
79.7,28.5,V,5
79.8,28.5,V,5
79.9,28.5,V,5
80,28.5,V,5
80.1,28.5,V,5
80.2,28.5,V,5
80.3,28.5,VI,6
80.4,28.5,VI,6
80.5,28.5,VI,6
80.6,28.5,VI,6
80.7,28.5,VI,6
80.8,28.5,VI,6
93.3,28.5,VI,6
93.4,28.5,VI,6
93.5,28.5,VI,6
93.6,28.5,VI,6
93.7,28.5,VI,6
93.8,28.5,VI,6
93.9,28.5,VI,6
94,28.5,VI,6
94.1,28.5,VI,6
94.2,28.5,VI,6
94.3,28.5,VI,6
94.4,28.5,VI,6
94.5,28.5,VI,6
94.6,28.5,VI,6
94.7,28.5,VI,6
94.8,28.5,VI,6
94.9,28.5,VI,6
95,28.5,VI,6
95.1,28.5,VI,6
95.2,28.5,VI,6
95.3,28.5,VI,6
95.4,28.5,VI,6
95.5,28.5,VI,6
95.6,28.5,VI,6
95.7,28.5,VI,6
95.8,28.5,VI,6
95.9,28.5,VI,6
96,28.5,VI,6
96.1,28.5,VI,6
96.2,28.5,VI,6
96.3,28.5,VI,6
72.3,28.6,II,2
72.4,28.6,II,2
72.5,28.6,II,2
72.6,28.6,II,2
72.7,28.6,II,2
72.8,28.6,II,2
72.9,28.6,II,2
73,28.6,II,2
73.1,28.6,II,2
73.2,28.6,II,2
73.3,28.6,II,2
73.4,28.6,II,2
73.5,28.6,II,2
73.6,28.6,II,2
73.7,28.6,II,2
73.8,28.6,II,2
73.9,28.6,II,2
74,28.6,II,2
74.1,28.6,II,2
74.2,28.6,II,2
74.3,28.6,II,2
74.4,28.6,II,2
74.5,28.6,II,2
74.6,28.6,II,2
74.7,28.6,II,2
74.8,28.6,II,2
74.9,28.6,III,3
75,28.6,III,3
75.1,28.6,III,3
75.2,28.6,III,3
75.3,28.6,III,3
75.4,28.6,III,3
75.5,28.6,IV,4
75.6,28.6,IV,4
75.7,28.6,IV,4
75.8,28.6,IV,4
75.9,28.6,IV,4
76,28.6,IV,4
76.1,28.6,IV,4
76.2,28.6,IV,4
76.3,28.6,IV,4
76.4,28.6,IV,4
76.5,28.6,IV,4
76.6,28.6,IV,4
76.7,28.6,IV,4
76.8,28.6,IV,4
76.9,28.6,IV,4
77,28.6,IV,4
77.1,28.6,IV,4
77.2,28.6,IV,4
77.3,28.6,IV,4
77.4,28.6,IV,4
77.5,28.6,IV,4
77.6,28.6,IV,4
77.7,28.6,IV,4
77.8,28.6,IV,4
77.9,28.6,IV,4
78,28.6,IV,4
78.1,28.6,IV,4
78.2,28.6,IV,4
78.3,28.6,IV,4
78.4,28.6,IV,4
78.5,28.6,IV,4
78.6,28.6,IV,4
78.7,28.6,V,5
78.8,28.6,V,5
78.9,28.6,V,5
79,28.6,V,5
79.1,28.6,V,5
79.2,28.6,V,5
79.3,28.6,V,5
79.4,28.6,V,5
79.5,28.6,V,5
79.6,28.6,V,5
79.7,28.6,V,5
79.8,28.6,V,5
79.9,28.6,V,5
80,28.6,V,5
80.1,28.6,VI,6
80.2,28.6,VI,6
80.3,28.6,VI,6
80.4,28.6,VI,6
80.6,28.6,VI,6
93.4,28.6,VI,6
93.5,28.6,VI,6
93.6,28.6,VI,6
93.7,28.6,VI,6
93.8,28.6,VI,6
93.9,28.6,VI,6
94,28.6,VI,6
94.1,28.6,VI,6
94.2,28.6,VI,6
94.3,28.6,VI,6
94.4,28.6,VI,6
94.5,28.6,VI,6
94.6,28.6,VI,6
94.7,28.6,VI,6
94.8,28.6,VI,6
94.9,28.6,VI,6
95,28.6,VI,6
95.1,28.6,VI,6
95.2,28.6,VI,6
95.3,28.6,VI,6
95.4,28.6,VI,6
95.5,28.6,VI,6
95.6,28.6,VI,6
95.7,28.6,VI,6
95.8,28.6,VI,6
95.9,28.6,VI,6
96,28.6,VI,6
96.1,28.6,VI,6
96.2,28.6,VI,6
96.3,28.6,VI,6
96.4,28.6,VI,6
72.4,28.7,II,2
72.5,28.7,II,2
72.6,28.7,II,2
72.7,28.7,II,2
72.8,28.7,II,2
72.9,28.7,II,2
73,28.7,II,2
73.1,28.7,II,2
73.2,28.7,II,2
73.3,28.7,II,2
73.4,28.7,II,2
73.5,28.7,II,2
73.6,28.7,II,2
73.7,28.7,II,2
73.8,28.7,II,2
73.9,28.7,II,2
74,28.7,II,2
74.1,28.7,II,2
74.2,28.7,II,2
74.3,28.7,II,2
74.4,28.7,II,2
74.5,28.7,II,2
74.6,28.7,II,2
74.7,28.7,II,2
74.8,28.7,II,2
74.9,28.7,III,3
75,28.7,III,3
75.1,28.7,III,3
75.2,28.7,III,3
75.3,28.7,III,3
75.4,28.7,III,3
75.5,28.7,IV,4
75.6,28.7,IV,4
75.7,28.7,IV,4
75.8,28.7,IV,4
75.9,28.7,IV,4
76,28.7,IV,4
76.1,28.7,IV,4
76.2,28.7,IV,4
76.3,28.7,IV,4
76.4,28.7,IV,4
76.5,28.7,IV,4
76.6,28.7,IV,4
76.7,28.7,IV,4
76.8,28.7,IV,4
76.9,28.7,IV,4
77,28.7,IV,4
77.1,28.7,IV,4
77.2,28.7,IV,4
77.3,28.7,IV,4
77.4,28.7,IV,4
77.5,28.7,IV,4
77.6,28.7,IV,4
77.7,28.7,IV,4
77.8,28.7,IV,4
77.9,28.7,IV,4
78,28.7,IV,4
78.1,28.7,IV,4
78.2,28.7,IV,4
78.3,28.7,IV,4
78.4,28.7,V,5
78.5,28.7,V,5
78.6,28.7,V,5
78.7,28.7,V,5
78.8,28.7,V,5
78.9,28.7,V,5
79,28.7,V,5
79.1,28.7,V,5
79.2,28.7,V,5
79.3,28.7,V,5
79.4,28.7,V,5
79.5,28.7,V,5
79.6,28.7,V,5
79.7,28.7,V,5
79.8,28.7,V,5
79.9,28.7,VI,6
80,28.7,VI,6
80.1,28.7,VI,6
80.2,28.7,VI,6
80.3,28.7,VI,6
94,28.7,VI,6
94.1,28.7,VI,6
94.2,28.7,VI,6
94.3,28.7,VI,6
94.4,28.7,VI,6
94.5,28.7,VI,6
94.6,28.7,VI,6
94.7,28.7,VI,6
94.8,28.7,VI,6
94.9,28.7,VI,6
95,28.7,VI,6
95.1,28.7,VI,6
95.2,28.7,VI,6
95.3,28.7,VI,6
95.4,28.7,VI,6
95.5,28.7,VI,6
95.6,28.7,VI,6
95.7,28.7,VI,6
95.8,28.7,VI,6
95.9,28.7,VI,6
96,28.7,VI,6
96.1,28.7,VI,6
96.2,28.7,VI,6
96.3,28.7,VI,6
96.4,28.7,VI,6
96.5,28.7,VI,6
72.5,28.8,II,2
72.6,28.8,II,2
72.7,28.8,II,2
72.8,28.8,II,2
72.9,28.8,II,2
73,28.8,II,2
73.1,28.8,II,2
73.2,28.8,II,2
73.3,28.8,II,2
73.4,28.8,II,2
73.5,28.8,II,2
73.6,28.8,II,2
73.7,28.8,II,2
73.8,28.8,II,2
73.9,28.8,II,2
74,28.8,II,2
74.1,28.8,II,2
74.2,28.8,II,2
74.3,28.8,II,2
74.4,28.8,II,2
74.5,28.8,II,2
74.6,28.8,II,2
74.7,28.8,II,2
74.8,28.8,II,2
74.9,28.8,III,3
75,28.8,III,3
75.1,28.8,III,3
75.2,28.8,III,3
75.3,28.8,III,3
75.4,28.8,III,3
75.5,28.8,IV,4
75.6,28.8,IV,4
75.7,28.8,IV,4
75.8,28.8,IV,4
75.9,28.8,IV,4
76,28.8,IV,4
76.1,28.8,IV,4
76.2,28.8,IV,4
76.3,28.8,IV,4
76.4,28.8,IV,4
76.5,28.8,IV,4
76.6,28.8,IV,4
76.7,28.8,IV,4
76.8,28.8,IV,4
76.9,28.8,IV,4
77,28.8,IV,4
77.1,28.8,IV,4
77.2,28.8,IV,4
77.3,28.8,IV,4
77.4,28.8,IV,4
77.5,28.8,IV,4
77.6,28.8,IV,4
77.7,28.8,IV,4
77.8,28.8,IV,4
77.9,28.8,IV,4
78,28.8,IV,4
78.1,28.8,V,5
78.2,28.8,V,5
78.3,28.8,V,5
78.4,28.8,V,5
78.5,28.8,V,5
78.6,28.8,V,5
78.7,28.8,V,5
78.8,28.8,V,5
78.9,28.8,V,5
79,28.8,V,5
79.1,28.8,V,5
79.2,28.8,V,5
79.3,28.8,V,5
79.4,28.8,V,5
79.5,28.8,V,5
79.6,28.8,V,5
79.7,28.8,V,5
79.8,28.8,VI,6
79.9,28.8,VI,6
80,28.8,VI,6
80.1,28.8,VI,6
94,28.8,VI,6
94.1,28.8,VI,6
94.2,28.8,VI,6
94.3,28.8,VI,6
94.4,28.8,VI,6
94.5,28.8,VI,6
94.6,28.8,VI,6
94.7,28.8,VI,6
94.8,28.8,VI,6
94.9,28.8,VI,6
95,28.8,VI,6
95.1,28.8,VI,6
95.2,28.8,VI,6
95.3,28.8,VI,6
95.4,28.8,VI,6
95.5,28.8,VI,6
95.6,28.8,VI,6
95.7,28.8,VI,6
95.8,28.8,VI,6
95.9,28.8,VI,6
96,28.8,VI,6
96.1,28.8,VI,6
96.2,28.8,VI,6
96.3,28.8,VI,6
96.4,28.8,VI,6
96.5,28.8,VI,6
96.6,28.8,VI,6
72.7,28.9,II,2
72.8,28.9,II,2
72.9,28.9,II,2
73,28.9,II,2
73.1,28.9,II,2
73.2,28.9,II,2
73.3,28.9,II,2
73.4,28.9,II,2
73.5,28.9,II,2
73.6,28.9,II,2
73.7,28.9,II,2
73.8,28.9,II,2
73.9,28.9,II,2
74,28.9,II,2
74.1,28.9,II,2
74.2,28.9,II,2
74.3,28.9,II,2
74.4,28.9,II,2
74.5,28.9,II,2
74.6,28.9,II,2
74.7,28.9,II,2
74.8,28.9,II,2
74.9,28.9,II,2
75,28.9,III,3
75.1,28.9,III,3
75.2,28.9,III,3
75.3,28.9,III,3
75.4,28.9,III,3
75.5,28.9,IV,4
75.6,28.9,IV,4
75.7,28.9,IV,4
75.8,28.9,IV,4
75.9,28.9,IV,4
76,28.9,IV,4
76.1,28.9,IV,4
76.2,28.9,IV,4
76.3,28.9,IV,4
76.4,28.9,IV,4
76.5,28.9,IV,4
76.6,28.9,IV,4
76.7,28.9,IV,4
76.8,28.9,IV,4
76.9,28.9,IV,4
77,28.9,IV,4
77.1,28.9,IV,4
77.2,28.9,IV,4
77.3,28.9,IV,4
77.4,28.9,IV,4
77.5,28.9,IV,4
77.6,28.9,IV,4
77.7,28.9,IV,4
77.8,28.9,V,5
77.9,28.9,V,5
78,28.9,V,5
78.1,28.9,V,5
78.2,28.9,V,5
78.3,28.9,V,5
78.4,28.9,V,5
78.5,28.9,V,5
78.6,28.9,V,5
78.7,28.9,V,5
78.8,28.9,V,5
78.9,28.9,V,5
79,28.9,V,5
79.1,28.9,V,5
79.2,28.9,V,5
79.3,28.9,V,5
79.4,28.9,V,5
79.5,28.9,V,5
79.6,28.9,VI,6
79.7,28.9,VI,6
79.8,28.9,VI,6
79.9,28.9,VI,6
80,28.9,VI,6
94.1,28.9,VI,6
94.2,28.9,VI,6
94.3,28.9,VI,6
94.4,28.9,VI,6
94.5,28.9,VI,6
94.6,28.9,VI,6
94.7,28.9,VI,6
94.8,28.9,VI,6
94.9,28.9,VI,6
95,28.9,VI,6
95.1,28.9,VI,6
95.2,28.9,VI,6
95.3,28.9,VI,6
95.4,28.9,VI,6
95.5,28.9,VI,6
95.6,28.9,VI,6
95.7,28.9,VI,6
95.8,28.9,VI,6
95.9,28.9,VI,6
96,28.9,VI,6
96.1,28.9,VI,6
96.2,28.9,VI,6
96.3,28.9,VI,6
96.4,28.9,VI,6
96.5,28.9,VI,6
72.9,29,II,2
73,29,II,2
73.1,29,II,2
73.2,29,II,2
73.3,29,II,2
73.4,29,II,2
73.5,29,II,2
73.6,29,II,2
73.7,29,II,2
73.8,29,II,2
73.9,29,II,2
74,29,II,2
74.1,29,II,2
74.2,29,II,2
74.3,29,II,2
74.4,29,II,2
74.5,29,II,2
74.6,29,II,2
74.7,29,II,2
74.8,29,II,2
74.9,29,II,2
75,29,III,3
75.1,29,III,3
75.2,29,III,3
75.3,29,III,3
75.4,29,III,3
75.5,29,III,3
75.6,29,IV,4
75.7,29,IV,4
75.8,29,IV,4
75.9,29,IV,4
76,29,IV,4
76.1,29,IV,4
76.2,29,IV,4
76.3,29,IV,4
76.4,29,IV,4
76.5,29,IV,4
76.6,29,IV,4
76.7,29,IV,4
76.8,29,IV,4
76.9,29,IV,4
77,29,IV,4
77.1,29,IV,4
77.2,29,IV,4
77.3,29,IV,4
77.4,29,IV,4
77.5,29,V,5
77.6,29,V,5
77.7,29,V,5
77.8,29,V,5
77.9,29,V,5
78,29,V,5
78.1,29,V,5
78.2,29,V,5
78.3,29,V,5
78.4,29,V,5
78.5,29,V,5
78.6,29,V,5
78.7,29,V,5
78.8,29,V,5
78.9,29,V,5
79,29,V,5
79.1,29,V,5
79.2,29,V,5
79.3,29,V,5
79.4,29,VI,6
79.5,29,VI,6
79.6,29,VI,6
79.7,29,VI,6
79.8,29,VI,6
79.9,29,VI,6
80,29,VI,6
80.1,29,VI,6
94.2,29,VI,6
94.3,29,VI,6
94.4,29,VI,6
94.5,29,VI,6
94.6,29,VI,6
94.7,29,VI,6
94.8,29,VI,6
94.9,29,VI,6
95,29,VI,6
95.1,29,VI,6
95.2,29,VI,6
95.3,29,VI,6
95.4,29,VI,6
95.5,29,VI,6
95.6,29,VI,6
95.7,29,VI,6
95.8,29,VI,6
95.9,29,VI,6
96,29,VI,6
96.1,29,VI,6
96.4,29,VI,6
73,29.1,II,2
73.1,29.1,II,2
73.2,29.1,II,2
73.3,29.1,II,2
73.4,29.1,II,2
73.5,29.1,II,2
73.6,29.1,II,2
73.7,29.1,II,2
73.8,29.1,II,2
73.9,29.1,II,2
74,29.1,II,2
74.1,29.1,II,2
74.2,29.1,II,2
74.3,29.1,II,2
74.4,29.1,II,2
74.5,29.1,II,2
74.6,29.1,II,2
74.7,29.1,II,2
74.8,29.1,II,2
74.9,29.1,II,2
75,29.1,III,3
75.1,29.1,III,3
75.2,29.1,III,3
75.3,29.1,III,3
75.4,29.1,III,3
75.5,29.1,III,3
75.6,29.1,IV,4
75.7,29.1,IV,4
75.8,29.1,IV,4
75.9,29.1,IV,4
76,29.1,IV,4
76.1,29.1,IV,4
76.2,29.1,IV,4
76.3,29.1,IV,4
76.4,29.1,IV,4
76.5,29.1,IV,4
76.6,29.1,IV,4
76.7,29.1,IV,4
76.8,29.1,IV,4
76.9,29.1,IV,4
77,29.1,IV,4
77.1,29.1,IV,4
77.2,29.1,V,5
77.3,29.1,V,5
77.4,29.1,V,5
77.5,29.1,V,5
77.6,29.1,V,5
77.7,29.1,V,5
77.8,29.1,V,5
77.9,29.1,V,5
78,29.1,V,5
78.1,29.1,V,5
78.2,29.1,V,5
78.3,29.1,V,5
78.4,29.1,V,5
78.5,29.1,V,5
78.6,29.1,V,5
78.7,29.1,V,5
78.8,29.1,V,5
78.9,29.1,V,5
79,29.1,V,5
79.1,29.1,V,5
79.2,29.1,VI,6
79.3,29.1,VI,6
79.4,29.1,VI,6
79.5,29.1,VI,6
79.6,29.1,VI,6
79.7,29.1,VI,6
79.8,29.1,VI,6
79.9,29.1,VI,6
80,29.1,VI,6
80.1,29.1,VI,6
94.3,29.1,VI,6
94.4,29.1,VI,6
94.5,29.1,VI,6
94.6,29.1,VI,6
94.7,29.1,VI,6
94.8,29.1,VI,6
94.9,29.1,VI,6
95,29.1,VI,6
95.1,29.1,VI,6
95.2,29.1,III,3
95.5,29.1,VI,6
95.6,29.1,VI,6
95.7,29.1,VI,6
95.8,29.1,VI,6
95.9,29.1,VI,6
96,29.1,VI,6
96.1,29.1,VI,6
96.2,29.1,VI,6
73.1,29.2,II,2
73.2,29.2,II,2
73.3,29.2,II,2
73.4,29.2,II,2
73.5,29.2,II,2
73.6,29.2,II,2
73.7,29.2,II,2
73.8,29.2,II,2
73.9,29.2,II,2
74,29.2,II,2
74.1,29.2,II,2
74.2,29.2,II,2
74.3,29.2,II,2
74.4,29.2,II,2
74.5,29.2,II,2
74.6,29.2,II,2
74.7,29.2,II,2
74.8,29.2,II,2
74.9,29.2,II,2
75,29.2,III,3
75.1,29.2,III,3
75.2,29.2,III,3
75.3,29.2,III,3
75.4,29.2,III,3
75.5,29.2,III,3
75.6,29.2,III,3
75.7,29.2,IV,4
75.8,29.2,IV,4
75.9,29.2,IV,4
76,29.2,IV,4
76.1,29.2,IV,4
76.2,29.2,IV,4
76.3,29.2,IV,4
76.4,29.2,IV,4
76.5,29.2,IV,4
76.6,29.2,IV,4
76.7,29.2,IV,4
76.8,29.2,IV,4
76.9,29.2,IV,4
77,29.2,V,5
77.1,29.2,V,5
77.2,29.2,V,5
77.3,29.2,V,5
77.4,29.2,V,5
77.5,29.2,V,5
77.6,29.2,V,5
77.7,29.2,V,5
77.8,29.2,V,5
77.9,29.2,V,5
78,29.2,V,5
78.1,29.2,V,5
78.2,29.2,V,5
78.3,29.2,V,5
78.4,29.2,V,5
78.5,29.2,V,5
78.6,29.2,V,5
78.7,29.2,V,5
78.8,29.2,V,5
78.9,29.2,V,5
79,29.2,VI,6
79.1,29.2,VI,6
79.2,29.2,VI,6
79.3,29.2,VI,6
79.4,29.2,VI,6
79.5,29.2,VI,6
79.6,29.2,VI,6
79.7,29.2,VI,6
79.8,29.2,VI,6
79.9,29.2,VI,6
80,29.2,VI,6
80.1,29.2,VI,6
80.2,29.2,VI,6
80.3,29.2,III,3
94.4,29.2,VI,6
94.5,29.2,VI,6
94.6,29.2,VI,6
94.7,29.2,VI,6
94.8,29.2,VI,6
95.6,29.2,VI,6
95.7,29.2,VI,6
95.8,29.2,VI,6
95.9,29.2,VI,6
96,29.2,VI,6
96.1,29.2,VI,6
96.2,29.2,VI,6
96.3,29.2,VI,6
73.2,29.3,II,2
73.3,29.3,II,2
73.4,29.3,II,2
73.5,29.3,II,2
73.6,29.3,II,2
73.7,29.3,II,2
73.8,29.3,II,2
73.9,29.3,II,2
74,29.3,II,2
74.1,29.3,II,2
74.2,29.3,II,2
74.3,29.3,II,2
74.4,29.3,II,2
74.5,29.3,II,2
74.6,29.3,II,2
74.7,29.3,II,2
74.8,29.3,II,2
74.9,29.3,III,3
75,29.3,III,3
75.1,29.3,III,3
75.2,29.3,III,3
75.3,29.3,III,3
75.4,29.3,III,3
75.5,29.3,III,3
75.6,29.3,III,3
75.7,29.3,IV,4
75.8,29.3,IV,4
75.9,29.3,IV,4
76,29.3,IV,4
76.1,29.3,IV,4
76.2,29.3,IV,4
76.3,29.3,IV,4
76.4,29.3,IV,4
76.5,29.3,IV,4
76.6,29.3,IV,4
76.7,29.3,IV,4
76.8,29.3,IV,4
76.9,29.3,V,5
77,29.3,V,5
77.1,29.3,V,5
77.2,29.3,V,5
77.3,29.3,V,5
77.4,29.3,V,5
77.5,29.3,V,5
77.6,29.3,V,5
77.7,29.3,V,5
77.8,29.3,V,5
77.9,29.3,V,5
78,29.3,V,5
78.1,29.3,V,5
78.2,29.3,V,5
78.3,29.3,V,5
78.4,29.3,V,5
78.5,29.3,V,5
78.6,29.3,V,5
78.7,29.3,V,5
78.8,29.3,VI,6
78.9,29.3,VI,6
79,29.3,VI,6
79.1,29.3,VI,6
79.2,29.3,VI,6
79.3,29.3,VI,6
79.4,29.3,VI,6
79.5,29.3,VI,6
79.6,29.3,VI,6
79.7,29.3,VI,6
79.8,29.3,VI,6
79.9,29.3,VI,6
80,29.3,VI,6
80.1,29.3,VI,6
80.2,29.3,VI,6
80.3,29.3,VI,6
94.7,29.3,VI,6
95.8,29.3,VI,6
95.9,29.3,VI,6
96,29.3,VI,6
96.1,29.3,VI,6
73.2,29.4,II,2
73.3,29.4,II,2
73.4,29.4,II,2
73.5,29.4,II,2
73.6,29.4,II,2
73.7,29.4,II,2
73.8,29.4,II,2
73.9,29.4,II,2
74,29.4,II,2
74.1,29.4,II,2
74.2,29.4,II,2
74.3,29.4,II,2
74.4,29.4,II,2
74.5,29.4,II,2
74.6,29.4,II,2
74.7,29.4,II,2
74.8,29.4,II,2
74.9,29.4,III,3
75,29.4,III,3
75.1,29.4,III,3
75.2,29.4,III,3
75.3,29.4,III,3
75.4,29.4,III,3
75.5,29.4,III,3
75.6,29.4,III,3
75.7,29.4,IV,4
75.8,29.4,IV,4
75.9,29.4,IV,4
76,29.4,IV,4
76.1,29.4,IV,4
76.2,29.4,IV,4
76.3,29.4,IV,4
76.4,29.4,IV,4
76.5,29.4,IV,4
76.6,29.4,IV,4
76.7,29.4,IV,4
76.8,29.4,V,5
76.9,29.4,V,5
77,29.4,V,5
77.1,29.4,V,5
77.2,29.4,V,5
77.3,29.4,V,5
77.4,29.4,V,5
77.5,29.4,V,5
77.6,29.4,V,5
77.7,29.4,V,5
77.8,29.4,V,5
77.9,29.4,V,5
78,29.4,V,5
78.1,29.4,V,5
78.2,29.4,V,5
78.3,29.4,V,5
78.4,29.4,V,5
78.5,29.4,V,5
78.6,29.4,V,5
78.7,29.4,VI,6
78.8,29.4,VI,6
78.9,29.4,VI,6
79,29.4,VI,6
79.1,29.4,VI,6
79.2,29.4,VI,6
79.3,29.4,VI,6
79.4,29.4,VI,6
79.5,29.4,VI,6
79.6,29.4,VI,6
79.7,29.4,VI,6
79.8,29.4,VI,6
79.9,29.4,VI,6
80,29.4,VI,6
80.1,29.4,VI,6
80.2,29.4,VI,6
96,29.4,III,3
96.1,29.4,VI,6
73.3,29.5,II,2
73.4,29.5,II,2
73.5,29.5,II,2
73.6,29.5,II,2
73.7,29.5,II,2
73.8,29.5,II,2
73.9,29.5,II,2
74,29.5,II,2
74.1,29.5,II,2
74.2,29.5,II,2
74.3,29.5,II,2
74.4,29.5,II,2
74.5,29.5,II,2
74.6,29.5,II,2
74.7,29.5,II,2
74.8,29.5,II,2
74.9,29.5,III,3
75,29.5,III,3
75.1,29.5,III,3
75.2,29.5,III,3
75.3,29.5,III,3
75.4,29.5,III,3
75.5,29.5,III,3
75.6,29.5,III,3
75.7,29.5,III,3
75.8,29.5,IV,4
75.9,29.5,IV,4
76,29.5,IV,4
76.1,29.5,IV,4
76.2,29.5,IV,4
76.3,29.5,IV,4
76.4,29.5,IV,4
76.5,29.5,IV,4
76.6,29.5,IV,4
76.7,29.5,IV,4
76.8,29.5,V,5
76.9,29.5,V,5
77,29.5,V,5
77.1,29.5,V,5
77.2,29.5,V,5
77.3,29.5,V,5
77.4,29.5,V,5
77.5,29.5,V,5
77.6,29.5,V,5
77.7,29.5,V,5
77.8,29.5,V,5
77.9,29.5,V,5
78,29.5,V,5
78.1,29.5,V,5
78.2,29.5,V,5
78.3,29.5,V,5
78.4,29.5,VI,6
78.5,29.5,VI,6
78.6,29.5,VI,6
78.7,29.5,VI,6
78.8,29.5,VI,6
78.9,29.5,VI,6
79,29.5,VI,6
79.1,29.5,VI,6
79.2,29.5,VI,6
79.3,29.5,VI,6
79.4,29.5,VI,6
79.5,29.5,VI,6
79.6,29.5,VI,6
79.7,29.5,VI,6
79.8,29.5,VI,6
79.9,29.5,VI,6
80,29.5,VI,6
80.1,29.5,VI,6
80.2,29.5,VI,6
80.3,29.5,VI,6
73.3,29.6,II,2
73.4,29.6,II,2
73.5,29.6,II,2
73.6,29.6,II,2
73.7,29.6,II,2
73.8,29.6,II,2
73.9,29.6,II,2
74,29.6,II,2
74.1,29.6,II,2
74.2,29.6,II,2
74.3,29.6,II,2
74.4,29.6,II,2
74.5,29.6,II,2
74.6,29.6,II,2
74.7,29.6,II,2
74.8,29.6,II,2
74.9,29.6,III,3
75,29.6,III,3
75.1,29.6,III,3
75.2,29.6,III,3
75.3,29.6,III,3
75.4,29.6,III,3
75.5,29.6,III,3
75.6,29.6,III,3
75.7,29.6,III,3
75.8,29.6,IV,4
75.9,29.6,IV,4
76,29.6,IV,4
76.1,29.6,IV,4
76.2,29.6,IV,4
76.3,29.6,IV,4
76.4,29.6,IV,4
76.5,29.6,IV,4
76.6,29.6,IV,4
76.7,29.6,V,5
76.8,29.6,V,5
76.9,29.6,V,5
77,29.6,V,5
77.1,29.6,V,5
77.2,29.6,V,5
77.3,29.6,V,5
77.4,29.6,V,5
77.5,29.6,V,5
77.6,29.6,V,5
77.7,29.6,V,5
77.8,29.6,V,5
77.9,29.6,V,5
78,29.6,V,5
78.1,29.6,VI,6
78.2,29.6,VI,6
78.3,29.6,VI,6
78.4,29.6,VI,6
78.5,29.6,VI,6
78.6,29.6,VI,6
78.7,29.6,VI,6
78.8,29.6,VI,6
78.9,29.6,VI,6
79,29.6,VI,6
79.1,29.6,VI,6
79.2,29.6,VI,6
79.3,29.6,VI,6
79.4,29.6,VI,6
79.5,29.6,VI,6
79.6,29.6,VI,6
79.7,29.6,VI,6
79.8,29.6,VI,6
79.9,29.6,VI,6
80,29.6,VI,6
80.1,29.6,VI,6
80.2,29.6,VI,6
80.3,29.6,VI,6
80.4,29.6,III,3
73.4,29.7,II,2
73.5,29.7,II,2
73.6,29.7,II,2
73.7,29.7,II,2
73.8,29.7,II,2
73.9,29.7,II,2
74,29.7,II,2
74.1,29.7,II,2
74.2,29.7,II,2
74.3,29.7,II,2
74.4,29.7,II,2
74.5,29.7,II,2
74.6,29.7,II,2
74.7,29.7,II,2
74.8,29.7,III,3
74.9,29.7,III,3
75,29.7,III,3
75.1,29.7,III,3
75.2,29.7,III,3
75.3,29.7,III,3
75.4,29.7,III,3
75.5,29.7,III,3
75.6,29.7,III,3
75.7,29.7,III,3
75.8,29.7,IV,4
75.9,29.7,IV,4
76,29.7,IV,4
76.1,29.7,IV,4
76.2,29.7,IV,4
76.3,29.7,IV,4
76.4,29.7,IV,4
76.5,29.7,IV,4
76.6,29.7,IV,4
76.7,29.7,V,5
76.8,29.7,V,5
76.9,29.7,V,5
77,29.7,V,5
77.1,29.7,V,5
77.2,29.7,V,5
77.3,29.7,V,5
77.4,29.7,V,5
77.5,29.7,V,5
77.6,29.7,V,5
77.7,29.7,V,5
77.8,29.7,V,5
77.9,29.7,VI,6
78,29.7,VI,6
78.1,29.7,VI,6
78.2,29.7,VI,6
78.3,29.7,VI,6
78.4,29.7,VI,6
78.5,29.7,VI,6
78.6,29.7,VI,6
78.7,29.7,VI,6
78.8,29.7,VI,6
78.9,29.7,VI,6
79,29.7,VI,6
79.1,29.7,VI,6
79.2,29.7,VI,6
79.3,29.7,VI,6
79.4,29.7,VI,6
79.5,29.7,VI,6
79.6,29.7,VI,6
79.7,29.7,VI,6
79.8,29.7,VI,6
79.9,29.7,VI,6
80,29.7,VI,6
80.1,29.7,VI,6
80.2,29.7,VI,6
80.3,29.7,VI,6
73.4,29.8,II,2
73.5,29.8,II,2
73.6,29.8,II,2
73.7,29.8,II,2
73.8,29.8,II,2
73.9,29.8,II,2
74,29.8,II,2
74.1,29.8,II,2
74.2,29.8,II,2
74.3,29.8,II,2
74.4,29.8,II,2
74.5,29.8,II,2
74.6,29.8,II,2
74.7,29.8,III,3
74.8,29.8,III,3
74.9,29.8,III,3
75,29.8,III,3
75.1,29.8,III,3
75.2,29.8,III,3
75.3,29.8,III,3
75.4,29.8,III,3
75.5,29.8,III,3
75.6,29.8,III,3
75.7,29.8,III,3
75.8,29.8,IV,4
75.9,29.8,IV,4
76,29.8,IV,4
76.1,29.8,IV,4
76.2,29.8,IV,4
76.3,29.8,IV,4
76.4,29.8,IV,4
76.5,29.8,IV,4
76.6,29.8,V,5
76.7,29.8,V,5
76.8,29.8,V,5
76.9,29.8,V,5
77,29.8,V,5
77.1,29.8,V,5
77.2,29.8,V,5
77.3,29.8,V,5
77.4,29.8,V,5
77.5,29.8,V,5
77.6,29.8,VI,6
77.7,29.8,VI,6
77.8,29.8,VI,6
77.9,29.8,VI,6
78,29.8,VI,6
78.1,29.8,VI,6
78.2,29.8,VI,6
78.3,29.8,VI,6
78.4,29.8,VI,6
78.5,29.8,VI,6
78.6,29.8,VI,6
78.7,29.8,VI,6
78.8,29.8,VI,6
78.9,29.8,VI,6
79,29.8,VI,6
79.1,29.8,VI,6
79.2,29.8,VI,6
79.3,29.8,VI,6
79.4,29.8,VI,6
79.5,29.8,VI,6
79.6,29.8,VI,6
79.7,29.8,VI,6
79.8,29.8,VI,6
79.9,29.8,VI,6
80,29.8,VI,6
80.1,29.8,VI,6
80.2,29.8,VI,6
80.3,29.8,VI,6
80.4,29.8,VI,6
73.4,29.9,II,2
73.5,29.9,II,2
73.6,29.9,II,2
73.7,29.9,II,2
73.8,29.9,II,2
73.9,29.9,II,2
74,29.9,II,2
74.1,29.9,II,2
74.2,29.9,II,2
74.3,29.9,II,2
74.4,29.9,II,2
74.5,29.9,II,2
74.6,29.9,III,3
74.7,29.9,III,3
74.8,29.9,III,3
74.9,29.9,III,3
75,29.9,III,3
75.1,29.9,III,3
75.2,29.9,III,3
75.3,29.9,III,3
75.4,29.9,III,3
75.5,29.9,III,3
75.6,29.9,III,3
75.7,29.9,IV,4
75.8,29.9,IV,4
75.9,29.9,IV,4
76,29.9,IV,4
76.1,29.9,IV,4
76.2,29.9,IV,4
76.3,29.9,IV,4
76.4,29.9,IV,4
76.5,29.9,V,5
76.6,29.9,V,5
76.7,29.9,V,5
76.8,29.9,V,5
76.9,29.9,V,5
77,29.9,V,5
77.1,29.9,V,5
77.2,29.9,V,5
77.3,29.9,V,5
77.4,29.9,V,5
77.5,29.9,VI,6
77.6,29.9,VI,6
77.7,29.9,VI,6
77.8,29.9,VI,6
77.9,29.9,VI,6
78,29.9,VI,6
78.1,29.9,VI,6
78.2,29.9,VI,6
78.3,29.9,VI,6
78.4,29.9,VI,6
78.5,29.9,VI,6
78.6,29.9,VI,6
78.7,29.9,VI,6
78.8,29.9,VI,6
78.9,29.9,VI,6
79,29.9,VI,6
79.1,29.9,VI,6
79.2,29.9,VI,6
79.3,29.9,VI,6
79.4,29.9,VI,6
79.5,29.9,VI,6
79.6,29.9,VI,6
79.7,29.9,VI,6
79.8,29.9,VI,6
79.9,29.9,VI,6
80,29.9,VI,6
80.1,29.9,VI,6
80.2,29.9,VI,6
80.3,29.9,VI,6
80.4,29.9,VI,6
80.5,29.9,VI,6
73.6,30,II,2
73.7,30,II,2
73.8,30,II,2
73.9,30,II,2
74,30,II,2
74.1,30,II,2
74.2,30,II,2
74.3,30,II,2
74.4,30,III,3
74.5,30,III,3
74.6,30,III,3
74.7,30,III,3
74.8,30,III,3
74.9,30,III,3
75,30,III,3
75.1,30,III,3
75.2,30,III,3
75.3,30,III,3
75.4,30,III,3
75.5,30,III,3
75.6,30,III,3
75.7,30,IV,4
75.8,30,IV,4
75.9,30,IV,4
76,30,IV,4
76.1,30,IV,4
76.2,30,IV,4
76.3,30,IV,4
76.4,30,IV,4
76.5,30,V,5
76.6,30,V,5
76.7,30,V,5
76.8,30,V,5
76.9,30,V,5
77,30,V,5
77.1,30,V,5
77.2,30,V,5
77.3,30,VI,6
77.4,30,VI,6
77.5,30,VI,6
77.6,30,VI,6
77.7,30,VI,6
77.8,30,VI,6
77.9,30,VI,6
78,30,VI,6
78.1,30,VI,6
78.2,30,VI,6
78.3,30,VI,6
78.4,30,VI,6
78.5,30,VI,6
78.6,30,VI,6
78.7,30,VI,6
78.8,30,VI,6
78.9,30,VI,6
79,30,VI,6
79.1,30,VI,6
79.2,30,VI,6
79.3,30,VI,6
79.4,30,VI,6
79.5,30,VI,6
79.6,30,VI,6
79.7,30,VI,6
79.8,30,VI,6
79.9,30,VI,6
80,30,VI,6
80.1,30,VI,6
80.2,30,VI,6
80.3,30,VI,6
80.4,30,VI,6
80.5,30,VI,6
80.6,30,VI,6
80.7,30,VI,6
73.9,30.1,II,2
74,30.1,II,2
74.1,30.1,II,2
74.2,30.1,III,3
74.3,30.1,III,3
74.4,30.1,III,3
74.5,30.1,III,3
74.6,30.1,III,3
74.7,30.1,III,3
74.8,30.1,III,3
74.9,30.1,III,3
75,30.1,III,3
75.1,30.1,III,3
75.2,30.1,III,3
75.3,30.1,III,3
75.4,30.1,III,3
75.5,30.1,III,3
75.6,30.1,IV,4
75.7,30.1,IV,4
75.8,30.1,IV,4
75.9,30.1,IV,4
76,30.1,IV,4
76.1,30.1,IV,4
76.2,30.1,IV,4
76.3,30.1,IV,4
76.4,30.1,V,5
76.5,30.1,V,5
76.6,30.1,V,5
76.7,30.1,V,5
76.8,30.1,V,5
76.9,30.1,V,5
77,30.1,V,5
77.1,30.1,V,5
77.2,30.1,VI,6
77.3,30.1,VI,6
77.4,30.1,VI,6
77.5,30.1,VI,6
77.6,30.1,VI,6
77.7,30.1,VI,6
77.8,30.1,VI,6
77.9,30.1,VI,6
78,30.1,VI,6
78.1,30.1,VI,6
78.2,30.1,VI,6
78.3,30.1,VI,6
78.4,30.1,VI,6
78.5,30.1,VI,6
78.6,30.1,VI,6
78.7,30.1,VI,6
78.8,30.1,VI,6
78.9,30.1,VI,6
79,30.1,VI,6
79.1,30.1,VI,6
79.2,30.1,VI,6
79.3,30.1,VI,6
79.4,30.1,VI,6
79.5,30.1,VI,6
79.6,30.1,VI,6
79.7,30.1,VI,6
79.8,30.1,VI,6
79.9,30.1,VI,6
80,30.1,VI,6
80.1,30.1,VI,6
80.2,30.1,VI,6
80.3,30.1,VI,6
80.4,30.1,VI,6
80.5,30.1,VI,6
80.6,30.1,VI,6
80.7,30.1,VI,6
80.8,30.1,VI,6
74,30.2,III,3
74.1,30.2,III,3
74.2,30.2,III,3
74.3,30.2,III,3
74.4,30.2,III,3
74.5,30.2,III,3
74.6,30.2,III,3
74.7,30.2,III,3
74.8,30.2,III,3
74.9,30.2,III,3
75,30.2,III,3
75.1,30.2,III,3
75.2,30.2,III,3
75.3,30.2,III,3
75.4,30.2,III,3
75.5,30.2,III,3
75.6,30.2,IV,4
75.7,30.2,IV,4
75.8,30.2,IV,4
75.9,30.2,IV,4
76,30.2,IV,4
76.1,30.2,IV,4
76.2,30.2,IV,4
76.3,30.2,V,5
76.4,30.2,V,5
76.5,30.2,V,5
76.6,30.2,V,5
76.7,30.2,V,5
76.8,30.2,V,5
76.9,30.2,V,5
77,30.2,VI,6
77.1,30.2,VI,6
77.2,30.2,VI,6
77.3,30.2,VI,6
77.4,30.2,VI,6
77.5,30.2,VI,6
77.6,30.2,VI,6
77.7,30.2,VI,6
77.8,30.2,VI,6
77.9,30.2,VI,6
78,30.2,VI,6
78.1,30.2,VI,6
78.2,30.2,VI,6
78.3,30.2,VI,6
78.4,30.2,VI,6
78.5,30.2,VI,6
78.6,30.2,VI,6
78.7,30.2,VI,6
78.8,30.2,VI,6
78.9,30.2,VI,6
79,30.2,VI,6
79.1,30.2,VI,6
79.2,30.2,VI,6
79.3,30.2,VI,6
79.4,30.2,VI,6
79.5,30.2,VI,6
79.6,30.2,VI,6
79.7,30.2,VI,6
79.8,30.2,VI,6
79.9,30.2,VI,6
80,30.2,VI,6
80.1,30.2,VI,6
80.2,30.2,VI,6
80.3,30.2,VI,6
80.4,30.2,VI,6
80.5,30.2,VI,6
80.6,30.2,VI,6
80.7,30.2,VI,6
80.8,30.2,VI,6
81,30.2,III,3
74,30.3,III,3
74.1,30.3,III,3
74.2,30.3,III,3
74.3,30.3,III,3
74.4,30.3,III,3
74.5,30.3,III,3
74.6,30.3,III,3
74.7,30.3,III,3
74.8,30.3,III,3
74.9,30.3,III,3
75,30.3,III,3
75.1,30.3,III,3
75.2,30.3,III,3
75.3,30.3,III,3
75.4,30.3,III,3
75.5,30.3,IV,4
75.6,30.3,IV,4
75.7,30.3,IV,4
75.8,30.3,IV,4
75.9,30.3,IV,4
76,30.3,IV,4
76.1,30.3,IV,4
76.2,30.3,V,5
76.3,30.3,V,5
76.4,30.3,V,5
76.5,30.3,V,5
76.6,30.3,V,5
76.7,30.3,V,5
76.8,30.3,V,5
76.9,30.3,VI,6
77,30.3,VI,6
77.1,30.3,VI,6
77.2,30.3,VI,6
77.3,30.3,VI,6
77.4,30.3,VI,6
77.5,30.3,VI,6
77.6,30.3,VI,6
77.7,30.3,VI,6
77.8,30.3,VI,6
77.9,30.3,VI,6
78,30.3,VI,6
78.1,30.3,VI,6
78.2,30.3,VI,6
78.3,30.3,VI,6
78.4,30.3,VI,6
78.5,30.3,VI,6
78.6,30.3,VI,6
78.7,30.3,VI,6
78.8,30.3,VI,6
78.9,30.3,VI,6
79,30.3,VI,6
79.1,30.3,VI,6
79.2,30.3,VI,6
79.3,30.3,VI,6
79.4,30.3,VI,6
79.5,30.3,VI,6
79.6,30.3,VI,6
79.7,30.3,VI,6
79.8,30.3,VI,6
79.9,30.3,VI,6
80,30.3,VI,6
80.1,30.3,VI,6
80.2,30.3,VI,6
80.3,30.3,VI,6
80.4,30.3,VI,6
80.5,30.3,VI,6
80.6,30.3,VI,6
80.7,30.3,VI,6
80.8,30.3,VI,6
74,30.4,III,3
74.1,30.4,III,3
74.2,30.4,III,3
74.3,30.4,III,3
74.4,30.4,III,3
74.5,30.4,III,3
74.6,30.4,III,3
74.7,30.4,III,3
74.8,30.4,III,3
74.9,30.4,III,3
75,30.4,III,3
75.1,30.4,III,3
75.2,30.4,III,3
75.3,30.4,IV,4
75.4,30.4,IV,4
75.5,30.4,IV,4
75.6,30.4,IV,4
75.7,30.4,IV,4
75.8,30.4,IV,4
75.9,30.4,IV,4
76,30.4,IV,4
76.1,30.4,IV,4
76.2,30.4,V,5
76.3,30.4,V,5
76.4,30.4,V,5
76.5,30.4,V,5
76.6,30.4,V,5
76.7,30.4,V,5
76.8,30.4,VI,6
76.9,30.4,VI,6
77,30.4,VI,6
77.1,30.4,VI,6
77.2,30.4,VI,6
77.3,30.4,VI,6
77.4,30.4,VI,6
77.5,30.4,VI,6
77.6,30.4,VI,6
77.7,30.4,VI,6
77.8,30.4,VI,6
77.9,30.4,VI,6
78,30.4,VI,6
78.1,30.4,VI,6
78.2,30.4,VI,6
78.3,30.4,VI,6
78.4,30.4,VI,6
78.5,30.4,VI,6
78.6,30.4,VI,6
78.7,30.4,VI,6
78.8,30.4,VI,6
78.9,30.4,VI,6
79,30.4,VI,6
79.1,30.4,VI,6
79.2,30.4,VI,6
79.3,30.4,VI,6
79.4,30.4,VI,6
79.5,30.4,VI,6
79.6,30.4,VI,6
79.7,30.4,VI,6
79.8,30.4,VI,6
79.9,30.4,VI,6
80,30.4,VI,6
80.1,30.4,VI,6
80.2,30.4,VI,6
80.3,30.4,VI,6
80.4,30.4,VI,6
80.5,30.4,VI,6
80.6,30.4,VI,6
80.7,30.4,VI,6
74,30.5,III,3
74.1,30.5,III,3
74.2,30.5,III,3
74.3,30.5,III,3
74.4,30.5,III,3
74.5,30.5,III,3
74.6,30.5,III,3
74.7,30.5,III,3
74.8,30.5,III,3
74.9,30.5,III,3
75,30.5,III,3
75.1,30.5,III,3
75.2,30.5,IV,4
75.3,30.5,IV,4
75.4,30.5,IV,4
75.5,30.5,IV,4
75.6,30.5,IV,4
75.7,30.5,IV,4
75.8,30.5,IV,4
75.9,30.5,IV,4
76,30.5,IV,4
76.1,30.5,V,5
76.2,30.5,V,5
76.3,30.5,V,5
76.4,30.5,V,5
76.5,30.5,V,5
76.6,30.5,V,5
76.7,30.5,VI,6
76.8,30.5,VI,6
76.9,30.5,VI,6
77,30.5,VI,6
77.1,30.5,VI,6
77.2,30.5,VI,6
77.3,30.5,VI,6
77.4,30.5,VI,6
77.5,30.5,VI,6
77.6,30.5,VI,6
77.7,30.5,VI,6
77.8,30.5,VI,6
77.9,30.5,VI,6
78,30.5,VI,6
78.1,30.5,VI,6
78.2,30.5,VI,6
78.3,30.5,VI,6
78.4,30.5,VI,6
78.5,30.5,VI,6
78.6,30.5,VI,6
78.7,30.5,VI,6
78.8,30.5,VI,6
78.9,30.5,VI,6
79,30.5,VI,6
79.1,30.5,VI,6
79.2,30.5,VI,6
79.3,30.5,VI,6
79.4,30.5,VI,6
79.5,30.5,VI,6
79.6,30.5,VI,6
79.7,30.5,VI,6
79.8,30.5,VI,6
79.9,30.5,VI,6
80,30.5,VI,6
80.1,30.5,VI,6
80.2,30.5,VI,6
80.3,30.5,VI,6
80.4,30.5,VI,6
74.2,30.6,III,3
74.3,30.6,III,3
74.4,30.6,III,3
74.5,30.6,III,3
74.6,30.6,III,3
74.7,30.6,III,3
74.8,30.6,III,3
74.9,30.6,IV,4
75,30.6,IV,4
75.1,30.6,IV,4
75.2,30.6,IV,4
75.3,30.6,IV,4
75.4,30.6,IV,4
75.5,30.6,IV,4
75.6,30.6,IV,4
75.7,30.6,IV,4
75.8,30.6,IV,4
75.9,30.6,V,5
76,30.6,V,5
76.1,30.6,V,5
76.2,30.6,V,5
76.3,30.6,V,5
76.4,30.6,V,5
76.5,30.6,V,5
76.6,30.6,VI,6
76.7,30.6,VI,6
76.8,30.6,VI,6
76.9,30.6,VI,6
77,30.6,VI,6
77.1,30.6,VI,6
77.2,30.6,VI,6
77.3,30.6,VI,6
77.4,30.6,VI,6
77.5,30.6,VI,6
77.6,30.6,VI,6
77.7,30.6,VI,6
77.8,30.6,VI,6
77.9,30.6,VI,6
78,30.6,VI,6
78.1,30.6,VI,6
78.2,30.6,VI,6
78.3,30.6,VI,6
78.4,30.6,VI,6
78.5,30.6,VI,6
78.6,30.6,VI,6
78.7,30.6,VI,6
78.8,30.6,VI,6
78.9,30.6,VI,6
79,30.6,VI,6
79.1,30.6,VI,6
79.2,30.6,VI,6
79.3,30.6,VI,6
79.4,30.6,VI,6
79.5,30.6,VI,6
79.6,30.6,VI,6
79.7,30.6,VI,6
79.8,30.6,VI,6
79.9,30.6,VI,6
80,30.6,VI,6
80.1,30.6,VI,6
80.2,30.6,VI,6
74.3,30.7,III,3
74.4,30.7,III,3
74.5,30.7,III,3
74.6,30.7,IV,4
74.7,30.7,IV,4
74.8,30.7,IV,4
74.9,30.7,IV,4
75,30.7,IV,4
75.1,30.7,IV,4
75.2,30.7,IV,4
75.3,30.7,IV,4
75.4,30.7,IV,4
75.5,30.7,IV,4
75.6,30.7,IV,4
75.7,30.7,IV,4
75.8,30.7,V,5
75.9,30.7,V,5
76,30.7,V,5
76.1,30.7,V,5
76.2,30.7,V,5
76.3,30.7,V,5
76.4,30.7,V,5
76.5,30.7,VI,6
76.6,30.7,VI,6
76.7,30.7,VI,6
76.8,30.7,VI,6
76.9,30.7,VI,6
77,30.7,VI,6
77.1,30.7,VI,6
77.2,30.7,VI,6
77.3,30.7,VI,6
77.4,30.7,VI,6
77.5,30.7,VI,6
77.6,30.7,VI,6
77.7,30.7,VI,6
77.8,30.7,VI,6
77.9,30.7,VI,6
78,30.7,VI,6
78.1,30.7,VI,6
78.2,30.7,VI,6
78.3,30.7,VI,6
78.4,30.7,VI,6
78.5,30.7,VI,6
78.6,30.7,VI,6
78.7,30.7,VI,6
78.8,30.7,VI,6
78.9,30.7,VI,6
79,30.7,VI,6
79.1,30.7,VI,6
79.2,30.7,VI,6
79.3,30.7,VI,6
79.4,30.7,VI,6
79.5,30.7,VI,6
79.6,30.7,VI,6
79.7,30.7,VI,6
79.8,30.7,VI,6
79.9,30.7,VI,6
80,30.7,VI,6
80.1,30.7,VI,6
80.2,30.7,VI,6
74.3,30.8,IV,4
74.4,30.8,IV,4
74.5,30.8,IV,4
74.6,30.8,IV,4
74.7,30.8,IV,4
74.8,30.8,IV,4
74.9,30.8,IV,4
75,30.8,IV,4
75.1,30.8,IV,4
75.2,30.8,IV,4
75.3,30.8,IV,4
75.4,30.8,IV,4
75.5,30.8,IV,4
75.6,30.8,IV,4
75.7,30.8,V,5
75.8,30.8,V,5
75.9,30.8,V,5
76,30.8,V,5
76.1,30.8,V,5
76.2,30.8,V,5
76.3,30.8,V,5
76.4,30.8,VI,6
76.5,30.8,VI,6
76.6,30.8,VI,6
76.7,30.8,VI,6
76.8,30.8,VI,6
76.9,30.8,VI,6
77,30.8,VI,6
77.1,30.8,VI,6
77.2,30.8,VI,6
77.3,30.8,VI,6
77.4,30.8,VI,6
77.5,30.8,VI,6
77.6,30.8,VI,6
77.7,30.8,VI,6
77.8,30.8,VI,6
77.9,30.8,VI,6
78,30.8,VI,6
78.1,30.8,VI,6
78.2,30.8,VI,6
78.3,30.8,VI,6
78.4,30.8,VI,6
78.5,30.8,VI,6
78.6,30.8,VI,6
78.7,30.8,VI,6
78.8,30.8,VI,6
78.9,30.8,VI,6
79,30.8,VI,6
79.1,30.8,VI,6
79.2,30.8,VI,6
79.3,30.8,VI,6
79.4,30.8,VI,6
79.5,30.8,VI,6
79.6,30.8,VI,6
79.7,30.8,VI,6
79.8,30.8,VI,6
79.9,30.8,VI,6
80,30.8,VI,6
74.4,30.9,IV,4
74.5,30.9,IV,4
74.6,30.9,IV,4
74.7,30.9,IV,4
74.8,30.9,IV,4
74.9,30.9,IV,4
75,30.9,IV,4
75.1,30.9,IV,4
75.2,30.9,IV,4
75.3,30.9,IV,4
75.4,30.9,IV,4
75.5,30.9,V,5
75.6,30.9,V,5
75.7,30.9,V,5
75.8,30.9,V,5
75.9,30.9,V,5
76,30.9,V,5
76.1,30.9,V,5
76.2,30.9,V,5
76.3,30.9,VI,6
76.4,30.9,VI,6
76.5,30.9,VI,6
76.6,30.9,VI,6
76.7,30.9,VI,6
76.8,30.9,VI,6
76.9,30.9,VI,6
77,30.9,VI,6
77.1,30.9,VI,6
77.2,30.9,VI,6
77.3,30.9,VI,6
77.4,30.9,VI,6
77.5,30.9,VI,6
77.6,30.9,VI,6
77.7,30.9,VI,6
77.8,30.9,VI,6
77.9,30.9,VI,6
78,30.9,VI,6
78.1,30.9,VI,6
78.2,30.9,VI,6
78.3,30.9,VI,6
78.4,30.9,VI,6
78.5,30.9,VI,6
78.6,30.9,VI,6
78.7,30.9,VI,6
78.8,30.9,VI,6
78.9,30.9,VI,6
79,30.9,VI,6
79.1,30.9,VI,6
79.2,30.9,VI,6
79.3,30.9,VI,6
79.4,30.9,VI,6
79.5,30.9,VI,6
79.6,30.9,VI,6
79.7,30.9,VI,6
79.8,30.9,VI,6
79.9,30.9,VI,6
74.6,31,IV,4
74.7,31,IV,4
74.8,31,IV,4
74.9,31,IV,4
75,31,IV,4
75.1,31,IV,4
75.2,31,IV,4
75.3,31,IV,4
75.4,31,V,5
75.5,31,V,5
75.6,31,V,5
75.7,31,V,5
75.8,31,V,5
75.9,31,V,5
76,31,V,5
76.1,31,VI,6
76.2,31,VI,6
76.3,31,VI,6
76.4,31,VI,6
76.5,31,VI,6
76.6,31,VI,6
76.7,31,VI,6
76.8,31,VI,6
76.9,31,VI,6
77,31,VI,6
77.1,31,VI,6
77.2,31,VI,6
77.3,31,VI,6
77.4,31,VI,6
77.5,31,VI,6
77.6,31,VI,6
77.7,31,VI,6
77.8,31,VI,6
77.9,31,VI,6
78,31,VI,6
78.1,31,VI,6
78.2,31,VI,6
78.3,31,VI,6
78.4,31,VI,6
78.5,31,VI,6
78.6,31,VI,6
78.7,31,VI,6
78.8,31,VI,6
78.9,31,VI,6
79,31,VI,6
79.1,31,VI,6
79.2,31,VI,6
79.3,31,VI,6
79.4,31,VI,6
79.5,31,VI,6
74.6,31.1,III,3
74.8,31.1,IV,4
74.9,31.1,IV,4
75,31.1,IV,4
75.1,31.1,IV,4
75.2,31.1,V,5
75.3,31.1,V,5
75.4,31.1,V,5
75.5,31.1,V,5
75.6,31.1,V,5
75.7,31.1,V,5
75.8,31.1,V,5
75.9,31.1,V,5
76,31.1,VI,6
76.1,31.1,VI,6
76.2,31.1,VI,6
76.3,31.1,VI,6
76.4,31.1,VI,6
76.5,31.1,VI,6
76.6,31.1,VI,6
76.7,31.1,VI,6
76.8,31.1,VI,6
76.9,31.1,VI,6
77,31.1,VI,6
77.1,31.1,VI,6
77.2,31.1,VI,6
77.3,31.1,VI,6
77.4,31.1,VI,6
77.5,31.1,VI,6
77.6,31.1,VI,6
77.7,31.1,VI,6
77.8,31.1,VI,6
77.9,31.1,VI,6
78,31.1,VI,6
78.1,31.1,VI,6
78.2,31.1,VI,6
78.3,31.1,VI,6
78.4,31.1,VI,6
78.5,31.1,VI,6
78.6,31.1,VI,6
78.7,31.1,VI,6
78.8,31.1,VI,6
78.9,31.1,VI,6
79,31.1,VI,6
79.1,31.1,VI,6
79.2,31.1,VI,6
79.3,31.1,VI,6
79.4,31.1,VI,6
74.6,31.2,IV,4
74.7,31.2,IV,4
74.8,31.2,IV,4
74.9,31.2,IV,4
75,31.2,IV,4
75.1,31.2,V,5
75.2,31.2,V,5
75.3,31.2,V,5
75.4,31.2,V,5
75.5,31.2,V,5
75.6,31.2,V,5
75.7,31.2,V,5
75.8,31.2,V,5
75.9,31.2,VI,6
76,31.2,VI,6
76.1,31.2,VI,6
76.2,31.2,VI,6
76.3,31.2,VI,6
76.4,31.2,VI,6
76.5,31.2,VI,6
76.6,31.2,VI,6
76.7,31.2,VI,6
76.8,31.2,VI,6
76.9,31.2,VI,6
77,31.2,VI,6
77.1,31.2,VI,6
77.2,31.2,VI,6
77.3,31.2,VI,6
77.4,31.2,VI,6
77.5,31.2,VI,6
77.6,31.2,VI,6
77.7,31.2,VI,6
77.8,31.2,VI,6
77.9,31.2,VI,6
78,31.2,VI,6
78.1,31.2,VI,6
78.2,31.2,VI,6
78.3,31.2,VI,6
78.4,31.2,VI,6
78.5,31.2,VI,6
78.6,31.2,VI,6
78.7,31.2,VI,6
78.8,31.2,VI,6
78.9,31.2,VI,6
79,31.2,VI,6
79.1,31.2,VI,6
79.2,31.2,VI,6
74.6,31.3,IV,4
74.7,31.3,IV,4
74.8,31.3,IV,4
74.9,31.3,V,5
75,31.3,V,5
75.1,31.3,V,5
75.2,31.3,V,5
75.3,31.3,V,5
75.4,31.3,V,5
75.5,31.3,V,5
75.6,31.3,V,5
75.7,31.3,V,5
75.8,31.3,VI,6
75.9,31.3,VI,6
76,31.3,VI,6
76.1,31.3,VI,6
76.2,31.3,VI,6
76.3,31.3,VI,6
76.4,31.3,VI,6
76.5,31.3,VI,6
76.6,31.3,VI,6
76.7,31.3,VI,6
76.8,31.3,VI,6
76.9,31.3,VI,6
77,31.3,VI,6
77.1,31.3,VI,6
77.2,31.3,VI,6
77.3,31.3,VI,6
77.4,31.3,VI,6
77.5,31.3,VI,6
77.6,31.3,VI,6
77.7,31.3,VI,6
77.8,31.3,VI,6
77.9,31.3,VI,6
78,31.3,VI,6
78.1,31.3,VI,6
78.2,31.3,VI,6
78.3,31.3,VI,6
78.4,31.3,VI,6
78.5,31.3,VI,6
78.6,31.3,VI,6
78.7,31.3,VI,6
78.8,31.3,VI,6
79,31.3,VI,6
79.1,31.3,VI,6
79.2,31.3,VI,6
74.6,31.4,IV,4
74.7,31.4,IV,4
74.8,31.4,V,5
74.9,31.4,V,5
75,31.4,V,5
75.1,31.4,V,5
75.2,31.4,V,5
75.3,31.4,V,5
75.4,31.4,V,5
75.5,31.4,V,5
75.6,31.4,V,5
75.7,31.4,V,5
75.8,31.4,VI,6
75.9,31.4,VI,6
76,31.4,VI,6
76.1,31.4,VI,6
76.2,31.4,VI,6
76.3,31.4,VI,6
76.4,31.4,VI,6
76.5,31.4,VI,6
76.6,31.4,VI,6
76.7,31.4,VI,6
76.8,31.4,VI,6
76.9,31.4,VI,6
77,31.4,VI,6
77.1,31.4,VI,6
77.2,31.4,VI,6
77.3,31.4,VI,6
77.4,31.4,VI,6
77.5,31.4,VI,6
77.6,31.4,VI,6
77.7,31.4,VI,6
77.8,31.4,VI,6
77.9,31.4,VI,6
78,31.4,VI,6
78.1,31.4,VI,6
78.2,31.4,VI,6
78.3,31.4,VI,6
78.4,31.4,VI,6
78.5,31.4,VI,6
78.6,31.4,VI,6
78.7,31.4,VI,6
79.1,31.4,VI,6
74.7,31.5,V,5
74.8,31.5,V,5
74.9,31.5,V,5
75,31.5,V,5
75.1,31.5,V,5
75.2,31.5,V,5
75.3,31.5,V,5
75.4,31.5,V,5
75.5,31.5,V,5
75.6,31.5,V,5
75.7,31.5,VI,6
75.8,31.5,VI,6
75.9,31.5,VI,6
76,31.5,VI,6
76.1,31.5,VI,6
76.2,31.5,VI,6
76.3,31.5,VI,6
76.4,31.5,VI,6
76.5,31.5,VI,6
76.6,31.5,VI,6
76.7,31.5,VI,6
76.8,31.5,VI,6
76.9,31.5,VI,6
77,31.5,VI,6
77.1,31.5,VI,6
77.2,31.5,VI,6
77.3,31.5,VI,6
77.4,31.5,VI,6
77.5,31.5,VI,6
77.6,31.5,VI,6
77.7,31.5,VI,6
77.8,31.5,VI,6
77.9,31.5,VI,6
78,31.5,VI,6
78.1,31.5,VI,6
78.2,31.5,VI,6
78.3,31.5,VI,6
78.4,31.5,VI,6
78.5,31.5,VI,6
78.6,31.5,VI,6
78.7,31.5,VI,6
74.6,31.6,V,5
74.7,31.6,V,5
74.8,31.6,V,5
74.9,31.6,V,5
75,31.6,V,5
75.1,31.6,V,5
75.2,31.6,V,5
75.3,31.6,V,5
75.4,31.6,V,5
75.5,31.6,V,5
75.6,31.6,VI,6
75.7,31.6,VI,6
75.8,31.6,VI,6
75.9,31.6,VI,6
76,31.6,VI,6
76.1,31.6,VI,6
76.2,31.6,VI,6
76.3,31.6,VI,6
76.4,31.6,VI,6
76.5,31.6,VI,6
76.6,31.6,VI,6
76.7,31.6,VI,6
76.8,31.6,VI,6
76.9,31.6,VI,6
77,31.6,VI,6
77.1,31.6,VI,6
77.2,31.6,VI,6
77.3,31.6,VI,6
77.4,31.6,VI,6
77.5,31.6,VI,6
77.6,31.6,VI,6
77.7,31.6,VI,6
77.8,31.6,VI,6
77.9,31.6,VI,6
78,31.6,VI,6
78.1,31.6,VI,6
78.2,31.6,VI,6
78.3,31.6,VI,6
78.4,31.6,VI,6
78.5,31.6,VI,6
78.6,31.6,VI,6
78.7,31.6,VI,6
78.8,31.6,III,3
74.6,31.7,V,5
74.7,31.7,V,5
74.8,31.7,V,5
74.9,31.7,V,5
75,31.7,V,5
75.1,31.7,V,5
75.2,31.7,V,5
75.3,31.7,V,5
75.4,31.7,V,5
75.5,31.7,VI,6
75.6,31.7,VI,6
75.7,31.7,VI,6
75.8,31.7,VI,6
75.9,31.7,VI,6
76,31.7,VI,6
76.1,31.7,VI,6
76.2,31.7,VI,6
76.3,31.7,VI,6
76.4,31.7,VI,6
76.5,31.7,VI,6
76.6,31.7,VI,6
76.7,31.7,VI,6
76.8,31.7,VI,6
76.9,31.7,VI,6
77,31.7,VI,6
77.1,31.7,VI,6
77.2,31.7,VI,6
77.3,31.7,VI,6
77.4,31.7,VI,6
77.5,31.7,VI,6
77.6,31.7,VI,6
77.7,31.7,VI,6
77.8,31.7,VI,6
77.9,31.7,VI,6
78,31.7,VI,6
78.1,31.7,VI,6
78.2,31.7,VI,6
78.3,31.7,VI,6
78.4,31.7,VI,6
78.5,31.7,VI,6
78.6,31.7,VI,6
78.7,31.7,VI,6
74.6,31.8,V,5
74.7,31.8,V,5
74.8,31.8,V,5
74.9,31.8,V,5
75,31.8,V,5
75.1,31.8,V,5
75.2,31.8,V,5
75.3,31.8,V,5
75.4,31.8,VI,6
75.5,31.8,VI,6
75.6,31.8,VI,6
75.7,31.8,VI,6
75.8,31.8,VI,6
75.9,31.8,VI,6
76,31.8,VI,6
76.1,31.8,VI,6
76.2,31.8,VI,6
76.3,31.8,VI,6
76.4,31.8,VI,6
76.5,31.8,VI,6
76.6,31.8,VI,6
76.7,31.8,VI,6
76.8,31.8,VI,6
76.9,31.8,VI,6
77,31.8,VI,6
77.1,31.8,VI,6
77.2,31.8,VI,6
77.3,31.8,VI,6
77.4,31.8,VI,6
77.5,31.8,VI,6
77.6,31.8,VI,6
77.7,31.8,VI,6
77.8,31.8,VI,6
77.9,31.8,VI,6
78,31.8,VI,6
78.1,31.8,VI,6
78.2,31.8,VI,6
78.3,31.8,VI,6
78.4,31.8,VI,6
78.5,31.8,VI,6
78.6,31.8,VI,6
78.7,31.8,VI,6
74.7,31.9,V,5
74.8,31.9,V,5
74.9,31.9,V,5
75,31.9,V,5
75.1,31.9,V,5
75.2,31.9,V,5
75.3,31.9,V,5
75.4,31.9,VI,6
75.5,31.9,VI,6
75.6,31.9,VI,6
75.7,31.9,VI,6
75.8,31.9,VI,6
75.9,31.9,VI,6
76,31.9,VI,6
76.1,31.9,VI,6
76.2,31.9,VI,6
76.3,31.9,VI,6
76.4,31.9,VI,6
76.5,31.9,VI,6
76.6,31.9,VI,6
76.7,31.9,VI,6
76.8,31.9,VI,6
76.9,31.9,VI,6
77,31.9,VI,6
77.1,31.9,VI,6
77.2,31.9,VI,6
77.3,31.9,VI,6
77.4,31.9,VI,6
77.5,31.9,VI,6
77.6,31.9,VI,6
77.7,31.9,VI,6
77.8,31.9,VI,6
77.9,31.9,VI,6
78,31.9,VI,6
78.1,31.9,VI,6
78.2,31.9,VI,6
78.3,31.9,VI,6
78.4,31.9,VI,6
78.5,31.9,VI,6
78.6,31.9,VI,6
78.7,31.9,VI,6
74.9,32,V,5
75,32,V,5
75.1,32,V,5
75.2,32,V,5
75.3,32,VI,6
75.4,32,VI,6
75.5,32,VI,6
75.6,32,VI,6
75.7,32,VI,6
75.8,32,VI,6
75.9,32,VI,6
76,32,VI,6
76.1,32,VI,6
76.2,32,VI,6
76.3,32,VI,6
76.4,32,VI,6
76.5,32,VI,6
76.6,32,VI,6
76.7,32,VI,6
76.8,32,VI,6
76.9,32,VI,6
77,32,VI,6
77.1,32,VI,6
77.2,32,VI,6
77.3,32,VI,6
77.4,32,VI,6
77.5,32,VI,6
77.6,32,VI,6
77.7,32,VI,6
77.8,32,VI,6
77.9,32,VI,6
78,32,VI,6
78.1,32,VI,6
78.2,32,VI,6
78.3,32,VI,6
78.4,32,VI,6
78.5,32,VI,6
78.6,32,VI,6
78.7,32,VI,6
75.3,32.1,VI,6
75.4,32.1,VI,6
75.5,32.1,VI,6
75.6,32.1,VI,6
75.7,32.1,VI,6
75.8,32.1,VI,6
75.9,32.1,VI,6
76,32.1,VI,6
76.1,32.1,VI,6
76.2,32.1,VI,6
76.3,32.1,VI,6
76.4,32.1,VI,6
76.5,32.1,VI,6
76.6,32.1,VI,6
76.7,32.1,VI,6
76.8,32.1,VI,6
76.9,32.1,VI,6
77,32.1,VI,6
77.1,32.1,VI,6
77.2,32.1,VI,6
77.3,32.1,VI,6
77.4,32.1,VI,6
77.5,32.1,VI,6
77.6,32.1,VI,6
77.7,32.1,VI,6
77.8,32.1,VI,6
77.9,32.1,VI,6
78,32.1,VI,6
78.1,32.1,VI,6
78.2,32.1,VI,6
78.3,32.1,VI,6
78.4,32.1,VI,6
78.5,32.1,VI,6
78.6,32.1,VI,6
75.4,32.2,VI,6
75.5,32.2,VI,6
75.6,32.2,VI,6
75.7,32.2,VI,6
75.8,32.2,VI,6
75.9,32.2,VI,6
76,32.2,VI,6
76.1,32.2,VI,6
76.2,32.2,VI,6
76.3,32.2,VI,6
76.4,32.2,VI,6
76.5,32.2,VI,6
76.6,32.2,VI,6
76.7,32.2,VI,6
76.8,32.2,VI,6
76.9,32.2,VI,6
77,32.2,VI,6
77.1,32.2,VI,6
77.2,32.2,VI,6
77.3,32.2,VI,6
77.4,32.2,VI,6
77.5,32.2,VI,6
77.6,32.2,VI,6
77.7,32.2,VI,6
77.8,32.2,VI,6
77.9,32.2,VI,6
78,32.2,VI,6
78.1,32.2,VI,6
78.2,32.2,VI,6
78.3,32.2,VI,6
78.4,32.2,VI,6
78.5,32.2,VI,6
78.6,32.2,VI,6
75.4,32.3,VI,6
75.5,32.3,VI,6
75.6,32.3,VI,6
75.7,32.3,VI,6
75.8,32.3,VI,6
75.9,32.3,VI,6
76,32.3,VI,6
76.1,32.3,VI,6
76.2,32.3,VI,6
76.3,32.3,VI,6
76.4,32.3,VI,6
76.5,32.3,VI,6
76.6,32.3,VI,6
76.7,32.3,VI,6
76.8,32.3,VI,6
76.9,32.3,VI,6
77,32.3,VI,6
77.1,32.3,VI,6
77.2,32.3,VI,6
77.3,32.3,VI,6
77.4,32.3,VI,6
77.5,32.3,VI,6
77.6,32.3,VI,6
77.7,32.3,VI,6
77.8,32.3,VI,6
77.9,32.3,VI,6
78,32.3,VI,6
78.1,32.3,VI,6
78.2,32.3,VI,6
78.3,32.3,VI,6
78.4,32.3,VI,6
75.2,32.4,VI,6
75.3,32.4,VI,6
75.4,32.4,VI,6
75.5,32.4,VI,6
75.6,32.4,VI,6
75.7,32.4,VI,6
75.8,32.4,VI,6
75.9,32.4,VI,6
76,32.4,VI,6
76.1,32.4,VI,6
76.2,32.4,VI,6
76.3,32.4,VI,6
76.4,32.4,VI,6
76.5,32.4,VI,6
76.6,32.4,VI,6
76.7,32.4,VI,6
76.8,32.4,VI,6
76.9,32.4,VI,6
77,32.4,VI,6
77.1,32.4,VI,6
77.2,32.4,VI,6
77.3,32.4,VI,6
77.4,32.4,VI,6
77.5,32.4,VI,6
77.6,32.4,VI,6
77.7,32.4,VI,6
77.8,32.4,VI,6
77.9,32.4,VI,6
78,32.4,VI,6
78.1,32.4,VI,6
78.2,32.4,VI,6
78.3,32.4,VI,6
78.4,32.4,VI,6
78.5,32.4,VI,6
78.9,32.4,VI,6
79,32.4,VI,6
79.1,32.4,III,3
74.7,32.5,III,3
74.8,32.5,VI,6
74.9,32.5,VI,6
75,32.5,VI,6
75.1,32.5,VI,6
75.2,32.5,VI,6
75.3,32.5,VI,6
75.4,32.5,VI,6
75.5,32.5,VI,6
75.6,32.5,VI,6
75.7,32.5,VI,6
75.8,32.5,VI,6
75.9,32.5,VI,6
76,32.5,VI,6
76.1,32.5,VI,6
76.2,32.5,VI,6
76.3,32.5,VI,6
76.4,32.5,VI,6
76.5,32.5,VI,6
76.6,32.5,VI,6
76.7,32.5,VI,6
76.8,32.5,VI,6
76.9,32.5,VI,6
77,32.5,VI,6
77.1,32.5,VI,6
77.2,32.5,VI,6
77.3,32.5,VI,6
77.4,32.5,VI,6
77.5,32.5,VI,6
77.6,32.5,VI,6
77.7,32.5,VI,6
77.8,32.5,VI,6
77.9,32.5,VI,6
78,32.5,VI,6
78.1,32.5,VI,6
78.2,32.5,VI,6
78.3,32.5,VI,6
78.4,32.5,VI,6
78.8,32.5,VI,6
78.9,32.5,VI,6
79,32.5,VI,6
79.1,32.5,VI,6
79.2,32.5,VI,6
74.7,32.6,VI,6
74.8,32.6,VI,6
74.9,32.6,VI,6
75,32.6,VI,6
75.1,32.6,VI,6
75.2,32.6,VI,6
75.3,32.6,VI,6
75.4,32.6,VI,6
75.5,32.6,VI,6
75.6,32.6,VI,6
75.7,32.6,VI,6
75.8,32.6,VI,6
75.9,32.6,VI,6
76,32.6,VI,6
76.1,32.6,VI,6
76.2,32.6,VI,6
76.3,32.6,VI,6
76.4,32.6,VI,6
76.5,32.6,VI,6
76.6,32.6,VI,6
76.7,32.6,VI,6
76.8,32.6,VI,6
76.9,32.6,VI,6
77,32.6,VI,6
77.1,32.6,VI,6
77.2,32.6,VI,6
77.3,32.6,VI,6
77.4,32.6,VI,6
77.5,32.6,VI,6
77.6,32.6,VI,6
77.7,32.6,VI,6
77.8,32.6,VI,6
77.9,32.6,VI,6
78,32.6,VI,6
78.1,32.6,VI,6
78.2,32.6,VI,6
78.3,32.6,VI,6
78.4,32.6,VI,6
78.5,32.6,VI,6
78.8,32.6,VI,6
78.9,32.6,VI,6
79,32.6,VI,6
79.1,32.6,VI,6
79.2,32.6,VI,6
79.3,32.6,VI,6
79.4,32.6,VI,6
79.5,32.6,III,3
74.7,32.7,VI,6
74.8,32.7,VI,6
74.9,32.7,VI,6
75,32.7,VI,6
75.1,32.7,VI,6
75.2,32.7,VI,6
75.3,32.7,VI,6
75.4,32.7,VI,6
75.5,32.7,VI,6
75.6,32.7,VI,6
75.7,32.7,VI,6
75.8,32.7,VI,6
75.9,32.7,VI,6
76,32.7,VI,6
76.1,32.7,VI,6
76.2,32.7,VI,6
76.3,32.7,VI,6
76.4,32.7,VI,6
76.5,32.7,VI,6
76.6,32.7,VI,6
76.7,32.7,VI,6
76.8,32.7,VI,6
76.9,32.7,VI,6
77,32.7,VI,6
77.1,32.7,VI,6
77.2,32.7,VI,6
77.3,32.7,VI,6
77.4,32.7,VI,6
77.5,32.7,VI,6
77.6,32.7,VI,6
77.7,32.7,VI,6
77.8,32.7,VI,6
77.9,32.7,VI,6
78,32.7,VI,6
78.1,32.7,VI,6
78.2,32.7,VI,6
78.3,32.7,VI,6
78.4,32.7,VI,6
78.5,32.7,VI,6
78.6,32.7,VI,6
78.7,32.7,VI,6
78.8,32.7,VI,6
78.9,32.7,VI,6
79,32.7,VI,6
79.1,32.7,VI,6
79.2,32.7,VI,6
79.3,32.7,VI,6
79.4,32.7,VI,6
79.5,32.7,V,5
74.4,32.8,III,3
74.5,32.8,III,3
74.6,32.8,VI,6
74.7,32.8,VI,6
74.8,32.8,VI,6
74.9,32.8,VI,6
75,32.8,VI,6
75.1,32.8,VI,6
75.2,32.8,VI,6
75.3,32.8,VI,6
75.4,32.8,VI,6
75.5,32.8,VI,6
75.6,32.8,VI,6
75.7,32.8,VI,6
75.8,32.8,VI,6
75.9,32.8,VI,6
76,32.8,VI,6
76.1,32.8,VI,6
76.2,32.8,VI,6
76.3,32.8,VI,6
76.4,32.8,VI,6
76.5,32.8,VI,6
76.6,32.8,VI,6
76.7,32.8,VI,6
76.8,32.8,VI,6
76.9,32.8,VI,6
77,32.8,VI,6
77.1,32.8,VI,6
77.2,32.8,VI,6
77.3,32.8,VI,6
77.4,32.8,VI,6
77.5,32.8,VI,6
77.6,32.8,VI,6
77.7,32.8,VI,6
77.8,32.8,VI,6
77.9,32.8,VI,6
78,32.8,VI,6
78.1,32.8,VI,6
78.2,32.8,VI,6
78.3,32.8,VI,6
78.4,32.8,VI,6
78.5,32.8,VI,6
78.6,32.8,VI,6
78.7,32.8,VI,6
78.8,32.8,VI,6
78.9,32.8,VI,6
79,32.8,VI,6
79.1,32.8,VI,6
79.2,32.8,VI,6
79.3,32.8,V,5
79.4,32.8,V,5
79.5,32.8,V,5
74.2,32.9,VI,6
74.3,32.9,VI,6
74.4,32.9,VI,6
74.5,32.9,VI,6
74.6,32.9,VI,6
74.7,32.9,VI,6
74.8,32.9,VI,6
74.9,32.9,VI,6
75,32.9,VI,6
75.1,32.9,VI,6
75.2,32.9,VI,6
75.3,32.9,VI,6
75.4,32.9,VI,6
75.5,32.9,VI,6
75.6,32.9,VI,6
75.7,32.9,VI,6
75.8,32.9,VI,6
75.9,32.9,VI,6
76,32.9,VI,6
76.1,32.9,VI,6
76.2,32.9,VI,6
76.3,32.9,VI,6
76.4,32.9,VI,6
76.5,32.9,VI,6
76.6,32.9,VI,6
76.7,32.9,VI,6
76.8,32.9,VI,6
76.9,32.9,VI,6
77,32.9,VI,6
77.1,32.9,VI,6
77.2,32.9,VI,6
77.3,32.9,VI,6
77.4,32.9,VI,6
77.5,32.9,VI,6
77.6,32.9,VI,6
77.7,32.9,VI,6
77.8,32.9,VI,6
77.9,32.9,VI,6
78,32.9,VI,6
78.1,32.9,VI,6
78.2,32.9,VI,6
78.3,32.9,VI,6
78.4,32.9,VI,6
78.5,32.9,VI,6
78.6,32.9,VI,6
78.7,32.9,VI,6
78.8,32.9,VI,6
78.9,32.9,VI,6
79,32.9,VI,6
79.1,32.9,VI,6
79.2,32.9,V,5
79.3,32.9,V,5
79.4,32.9,V,5
73.8,33,VI,6
74,33,VI,6
74.1,33,VI,6
74.2,33,VI,6
74.3,33,VI,6
74.4,33,VI,6
74.5,33,VI,6
74.6,33,VI,6
74.7,33,VI,6
74.8,33,VI,6
74.9,33,VI,6
75,33,VI,6
75.1,33,VI,6
75.2,33,VI,6
75.3,33,VI,6
75.4,33,VI,6
75.5,33,VI,6
75.6,33,VI,6
75.7,33,VI,6
75.8,33,VI,6
75.9,33,VI,6
76,33,VI,6
76.1,33,VI,6
76.2,33,VI,6
76.3,33,VI,6
76.4,33,VI,6
76.5,33,VI,6
76.6,33,VI,6
76.7,33,VI,6
76.8,33,VI,6
76.9,33,VI,6
77,33,VI,6
77.1,33,VI,6
77.2,33,VI,6
77.3,33,VI,6
77.4,33,VI,6
77.5,33,VI,6
77.6,33,VI,6
77.7,33,VI,6
77.8,33,VI,6
77.9,33,VI,6
78,33,VI,6
78.1,33,VI,6
78.2,33,VI,6
78.3,33,VI,6
78.4,33,VI,6
78.5,33,VI,6
78.6,33,VI,6
78.7,33,VI,6
78.8,33,VI,6
78.9,33,VI,6
79,33,VI,6
79.1,33,V,5
79.2,33,V,5
79.3,33,V,5
73.7,33.1,VI,6
73.8,33.1,VI,6
73.9,33.1,VI,6
74,33.1,VI,6
74.1,33.1,VI,6
74.2,33.1,VI,6
74.3,33.1,VI,6
74.4,33.1,VI,6
74.5,33.1,VI,6
74.6,33.1,VI,6
74.7,33.1,VI,6
74.8,33.1,VI,6
74.9,33.1,VI,6
75,33.1,VI,6
75.1,33.1,VI,6
75.2,33.1,VI,6
75.3,33.1,VI,6
75.4,33.1,VI,6
75.5,33.1,VI,6
75.6,33.1,VI,6
75.7,33.1,VI,6
75.8,33.1,VI,6
75.9,33.1,VI,6
76,33.1,VI,6
76.1,33.1,VI,6
76.2,33.1,VI,6
76.3,33.1,VI,6
76.4,33.1,VI,6
76.5,33.1,VI,6
76.6,33.1,VI,6
76.7,33.1,VI,6
76.8,33.1,VI,6
76.9,33.1,VI,6
77,33.1,VI,6
77.1,33.1,VI,6
77.2,33.1,VI,6
77.3,33.1,VI,6
77.4,33.1,VI,6
77.5,33.1,VI,6
77.6,33.1,VI,6
77.7,33.1,VI,6
77.8,33.1,VI,6
77.9,33.1,VI,6
78,33.1,VI,6
78.1,33.1,VI,6
78.2,33.1,VI,6
78.3,33.1,VI,6
78.4,33.1,VI,6
78.5,33.1,VI,6
78.6,33.1,VI,6
78.7,33.1,VI,6
78.8,33.1,VI,6
78.9,33.1,VI,6
79,33.1,V,5
79.1,33.1,V,5
79.2,33.1,V,5
79.3,33.1,V,5
73.7,33.2,VI,6
73.8,33.2,VI,6
73.9,33.2,VI,6
74,33.2,VI,6
74.1,33.2,VI,6
74.2,33.2,VI,6
74.3,33.2,VI,6
74.4,33.2,VI,6
74.5,33.2,VI,6
74.6,33.2,VI,6
74.7,33.2,VI,6
74.8,33.2,VI,6
74.9,33.2,VI,6
75,33.2,VI,6
75.1,33.2,VI,6
75.2,33.2,VI,6
75.3,33.2,VI,6
75.4,33.2,VI,6
75.5,33.2,VI,6
75.6,33.2,VI,6
75.7,33.2,VI,6
75.8,33.2,VI,6
75.9,33.2,VI,6
76,33.2,VI,6
76.1,33.2,VI,6
76.2,33.2,VI,6
76.3,33.2,VI,6
76.4,33.2,VI,6
76.5,33.2,VI,6
76.6,33.2,VI,6
76.7,33.2,VI,6
76.8,33.2,VI,6
76.9,33.2,VI,6
77,33.2,VI,6
77.1,33.2,VI,6
77.2,33.2,VI,6
77.3,33.2,VI,6
77.4,33.2,VI,6
77.5,33.2,VI,6
77.6,33.2,VI,6
77.7,33.2,VI,6
77.8,33.2,VI,6
77.9,33.2,VI,6
78,33.2,VI,6
78.1,33.2,VI,6
78.2,33.2,VI,6
78.3,33.2,VI,6
78.4,33.2,VI,6
78.5,33.2,VI,6
78.6,33.2,VI,6
78.7,33.2,VI,6
78.8,33.2,VI,6
78.9,33.2,V,5
79,33.2,V,5
79.1,33.2,V,5
79.2,33.2,V,5
79.3,33.2,V,5
79.4,33.2,V,5
73.6,33.3,VI,6
73.7,33.3,VI,6
73.8,33.3,VI,6
73.9,33.3,VI,6
74,33.3,VI,6
74.1,33.3,VI,6
74.2,33.3,VI,6
74.3,33.3,VI,6
74.4,33.3,VI,6
74.5,33.3,VI,6
74.6,33.3,VI,6
74.7,33.3,VI,6
74.8,33.3,VI,6
74.9,33.3,VI,6
75,33.3,VI,6
75.1,33.3,VI,6
75.2,33.3,VI,6
75.3,33.3,VI,6
75.4,33.3,VI,6
75.5,33.3,VI,6
75.6,33.3,VI,6
75.7,33.3,VI,6
75.8,33.3,VI,6
75.9,33.3,VI,6
76,33.3,VI,6
76.1,33.3,VI,6
76.2,33.3,VI,6
76.3,33.3,VI,6
76.4,33.3,VI,6
76.5,33.3,VI,6
76.6,33.3,VI,6
76.7,33.3,VI,6
76.8,33.3,VI,6
76.9,33.3,VI,6
77,33.3,VI,6
77.1,33.3,VI,6
77.2,33.3,VI,6
77.3,33.3,VI,6
77.4,33.3,VI,6
77.5,33.3,VI,6
77.6,33.3,VI,6
77.7,33.3,VI,6
77.8,33.3,VI,6
77.9,33.3,VI,6
78,33.3,VI,6
78.1,33.3,VI,6
78.2,33.3,VI,6
78.3,33.3,VI,6
78.4,33.3,VI,6
78.5,33.3,VI,6
78.6,33.3,VI,6
78.7,33.3,VI,6
78.8,33.3,V,5
78.9,33.3,V,5
79,33.3,III,3
73.6,33.4,VI,6
73.7,33.4,VI,6
73.8,33.4,VI,6
73.9,33.4,VI,6
74,33.4,VI,6
74.1,33.4,VI,6
74.2,33.4,VI,6
74.3,33.4,VI,6
74.4,33.4,VI,6
74.5,33.4,VI,6
74.6,33.4,VI,6
74.7,33.4,VI,6
74.8,33.4,VI,6
74.9,33.4,VI,6
75,33.4,VI,6
75.1,33.4,VI,6
75.2,33.4,VI,6
75.3,33.4,VI,6
75.4,33.4,VI,6
75.5,33.4,VI,6
75.6,33.4,VI,6
75.7,33.4,VI,6
75.8,33.4,VI,6
75.9,33.4,VI,6
76,33.4,VI,6
76.1,33.4,VI,6
76.2,33.4,VI,6
76.3,33.4,VI,6
76.4,33.4,VI,6
76.5,33.4,VI,6
76.6,33.4,VI,6
76.7,33.4,VI,6
76.8,33.4,VI,6
76.9,33.4,VI,6
77,33.4,VI,6
77.1,33.4,VI,6
77.2,33.4,VI,6
77.3,33.4,VI,6
77.4,33.4,VI,6
77.5,33.4,VI,6
77.6,33.4,VI,6
77.7,33.4,VI,6
77.8,33.4,VI,6
77.9,33.4,VI,6
78,33.4,VI,6
78.1,33.4,VI,6
78.2,33.4,VI,6
78.3,33.4,VI,6
78.4,33.4,VI,6
78.5,33.4,VI,6
78.6,33.4,VI,6
78.7,33.4,V,5
78.8,33.4,V,5
78.9,33.4,V,5
73.6,33.5,VI,6
73.7,33.5,VI,6
73.8,33.5,VI,6
73.9,33.5,VI,6
74,33.5,VI,6
74.1,33.5,VI,6
74.2,33.5,VI,6
74.3,33.5,VI,6
74.4,33.5,VI,6
74.5,33.5,VI,6
74.6,33.5,VI,6
74.7,33.5,VI,6
74.8,33.5,VI,6
74.9,33.5,VI,6
75,33.5,VI,6
75.1,33.5,VI,6
75.2,33.5,VI,6
75.3,33.5,VI,6
75.4,33.5,VI,6
75.5,33.5,VI,6
75.6,33.5,VI,6
75.7,33.5,VI,6
75.8,33.5,VI,6
75.9,33.5,VI,6
76,33.5,VI,6
76.1,33.5,VI,6
76.2,33.5,VI,6
76.3,33.5,VI,6
76.4,33.5,VI,6
76.5,33.5,VI,6
76.6,33.5,VI,6
76.7,33.5,VI,6
76.8,33.5,VI,6
76.9,33.5,VI,6
77,33.5,VI,6
77.1,33.5,VI,6
77.2,33.5,VI,6
77.3,33.5,VI,6
77.4,33.5,VI,6
77.5,33.5,VI,6
77.6,33.5,VI,6
77.7,33.5,VI,6
77.8,33.5,VI,6
77.9,33.5,VI,6
78,33.5,VI,6
78.1,33.5,VI,6
78.2,33.5,VI,6
78.3,33.5,VI,6
78.4,33.5,VI,6
78.5,33.5,VI,6
78.6,33.5,V,5
78.7,33.5,V,5
78.8,33.5,V,5
78.9,33.5,V,5
73.7,33.6,VI,6
73.8,33.6,VI,6
73.9,33.6,VI,6
74,33.6,VI,6
74.1,33.6,VI,6
74.2,33.6,VI,6
74.3,33.6,VI,6
74.4,33.6,VI,6
74.5,33.6,VI,6
74.6,33.6,VI,6
74.7,33.6,VI,6
74.8,33.6,VI,6
74.9,33.6,VI,6
75,33.6,VI,6
75.1,33.6,VI,6
75.2,33.6,VI,6
75.3,33.6,VI,6
75.4,33.6,VI,6
75.5,33.6,VI,6
75.6,33.6,VI,6
75.7,33.6,VI,6
75.8,33.6,VI,6
75.9,33.6,VI,6
76,33.6,VI,6
76.1,33.6,VI,6
76.2,33.6,VI,6
76.3,33.6,VI,6
76.4,33.6,VI,6
76.5,33.6,VI,6
76.6,33.6,VI,6
76.7,33.6,VI,6
76.8,33.6,VI,6
76.9,33.6,VI,6
77,33.6,VI,6
77.1,33.6,VI,6
77.2,33.6,VI,6
77.3,33.6,VI,6
77.4,33.6,VI,6
77.5,33.6,VI,6
77.6,33.6,VI,6
77.7,33.6,VI,6
77.8,33.6,VI,6
77.9,33.6,VI,6
78,33.6,VI,6
78.1,33.6,VI,6
78.2,33.6,VI,6
78.3,33.6,VI,6
78.4,33.6,VI,6
78.5,33.6,V,5
78.6,33.6,V,5
78.7,33.6,V,5
78.8,33.6,V,5
78.9,33.6,V,5
73.6,33.7,VI,6
73.7,33.7,VI,6
73.8,33.7,VI,6
73.9,33.7,VI,6
74,33.7,VI,6
74.1,33.7,VI,6
74.2,33.7,VI,6
74.3,33.7,VI,6
74.4,33.7,VI,6
74.5,33.7,VI,6
74.6,33.7,VI,6
74.7,33.7,VI,6
74.8,33.7,VI,6
74.9,33.7,VI,6
75,33.7,VI,6
75.1,33.7,VI,6
75.2,33.7,VI,6
75.3,33.7,VI,6
75.4,33.7,VI,6
75.5,33.7,VI,6
75.6,33.7,VI,6
75.7,33.7,VI,6
75.8,33.7,VI,6
75.9,33.7,VI,6
76,33.7,VI,6
76.1,33.7,VI,6
76.2,33.7,VI,6
76.3,33.7,VI,6
76.4,33.7,VI,6
76.5,33.7,VI,6
76.6,33.7,VI,6
76.7,33.7,VI,6
76.8,33.7,VI,6
76.9,33.7,VI,6
77,33.7,VI,6
77.1,33.7,VI,6
77.2,33.7,VI,6
77.3,33.7,VI,6
77.4,33.7,VI,6
77.5,33.7,VI,6
77.6,33.7,VI,6
77.7,33.7,VI,6
77.8,33.7,VI,6
77.9,33.7,VI,6
78,33.7,VI,6
78.1,33.7,VI,6
78.2,33.7,VI,6
78.3,33.7,VI,6
78.4,33.7,V,5
78.5,33.7,V,5
78.6,33.7,V,5
78.7,33.7,V,5
78.8,33.7,V,5
78.9,33.7,V,5
79,33.7,V,5
73.6,33.8,VI,6
73.7,33.8,VI,6
73.8,33.8,VI,6
73.9,33.8,VI,6
74,33.8,VI,6
74.1,33.8,VI,6
74.2,33.8,VI,6
74.3,33.8,VI,6
74.4,33.8,VI,6
74.5,33.8,VI,6
74.6,33.8,VI,6
74.7,33.8,VI,6
74.8,33.8,VI,6
74.9,33.8,VI,6
75,33.8,VI,6
75.1,33.8,VI,6
75.2,33.8,VI,6
75.3,33.8,VI,6
75.4,33.8,VI,6
75.5,33.8,VI,6
75.6,33.8,VI,6
75.7,33.8,VI,6
75.8,33.8,VI,6
75.9,33.8,VI,6
76,33.8,VI,6
76.1,33.8,VI,6
76.2,33.8,VI,6
76.3,33.8,VI,6
76.4,33.8,VI,6
76.5,33.8,VI,6
76.6,33.8,VI,6
76.7,33.8,VI,6
76.8,33.8,VI,6
76.9,33.8,VI,6
77,33.8,VI,6
77.1,33.8,VI,6
77.2,33.8,VI,6
77.3,33.8,VI,6
77.4,33.8,VI,6
77.5,33.8,VI,6
77.6,33.8,VI,6
77.7,33.8,VI,6
77.8,33.8,VI,6
77.9,33.8,VI,6
78,33.8,VI,6
78.1,33.8,VI,6
78.2,33.8,VI,6
78.3,33.8,V,5
78.4,33.8,V,5
78.5,33.8,V,5
78.6,33.8,V,5
78.7,33.8,V,5
78.8,33.8,V,5
78.9,33.8,V,5
79,33.8,V,5
73.6,33.9,VI,6
73.7,33.9,VI,6
73.8,33.9,VI,6
73.9,33.9,VI,6
74,33.9,VI,6
74.1,33.9,VI,6
74.2,33.9,VI,6
74.3,33.9,VI,6
74.4,33.9,VI,6
74.5,33.9,VI,6
74.6,33.9,VI,6
74.7,33.9,VI,6
74.8,33.9,VI,6
74.9,33.9,VI,6
75,33.9,VI,6
75.1,33.9,VI,6
75.2,33.9,VI,6
75.3,33.9,VI,6
75.4,33.9,VI,6
75.5,33.9,VI,6
75.6,33.9,VI,6
75.7,33.9,VI,6
75.8,33.9,VI,6
75.9,33.9,VI,6
76,33.9,VI,6
76.1,33.9,VI,6
76.2,33.9,VI,6
76.3,33.9,VI,6
76.4,33.9,VI,6
76.5,33.9,VI,6
76.6,33.9,VI,6
76.7,33.9,VI,6
76.8,33.9,VI,6
76.9,33.9,VI,6
77,33.9,VI,6
77.1,33.9,VI,6
77.2,33.9,VI,6
77.3,33.9,VI,6
77.4,33.9,VI,6
77.5,33.9,VI,6
77.6,33.9,VI,6
77.7,33.9,VI,6
77.8,33.9,VI,6
77.9,33.9,VI,6
78,33.9,VI,6
78.1,33.9,VI,6
78.2,33.9,V,5
78.3,33.9,V,5
78.4,33.9,V,5
78.5,33.9,V,5
78.6,33.9,V,5
78.7,33.9,V,5
78.8,33.9,V,5
78.9,33.9,V,5
73.6,34,VI,6
73.7,34,VI,6
73.8,34,VI,6
73.9,34,VI,6
74,34,VI,6
74.1,34,VI,6
74.2,34,VI,6
74.3,34,VI,6
74.4,34,VI,6
74.5,34,VI,6
74.6,34,VI,6
74.7,34,VI,6
74.8,34,VI,6
74.9,34,VI,6
75,34,VI,6
75.1,34,VI,6
75.2,34,VI,6
75.3,34,VI,6
75.4,34,VI,6
75.5,34,VI,6
75.6,34,VI,6
75.7,34,VI,6
75.8,34,VI,6
75.9,34,VI,6
76,34,VI,6
76.1,34,VI,6
76.2,34,VI,6
76.3,34,VI,6
76.4,34,VI,6
76.5,34,VI,6
76.6,34,VI,6
76.7,34,VI,6
76.8,34,VI,6
76.9,34,VI,6
77,34,VI,6
77.1,34,VI,6
77.2,34,VI,6
77.3,34,VI,6
77.4,34,VI,6
77.5,34,VI,6
77.6,34,VI,6
77.7,34,VI,6
77.8,34,VI,6
77.9,34,VI,6
78,34,VI,6
78.1,34,V,5
78.2,34,V,5
78.3,34,V,5
78.4,34,V,5
78.5,34,V,5
78.6,34,V,5
78.7,34,V,5
78.8,34,V,5
78.9,34,V,5
73.5,34.1,VI,6
73.6,34.1,VI,6
73.7,34.1,VI,6
73.8,34.1,VI,6
73.9,34.1,VI,6
74,34.1,VI,6
74.1,34.1,VI,6
74.2,34.1,VI,6
74.3,34.1,VI,6
74.4,34.1,VI,6
74.5,34.1,VI,6
74.6,34.1,VI,6
74.7,34.1,VI,6
74.8,34.1,VI,6
74.9,34.1,VI,6
75,34.1,VI,6
75.1,34.1,VI,6
75.2,34.1,VI,6
75.3,34.1,VI,6
75.4,34.1,VI,6
75.5,34.1,VI,6
75.6,34.1,VI,6
75.7,34.1,VI,6
75.8,34.1,VI,6
75.9,34.1,VI,6
76,34.1,VI,6
76.1,34.1,VI,6
76.2,34.1,VI,6
76.3,34.1,VI,6
76.4,34.1,VI,6
76.5,34.1,VI,6
76.6,34.1,VI,6
76.7,34.1,VI,6
76.8,34.1,VI,6
76.9,34.1,VI,6
77,34.1,VI,6
77.1,34.1,VI,6
77.2,34.1,VI,6
77.3,34.1,VI,6
77.4,34.1,VI,6
77.5,34.1,VI,6
77.6,34.1,VI,6
77.7,34.1,VI,6
77.8,34.1,VI,6
77.9,34.1,VI,6
78,34.1,V,5
78.1,34.1,V,5
78.2,34.1,V,5
78.3,34.1,V,5
78.4,34.1,V,5
78.5,34.1,V,5
78.6,34.1,V,5
78.7,34.1,V,5
78.8,34.1,V,5
78.9,34.1,V,5
79,34.1,V,5
79.1,34.1,V,5
79.2,34.1,V,5
79.3,34.1,V,5
79.4,34.1,V,5
73.5,34.2,VI,6
73.6,34.2,VI,6
73.7,34.2,VI,6
73.8,34.2,VI,6
73.9,34.2,VI,6
74,34.2,VI,6
74.1,34.2,VI,6
74.2,34.2,VI,6
74.3,34.2,VI,6
74.4,34.2,VI,6
74.5,34.2,VI,6
74.6,34.2,VI,6
74.7,34.2,VI,6
74.8,34.2,VI,6
74.9,34.2,VI,6
75,34.2,VI,6
75.1,34.2,VI,6
75.2,34.2,VI,6
75.3,34.2,VI,6
75.4,34.2,VI,6
75.5,34.2,VI,6
75.6,34.2,VI,6
75.7,34.2,VI,6
75.8,34.2,VI,6
75.9,34.2,VI,6
76,34.2,VI,6
76.1,34.2,VI,6
76.2,34.2,VI,6
76.3,34.2,VI,6
76.4,34.2,VI,6
76.5,34.2,VI,6
76.6,34.2,VI,6
76.7,34.2,VI,6
76.8,34.2,VI,6
76.9,34.2,VI,6
77,34.2,VI,6
77.1,34.2,VI,6
77.2,34.2,VI,6
77.3,34.2,VI,6
77.4,34.2,VI,6
77.5,34.2,VI,6
77.6,34.2,VI,6
77.7,34.2,VI,6
77.8,34.2,VI,6
77.9,34.2,V,5
78,34.2,V,5
78.1,34.2,V,5
78.2,34.2,V,5
78.3,34.2,V,5
78.4,34.2,V,5
78.5,34.2,V,5
78.6,34.2,V,5
78.7,34.2,V,5
78.8,34.2,V,5
78.9,34.2,V,5
79,34.2,V,5
79.1,34.2,V,5
79.2,34.2,V,5
79.3,34.2,V,5
79.4,34.2,V,5
79.5,34.2,V,5
73.5,34.3,VI,6
73.6,34.3,VI,6
73.7,34.3,VI,6
73.8,34.3,VI,6
73.9,34.3,VI,6
74,34.3,VI,6
74.1,34.3,VI,6
74.2,34.3,VI,6
74.3,34.3,VI,6
74.4,34.3,VI,6
74.5,34.3,VI,6
74.6,34.3,VI,6
74.7,34.3,VI,6
74.8,34.3,VI,6
74.9,34.3,VI,6
75,34.3,VI,6
75.1,34.3,VI,6
75.2,34.3,VI,6
75.3,34.3,VI,6
75.4,34.3,VI,6
75.5,34.3,VI,6
75.6,34.3,VI,6
75.7,34.3,VI,6
75.8,34.3,VI,6
75.9,34.3,VI,6
76,34.3,VI,6
76.1,34.3,VI,6
76.2,34.3,VI,6
76.3,34.3,VI,6
76.4,34.3,VI,6
76.5,34.3,VI,6
76.6,34.3,VI,6
76.7,34.3,VI,6
76.8,34.3,VI,6
76.9,34.3,VI,6
77,34.3,VI,6
77.1,34.3,VI,6
77.2,34.3,VI,6
77.3,34.3,VI,6
77.4,34.3,VI,6
77.5,34.3,VI,6
77.6,34.3,VI,6
77.7,34.3,VI,6
77.8,34.3,V,5
77.9,34.3,V,5
78,34.3,V,5
78.1,34.3,V,5
78.2,34.3,V,5
78.3,34.3,V,5
78.4,34.3,V,5
78.5,34.3,V,5
78.6,34.3,V,5
78.7,34.3,V,5
78.8,34.3,V,5
78.9,34.3,V,5
79,34.3,V,5
79.1,34.3,V,5
79.2,34.3,V,5
79.3,34.3,V,5
79.4,34.3,V,5
79.5,34.3,V,5
73.5,34.4,VI,6
73.6,34.4,VI,6
73.7,34.4,VI,6
73.8,34.4,VI,6
73.9,34.4,VI,6
74,34.4,VI,6
74.1,34.4,VI,6
74.2,34.4,VI,6
74.3,34.4,VI,6
74.4,34.4,VI,6
74.5,34.4,VI,6
74.6,34.4,VI,6
74.7,34.4,VI,6
74.8,34.4,VI,6
74.9,34.4,VI,6
75,34.4,VI,6
75.1,34.4,VI,6
75.2,34.4,VI,6
75.3,34.4,VI,6
75.4,34.4,VI,6
75.5,34.4,VI,6
75.6,34.4,VI,6
75.7,34.4,VI,6
75.8,34.4,VI,6
75.9,34.4,VI,6
76,34.4,VI,6
76.1,34.4,VI,6
76.2,34.4,VI,6
76.3,34.4,VI,6
76.4,34.4,VI,6
76.5,34.4,VI,6
76.6,34.4,VI,6
76.7,34.4,VI,6
76.8,34.4,VI,6
76.9,34.4,VI,6
77,34.4,VI,6
77.1,34.4,VI,6
77.2,34.4,VI,6
77.3,34.4,VI,6
77.4,34.4,VI,6
77.5,34.4,VI,6
77.6,34.4,VI,6
77.7,34.4,V,5
77.8,34.4,V,5
77.9,34.4,V,5
78,34.4,V,5
78.1,34.4,V,5
78.2,34.4,V,5
78.3,34.4,V,5
78.4,34.4,V,5
78.5,34.4,V,5
78.6,34.4,V,5
78.7,34.4,V,5
78.8,34.4,V,5
78.9,34.4,V,5
79,34.4,V,5
79.1,34.4,V,5
79.2,34.4,V,5
79.3,34.4,V,5
79.4,34.4,V,5
79.5,34.4,V,5
73.5,34.5,VI,6
73.6,34.5,VI,6
73.7,34.5,VI,6
73.8,34.5,VI,6
73.9,34.5,VI,6
74,34.5,VI,6
74.1,34.5,VI,6
74.2,34.5,VI,6
74.3,34.5,VI,6
74.4,34.5,VI,6
74.5,34.5,VI,6
74.6,34.5,VI,6
74.7,34.5,VI,6
74.8,34.5,VI,6
74.9,34.5,VI,6
75,34.5,VI,6
75.1,34.5,VI,6
75.2,34.5,VI,6
75.3,34.5,VI,6
75.4,34.5,VI,6
75.5,34.5,VI,6
75.6,34.5,VI,6
75.7,34.5,VI,6
75.8,34.5,VI,6
75.9,34.5,VI,6
76,34.5,VI,6
76.1,34.5,VI,6
76.2,34.5,VI,6
76.3,34.5,VI,6
76.4,34.5,VI,6
76.5,34.5,VI,6
76.6,34.5,VI,6
76.7,34.5,VI,6
76.8,34.5,VI,6
76.9,34.5,VI,6
77,34.5,VI,6
77.1,34.5,VI,6
77.2,34.5,VI,6
77.3,34.5,VI,6
77.4,34.5,VI,6
77.5,34.5,VI,6
77.6,34.5,V,5
77.7,34.5,V,5
77.8,34.5,V,5
77.9,34.5,V,5
78,34.5,V,5
78.1,34.5,V,5
78.2,34.5,V,5
78.3,34.5,V,5
78.4,34.5,V,5
78.5,34.5,V,5
78.6,34.5,V,5
78.7,34.5,V,5
78.8,34.5,V,5
78.9,34.5,V,5
79,34.5,V,5
79.1,34.5,V,5
79.2,34.5,V,5
79.3,34.5,V,5
79.4,34.5,V,5
79.5,34.5,V,5
79.6,34.5,V,5
79.7,34.5,V,5
79.8,34.5,III,3
73.7,34.6,VI,6
73.8,34.6,VI,6
73.9,34.6,VI,6
74,34.6,VI,6
74.1,34.6,VI,6
74.2,34.6,VI,6
74.3,34.6,VI,6
74.4,34.6,VI,6
74.5,34.6,VI,6
74.6,34.6,VI,6
74.7,34.6,VI,6
74.8,34.6,VI,6
74.9,34.6,VI,6
75,34.6,VI,6
75.1,34.6,VI,6
75.2,34.6,VI,6
75.3,34.6,VI,6
75.4,34.6,VI,6
75.5,34.6,VI,6
75.6,34.6,VI,6
75.7,34.6,VI,6
75.8,34.6,VI,6
75.9,34.6,VI,6
76,34.6,VI,6
76.1,34.6,VI,6
76.2,34.6,VI,6
76.3,34.6,VI,6
76.4,34.6,VI,6
76.5,34.6,VI,6
76.6,34.6,VI,6
76.7,34.6,VI,6
76.8,34.6,VI,6
76.9,34.6,VI,6
77,34.6,VI,6
77.1,34.6,VI,6
77.2,34.6,VI,6
77.3,34.6,VI,6
77.4,34.6,VI,6
77.5,34.6,V,5
77.6,34.6,V,5
77.7,34.6,V,5
77.8,34.6,V,5
77.9,34.6,V,5
78,34.6,V,5
78.1,34.6,V,5
78.2,34.6,V,5
78.3,34.6,V,5
78.4,34.6,V,5
78.5,34.6,V,5
78.6,34.6,V,5
78.7,34.6,V,5
78.8,34.6,V,5
78.9,34.6,V,5
79,34.6,V,5
79.1,34.6,V,5
79.2,34.6,V,5
79.3,34.6,V,5
79.4,34.6,V,5
79.5,34.6,V,5
79.6,34.6,V,5
79.7,34.6,V,5
73.7,34.7,VI,6
73.8,34.7,VI,6
73.9,34.7,VI,6
74,34.7,VI,6
74.1,34.7,VI,6
74.2,34.7,VI,6
74.3,34.7,VI,6
74.4,34.7,VI,6
74.5,34.7,VI,6
74.6,34.7,VI,6
74.7,34.7,VI,6
74.8,34.7,VI,6
74.9,34.7,VI,6
75,34.7,VI,6
75.1,34.7,VI,6
75.2,34.7,VI,6
75.3,34.7,VI,6
75.4,34.7,VI,6
75.5,34.7,VI,6
75.6,34.7,VI,6
75.7,34.7,VI,6
75.8,34.7,VI,6
75.9,34.7,VI,6
76,34.7,VI,6
76.1,34.7,VI,6
76.2,34.7,VI,6
76.3,34.7,VI,6
76.4,34.7,VI,6
76.5,34.7,VI,6
76.6,34.7,VI,6
76.7,34.7,VI,6
76.8,34.7,VI,6
76.9,34.7,VI,6
77,34.7,VI,6
77.1,34.7,VI,6
77.2,34.7,VI,6
77.3,34.7,VI,6
77.4,34.7,V,5
77.5,34.7,V,5
77.6,34.7,V,5
77.7,34.7,V,5
77.8,34.7,V,5
77.9,34.7,V,5
78,34.7,V,5
78.1,34.7,V,5
78.2,34.7,V,5
78.3,34.7,V,5
78.4,34.7,V,5
78.5,34.7,V,5
78.6,34.7,V,5
78.7,34.7,V,5
78.8,34.7,V,5
78.9,34.7,V,5
79,34.7,V,5
79.1,34.7,V,5
79.2,34.7,V,5
79.3,34.7,V,5
79.4,34.7,V,5
79.5,34.7,V,5
79.6,34.7,V,5
79.7,34.7,V,5
79.8,34.7,V,5
79.9,34.7,V,5
80,34.7,III,3
73.9,34.8,VI,6
74,34.8,VI,6
74.1,34.8,VI,6
74.2,34.8,VI,6
74.3,34.8,VI,6
74.4,34.8,VI,6
74.5,34.8,VI,6
74.6,34.8,VI,6
74.7,34.8,VI,6
74.8,34.8,VI,6
74.9,34.8,VI,6
75,34.8,VI,6
75.1,34.8,VI,6
75.2,34.8,VI,6
75.3,34.8,VI,6
75.4,34.8,VI,6
75.5,34.8,VI,6
75.6,34.8,VI,6
75.7,34.8,VI,6
75.8,34.8,VI,6
75.9,34.8,VI,6
76,34.8,VI,6
76.1,34.8,VI,6
76.2,34.8,VI,6
76.3,34.8,VI,6
76.4,34.8,VI,6
76.5,34.8,VI,6
76.6,34.8,VI,6
76.7,34.8,VI,6
76.8,34.8,VI,6
76.9,34.8,VI,6
77,34.8,VI,6
77.1,34.8,VI,6
77.2,34.8,VI,6
77.3,34.8,V,5
77.4,34.8,V,5
77.5,34.8,V,5
77.6,34.8,V,5
77.7,34.8,V,5
77.8,34.8,V,5
77.9,34.8,V,5
78,34.8,V,5
78.1,34.8,V,5
78.2,34.8,V,5
78.3,34.8,V,5
78.4,34.8,V,5
78.5,34.8,V,5
78.6,34.8,V,5
78.7,34.8,V,5
78.8,34.8,V,5
78.9,34.8,V,5
79,34.8,V,5
79.1,34.8,V,5
79.2,34.8,V,5
79.3,34.8,V,5
79.4,34.8,V,5
79.5,34.8,V,5
79.6,34.8,V,5
79.7,34.8,V,5
79.8,34.8,V,5
79.9,34.8,V,5
80,34.8,V,5
74.1,34.9,VI,6
74.2,34.9,VI,6
74.3,34.9,VI,6
74.4,34.9,VI,6
74.5,34.9,VI,6
74.6,34.9,VI,6
74.7,34.9,VI,6
74.8,34.9,VI,6
74.9,34.9,VI,6
75,34.9,VI,6
75.1,34.9,VI,6
75.2,34.9,VI,6
75.3,34.9,VI,6
75.4,34.9,VI,6
75.5,34.9,VI,6
75.6,34.9,VI,6
75.7,34.9,VI,6
75.8,34.9,VI,6
75.9,34.9,VI,6
76,34.9,VI,6
76.1,34.9,VI,6
76.2,34.9,VI,6
76.3,34.9,VI,6
76.4,34.9,VI,6
76.5,34.9,VI,6
76.6,34.9,VI,6
76.7,34.9,VI,6
76.8,34.9,VI,6
76.9,34.9,VI,6
77,34.9,VI,6
77.1,34.9,VI,6
77.2,34.9,V,5
77.3,34.9,V,5
77.4,34.9,V,5
77.5,34.9,V,5
77.6,34.9,V,5
77.7,34.9,V,5
77.8,34.9,V,5
77.9,34.9,V,5
78,34.9,V,5
78.1,34.9,V,5
78.2,34.9,V,5
78.3,34.9,V,5
78.4,34.9,V,5
78.5,34.9,V,5
78.6,34.9,V,5
78.7,34.9,V,5
78.8,34.9,V,5
78.9,34.9,V,5
79,34.9,V,5
79.1,34.9,V,5
79.2,34.9,V,5
79.3,34.9,V,5
79.4,34.9,V,5
79.5,34.9,V,5
79.6,34.9,V,5
79.7,34.9,V,5
79.8,34.9,V,5
79.9,34.9,V,5
80,34.9,V,5
80.1,34.9,V,5
74.1,35,VI,6
74.2,35,VI,6
74.3,35,VI,6
74.4,35,VI,6
74.5,35,VI,6
74.6,35,VI,6
74.7,35,VI,6
74.8,35,VI,6
74.9,35,VI,6
75,35,VI,6
75.1,35,VI,6
75.2,35,VI,6
75.3,35,VI,6
75.4,35,VI,6
75.5,35,VI,6
75.6,35,VI,6
75.7,35,VI,6
75.8,35,VI,6
75.9,35,VI,6
76,35,VI,6
76.1,35,VI,6
76.2,35,VI,6
76.3,35,VI,6
76.4,35,VI,6
76.5,35,VI,6
76.6,35,VI,6
76.7,35,VI,6
76.8,35,VI,6
76.9,35,VI,6
77,35,V,5
77.1,35,V,5
77.2,35,V,5
77.3,35,V,5
77.4,35,V,5
77.5,35,V,5
77.6,35,V,5
77.7,35,V,5
77.8,35,V,5
77.9,35,V,5
78,35,V,5
78.1,35,V,5
78.2,35,V,5
78.3,35,V,5
78.4,35,V,5
78.5,35,V,5
78.6,35,V,5
78.7,35,V,5
78.8,35,V,5
78.9,35,V,5
79,35,V,5
79.1,35,V,5
79.2,35,V,5
79.3,35,V,5
79.4,35,V,5
79.5,35,V,5
79.6,35,V,5
79.7,35,V,5
79.8,35,V,5
79.9,35,V,5
80,35,V,5
80.1,35,V,5
74.2,35.1,VI,6
74.3,35.1,VI,6
74.4,35.1,VI,6
74.5,35.1,VI,6
74.6,35.1,VI,6
74.7,35.1,VI,6
74.8,35.1,VI,6
74.9,35.1,VI,6
75,35.1,VI,6
75.1,35.1,VI,6
75.2,35.1,VI,6
75.3,35.1,VI,6
75.4,35.1,VI,6
75.5,35.1,VI,6
75.6,35.1,VI,6
75.7,35.1,VI,6
75.8,35.1,VI,6
75.9,35.1,VI,6
76,35.1,VI,6
76.1,35.1,VI,6
76.2,35.1,VI,6
76.3,35.1,VI,6
76.4,35.1,VI,6
76.5,35.1,VI,6
76.6,35.1,VI,6
76.7,35.1,VI,6
76.8,35.1,VI,6
76.9,35.1,V,5
77,35.1,V,5
77.1,35.1,V,5
77.2,35.1,V,5
77.3,35.1,V,5
77.4,35.1,V,5
77.5,35.1,V,5
77.6,35.1,V,5
77.7,35.1,V,5
77.8,35.1,V,5
77.9,35.1,V,5
78,35.1,V,5
78.1,35.1,V,5
78.2,35.1,V,5
78.3,35.1,V,5
78.4,35.1,V,5
78.5,35.1,V,5
78.6,35.1,V,5
78.7,35.1,V,5
78.8,35.1,V,5
78.9,35.1,V,5
79,35.1,V,5
79.1,35.1,V,5
79.2,35.1,V,5
79.3,35.1,V,5
79.4,35.1,V,5
79.5,35.1,V,5
79.6,35.1,V,5
79.7,35.1,V,5
79.8,35.1,V,5
79.9,35.1,V,5
80,35.1,V,5
80.1,35.1,V,5
74,35.2,VI,6
74.1,35.2,VI,6
74.2,35.2,VI,6
74.3,35.2,VI,6
74.4,35.2,VI,6
74.5,35.2,VI,6
74.6,35.2,VI,6
74.7,35.2,VI,6
74.8,35.2,VI,6
74.9,35.2,VI,6
75,35.2,VI,6
75.1,35.2,VI,6
75.2,35.2,VI,6
75.3,35.2,VI,6
75.4,35.2,VI,6
75.5,35.2,VI,6
75.6,35.2,VI,6
75.7,35.2,VI,6
75.8,35.2,VI,6
75.9,35.2,VI,6
76,35.2,VI,6
76.1,35.2,VI,6
76.2,35.2,VI,6
76.3,35.2,VI,6
76.4,35.2,VI,6
76.5,35.2,VI,6
76.6,35.2,VI,6
76.7,35.2,VI,6
76.8,35.2,V,5
76.9,35.2,V,5
77,35.2,V,5
77.1,35.2,V,5
77.2,35.2,V,5
77.3,35.2,V,5
77.4,35.2,V,5
77.5,35.2,V,5
77.6,35.2,V,5
77.7,35.2,V,5
77.8,35.2,V,5
77.9,35.2,V,5
78,35.2,V,5
78.1,35.2,V,5
78.2,35.2,V,5
78.3,35.2,V,5
78.4,35.2,V,5
78.5,35.2,V,5
78.6,35.2,V,5
78.7,35.2,V,5
78.8,35.2,V,5
78.9,35.2,V,5
79,35.2,V,5
79.1,35.2,V,5
79.2,35.2,V,5
79.3,35.2,V,5
79.4,35.2,V,5
79.5,35.2,V,5
79.6,35.2,V,5
79.7,35.2,V,5
79.8,35.2,V,5
79.9,35.2,V,5
80,35.2,V,5
80.1,35.2,V,5
80.2,35.2,V,5
73.8,35.3,VI,6
73.9,35.3,VI,6
74,35.3,VI,6
74.1,35.3,VI,6
74.2,35.3,VI,6
74.3,35.3,VI,6
74.4,35.3,VI,6
74.5,35.3,VI,6
74.6,35.3,VI,6
74.7,35.3,VI,6
74.8,35.3,VI,6
74.9,35.3,VI,6
75,35.3,VI,6
75.1,35.3,VI,6
75.2,35.3,VI,6
75.3,35.3,VI,6
75.4,35.3,VI,6
75.5,35.3,VI,6
75.6,35.3,VI,6
75.7,35.3,VI,6
75.8,35.3,VI,6
75.9,35.3,VI,6
76,35.3,VI,6
76.1,35.3,VI,6
76.2,35.3,VI,6
76.3,35.3,VI,6
76.4,35.3,VI,6
76.5,35.3,VI,6
76.6,35.3,VI,6
76.7,35.3,V,5
76.8,35.3,V,5
76.9,35.3,V,5
77,35.3,V,5
77.1,35.3,V,5
77.2,35.3,V,5
77.3,35.3,V,5
77.4,35.3,V,5
77.5,35.3,V,5
77.6,35.3,V,5
77.7,35.3,V,5
77.8,35.3,V,5
77.9,35.3,V,5
78,35.3,V,5
78.1,35.3,V,5
78.2,35.3,V,5
78.3,35.3,V,5
78.4,35.3,V,5
78.5,35.3,V,5
78.6,35.3,V,5
78.7,35.3,V,5
78.8,35.3,V,5
78.9,35.3,V,5
79,35.3,V,5
79.1,35.3,V,5
79.2,35.3,V,5
79.3,35.3,V,5
79.4,35.3,V,5
79.5,35.3,V,5
79.6,35.3,V,5
79.7,35.3,V,5
79.8,35.3,V,5
79.9,35.3,V,5
80,35.3,V,5
80.1,35.3,V,5
80.2,35.3,V,5
73.8,35.4,VI,6
73.9,35.4,VI,6
74,35.4,VI,6
74.1,35.4,VI,6
74.2,35.4,VI,6
74.3,35.4,VI,6
74.4,35.4,VI,6
74.5,35.4,VI,6
74.6,35.4,VI,6
74.7,35.4,VI,6
74.8,35.4,VI,6
74.9,35.4,VI,6
75,35.4,VI,6
75.1,35.4,VI,6
75.2,35.4,VI,6
75.3,35.4,VI,6
75.4,35.4,VI,6
75.5,35.4,VI,6
75.6,35.4,VI,6
75.7,35.4,VI,6
75.8,35.4,VI,6
75.9,35.4,VI,6
76,35.4,VI,6
76.1,35.4,VI,6
76.2,35.4,VI,6
76.3,35.4,VI,6
76.4,35.4,VI,6
76.5,35.4,VI,6
76.6,35.4,V,5
76.7,35.4,V,5
76.8,35.4,V,5
76.9,35.4,V,5
77,35.4,V,5
77.1,35.4,V,5
77.2,35.4,V,5
77.3,35.4,V,5
77.4,35.4,V,5
77.5,35.4,V,5
77.6,35.4,V,5
77.7,35.4,V,5
77.8,35.4,V,5
77.9,35.4,V,5
78,35.4,V,5
78.1,35.4,V,5
78.2,35.4,V,5
78.3,35.4,V,5
78.4,35.4,V,5
78.5,35.4,V,5
78.6,35.4,V,5
78.7,35.4,V,5
78.8,35.4,V,5
78.9,35.4,V,5
79,35.4,V,5
79.1,35.4,V,5
79.2,35.4,V,5
79.3,35.4,V,5
79.4,35.4,V,5
79.5,35.4,V,5
79.6,35.4,V,5
79.7,35.4,V,5
79.8,35.4,V,5
79.9,35.4,V,5
80,35.4,V,5
80.1,35.4,V,5
80.2,35.4,V,5
73.8,35.5,VI,6
73.9,35.5,VI,6
74,35.5,VI,6
74.1,35.5,VI,6
74.2,35.5,VI,6
74.3,35.5,VI,6
74.4,35.5,VI,6
74.5,35.5,VI,6
74.6,35.5,VI,6
74.7,35.5,VI,6
74.8,35.5,VI,6
74.9,35.5,VI,6
75,35.5,VI,6
75.1,35.5,VI,6
75.2,35.5,VI,6
75.3,35.5,VI,6
75.4,35.5,VI,6
75.5,35.5,VI,6
75.6,35.5,VI,6
75.7,35.5,VI,6
75.8,35.5,VI,6
75.9,35.5,VI,6
76,35.5,VI,6
76.1,35.5,VI,6
76.2,35.5,VI,6
76.3,35.5,VI,6
76.4,35.5,VI,6
76.5,35.5,V,5
76.6,35.5,V,5
76.7,35.5,V,5
76.8,35.5,V,5
76.9,35.5,V,5
77,35.5,V,5
77.1,35.5,V,5
77.2,35.5,V,5
77.3,35.5,V,5
77.8,35.5,III,3
78,35.5,V,5
78.1,35.5,V,5
78.2,35.5,V,5
78.3,35.5,V,5
78.4,35.5,V,5
78.5,35.5,V,5
78.6,35.5,V,5
78.7,35.5,V,5
78.8,35.5,V,5
78.9,35.5,V,5
79,35.5,V,5
79.1,35.5,V,5
79.2,35.5,V,5
79.3,35.5,V,5
79.4,35.5,V,5
79.5,35.5,V,5
79.6,35.5,V,5
79.7,35.5,V,5
79.8,35.5,V,5
79.9,35.5,V,5
80,35.5,V,5
80.1,35.5,V,5
80.2,35.5,V,5
80.3,35.5,III,3
73.4,35.6,VI,6
73.5,35.6,VI,6
73.6,35.6,VI,6
73.7,35.6,VI,6
73.8,35.6,VI,6
73.9,35.6,VI,6
74,35.6,VI,6
74.1,35.6,VI,6
74.2,35.6,VI,6
74.3,35.6,VI,6
74.4,35.6,VI,6
74.5,35.6,VI,6
74.6,35.6,VI,6
74.7,35.6,VI,6
74.8,35.6,VI,6
74.9,35.6,VI,6
75,35.6,VI,6
75.1,35.6,VI,6
75.2,35.6,VI,6
75.3,35.6,VI,6
75.4,35.6,VI,6
75.5,35.6,VI,6
75.6,35.6,VI,6
75.7,35.6,VI,6
75.8,35.6,VI,6
75.9,35.6,VI,6
76,35.6,VI,6
76.1,35.6,VI,6
76.2,35.6,VI,6
76.3,35.6,VI,6
76.4,35.6,V,5
76.5,35.6,V,5
76.6,35.6,V,5
76.7,35.6,V,5
76.8,35.6,V,5
76.9,35.6,V,5
77,35.6,V,5
77.1,35.6,V,5
77.2,35.6,V,5
77.3,35.6,V,5
77.4,35.6,V,5
78.2,35.6,V,5
78.3,35.6,V,5
78.4,35.6,V,5
78.5,35.6,V,5
78.6,35.6,V,5
78.7,35.6,V,5
78.8,35.6,V,5
78.9,35.6,V,5
79,35.6,V,5
79.1,35.6,V,5
79.2,35.6,V,5
79.3,35.6,V,5
79.4,35.6,V,5
79.5,35.6,V,5
79.6,35.6,V,5
79.7,35.6,V,5
79.8,35.6,V,5
79.9,35.6,V,5
80,35.6,V,5
80.1,35.6,V,5
80.2,35.6,V,5
73.2,35.7,VI,6
73.3,35.7,VI,6
73.4,35.7,VI,6
73.5,35.7,VI,6
73.6,35.7,VI,6
73.7,35.7,VI,6
73.8,35.7,VI,6
73.9,35.7,VI,6
74,35.7,VI,6
74.1,35.7,VI,6
74.2,35.7,VI,6
74.3,35.7,VI,6
74.4,35.7,VI,6
74.5,35.7,VI,6
74.6,35.7,VI,6
74.7,35.7,VI,6
74.8,35.7,VI,6
74.9,35.7,VI,6
75,35.7,VI,6
75.1,35.7,VI,6
75.2,35.7,VI,6
75.3,35.7,VI,6
75.4,35.7,VI,6
75.5,35.7,VI,6
75.6,35.7,VI,6
75.7,35.7,VI,6
75.8,35.7,VI,6
75.9,35.7,VI,6
76,35.7,VI,6
76.1,35.7,VI,6
76.2,35.7,VI,6
76.3,35.7,V,5
76.4,35.7,V,5
76.5,35.7,V,5
76.6,35.7,V,5
76.7,35.7,V,5
76.8,35.7,V,5
76.9,35.7,V,5
77,35.7,V,5
77.1,35.7,V,5
77.2,35.7,V,5
77.3,35.7,V,5
78.3,35.7,V,5
78.4,35.7,V,5
78.5,35.7,V,5
78.6,35.7,V,5
78.7,35.7,V,5
78.8,35.7,V,5
78.9,35.7,V,5
79,35.7,V,5
79.1,35.7,V,5
79.2,35.7,V,5
79.3,35.7,V,5
79.4,35.7,V,5
79.5,35.7,V,5
79.6,35.7,V,5
79.7,35.7,V,5
79.8,35.7,V,5
79.9,35.7,V,5
80,35.7,V,5
73.2,35.8,VI,6
73.3,35.8,VI,6
73.4,35.8,VI,6
73.5,35.8,VI,6
73.6,35.8,VI,6
73.7,35.8,VI,6
73.8,35.8,VI,6
73.9,35.8,VI,6
74,35.8,VI,6
74.1,35.8,VI,6
74.2,35.8,VI,6
74.3,35.8,VI,6
74.4,35.8,VI,6
74.5,35.8,VI,6
74.6,35.8,VI,6
74.7,35.8,VI,6
74.8,35.8,VI,6
74.9,35.8,VI,6
75,35.8,VI,6
75.1,35.8,VI,6
75.2,35.8,VI,6
75.3,35.8,VI,6
75.4,35.8,VI,6
75.5,35.8,VI,6
75.6,35.8,VI,6
75.7,35.8,VI,6
75.8,35.8,VI,6
75.9,35.8,VI,6
76,35.8,VI,6
76.1,35.8,VI,6
76.2,35.8,V,5
76.3,35.8,V,5
76.4,35.8,V,5
76.5,35.8,V,5
76.6,35.8,V,5
76.7,35.8,V,5
76.8,35.8,V,5
78.6,35.8,V,5
78.7,35.8,V,5
78.8,35.8,V,5
78.9,35.8,V,5
79,35.8,V,5
79.1,35.8,V,5
79.2,35.8,V,5
79.3,35.8,V,5
79.4,35.8,V,5
79.5,35.8,V,5
79.6,35.8,V,5
79.7,35.8,V,5
79.9,35.8,V,5
80,35.8,III,3
72.6,35.9,III,3
72.7,35.9,VI,6
72.8,35.9,VI,6
72.9,35.9,VI,6
73,35.9,VI,6
73.1,35.9,VI,6
73.2,35.9,VI,6
73.3,35.9,VI,6
73.4,35.9,VI,6
73.5,35.9,VI,6
73.6,35.9,VI,6
73.7,35.9,VI,6
73.8,35.9,VI,6
73.9,35.9,VI,6
74,35.9,VI,6
74.1,35.9,VI,6
74.2,35.9,VI,6
74.3,35.9,VI,6
74.4,35.9,VI,6
74.5,35.9,VI,6
74.6,35.9,VI,6
74.7,35.9,VI,6
74.8,35.9,VI,6
74.9,35.9,VI,6
75,35.9,VI,6
75.1,35.9,VI,6
75.2,35.9,VI,6
75.3,35.9,VI,6
75.4,35.9,VI,6
75.5,35.9,VI,6
75.6,35.9,VI,6
75.7,35.9,VI,6
75.8,35.9,VI,6
75.9,35.9,VI,6
76,35.9,VI,6
76.1,35.9,V,5
76.2,35.9,V,5
76.3,35.9,V,5
76.4,35.9,V,5
76.5,35.9,V,5
76.6,35.9,V,5
76.7,35.9,V,5
79.2,35.9,V,5
79.3,35.9,V,5
79.4,35.9,V,5
72.6,36,VI,6
72.7,36,VI,6
72.8,36,VI,6
72.9,36,VI,6
73,36,VI,6
73.1,36,VI,6
73.2,36,VI,6
73.3,36,VI,6
73.4,36,VI,6
73.5,36,VI,6
73.6,36,VI,6
73.7,36,VI,6
73.8,36,VI,6
73.9,36,VI,6
74,36,VI,6
74.1,36,VI,6
74.2,36,VI,6
74.3,36,VI,6
74.4,36,VI,6
74.5,36,VI,6
74.6,36,VI,6
74.7,36,VI,6
74.8,36,VI,6
74.9,36,VI,6
75,36,VI,6
75.1,36,VI,6
75.2,36,VI,6
75.3,36,VI,6
75.4,36,VI,6
75.5,36,VI,6
75.6,36,VI,6
75.7,36,VI,6
75.8,36,VI,6
75.9,36,VI,6
76,36,V,5
76.1,36,V,5
76.2,36,V,5
76.3,36,V,5
76.4,36,V,5
76.5,36,V,5
76.6,36,V,5
76.7,36,V,5
72.6,36.1,VI,6
72.7,36.1,VI,6
72.8,36.1,VI,6
72.9,36.1,VI,6
73,36.1,VI,6
73.1,36.1,VI,6
73.2,36.1,VI,6
73.3,36.1,VI,6
73.4,36.1,VI,6
73.5,36.1,VI,6
73.6,36.1,VI,6
73.7,36.1,VI,6
73.8,36.1,VI,6
73.9,36.1,VI,6
74,36.1,VI,6
74.1,36.1,VI,6
74.2,36.1,VI,6
74.3,36.1,VI,6
74.4,36.1,VI,6
74.5,36.1,VI,6
74.6,36.1,VI,6
74.7,36.1,VI,6
74.8,36.1,VI,6
74.9,36.1,VI,6
75,36.1,VI,6
75.1,36.1,VI,6
75.2,36.1,VI,6
75.3,36.1,VI,6
75.4,36.1,VI,6
75.5,36.1,VI,6
75.6,36.1,VI,6
75.7,36.1,VI,6
75.8,36.1,VI,6
75.9,36.1,V,5
76,36.1,V,5
76.1,36.1,V,5
76.2,36.1,V,5
76.3,36.1,V,5
76.4,36.1,V,5
76.5,36.1,V,5
76.6,36.1,V,5
76.7,36.1,V,5
72.6,36.2,VI,6
72.7,36.2,VI,6
72.8,36.2,VI,6
72.9,36.2,VI,6
73,36.2,VI,6
73.1,36.2,VI,6
73.2,36.2,VI,6
73.3,36.2,VI,6
73.4,36.2,VI,6
73.5,36.2,VI,6
73.6,36.2,VI,6
73.7,36.2,VI,6
73.8,36.2,VI,6
73.9,36.2,VI,6
74,36.2,VI,6
74.1,36.2,VI,6
74.2,36.2,VI,6
74.3,36.2,VI,6
74.4,36.2,VI,6
74.5,36.2,VI,6
74.6,36.2,VI,6
74.7,36.2,VI,6
74.8,36.2,VI,6
74.9,36.2,VI,6
75,36.2,VI,6
75.1,36.2,VI,6
75.2,36.2,VI,6
75.3,36.2,VI,6
75.4,36.2,VI,6
75.5,36.2,VI,6
75.6,36.2,VI,6
75.7,36.2,VI,6
75.8,36.2,VI,6
75.9,36.2,V,5
76,36.2,V,5
76.1,36.2,V,5
76.2,36.2,V,5
76.3,36.2,V,5
76.4,36.2,V,5
76.5,36.2,V,5
72.8,36.3,VI,6
72.9,36.3,VI,6
73,36.3,VI,6
73.1,36.3,VI,6
73.2,36.3,VI,6
73.3,36.3,VI,6
73.4,36.3,VI,6
73.5,36.3,VI,6
73.6,36.3,VI,6
73.7,36.3,VI,6
73.8,36.3,VI,6
73.9,36.3,VI,6
74,36.3,VI,6
74.1,36.3,VI,6
74.2,36.3,VI,6
74.3,36.3,VI,6
74.4,36.3,VI,6
74.5,36.3,VI,6
74.6,36.3,VI,6
74.7,36.3,VI,6
74.8,36.3,VI,6
74.9,36.3,VI,6
75,36.3,VI,6
75.1,36.3,VI,6
75.2,36.3,VI,6
75.3,36.3,VI,6
75.4,36.3,VI,6
75.5,36.3,VI,6
75.6,36.3,VI,6
75.7,36.3,VI,6
75.8,36.3,V,5
75.9,36.3,V,5
76,36.3,V,5
76.1,36.3,V,5
76.2,36.3,V,5
76.3,36.3,V,5
76.4,36.3,V,5
72.9,36.4,VI,6
73,36.4,VI,6
73.1,36.4,VI,6
73.2,36.4,VI,6
73.3,36.4,VI,6
73.4,36.4,VI,6
73.5,36.4,VI,6
73.6,36.4,VI,6
73.7,36.4,VI,6
73.8,36.4,VI,6
73.9,36.4,VI,6
74,36.4,VI,6
74.1,36.4,VI,6
74.2,36.4,VI,6
74.3,36.4,VI,6
74.4,36.4,VI,6
74.5,36.4,VI,6
74.6,36.4,VI,6
74.7,36.4,VI,6
74.8,36.4,VI,6
74.9,36.4,VI,6
75,36.4,VI,6
75.1,36.4,VI,6
75.2,36.4,VI,6
75.3,36.4,VI,6
75.4,36.4,VI,6
75.5,36.4,VI,6
75.6,36.4,V,5
75.7,36.4,V,5
75.8,36.4,V,5
75.9,36.4,V,5
76,36.4,V,5
76.1,36.4,V,5
73,36.5,VI,6
73.1,36.5,VI,6
73.2,36.5,VI,6
73.3,36.5,VI,6
73.4,36.5,VI,6
73.5,36.5,VI,6
73.6,36.5,VI,6
73.7,36.5,VI,6
73.8,36.5,VI,6
73.9,36.5,VI,6
74,36.5,VI,6
74.1,36.5,VI,6
74.2,36.5,VI,6
74.3,36.5,VI,6
74.4,36.5,VI,6
74.5,36.5,VI,6
74.6,36.5,VI,6
74.7,36.5,VI,6
74.8,36.5,VI,6
74.9,36.5,VI,6
75,36.5,VI,6
75.1,36.5,VI,6
75.2,36.5,VI,6
75.3,36.5,VI,6
75.4,36.5,VI,6
75.5,36.5,V,5
75.6,36.5,V,5
75.7,36.5,V,5
75.8,36.5,V,5
75.9,36.5,V,5
73.2,36.6,VI,6
73.3,36.6,VI,6
73.4,36.6,VI,6
73.5,36.6,VI,6
73.6,36.6,VI,6
73.7,36.6,VI,6
73.8,36.6,VI,6
73.9,36.6,VI,6
74,36.6,VI,6
74.1,36.6,VI,6
74.2,36.6,VI,6
74.3,36.6,VI,6
74.4,36.6,VI,6
74.5,36.6,VI,6
74.6,36.6,VI,6
74.7,36.6,VI,6
74.8,36.6,VI,6
74.9,36.6,VI,6
75,36.6,VI,6
75.1,36.6,VI,6
75.2,36.6,VI,6
75.3,36.6,VI,6
75.4,36.6,V,5
75.5,36.6,V,5
75.6,36.6,V,5
75.7,36.6,V,5
73.2,36.7,VI,6
73.3,36.7,VI,6
73.4,36.7,VI,6
73.5,36.7,VI,6
73.6,36.7,VI,6
73.8,36.7,VI,6
73.9,36.7,VI,6
74,36.7,VI,6
74.1,36.7,VI,6
74.2,36.7,VI,6
74.3,36.7,VI,6
74.4,36.7,VI,6
74.5,36.7,VI,6
74.6,36.7,VI,6
74.7,36.7,VI,6
74.8,36.7,VI,6
74.9,36.7,VI,6
75,36.7,VI,6
75.1,36.7,VI,6
75.2,36.7,VI,6
75.3,36.7,V,5
75.4,36.7,V,5
75.5,36.7,V,5
75.6,36.7,V,5
73.9,36.8,VI,6
74,36.8,VI,6
74.1,36.8,VI,6
74.2,36.8,VI,6
74.3,36.8,VI,6
74.4,36.8,VI,6
74.5,36.8,VI,6
74.6,36.8,VI,6
74.7,36.8,VI,6
74.8,36.8,VI,6
74.9,36.8,VI,6
75,36.8,VI,6
75.1,36.8,VI,6
75.2,36.8,V,5
75.3,36.8,V,5
75.4,36.8,V,5
73.7,36.9,III,3
74.2,36.9,VI,6
74.3,36.9,VI,6
74.4,36.9,VI,6
74.5,36.9,VI,6
74.6,36.9,VI,6
74.7,36.9,VI,6
74.8,36.9,VI,6
74.9,36.9,VI,6
75,36.9,VI,6
75.1,36.9,V,5
75.2,36.9,V,5
75.3,36.9,V,5
75.4,36.9,V,5
74.6,37,VI,6
74.7,37,VI,6
74.8,37,VI,6
75.2,37,V,5
75.3,37,V,5
75.2,12,III,3
75.3,12,II,2
75.4,12,II,2
75.5,12,II,2
75.6,12,II,2
75.7,12,II,2
75.8,12,II,2
75.9,12,II,2
76,12,II,2
76.1,12,II,2
76.2,12,II,2
76.3,12,II,2
76.4,12,II,2
76.5,12,II,2
76.6,12,II,2
76.7,12,II,2
76.8,12,II,2
76.9,12,II,2
77,12,II,2
77.1,12,II,2
77.2,12,II,2
77.3,12,II,2
77.4,12,II,2
77.5,12,II,2
77.6,12,II,2
77.7,12,II,2
77.8,12,II,2
77.9,12,II,2
78,12,II,2
78.1,12,III,3
78.2,12,III,3
78.3,12,III,3
78.4,12,III,3
78.5,12,III,3
78.6,12,III,3
78.7,12,III,3
78.8,12,III,3
78.9,12,III,3
79,12,III,3
79.1,12,III,3
79.2,12,III,3
79.3,12,III,3
79.4,12,III,3
79.5,12,III,3
79.6,12,III,3
79.7,12,III,3
79.8,12,III,3
75.4,11.9,II,2
75.5,11.9,II,2
75.6,11.9,II,2
75.7,11.9,II,2
75.8,11.9,II,2
75.9,11.9,II,2
76,11.9,II,2
76.1,11.9,II,2
76.2,11.9,II,2
76.3,11.9,II,2
76.4,11.9,II,2
76.5,11.9,II,2
76.6,11.9,II,2
76.7,11.9,II,2
76.8,11.9,II,2
76.9,11.9,II,2
77,11.9,II,2
77.1,11.9,II,2
77.2,11.9,II,2
77.3,11.9,II,2
77.4,11.9,II,2
77.5,11.9,II,2
77.6,11.9,II,2
77.7,11.9,II,2
77.8,11.9,II,2
77.9,11.9,II,2
78,11.9,III,3
78.1,11.9,III,3
78.2,11.9,III,3
78.3,11.9,III,3
78.4,11.9,III,3
78.5,11.9,III,3
78.6,11.9,III,3
78.7,11.9,III,3
78.8,11.9,III,3
78.9,11.9,III,3
79,11.9,III,3
79.1,11.9,III,3
79.2,11.9,III,3
79.3,11.9,III,3
79.4,11.9,III,3
79.5,11.9,III,3
79.6,11.9,III,3
79.7,11.9,III,3
79.8,11.9,III,3
75.5,11.8,II,2
75.6,11.8,II,2
75.7,11.8,II,2
75.8,11.8,II,2
75.9,11.8,II,2
76,11.8,II,2
76.1,11.8,II,2
76.2,11.8,II,2
76.3,11.8,II,2
76.4,11.8,II,2
76.5,11.8,II,2
76.6,11.8,II,2
76.7,11.8,II,2
76.8,11.8,II,2
76.9,11.8,II,2
77,11.8,II,2
77.1,11.8,II,2
77.2,11.8,II,2
77.3,11.8,II,2
77.4,11.8,II,2
77.5,11.8,II,2
77.6,11.8,II,2
77.7,11.8,II,2
77.8,11.8,III,3
77.9,11.8,III,3
78,11.8,III,3
78.1,11.8,III,3
78.2,11.8,III,3
78.3,11.8,III,3
78.4,11.8,III,3
78.5,11.8,III,3
78.6,11.8,III,3
78.7,11.8,III,3
78.8,11.8,III,3
78.9,11.8,III,3
79,11.8,III,3
79.1,11.8,III,3
79.2,11.8,III,3
79.3,11.8,III,3
79.4,11.8,III,3
79.5,11.8,III,3
79.6,11.8,III,3
79.7,11.8,III,3
79.8,11.8,III,3
